BALADIEH_INTID,BUDGET_YEAR,CASH_SEQ,CASH_TYPE,PAYMENT_SEQ_YR,DTL_AMOUNT,CHECK_NUM,CHECK_DATE,CHECK_PAYOR,BANK_CODE
165,2007,1,H,70,2900000,,,,
165,2007,1,H,71,2500000,,,,
165,2007,1,H,72,1490000,,,,
165,2007,1,H,73,300000,,,,
165,2007,1,H,74,1952000,,,,
165,2007,1,H,75,2780000,,,,
165,2007,1,H,76,2514000,,,,
165,2007,1,H,77,1920000,,,,
165,2007,1,H,78,305000,,,,
165,2007,1,H,79,390000,,,,
165,2007,1,H,80,495000,,,,
165,2007,1,H,81,726000,,,,
165,2007,1,H,82,31000,,,,
165,2007,1,H,83,60000,,,,
165,2007,1,H,84,1658000,,,,
165,2007,1,H,85,450000,,,,
165,2007,1,H,86,1500000,,,,
165,2007,1,H,87,2260000,,,,
165,2007,1,H,88,1916000,,,,
165,2007,1,H,89,1380000,,,,
165,2007,1,H,90,2332000,,,,
165,2007,1,H,91,133000,,,,
165,2007,1,H,92,90000,,,,
165,2007,1,H,93,148000,,,,
165,2007,1,H,94,1658000,,,,
165,2007,1,H,95,438000,,,,
165,2007,1,H,96,1500000,,,,
165,2007,1,H,97,450000,,,,
165,2006,1,H,59,402000,,,,
165,2006,1,H,60,1050000,,,,
165,2006,1,H,61,2700000,,,,
165,2006,1,H,62,3204000,,,,
165,2006,1,H,63,3086000,,,,
165,2006,1,H,64,2310000,,,,
165,2006,1,H,65,30000,,,,
165,2006,1,H,66,600000,,,,
165,2006,1,H,67,2178000,,,,
165,2007,1,H,173,450000,,,,
165,2007,1,H,174,1500000,,,,
165,2007,1,H,175,2143000,,,,
165,2007,1,H,176,755000,,,,
165,2007,1,H,177,170000,,,,
165,2007,1,H,178,21000,,,,
165,2007,1,H,179,1658000,,,,
165,2007,1,H,180,444000,,,,
165,2007,1,H,181,1500000,,,,
165,2007,1,H,182,2167000,,,,
165,2007,1,H,183,1474000,,,,
165,2007,1,H,184,163000,,,,
165,2007,1,H,185,657000,,,,
165,2007,1,H,186,588000,,,,
165,2007,1,H,187,594000,,,,
165,2007,1,H,188,400000,,,,
165,2007,1,H,189,240000,,,,
165,2007,1,H,190,186000,,,,
165,2007,1,H,191,7050000,,,,
165,2007,1,H,192,1658000,,,,
165,2007,1,H,193,330000,,,,
165,2007,1,H,194,5681000,,,,
165,2007,1,H,195,440000,,,,
165,2007,1,H,196,317000,,,,
165,2007,1,H,197,687000,,,,
165,2007,1,H,198,28000,,,,
165,2007,1,H,199,17000,,,,
165,2007,1,H,200,1500000,,,,
165,2007,1,H,201,1658000,,,,
165,2007,1,H,202,312000,,,,
165,2007,1,H,203,1500000,,,,
165,2007,1,H,204,2151000,,,,
165,2007,1,H,205,10000,,,,
165,2007,1,H,206,708000,,,,
165,2007,1,H,207,183000,,,,
165,2007,1,H,208,380000,,,,
165,2007,1,H,209,1050000,,,,
165,2007,1,H,210,83000,,,,
165,2007,1,H,211,60000,,,,
165,2007,1,H,212,2500000,,,,
165,2007,1,H,213,1111000,,,,
165,2007,1,H,214,525000,,,,
165,2007,1,H,215,129000,,,,
165,2007,1,H,216,1169000,,,,
165,2007,1,H,217,87000,,,,
165,2007,1,H,218,1008000,,,,
165,2007,1,H,219,2179000,,,,
165,2007,1,H,220,969000,,,,
165,2007,1,H,221,508000,,,,
165,2007,1,H,222,366000,,,,
165,2007,1,H,223,127000,,,,
165,2007,1,H,224,23000,,,,
165,2007,1,H,225,6042000,,,,
165,2007,1,H,226,1000000,,,,
165,2007,1,H,227,1415000,,,,
165,2007,1,H,228,406000,,,,
165,2007,1,H,229,250000,,,,
165,2007,1,H,230,1575000,,,,
165,2007,1,H,231,230000,,,,
165,2007,1,H,232,150000,,,,
165,2007,1,H,233,2497000,,,,
165,2007,1,H,234,559000,,,,
165,2007,1,H,235,97000,,,,
165,2007,1,H,236,1162000,,,,
165,2007,1,H,237,75000,,,,
165,2007,1,H,238,1948000,,,,
165,2007,1,H,239,2400000,,,,
165,2007,1,H,240,245000,,,,
165,2007,1,H,241,756000,,,,
165,2007,1,H,242,173000,,,,
165,2007,1,H,243,30000,,,,
165,2007,1,H,244,60000,,,,
165,2007,1,H,245,30000,,,,
165,2007,1,H,246,35000,,,,
165,2007,1,H,247,88000,,,,
165,2007,1,H,248,140000,,,,
165,2007,1,H,249,309000,,,,
165,2007,1,H,250,630000,,,,
165,2007,1,H,251,13000,,,,
165,2007,1,H,252,975000,,,,
165,2007,1,H,253,135000,,,,
165,2007,1,H,254,175000,,,,
165,2007,1,H,255,975000,,,,
165,2007,1,H,256,350000,,,,
165,2007,1,H,257,728000,,,,
165,2007,1,H,258,667000,,,,
165,2007,1,H,259,234000,,,,
165,2007,1,H,260,36000,,,,
165,2007,1,H,261,173000,,,,
165,2007,1,H,262,68000,,,,
165,2007,1,H,263,90000,,,,
165,2007,1,H,264,150000,,,,
165,2007,1,H,265,200000,,,,
165,2007,1,H,266,94000,,,,
165,2007,1,H,267,75000,,,,
165,2007,1,H,268,140000,,,,
165,2007,1,H,269,595000,,,,
165,2007,1,H,270,74000,,,,
165,2007,1,H,271,35000,,,,
165,2007,1,H,272,15000,,,,
165,2007,1,H,273,47000,,,,
165,2007,1,H,274,60000,,,,
165,2007,1,H,275,100000,,,,
165,2007,1,H,276,250000,,,,
165,2007,1,H,277,500000,,,,
165,2007,1,H,278,460000,,,,
165,2007,1,H,279,500000,,,,
165,2007,1,H,280,300000,,,,
165,2007,1,H,281,783000,,,,
165,2007,1,H,282,783000,,,,
165,2007,1,H,283,200000,,,,
165,2007,1,H,284,580000,,,,
165,2007,1,H,285,389000,,,,
165,2007,1,H,286,195000,,,,
165,2007,1,H,287,35000,,,,
165,2007,1,H,288,274000,,,,
165,2007,1,H,289,7000,,,,
165,2007,1,H,290,50000,,,,
165,2007,1,H,291,15000,,,,
165,2007,1,H,292,90000,,,,
165,2007,1,H,293,20000,,,,
165,2011,1,H,42,11665000,,,,
165,2011,1,H,43,4025000,,,,
165,2011,1,H,44,1900000,,,,
165,2011,1,H,45,1704000,,,,
165,2011,1,H,46,3000000,,,,
165,2011,1,H,47,2438000,,,,
165,2011,1,H,48,624000,,,,
165,2011,1,H,49,300000,,,,
165,2011,1,H,50,961000,,,,
165,2011,1,H,51,957000,,,,
165,2011,1,H,52,298000,,,,
165,2011,1,H,53,2760000,,,,
165,2011,1,H,54,1298000,,,,
165,2011,1,H,55,382000,,,,
165,2011,1,H,56,2420000,,,,
165,2011,1,H,57,17165000,,,,
165,2011,1,H,58,6435000,,,,
165,2011,1,H,59,8960000,,,,
165,2011,1,H,60,1140000,,,,
165,2011,1,H,61,2438000,,,,
165,2011,1,H,62,616000,,,,
165,2011,1,H,63,300000,,,,
165,2011,1,H,64,1353000,,,,
165,2011,1,H,65,910000,,,,
165,2011,1,H,66,2420000,,,,
165,2011,1,H,67,18577000,,,,
165,2011,1,H,68,8877000,,,,
165,2011,1,H,69,395000,,,,
165,2011,1,H,70,9972000,,,,
165,2011,1,H,71,7876000,,,,
165,2011,1,H,72,2438000,,,,
165,2011,1,H,73,616000,,,,
165,2011,1,H,74,300000,,,,
165,2011,1,H,75,2468000,,,,
165,2011,1,H,76,18308000,,,,
165,2011,1,H,77,3918000,,,,
165,2011,1,H,78,1041000,,,,
165,2011,1,H,79,100000,,,,
165,2011,1,H,80,98000,,,,
165,2011,1,H,81,1764000,,,,
165,2011,1,H,82,2003000,,,,
165,2011,1,H,83,2414000,,,,
165,2011,1,H,84,10052000,,,,
165,2011,1,H,85,1331000,,,,
165,2011,1,H,86,790000,,,,
165,2011,1,H,87,1130000,,,,
165,2011,1,H,88,750000,,,,
165,2011,1,H,89,1883000,,,,
165,2011,1,H,90,578000,,,,
165,2011,1,H,92,1483000,,,,
165,2011,1,H,93,1140000,,,,
165,2011,1,H,94,2100000,,,,
165,2011,1,H,95,1650000,,,,
165,2011,1,H,96,2200000,,,,
165,2011,1,H,97,1050000,,,,
165,2011,1,H,98,231000,,,,
165,2011,1,H,99,225000,,,,
165,2011,1,H,100,2504000,,,,
165,2011,1,H,101,624000,,,,
165,2011,1,H,102,300000,,,,
165,2011,1,H,103,2414000,,,,
165,2011,1,H,104,8194000,,,,
165,2011,1,H,105,2504000,,,,
165,2011,1,H,107,624000,,,,
165,2010,1,H,81,2414000,,,,
165,2010,1,H,82,624000,,,,
165,2010,1,H,83,300000,,,,
165,2010,1,H,84,300000,,,,
165,2010,1,H,85,1100000,,,,
165,2010,1,H,86,2500000,,,,
165,2010,1,H,87,259000,,,,
165,2010,1,H,88,100000,,,,
165,2010,1,H,89,450000,,,,
165,2010,1,H,90,1236000,,,,
165,2010,1,H,91,2019000,,,,
165,2010,1,H,92,150000,,,,
165,2010,1,H,93,200000,,,,
165,2010,1,H,94,350000,,,,
165,2010,1,H,95,908000,,,,
165,2010,1,H,96,2520000,,,,
165,2010,1,H,97,1222000,,,,
165,2010,1,H,98,2024000,,,,
165,2010,1,H,99,2414000,,,,
165,2010,1,H,100,616000,,,,
165,2010,1,H,101,300000,,,,
165,2010,1,H,102,703000,,,,
165,2010,1,H,103,1068000,,,,
165,2010,1,H,105,2195000,,,,
165,2010,1,H,106,1210000,,,,
165,2010,1,H,107,3510000,,,,
165,2010,1,H,109,15260000,,,,
165,2010,1,H,110,8407000,,,,
165,2010,1,H,111,19200000,,,,
165,2010,1,H,112,19600000,,,,
165,2010,1,H,113,19950000,,,,
165,2010,1,H,114,12193000,,,,
165,2010,1,H,115,17729000,,,,
165,2010,1,H,116,5374000,,,,
165,2010,1,H,117,10314000,,,,
165,2010,1,H,118,758000,,,,
165,2010,1,H,119,2414000,,,,
165,2010,1,H,120,624000,,,,
165,2010,1,H,122,300000,,,,
165,2010,1,H,123,2414000,,,,
165,2010,1,H,124,600000,,,,
165,2010,1,H,125,300000,,,,
165,2010,1,H,126,1495000,,,,
165,2010,1,H,127,2641000,,,,
165,2010,1,H,128,3582000,,,,
165,2010,1,H,129,18966000,,,,
165,2010,1,H,130,18604000,,,,
165,2010,1,H,131,19198000,,,,
165,2010,1,H,132,19808000,,,,
165,2010,1,H,133,585000,,,,
165,2010,1,H,134,5540000,,,,
165,2010,1,H,135,1427000,,,,
165,2010,1,H,136,10171000,,,,
165,2010,1,H,137,8819000,,,,
165,2010,1,H,138,6344000,,,,
165,2010,1,H,139,5388000,,,,
165,2010,1,H,140,1752000,,,,
165,2010,1,H,141,1697000,,,,
165,2010,1,H,142,1533000,,,,
165,2010,1,H,143,1338000,,,,
165,2025,1,H,203,33600000,,,,
165,2025,1,H,204,36450000,,,,
165,2025,1,H,205,44200000,,,,
165,2025,1,H,206,40550000,,,,
165,2025,1,H,207,27000000,,,,
165,2025,1,H,214,45000000,,,,
165,2025,1,H,215,21870000,,,,
165,2025,1,H,216,15200000,,,,
165,2025,1,H,217,33864000,,,,
165,2025,1,H,218,36450000,,,,
165,2025,1,H,219,37600000,,,,
165,2025,1,H,224,1880000,,,,
165,2025,1,H,220,2115000,,,,
165,2025,1,H,222,1917000,,,,
165,2025,1,H,223,2039000,,,,
165,2025,1,H,225,29700000,,,,
165,2025,1,H,229,24000000,,,,
165,2025,1,H,226,41595000,,,,
165,2025,1,H,227,39235000,,,,
165,2025,1,H,228,24000000,,,,
165,2025,1,H,230,19610000,,,,
165,2025,1,H,234,1880000,,,,
165,2025,1,H,231,1980000,,,,
165,2025,1,H,232,1832000,,,,
165,2025,1,H,233,2039000,,,,
165,2025,1,H,235,39600000,,,,
165,2025,1,H,239,24000000,,,,
165,2025,1,H,236,42000000,,,,
165,2025,1,H,237,39480000,,,,
165,2025,1,H,238,39000000,,,,
165,2025,1,H,240,488030000,,,,
165,2025,1,H,241,419623000,,,,
165,2025,1,H,248,46710000,,,,
165,2025,1,H,259,113700000,,,,
165,2025,1,H,262,458535000,,,,
165,2025,1,H,265,12000000,,,,
165,2025,1,H,266,20200000,,,,
165,2025,1,H,267,7000000,,,,
165,2025,1,H,268,9000000,,,,
165,2025,1,H,310,609750000,,,,
165,2025,1,H,311,494320000,,,,
165,2025,1,H,312,36100000,,,,
165,2025,1,H,313,125310000,,,,
165,2025,1,H,314,38040000,,,,
165,2025,1,H,316,10170000,,,,
165,2025,1,H,317,4500000,,,,
165,2025,1,H,318,55606000,,,,
165,2025,1,H,319,89460000,,,,
165,2025,1,H,320,47556000,,,,
165,2025,1,H,315,148350000,,,,
165,2025,1,H,321,7536000,,,,
165,2025,1,H,322,62650000,,,,
165,2025,1,H,333,65200000,,,,
165,2025,1,H,334,43110000,,,,
165,2025,1,H,335,72246000,,,,
165,2025,1,H,336,94380000,,,,
165,2025,1,H,337,93118000,,,,
165,2025,1,H,364,121500000,,,,
165,2025,1,H,365,320000000,,,,
165,2025,1,H,366,17340000,,,,
165,2025,1,H,370,1880000,,,,
165,2025,1,H,367,1980000,,,,
165,2025,1,H,368,1832000,,,,
165,2025,1,H,369,2039000,,,,
165,2025,1,H,371,36000000,,,,
165,2025,1,H,375,41000000,,,,
165,2025,1,H,372,59000000,,,,
165,2025,1,H,373,56480000,,,,
165,2025,1,H,374,56000000,,,,
165,2026,1,H,4,178580000,,,,
165,2026,1,H,17,1811000,,,,
165,2026,1,H,14,1640000,,,,
165,2026,1,H,15,1487000,,,,
165,2026,1,H,16,2100000,,,,
165,2026,1,H,18,34200000,,,,
165,2026,1,H,31,242350000,,,,
165,2026,1,H,32,67195000,,,,
165,2026,1,H,33,183600000,,,,
165,2026,1,H,34,223750000,,,,
165,2026,1,H,51,575045000,,,,
165,2026,1,H,52,518000000,,,,
165,2026,1,H,53,29160000,,,,
165,2026,1,H,54,45000000,,,,
165,2026,1,H,55,45000000,,,,
165,2026,1,H,56,64300000,,,,
165,2026,1,H,57,105622000,,,,
165,2026,1,H,59,48690000,,,,
165,2026,1,H,60,66600000,,,,
165,2026,1,H,98,56780000,,,,
165,2026,1,H,95,41780000,,,,
165,2026,1,H,96,59000000,,,,
165,2026,1,H,97,57320000,,,,
165,2023,1,H,113,3811000,,,,
165,2023,1,H,110,12187000,,,,
165,2023,1,H,111,11089000,,,,
165,2023,1,H,179,2049000,,,,
165,2023,1,H,114,3537000,,,,
165,2023,1,H,115,8000000,,,,
165,2023,1,H,116,5960000,,,,
165,2023,1,H,117,11236000,,,,
165,2023,1,H,130,11600000,,,,
165,2023,1,H,134,1828000,,,,
165,2023,1,H,131,2049000,,,,
165,2023,1,H,132,1851000,,,,
165,2023,1,H,133,1987000,,,,
165,2023,1,H,135,7600000,,,,
165,2023,1,H,147,11100000,,,,
165,2023,1,H,182,1851000,,,,
165,2023,1,H,180,1987000,,,,
165,2023,1,H,181,1828000,,,,
165,2024,1,H,45,23850000,,,,
165,2024,1,H,49,12000000,,,,
165,2024,1,H,46,17440000,,,,
165,2024,1,H,47,16320000,,,,
165,2024,1,H,48,12000000,,,,
165,2024,1,H,55,1880000,,,,
165,2024,1,H,52,2049000,,,,
165,2024,1,H,53,1917000,,,,
165,2024,1,H,54,2039000,,,,
165,2024,1,H,56,22950000,,,,
165,2024,1,H,60,16000000,,,,
165,2024,1,H,57,17440000,,,,
165,2024,1,H,58,16320000,,,,
165,2024,1,H,59,16000000,,,,
165,2024,1,H,61,7295000,,,,
165,2024,1,H,69,1880000,,,,
165,2024,1,H,66,2049000,,,,
165,2024,1,H,67,1917000,,,,
165,2024,1,H,68,2039000,,,,
165,2024,1,H,70,24750000,,,,
165,2024,1,H,74,16000000,,,,
165,2024,1,H,71,17440000,,,,
165,2024,1,H,72,16320000,,,,
165,2024,1,H,73,16000000,,,,
165,2024,1,H,139,1880000,,,,
165,2024,1,H,136,2049000,,,,
165,2024,1,H,137,1917000,,,,
165,2024,1,H,149,11852000,,,,
165,2024,1,H,150,9900000,,,,
165,2024,1,H,151,7200000,,,,
165,2024,1,H,152,8840000,,,,
165,2024,1,H,185,46250000,,,,
165,2024,1,H,186,50000000,,,,
165,2024,1,H,267,1880000,,,,
165,2024,1,H,264,2115000,,,,
165,2024,1,H,265,1917000,,,,
165,2024,1,H,266,2039000,,,,
165,2024,1,H,268,32400000,,,,
165,2024,1,H,272,16000000,,,,
165,2024,1,H,269,30000000,,,,
165,2024,1,H,270,28320000,,,,
165,2024,1,H,271,16000000,,,,
165,2025,1,H,64,7000000,,,,
165,2025,1,H,65,10422000,,,,
165,2025,1,H,75,32300000,,,,
165,2025,1,H,76,34200000,,,,
165,2025,1,H,77,34200000,,,,
165,2025,1,H,78,34200000,,,,
165,2025,1,H,79,39100000,,,,
165,2025,1,H,80,40300000,,,,
165,2025,1,H,81,30800000,,,,
165,2025,1,H,82,31900000,,,,
165,2025,1,H,83,37400000,,,,
165,2025,1,H,84,48450000,,,,
165,2025,1,H,85,32000000,,,,
165,2025,1,H,86,31000000,,,,
165,2025,1,H,87,38700000,,,,
165,2025,1,H,88,25650000,,,,
165,2025,1,H,89,36000000,,,,
165,2025,1,H,90,41400000,,,,
165,2025,1,H,91,13440000,,,,
165,2025,1,H,93,49600000,,,,
165,2025,1,H,94,33750000,,,,
165,2025,1,H,150,4500000,,,,
165,2025,1,H,151,34200000,,,,
165,2025,1,H,152,29700000,,,,
165,2025,1,H,153,37150000,,,,
165,2025,1,H,154,35100000,,,,
165,2025,1,H,155,10960000,,,,
165,2025,1,H,156,18360000,,,,
165,2025,1,H,178,12000000,,,,
165,2025,1,H,179,36100000,,,,
165,2025,1,H,180,39000000,,,,
165,2025,1,H,181,31900000,,,,
165,2025,1,H,182,35150000,,,,
165,2025,1,H,183,37800000,,,,
165,2025,1,H,208,20120000,,,,
165,2025,1,H,260,29330000,,,,
165,2025,1,H,261,70200000,,,,
165,2025,1,H,269,6650000,,,,
165,2025,1,H,297,9590000,,,,
165,2025,1,H,298,19400000,,,,
165,2025,1,H,323,29700000,,,,
165,2025,1,H,327,1880000,,,,
165,2025,1,H,324,1980000,,,,
165,2025,1,H,325,1832000,,,,
165,2025,1,H,326,2039000,,,,
165,2025,1,H,328,34200000,,,,
165,2025,1,H,332,41000000,,,,
165,2025,1,H,329,59000000,,,,
165,2025,1,H,330,56480000,,,,
165,2025,1,H,331,56000000,,,,
165,2025,1,H,338,9000000,,,,
165,2025,1,H,339,18460000,,,,
165,2025,1,H,340,98000000,,,,
165,2025,1,H,341,6445000,,,,
165,2025,1,H,342,99447000,,,,
165,2025,1,H,346,43000000,,,,
165,2025,1,H,343,61250000,,,,
165,2025,1,H,344,58520000,,,,
165,2025,1,H,345,58000000,,,,
165,2026,1,H,23,452510000,,,,
165,2026,1,H,24,379170000,,,,
165,2026,1,H,25,600030000,,,,
165,2026,1,H,27,550825000,,,,
165,2026,1,H,28,442460000,,,,
165,2026,1,H,29,319330000,,,,
165,2026,1,H,30,179100000,,,,
165,2026,1,H,38,2100000,,,,
165,2026,1,H,36,1640000,,,,
165,2026,1,H,37,1483000,,,,
165,2026,1,H,39,1811000,,,,
165,2026,1,H,65,38770000,,,,
165,2026,1,H,69,1811000,,,,
165,2026,1,H,66,1553000,,,,
165,2026,1,H,67,1640000,,,,
165,2026,1,H,68,2100000,,,,
165,2026,1,H,70,32400000,,,,
165,2026,1,H,74,41780000,,,,
165,2026,1,H,71,59000000,,,,
165,2026,1,H,72,57320000,,,,
165,2026,1,H,73,56780000,,,,
165,2026,1,H,75,86640000,,,,
165,2026,1,H,76,94470000,,,,
165,2026,1,H,101,192870000,,,,
165,2026,1,H,102,374075000,,,,
165,2026,1,H,103,279000000,,,,
165,2026,1,H,104,391500000,,,,
165,2026,1,H,105,21150000,,,,
165,2026,1,H,106,25690000,,,,
165,2026,1,H,107,35000000,,,,
165,2026,1,H,108,131635000,,,,
165,2026,1,H,109,112500000,,,,
165,2026,1,H,110,81000000,,,,
165,2004,1,H,1,1535000,,,,
165,2004,1,H,3,2751000,,,,
165,2004,1,H,4,331000,,,,
165,2004,1,H,5,390000,,,,
165,2004,1,H,6,40000,,,,
165,2004,1,H,7,403000,,,,
165,2004,1,H,8,569000,,,,
165,2004,1,H,9,532000,,,,
165,2004,1,H,10,294000,,,,
165,2004,1,H,11,56000,,,,
165,2004,1,H,12,100000,,,,
165,2004,1,H,13,20000,,,,
165,2004,1,H,14,45000,,,,
165,2004,1,H,15,45000,,,,
165,2004,1,H,16,30000,,,,
165,2004,1,H,17,375000,,,,
165,2004,1,H,18,66000,,,,
165,2004,1,H,19,202000,,,,
165,2004,1,H,20,50000,,,,
165,2004,1,H,21,250000,,,,
165,2004,1,H,22,541000,,,,
165,2004,1,H,23,315000,,,,
165,2004,1,H,24,156000,,,,
165,2004,1,H,25,400000,,,,
165,2004,1,H,26,53000,,,,
165,2004,1,H,27,208000,,,,
165,2004,1,H,28,502000,,,,
165,2004,1,H,29,1033000,,,,
165,2004,1,H,30,348000,,,,
165,2004,1,H,31,2745000,,,,
165,2004,1,H,32,1545000,,,,
165,2004,1,H,33,1766000,,,,
165,2004,1,H,34,555000,,,,
165,2004,1,H,35,350000,,,,
165,2004,1,H,36,240000,,,,
165,2004,1,H,37,400000,,,,
165,2004,1,H,38,246000,,,,
165,2004,1,H,39,18000,,,,
165,2004,1,H,41,300000,,,,
165,2004,1,H,42,300000,,,,
165,2004,1,H,43,2324000,,,,
165,2004,1,H,44,525000,,,,
165,2004,1,H,45,1535000,,,,
165,2004,1,H,46,366000,,,,
165,2004,1,H,47,2763000,,,,
165,2004,1,H,48,2185000,,,,
165,2004,1,H,49,860000,,,,
165,2004,1,H,50,775000,,,,
165,2004,1,H,51,1887000,,,,
165,2004,1,H,52,21000,,,,
165,2004,1,H,54,783000,,,,
165,2004,1,H,55,1573000,,,,
165,2004,1,H,56,582000,,,,
165,2004,1,H,57,1088000,,,,
165,2004,1,H,58,89000,,,,
165,2004,1,H,59,857000,,,,
165,2004,1,H,60,2715000,,,,
165,2004,1,H,61,1200000,,,,
165,2004,1,H,62,1455000,,,,
165,2004,1,H,63,200000,,,,
165,2004,1,H,64,306000,,,,
165,2004,1,H,65,693000,,,,
165,2004,1,H,66,26000,,,,
165,2004,1,H,133,3073000,,,,
165,2004,1,H,134,3370000,,,,
165,2004,1,H,135,180000,,,,
165,2004,1,H,136,347000,,,,
165,2004,1,H,137,2616000,,,,
165,2004,1,H,138,1217000,,,,
165,2004,1,H,139,990000,,,,
165,2004,1,H,140,3053000,,,,
165,2004,1,H,141,1455000,,,,
165,2004,1,H,142,143000,,,,
165,2004,1,H,143,435000,,,,
165,2004,1,H,144,601000,,,,
165,2004,1,H,145,750000,,,,
165,2004,1,H,146,27000,,,,
165,2004,1,H,147,735000,,,,
165,2004,1,H,148,361000,,,,
165,2004,1,H,149,5711000,,,,
165,2004,1,H,150,1495000,,,,
165,2004,1,H,151,300000,,,,
165,2004,1,H,152,797000,,,,
165,2004,1,H,153,311000,,,,
165,2004,1,H,154,41000,,,,
165,2004,1,H,155,308000,,,,
165,2004,1,H,156,7096000,,,,
165,2004,1,H,157,288000,,,,
165,2004,1,H,158,132000,,,,
165,2004,1,H,159,2400000,,,,
165,2004,1,H,160,1598000,,,,
165,2004,1,H,161,435000,,,,
165,2004,1,H,162,1527000,,,,
165,2004,1,H,163,2344000,,,,
165,2004,1,H,164,138000,,,,
165,2004,1,H,165,113000,,,,
165,2004,1,H,166,34000,,,,
165,2004,1,H,167,196000,,,,
165,2004,1,H,168,810000,,,,
165,2004,1,H,169,300000,,,,
165,2004,1,H,170,222000,,,,
165,2004,1,H,171,168000,,,,
165,2004,1,H,172,410000,,,,
165,2004,1,H,173,120000,,,,
165,2004,1,H,174,203000,,,,
165,2004,1,H,175,445000,,,,
165,2004,1,H,176,1035000,,,,
165,2004,1,H,177,630000,,,,
165,2004,1,H,178,1800000,,,,
165,2004,1,H,179,1050000,,,,
165,2004,1,H,180,250000,,,,
165,2004,1,H,181,750000,,,,
165,2004,1,H,182,1224000,,,,
165,2004,1,H,183,1435000,,,,
165,2004,1,H,184,1535000,,,,
165,2004,1,H,185,378000,,,,
165,2004,1,H,186,3067000,,,,
165,2004,1,H,187,540000,,,,
165,2004,1,H,188,350000,,,,
165,2004,1,H,189,14000,,,,
165,2004,1,H,190,1778000,,,,
165,2004,1,H,191,246000,,,,
165,2004,1,H,192,325000,,,,
165,2004,1,H,193,126000,,,,
165,2004,1,H,194,270000,,,,
165,2004,1,H,195,129000,,,,
165,2004,1,H,196,1012000,,,,
165,2004,1,H,67,45000,,,,
165,2004,1,H,68,275000,,,,
165,2004,1,H,69,1535000,,,,
165,2004,1,H,70,330000,,,,
165,2004,1,H,71,223000,,,,
165,2004,1,H,72,67000,,,,
165,2004,1,H,73,50000,,,,
165,2004,1,H,74,209000,,,,
165,2004,1,H,75,35000,,,,
165,2004,1,H,76,2739000,,,,
165,2004,1,H,77,1020000,,,,
165,2004,1,H,78,125000,,,,
165,2004,1,H,79,333000,,,,
165,2004,1,H,80,292000,,,,
165,2004,1,H,82,1535000,,,,
165,2004,1,H,83,372000,,,,
165,2004,1,H,84,534000,,,,
165,2004,1,H,85,437000,,,,
165,2004,1,H,86,949000,,,,
165,2004,1,H,87,1535000,,,,
165,2004,1,H,88,390000,,,,
165,2004,1,H,89,2832000,,,,
165,2004,1,H,90,1155000,,,,
165,2004,1,H,91,100000,,,,
165,2004,1,H,92,377000,,,,
165,2004,1,H,93,1170000,,,,
165,2004,1,H,94,120000,,,,
165,2004,1,H,95,150000,,,,
165,2004,1,H,96,995000,,,,
165,2004,1,H,97,440000,,,,
165,2004,1,H,98,375000,,,,
165,2004,1,H,99,900000,,,,
165,2004,1,H,100,500000,,,,
165,2004,1,H,101,200000,,,,
165,2004,1,H,102,300000,,,,
165,2004,1,H,103,1535000,,,,
165,2004,1,H,104,300000,,,,
165,2004,1,H,105,3073000,,,,
165,2004,1,H,106,2085000,,,,
165,2004,1,H,107,531000,,,,
165,2004,1,H,108,1010000,,,,
165,2004,1,H,109,715000,,,,
165,2004,1,H,110,460000,,,,
165,2004,1,H,111,783000,,,,
165,2004,1,H,112,225000,,,,
165,2004,1,H,113,150000,,,,
165,2004,1,H,114,330000,,,,
165,2004,1,H,115,323000,,,,
165,2004,1,H,116,30000,,,,
165,2004,1,H,117,36000,,,,
165,2004,1,H,118,213000,,,,
165,2004,1,H,119,294000,,,,
165,2004,1,H,120,120000,,,,
165,2004,1,H,121,25000,,,,
165,2004,1,H,122,80000,,,,
165,2004,1,H,123,200000,,,,
165,2004,1,H,124,10000,,,,
165,2004,1,H,125,22000,,,,
165,2004,1,H,127,1500000,,,,
165,2004,1,H,128,1316000,,,,
165,2004,1,H,129,1125000,,,,
165,2004,1,H,130,417000,,,,
165,2004,1,H,131,1535000,,,,
165,2004,1,H,132,390000,,,,
165,2004,1,H,200,1580000,,,,
165,2004,1,H,201,675000,,,,
165,2004,1,H,202,290000,,,,
165,2004,1,H,203,9315000,,,,
165,2004,1,H,204,396000,,,,
165,2004,1,H,205,2700000,,,,
165,2004,1,H,206,2700000,,,,
165,2004,1,H,207,2700000,,,,
165,2004,1,H,208,1535000,,,,
165,2004,1,H,209,396000,,,,
165,2004,1,H,210,3097000,,,,
165,2004,1,H,211,2120000,,,,
165,2004,1,H,212,1068000,,,,
165,2004,1,H,213,1681000,,,,
165,2004,1,H,214,175000,,,,
165,2004,1,H,215,84000,,,,
165,2004,1,H,216,195000,,,,
165,2004,1,H,217,135000,,,,
165,2004,1,H,218,970000,,,,
165,2004,1,H,219,150000,,,,
165,2004,1,H,220,216000,,,,
165,2004,1,H,221,492000,,,,
165,2004,1,H,222,512000,,,,
165,2004,1,H,223,1313000,,,,
165,2004,1,H,224,1535000,,,,
165,2004,1,H,225,312000,,,,
165,2004,1,H,226,3061000,,,,
165,2004,1,H,227,1055000,,,,
165,2004,1,H,228,1046000,,,,
165,2004,1,H,229,1103000,,,,
165,2004,1,H,230,585000,,,,
165,2004,1,H,231,75000,,,,
165,2004,1,H,232,934000,,,,
165,2004,1,H,233,1770000,,,,
165,2004,1,H,234,75000,,,,
165,2004,1,H,235,1013000,,,,
165,2004,1,H,236,390000,,,,
165,2004,1,H,237,804000,,,,
165,2004,1,H,238,333000,,,,
165,2004,1,H,239,60000,,,,
165,2004,1,H,240,3000000,,,,
165,2004,1,H,241,340000,,,,
165,2004,1,H,242,4100000,,,,
165,2004,1,H,243,264000,,,,
165,2004,1,H,244,699000,,,,
165,2004,1,H,245,618000,,,,
165,2004,1,H,246,526000,,,,
165,2004,1,H,247,200000,,,,
165,2004,1,H,248,470000,,,,
165,2004,1,H,249,75000,,,,
165,2004,1,H,250,70000,,,,
165,2004,1,H,251,134000,,,,
165,2004,1,H,252,52000,,,,
165,2004,1,H,253,300000,,,,
165,2004,1,H,254,144000,,,,
165,2004,1,H,255,195000,,,,
165,2004,1,H,256,55000,,,,
165,2004,1,H,257,30000,,,,
165,2004,1,H,258,30000,,,,
165,2004,1,H,259,43000,,,,
165,2004,1,H,260,460000,,,,
165,2004,1,H,261,8000,,,,
165,2004,1,H,262,1746000,,,,
165,2004,1,H,263,46000,,,,
165,2004,1,H,264,448000,,,,
165,2004,1,H,265,60000,,,,
165,2004,1,H,266,600000,,,,
165,2004,1,H,267,147000,,,,
165,2004,1,H,268,1465000,,,,
165,2004,1,H,269,1470000,,,,
165,2004,1,H,270,378000,,,,
165,2004,1,H,271,65000,,,,
165,2004,1,H,272,3061000,,,,
165,2004,1,H,273,1121000,,,,
165,2004,1,H,274,605000,,,,
165,2004,1,H,275,300000,,,,
165,2004,1,H,276,1800000,,,,
165,2004,1,H,277,4055000,,,,
165,2004,1,H,278,1849000,,,,
165,2004,1,H,279,400000,,,,
165,2004,1,H,280,3258000,,,,
165,2004,1,H,281,1440000,,,,
165,2004,1,H,282,74000,,,,
165,2004,1,H,283,135000,,,,
165,2004,1,H,284,750000,,,,
165,2004,1,H,285,810000,,,,
165,2004,1,H,286,676000,,,,
165,2004,1,H,287,180000,,,,
165,2004,1,H,288,420000,,,,
165,2004,1,H,289,390000,,,,
165,2004,1,H,290,317000,,,,
165,2004,1,H,291,1065000,,,,
165,2007,1,H,110,6100000,,,,
165,2007,1,H,111,6300000,,,,
165,2007,1,H,112,2544000,,,,
165,2007,1,H,113,921000,,,,
165,2007,1,H,114,225000,,,,
165,2007,1,H,115,91000,,,,
165,2007,1,H,116,420000,,,,
165,2007,1,H,117,90000,,,,
165,2007,1,H,118,300000,,,,
165,2007,1,H,119,820000,,,,
165,2007,1,H,120,195000,,,,
165,2007,1,H,121,48000,,,,
165,2007,1,H,122,322000,,,,
165,2007,1,H,123,1050000,,,,
165,2007,1,H,124,75000,,,,
165,2007,1,H,125,223000,,,,
165,2007,1,H,126,167000,,,,
165,2007,1,H,127,72000,,,,
165,2007,1,H,128,1658000,,,,
165,2007,1,H,129,456000,,,,
165,2007,1,H,130,1500000,,,,
165,2007,1,H,131,1500000,,,,
165,2007,1,H,132,2012000,,,,
165,2007,1,H,133,3467000,,,,
165,2007,1,H,134,1225000,,,,
165,2007,1,H,135,960000,,,,
165,2007,1,H,136,255000,,,,
165,2007,1,H,137,150000,,,,
165,2007,1,H,138,424000,,,,
165,2007,1,H,139,726000,,,,
165,2007,1,H,140,200000,,,,
165,2007,1,H,141,330000,,,,
165,2007,1,H,142,13000,,,,
165,2007,1,H,143,1538000,,,,
165,2007,1,H,144,1658000,,,,
165,2007,1,H,145,468000,,,,
165,2007,1,H,146,1500000,,,,
165,2007,1,H,147,1976000,,,,
165,2007,1,H,148,2110000,,,,
165,2007,1,H,149,1123000,,,,
165,2007,1,H,150,480000,,,,
165,2007,1,H,151,183000,,,,
165,2007,1,H,152,727000,,,,
165,2007,1,H,153,502000,,,,
165,2007,1,H,154,363000,,,,
165,2007,1,H,155,120000,,,,
165,2007,1,H,156,600000,,,,
165,2007,1,H,157,263000,,,,
165,2007,1,H,158,65000,,,,
165,2007,1,H,159,1658000,,,,
165,2007,1,H,160,414000,,,,
165,2007,1,H,161,1500000,,,,
165,2007,1,H,162,2119000,,,,
165,2007,1,H,294,165000,,,,
165,2007,1,H,295,112000,,,,
165,2007,1,H,296,150000,,,,
165,2007,1,H,297,93000,,,,
165,2007,1,H,298,40000,,,,
165,2008,1,H,1,2157000,,,,
165,2008,1,H,2,462000,,,,
165,2008,1,H,3,2095000,,,,
165,2008,1,H,4,1500000,,,,
165,2008,1,H,13,783000,,,,
165,2008,1,H,14,458000,,,,
165,2008,1,H,15,1010000,,,,
165,2008,1,H,16,200000,,,,
165,2008,1,H,17,120000,,,,
165,2008,1,H,18,110000,,,,
165,2008,1,H,19,424000,,,,
165,2008,1,H,37,1737000,,,,
165,2008,1,H,38,432000,,,,
165,2008,1,H,39,1500000,,,,
165,2008,1,H,40,32835000,,,,
165,2008,1,H,41,2143000,,,,
165,2008,1,H,42,1608000,,,,
165,2008,1,H,43,1500000,,,,
165,2008,1,H,65,15000000,,,,
165,2008,1,H,66,300000,,,,
165,2008,1,H,67,1162000,,,,
165,2008,1,H,88,3000000,,,,
165,2008,1,H,89,1098000,,,,
165,2008,1,H,90,189000,,,,
165,2008,1,H,91,22000,,,,
165,2008,1,H,92,945000,,,,
165,2008,1,H,93,1737000,,,,
165,2008,1,H,94,624000,,,,
165,2008,1,H,95,1500000,,,,
165,2008,1,H,96,600000,,,,
165,2008,1,H,97,3000000,,,,
165,2008,1,H,98,1000000,,,,
165,2008,1,H,99,2036000,,,,
165,2008,1,H,100,1703000,,,,
165,2008,1,H,101,739000,,,,
165,2008,1,H,102,2281000,,,,
165,2008,1,H,103,2546000,,,,
165,2008,1,H,104,1600000,,,,
165,2008,1,H,105,2673000,,,,
165,2008,1,H,106,5067000,,,,
165,2008,1,H,107,11880000,,,,
165,2008,1,H,108,6000000,,,,
165,2008,1,H,109,1737000,,,,
165,2008,1,H,110,1168000,,,,
165,2008,1,H,111,1700000,,,,
165,2008,1,H,112,2564000,,,,
165,2008,1,H,113,4544000,,,,
165,2008,1,H,114,1326000,,,,
165,2008,1,H,115,572000,,,,
165,2008,1,H,116,1334000,,,,
165,2008,1,H,117,1700000,,,,
165,2008,1,H,118,1737000,,,,
165,2008,1,H,119,1216000,,,,
165,2008,1,H,120,1085000,,,,
165,2008,1,H,121,1114000,,,,
165,2008,1,H,122,480000,,,,
165,2008,1,H,123,2576000,,,,
165,2008,1,H,124,675000,,,,
165,2008,1,H,125,750000,,,,
165,2008,1,H,126,120000,,,,
165,2008,1,H,128,6627000,,,,
165,2008,1,H,129,840000,,,,
165,2008,1,H,130,200000,,,,
165,2008,1,H,131,2000000,,,,
165,2008,1,H,132,194000,,,,
165,2008,1,H,133,878000,,,,
165,2008,1,H,134,2500000,,,,
165,2008,1,H,135,2145000,,,,
165,2008,1,H,136,503000,,,,
165,2008,1,H,137,150000,,,,
165,2008,1,H,138,50000,,,,
165,2008,1,H,140,531000,,,,
165,2008,1,H,141,32000,,,,
165,2008,1,H,142,600000,,,,
165,2008,1,H,143,1737000,,,,
165,2008,1,H,144,1224000,,,,
165,2008,1,H,145,1700000,,,,
165,2008,1,H,146,5369000,,,,
165,2008,1,H,147,2528000,,,,
165,2009,1,H,1,2337000,,,,
165,2009,1,H,2,488000,,,,
165,2009,1,H,3,1700000,,,,
165,2009,1,H,4,233000,,,,
165,2009,1,H,5,840000,,,,
165,2009,1,H,6,2546000,,,,
165,2009,1,H,7,12256000,,,,
165,2009,1,H,8,5400000,,,,
165,2009,1,H,9,986000,,,,
165,2009,1,H,10,928000,,,,
165,2009,1,H,11,1568000,,,,
165,2009,1,H,12,237000,,,,
165,2009,1,H,13,525000,,,,
165,2009,1,H,14,2337000,,,,
165,2009,1,H,15,536000,,,,
165,2009,1,H,16,1700000,,,,
165,2009,1,H,17,550000,,,,
165,2009,1,H,18,2498000,,,,
165,2009,1,H,19,4205000,,,,
165,2009,1,H,20,6029000,,,,
165,2009,1,H,21,1528000,,,,
165,2009,1,H,22,248000,,,,
165,2009,1,H,23,6521000,,,,
165,2009,1,H,24,2498000,,,,
165,2009,1,H,25,1009000,,,,
165,2009,1,H,26,2522000,,,,
165,2009,1,H,27,7589000,,,,
165,2009,1,H,28,2359000,,,,
165,2009,1,H,29,632000,,,,
165,2009,1,H,30,2359000,,,,
165,2009,1,H,31,568000,,,,
165,2009,1,H,32,542000,,,,
165,2009,1,H,33,575000,,,,
165,2009,1,H,34,1514000,,,,
165,2009,1,H,35,875000,,,,
165,2009,1,H,36,1160000,,,,
165,2009,1,H,37,30000,,,,
165,2009,1,H,38,350000,,,,
165,2009,1,H,39,420000,,,,
165,2009,1,H,40,323000,,,,
165,2009,1,H,41,330000,,,,
165,2009,1,H,42,100000,,,,
165,2009,1,H,43,43000,,,,
165,2009,1,H,44,816000,,,,
165,2009,1,H,45,148000,,,,
165,2009,1,H,46,970000,,,,
165,2009,1,H,47,170000,,,,
165,2009,1,H,48,675000,,,,
165,2009,1,H,49,200000,,,,
165,2009,1,H,50,600000,,,,
165,2009,1,H,51,700000,,,,
165,2009,1,H,52,1125000,,,,
165,2009,1,H,53,500000,,,,
165,2009,1,H,54,171000,,,,
165,2008,1,H,5,5400000,,,,
165,2008,1,H,6,363000,,,,
165,2008,1,H,7,44000,,,,
165,2008,1,H,8,181000,,,,
165,2008,1,H,9,1564000,,,,
165,2008,1,H,10,810000,,,,
165,2008,1,H,11,1238000,,,,
165,2008,1,H,12,263000,,,,
165,2008,1,H,20,2990000,,,,
165,2008,1,H,21,1500000,,,,
165,2008,1,H,22,1737000,,,,
165,2008,1,H,23,390000,,,,
165,2008,1,H,24,30000,,,,
165,2008,1,H,25,19000,,,,
165,2008,1,H,26,247000,,,,
165,2008,1,H,27,450000,,,,
165,2008,1,H,28,2119000,,,,
165,2008,1,H,29,1350000,,,,
165,2008,1,H,30,1018000,,,,
165,2008,1,H,31,1050000,,,,
165,2008,1,H,32,231000,,,,
165,2008,1,H,33,70000,,,,
165,2008,1,H,34,1380000,,,,
165,2008,1,H,35,60000,,,,
165,2008,1,H,36,100000,,,,
165,2008,1,H,44,2125000,,,,
165,2008,1,H,45,1737000,,,,
165,2008,1,H,46,432000,,,,
165,2008,1,H,47,4158000,,,,
165,2008,1,H,48,2771000,,,,
165,2008,1,H,49,2423000,,,,
165,2008,1,H,50,1500000,,,,
165,2008,1,H,51,1737000,,,,
165,2008,1,H,52,474000,,,,
165,2008,1,H,53,2155000,,,,
165,2008,1,H,54,4474000,,,,
165,2008,1,H,55,2363000,,,,
165,2008,1,H,56,2758000,,,,
165,2008,1,H,57,920000,,,,
165,2008,1,H,58,1023000,,,,
165,2008,1,H,59,1557000,,,,
165,2008,1,H,60,1737000,,,,
165,2008,1,H,61,456000,,,,
165,2008,1,H,62,1500000,,,,
165,2008,1,H,63,2131000,,,,
165,2008,1,H,64,2928000,,,,
165,2008,1,H,68,2400000,,,,
165,2008,1,H,69,492000,,,,
165,2008,1,H,70,203000,,,,
165,2008,1,H,71,903000,,,,
165,2008,1,H,72,1800000,,,,
165,2008,1,H,73,1010000,,,,
165,2008,1,H,74,150000,,,,
165,2008,1,H,75,1600000,,,,
165,2008,1,H,76,1737000,,,,
165,2008,1,H,77,474000,,,,
165,2008,1,H,79,1500000,,,,
165,2008,1,H,80,2143000,,,,
165,2008,1,H,81,3042000,,,,
165,2008,1,H,82,1737000,,,,
165,2008,1,H,83,456000,,,,
165,2008,1,H,84,1500000,,,,
165,2008,1,H,85,950000,,,,
165,2008,1,H,86,2167000,,,,
165,2008,1,H,87,4309000,,,,
165,2007,1,H,41,2110000,,,,
165,2007,1,H,42,2868000,,,,
165,2007,1,H,43,5400000,,,,
165,2007,1,H,44,18665000,,,,
165,2007,1,H,45,1240000,,,,
165,2007,1,H,46,2162000,,,,
165,2007,1,H,47,1636000,,,,
165,2007,1,H,48,348000,,,,
165,2007,1,H,49,1500000,,,,
165,2007,1,H,50,3000000,,,,
165,2007,1,H,51,2700000,,,,
165,2007,1,H,52,1636000,,,,
165,2007,1,H,53,420000,,,,
165,2007,1,H,54,1500000,,,,
165,2007,1,H,55,3216000,,,,
165,2007,1,H,57,2901000,,,,
165,2007,1,H,58,1306000,,,,
165,2007,1,H,59,363000,,,,
165,2007,1,H,60,192000,,,,
165,2007,1,H,61,38000,,,,
165,2007,1,H,62,1080000,,,,
165,2007,1,H,63,1050000,,,,
165,2007,1,H,64,90000,,,,
165,2007,1,H,65,209000,,,,
165,2007,1,H,66,10000,,,,
165,2007,1,H,67,656000,,,,
165,2007,1,H,68,687000,,,,
165,2007,1,H,69,2750000,,,,
165,2017,1,H,40,900000,,,,
165,2004,1,H,292,37000,,,,
165,2004,1,H,293,18000,,,,
165,2004,1,H,294,781000,,,,
165,2004,1,H,295,2700000,,,,
165,2005,1,H,1,1710000,,,,
165,2005,1,H,2,372000,,,,
165,2005,1,H,3,3007000,,,,
165,2005,1,H,4,525000,,,,
165,2005,1,H,5,975000,,,,
165,2005,1,H,6,50000,,,,
165,2005,1,H,7,32000,,,,
165,2005,1,H,8,2700000,,,,
165,2005,1,H,9,1570000,,,,
165,2005,1,H,10,324000,,,,
165,2005,1,H,11,2100000,,,,
165,2005,1,H,12,3025000,,,,
165,2005,1,H,13,1280000,,,,
165,2005,1,H,14,972000,,,,
165,2005,1,H,15,302000,,,,
165,2005,1,H,16,350000,,,,
165,2005,1,H,17,950000,,,,
165,2005,1,H,18,539000,,,,
165,2005,1,H,19,320000,,,,
165,2005,1,H,20,195000,,,,
165,2005,1,H,21,783000,,,,
165,2005,1,H,22,1570000,,,,
165,2005,1,H,23,402000,,,,
165,2005,1,H,24,2793000,,,,
165,2005,1,H,25,3049000,,,,
165,2005,1,H,26,1725000,,,,
165,2005,1,H,27,1483000,,,,
165,2005,1,H,28,227000,,,,
165,2005,1,H,29,75000,,,,
165,2005,1,H,30,225000,,,,
165,2005,1,H,31,131000,,,,
165,2005,1,H,32,1050000,,,,
165,2004,1,H,197,315000,,,,
165,2004,1,H,198,105000,,,,
165,2004,1,H,199,180000,,,,
165,2006,1,H,68,4350000,,,,
165,2006,1,H,69,1127000,,,,
165,2006,1,H,70,1150000,,,,
165,2006,1,H,71,4967000,,,,
165,2006,1,H,72,2200000,,,,
165,2006,1,H,73,302000,,,,
165,2006,1,H,74,420000,,,,
165,2006,1,H,75,431000,,,,
165,2006,1,H,76,141000,,,,
165,2006,1,H,77,150000,,,,
165,2006,1,H,78,5000,,,,
165,2006,1,H,79,13000,,,,
165,2006,1,H,80,22000,,,,
165,2006,1,H,81,20000,,,,
165,2006,1,H,82,2623000,,,,
165,2006,1,H,83,3210000,,,,
165,2006,1,H,84,6812000,,,,
165,2006,1,H,85,3796000,,,,
165,2006,1,H,86,1089000,,,,
165,2006,1,H,87,288000,,,,
165,2006,1,H,88,754000,,,,
165,2006,1,H,89,158000,,,,
165,2006,1,H,90,6903000,,,,
165,2006,1,H,91,210000,,,,
165,2006,1,H,92,30000,,,,
165,2006,1,H,93,280000,,,,
165,2006,1,H,94,3089000,,,,
165,2006,1,H,95,1113000,,,,
165,2006,1,H,96,525000,,,,
165,2006,1,H,97,66000,,,,
165,2006,1,H,98,363000,,,,
165,2006,1,H,99,120000,,,,
165,2006,1,H,100,1021000,,,,
165,2006,1,H,101,450000,,,,
165,2006,1,H,102,1636000,,,,
165,2006,1,H,103,402000,,,,
165,2006,1,H,104,1050000,,,,
165,2006,1,H,105,1563000,,,,
165,2006,1,H,106,1636000,,,,
165,2006,1,H,108,414000,,,,
165,2006,1,H,109,1050000,,,,
165,2006,1,H,110,3228000,,,,
165,2006,1,H,111,4897000,,,,
165,2006,1,H,112,2555000,,,,
165,2006,1,H,113,6300000,,,,
165,2006,1,H,114,45000,,,,
165,2006,1,H,115,363000,,,,
165,2006,1,H,116,1560000,,,,
165,2006,1,H,117,1272000,,,,
165,2006,1,H,118,720000,,,,
165,2006,1,H,119,264000,,,,
165,2006,1,H,120,51000,,,,
165,2006,1,H,121,3000000,,,,
165,2006,1,H,122,2569000,,,,
165,2006,1,H,123,2700000,,,,
165,2006,1,H,124,1636000,,,,
165,2006,1,H,125,3180000,,,,
165,2006,1,H,126,1256000,,,,
165,2006,1,H,127,1255000,,,,
165,2006,1,H,128,3060000,,,,
165,2006,1,H,129,2940000,,,,
165,2006,1,H,130,1044000,,,,
165,2006,1,H,131,861000,,,,
165,2006,1,H,132,330000,,,,
165,2006,1,H,133,310000,,,,
165,2006,1,H,134,90000,,,,
165,2006,1,H,135,72000,,,,
165,2006,1,H,136,25350000,,,,
165,2006,1,H,137,462000,,,,
165,2006,1,H,138,1050000,,,,
165,2006,1,H,139,1636000,,,,
165,2006,1,H,140,444000,,,,
165,2006,1,H,141,1050000,,,,
165,2006,1,H,142,3228000,,,,
165,2006,1,H,143,2677000,,,,
165,2006,1,H,144,1062000,,,,
165,2006,1,H,145,1107000,,,,
165,2006,1,H,146,993000,,,,
165,2006,1,H,147,480000,,,,
165,2006,1,H,148,168000,,,,
165,2006,1,H,149,2495000,,,,
165,2006,1,H,150,2525000,,,,
165,2006,1,H,151,810000,,,,
165,2006,1,H,152,726000,,,,
165,2006,1,H,153,318000,,,,
165,2006,1,H,154,48000,,,,
165,2006,1,H,155,14000,,,,
165,2006,1,H,156,225000,,,,
165,2006,1,H,157,1216000,,,,
165,2006,1,H,158,358000,,,,
165,2006,1,H,159,165000,,,,
165,2006,1,H,160,35000,,,,
165,2006,1,H,161,32000,,,,
165,2006,1,H,162,1247000,,,,
165,2006,1,H,163,24000,,,,
165,2006,1,H,164,12000,,,,
165,2006,1,H,165,270000,,,,
165,2006,1,H,166,318000,,,,
165,2006,1,H,167,225000,,,,
165,2006,1,H,168,2025000,,,,
165,2006,1,H,169,1488000,,,,
165,2006,1,H,170,722000,,,,
165,2006,1,H,171,739000,,,,
165,2006,1,H,172,2250000,,,,
165,2006,1,H,173,252000,,,,
165,2006,1,H,174,105000,,,,
165,2006,1,H,175,47000,,,,
165,2006,1,H,176,12000,,,,
165,2006,1,H,177,135000,,,,
165,2006,1,H,178,405000,,,,
165,2006,1,H,179,15000,,,,
165,2006,1,H,180,80000,,,,
165,2006,1,H,181,100000,,,,
165,2006,1,H,182,145000,,,,
165,2006,1,H,183,26000,,,,
165,2006,1,H,184,108000,,,,
165,2006,1,H,185,12000,,,,
165,2006,1,H,186,231000,,,,
165,2006,1,H,187,265000,,,,
165,2006,1,H,188,1064000,,,,
165,2006,1,H,189,2087000,,,,
165,2006,1,H,190,310000,,,,
165,2006,1,H,191,141000,,,,
165,2006,1,H,192,429000,,,,
165,2006,1,H,193,230000,,,,
165,2006,1,H,194,40000,,,,
165,2006,1,H,195,1265000,,,,
165,2006,1,H,196,176000,,,,
165,2006,1,H,197,36000,,,,
165,2006,1,H,198,130000,,,,
165,2006,1,H,199,203000,,,,
165,2006,1,H,200,75000,,,,
165,2006,1,H,201,173000,,,,
165,2006,1,H,202,7000,,,,
165,2006,1,H,203,35000,,,,
165,2006,1,H,204,40000,,,,
165,2006,1,H,205,20000,,,,
165,2006,1,H,206,1636000,,,,
165,2006,1,H,207,468000,,,,
165,2006,1,H,208,1050000,,,,
165,2006,1,H,209,2700000,,,,
165,2006,1,H,210,1050000,,,,
165,2006,1,H,211,1050000,,,,
165,2006,1,H,212,1636000,,,,
165,2006,1,H,213,1636000,,,,
165,2006,1,H,214,444000,,,,
165,2006,1,H,215,456000,,,,
165,2006,1,H,216,3204000,,,,
165,2006,1,H,217,4049000,,,,
165,2006,1,H,218,2600000,,,,
165,2006,1,H,219,300000,,,,
165,2006,1,H,220,3465000,,,,
165,2006,1,H,221,2099000,,,,
165,2006,1,H,222,738000,,,,
165,2006,1,H,223,1885000,,,,
165,2006,1,H,224,1620000,,,,
165,2006,1,H,225,982000,,,,
165,2006,1,H,226,180000,,,,
165,2006,1,H,227,15000,,,,
165,2006,1,H,228,6750000,,,,
165,2006,1,H,229,3915000,,,,
165,2006,1,H,230,750000,,,,
165,2006,1,H,231,240000,,,,
165,2006,1,H,232,3204000,,,,
165,2006,1,H,233,2684000,,,,
165,2006,1,H,234,1727000,,,,
165,2006,1,H,235,270000,,,,
165,2006,1,H,236,1089000,,,,
165,2006,1,H,237,330000,,,,
165,2006,1,H,238,206000,,,,
165,2006,1,H,239,1215000,,,,
165,2006,1,H,240,429000,,,,
165,2006,1,H,241,240000,,,,
165,2006,1,H,242,405000,,,,
165,2006,1,H,243,68000,,,,
165,2006,1,H,244,3204000,,,,
165,2006,1,H,245,2548000,,,,
165,2006,1,H,246,500000,,,,
165,2006,1,H,247,950000,,,,
165,2006,1,H,248,3000000,,,,
165,2006,1,H,249,1838000,,,,
165,2006,1,H,250,3000000,,,,
165,2006,1,H,251,1500000,,,,
165,2006,1,H,252,200000,,,,
165,2006,1,H,253,650000,,,,
165,2006,1,H,254,1800000,,,,
165,2006,1,H,255,2536000,,,,
165,2006,1,H,256,794000,,,,
165,2006,1,H,257,1726000,,,,
165,2006,1,H,258,2153000,,,,
165,2006,1,H,259,233000,,,,
165,2006,1,H,260,458000,,,,
165,2006,1,H,261,30000,,,,
165,2006,1,H,262,15000,,,,
165,2006,1,H,263,12000,,,,
165,2006,1,H,264,1713000,,,,
165,2006,1,H,265,504000,,,,
165,2006,1,H,266,3000000,,,,
165,2006,1,H,267,9000000,,,,
165,2006,1,H,268,1000000,,,,
165,2006,1,H,269,600000,,,,
165,2006,1,H,270,1600000,,,,
165,2006,1,H,271,270000,,,,
165,2006,1,H,272,500000,,,,
165,2006,1,H,273,390000,,,,
165,2006,1,H,274,942000,,,,
165,2006,1,H,275,265000,,,,
165,2006,1,H,276,120000,,,,
165,2006,1,H,277,756500,,,,
165,2006,1,H,278,73500,,,,
165,2006,1,H,279,68000,,,,
165,2006,1,H,280,38000,,,,
165,2006,1,H,281,300000,,,,
165,2006,1,H,282,120000,,,,
165,2006,1,H,283,30000,,,,
165,2006,1,H,284,250000,,,,
165,2006,1,H,285,200000,,,,
165,2006,1,H,286,22000,,,,
165,2006,1,H,287,22000,,,,
165,2006,1,H,288,3000,,,,
165,2006,1,H,289,614000,,,,
165,2006,1,H,290,110000,,,,
165,2006,1,H,291,660000,,,,
165,2006,1,H,292,800000,,,,
165,2007,1,H,1,10350000,,,,
165,2007,1,H,2,1470000,,,,
165,2007,1,H,3,3914000,,,,
165,2007,1,H,4,1178000,,,,
165,2007,1,H,5,720000,,,,
165,2007,1,H,6,1680000,,,,
165,2007,1,H,7,5400000,,,,
165,2007,1,H,8,4582000,,,,
165,2007,1,H,9,300000,,,,
165,2007,1,H,10,6941000,,,,
165,2007,1,H,11,527000,,,,
165,2007,1,H,12,1352000,,,,
165,2007,1,H,13,800000,,,,
165,2007,1,H,14,60000,,,,
165,2007,1,H,15,320000,,,,
165,2007,1,H,16,1346000,,,,
165,2007,1,H,17,925000,,,,
165,2007,1,H,18,3370000,,,,
165,2007,1,H,19,221000,,,,
165,2007,1,H,20,307000,,,,
165,2007,1,H,21,1572000,,,,
165,2007,1,H,22,307000,,,,
165,2007,1,H,23,300000,,,,
165,2007,1,H,24,75000,,,,
165,2007,1,H,25,55000,,,,
165,2007,1,H,26,1500000,,,,
165,2007,1,H,27,2372000,,,,
165,2007,1,H,28,2025000,,,,
165,2007,1,H,29,2178000,,,,
165,2007,1,H,30,257000,,,,
165,2007,1,H,31,4470000,,,,
165,2007,1,H,32,1620000,,,,
165,2007,1,H,33,561000,,,,
165,2007,1,H,34,4425000,,,,
165,2007,1,H,35,6369000,,,,
165,2007,1,H,36,1452000,,,,
165,2007,1,H,37,890000,,,,
165,2007,1,H,38,986000,,,,
165,2007,1,H,39,540000,,,,
165,2007,1,H,40,30000,,,,
165,2005,1,H,34,1050000,,,,
165,2005,1,H,35,1570000,,,,
165,2005,1,H,36,306000,,,,
165,2005,1,H,37,3073000,,,,
165,2005,1,H,38,0,,,,
165,2005,1,H,39,870000,,,,
165,2005,1,H,40,1687000,,,,
165,2005,1,H,41,111000,,,,
165,2005,1,H,42,1350000,,,,
165,2005,1,H,43,330000,,,,
165,2005,1,H,44,192000,,,,
165,2005,1,H,45,75000,,,,
165,2005,1,H,46,845000,,,,
165,2005,1,H,47,1472000,,,,
165,2005,1,H,48,101000,,,,
165,2005,1,H,49,100000,,,,
165,2005,1,H,50,900000,,,,
165,2005,1,H,51,182000,,,,
165,2005,1,H,52,300000,,,,
165,2005,1,H,54,1236000,,,,
165,2005,1,H,55,3049000,,,,
165,2005,1,H,56,1035000,,,,
165,2005,1,H,57,358000,,,,
165,2005,1,H,58,90000,,,,
165,2005,1,H,59,1695000,,,,
165,2005,1,H,60,114000,,,,
165,2005,1,H,61,45000,,,,
165,2005,1,H,62,2700000,,,,
165,2005,1,H,63,1050000,,,,
165,2005,1,H,64,1570000,,,,
165,2005,1,H,65,531000,,,,
165,2005,1,H,66,1788000,,,,
165,2005,1,H,67,419000,,,,
165,2005,1,H,68,70000,,,,
165,2005,1,H,69,6000,,,,
165,2005,1,H,70,585000,,,,
165,2005,1,H,71,275000,,,,
165,2005,1,H,72,110000,,,,
165,2005,1,H,73,121000,,,,
165,2005,1,H,74,225000,,,,
165,2005,1,H,75,200000,,,,
165,2005,1,H,76,1138000,,,,
165,2005,1,H,77,37000,,,,
165,2005,1,H,78,109000,,,,
165,2005,1,H,79,1050000,,,,
165,2005,1,H,80,1570000,,,,
165,2005,1,H,81,396000,,,,
165,2005,1,H,82,3055000,,,,
165,2005,1,H,83,2730000,,,,
165,2005,1,H,84,3743000,,,,
165,2005,1,H,85,210000,,,,
165,2005,1,H,86,3400000,,,,
165,2005,1,H,87,2025000,,,,
165,2005,1,H,88,330000,,,,
165,2005,1,H,89,1215000,,,,
165,2005,1,H,90,5907000,,,,
165,2005,1,H,91,720000,,,,
165,2005,1,H,223,65000,,,,
165,2005,1,H,224,1800000,,,,
165,2005,1,H,225,1570000,,,,
165,2005,1,H,226,408000,,,,
165,2005,1,H,227,300000,,,,
165,2005,1,H,228,200000,,,,
165,2005,1,H,229,50000,,,,
165,2005,1,H,230,97000,,,,
165,2006,1,H,1,1856000,,,,
165,2006,1,H,2,354000,,,,
165,2006,1,H,3,1050000,,,,
165,2006,1,H,4,3213000,,,,
165,2006,1,H,5,150000,,,,
165,2006,1,H,6,270000,,,,
165,2006,1,H,7,1218000,,,,
165,2006,1,H,8,416000,,,,
165,2006,1,H,9,450000,,,,
165,2006,1,H,10,60000,,,,
165,2006,1,H,11,375000,,,,
165,2006,1,H,12,1636000,,,,
165,2006,1,H,13,294000,,,,
165,2006,1,H,14,3204000,,,,
165,2006,1,H,15,435000,,,,
165,2006,1,H,16,386000,,,,
165,2006,1,H,17,134000,,,,
165,2006,1,H,18,15000,,,,
165,2006,1,H,19,15000,,,,
165,2006,1,H,20,1660000,,,,
165,2006,1,H,21,220000,,,,
165,2006,1,H,22,150000,,,,
165,2006,1,H,23,16000,,,,
165,2006,1,H,24,2700000,,,,
165,2006,1,H,25,3197000,,,,
165,2006,1,H,26,1050000,,,,
165,2006,1,H,27,842000,,,,
165,2006,1,H,28,524000,,,,
165,2006,1,H,29,1112000,,,,
165,2006,1,H,30,1050000,,,,
165,2006,1,H,31,3204000,,,,
165,2006,1,H,32,4290000,,,,
165,2006,1,H,33,6967000,,,,
165,2006,1,H,34,1575000,,,,
165,2006,1,H,35,840000,,,,
165,2006,1,H,36,2143000,,,,
165,2006,1,H,37,375000,,,,
165,2006,1,H,38,810000,,,,
165,2006,1,H,39,196000,,,,
165,2006,1,H,40,396000,,,,
165,2006,1,H,41,350000,,,,
165,2006,1,H,42,438000,,,,
165,2006,1,H,43,345000,,,,
165,2006,1,H,44,414000,,,,
165,2006,1,H,45,1636000,,,,
165,2006,1,H,46,360000,,,,
165,2006,1,H,47,1050000,,,,
165,2006,1,H,48,3228000,,,,
165,2006,1,H,49,2391000,,,,
165,2006,1,H,50,1585000,,,,
165,2006,1,H,51,180000,,,,
165,2006,1,H,52,1535000,,,,
165,2006,1,H,53,840000,,,,
165,2006,1,H,54,402000,,,,
165,2006,1,H,55,1040000,,,,
165,2006,1,H,56,28000,,,,
165,2006,1,H,57,8000,,,,
165,2006,1,H,58,1636000,,,,
165,2005,1,H,92,246000,,,,
165,2005,1,H,93,260000,,,,
165,2005,1,H,94,540000,,,,
165,2005,1,H,95,135000,,,,
165,2005,1,H,96,989000,,,,
165,2005,1,H,97,1570000,,,,
165,2005,1,H,98,522000,,,,
165,2005,1,H,99,1050000,,,,
165,2005,1,H,100,3073000,,,,
165,2005,1,H,101,2415000,,,,
165,2005,1,H,102,1350000,,,,
165,2005,1,H,103,180000,,,,
165,2005,1,H,104,743000,,,,
165,2005,1,H,105,23000,,,,
165,2005,1,H,106,30000,,,,
165,2005,1,H,107,150000,,,,
165,2005,1,H,108,136000,,,,
165,2005,1,H,109,589000,,,,
165,2005,1,H,110,270000,,,,
165,2005,1,H,111,1050000,,,,
165,2005,1,H,112,971000,,,,
165,2005,1,H,113,1570000,,,,
165,2005,1,H,114,408000,,,,
165,2005,1,H,115,3049000,,,,
165,2005,1,H,116,2790000,,,,
165,2005,1,H,117,1889000,,,,
165,2005,1,H,118,225000,,,,
165,2005,1,H,119,750000,,,,
165,2005,1,H,120,2700000,,,,
165,2005,1,H,121,1068000,,,,
165,2005,1,H,122,165000,,,,
165,2005,1,H,123,250000,,,,
165,2005,1,H,124,266000,,,,
165,2005,1,H,125,8000,,,,
165,2005,1,H,126,75000,,,,
165,2005,1,H,127,30000,,,,
165,2005,1,H,128,40000,,,,
165,2005,1,H,129,193000,,,,
165,2005,1,H,130,32000,,,,
165,2005,1,H,131,196000,,,,
165,2005,1,H,132,749000,,,,
165,2005,1,H,133,60000,,,,
165,2005,1,H,134,41000,,,,
165,2005,1,H,135,848000,,,,
165,2005,1,H,136,1796000,,,,
165,2005,1,H,137,200000,,,,
165,2005,1,H,138,282000,,,,
165,2005,1,H,139,3204000,,,,
165,2005,1,H,140,2265000,,,,
165,2005,1,H,141,894000,,,,
165,2005,1,H,142,440000,,,,
165,2005,1,H,143,1570000,,,,
165,2005,1,H,144,396000,,,,
165,2005,1,H,145,1050000,,,,
165,2005,1,H,146,1859000,,,,
165,2005,1,H,147,1570000,,,,
165,2005,1,H,148,396000,,,,
165,2005,1,H,149,3228000,,,,
165,2005,1,H,150,2160000,,,,
165,2005,1,H,151,1944000,,,,
165,2005,1,H,152,73000,,,,
165,2005,1,H,153,675000,,,,
165,2005,1,H,154,60000,,,,
165,2005,1,H,155,198000,,,,
165,2005,1,H,156,398000,,,,
165,2005,1,H,157,1050000,,,,
165,2005,1,H,158,1050000,,,,
165,2005,1,H,159,2700000,,,,
165,2005,1,H,160,1570000,,,,
165,2005,1,H,161,372000,,,,
165,2005,1,H,162,3204000,,,,
165,2005,1,H,163,1335000,,,,
165,2005,1,H,164,495000,,,,
165,2005,1,H,165,200000,,,,
165,2005,1,H,166,570000,,,,
165,2005,1,H,167,188000,,,,
165,2005,1,H,168,1050000,,,,
165,2005,1,H,169,1487000,,,,
165,2005,1,H,170,600000,,,,
165,2005,1,H,172,650000,,,,
165,2005,1,H,173,892000,,,,
165,2005,1,H,175,180000,,,,
165,2005,1,H,176,172000,,,,
165,2005,1,H,177,391000,,,,
165,2005,1,H,178,230000,,,,
165,2005,1,H,179,200000,,,,
165,2005,1,H,180,422000,,,,
165,2005,1,H,181,145000,,,,
165,2005,1,H,182,25000,,,,
165,2005,1,H,183,25000,,,,
165,2005,1,H,184,6000,,,,
165,2005,1,H,185,60000,,,,
165,2005,1,H,186,43000,,,,
165,2005,1,H,187,66000,,,,
165,2005,1,H,188,225000,,,,
165,2005,1,H,189,5000,,,,
165,2005,1,H,190,84000,,,,
165,2005,1,H,191,375000,,,,
165,2005,1,H,192,265000,,,,
165,2005,1,H,193,162000,,,,
165,2005,1,H,194,31000,,,,
165,2005,1,H,195,145000,,,,
165,2005,1,H,196,295000,,,,
165,2005,1,H,197,215000,,,,
165,2005,1,H,198,171000,,,,
165,2005,1,H,199,40000,,,,
165,2005,1,H,200,188000,,,,
165,2005,1,H,201,30000,,,,
165,2005,1,H,202,300000,,,,
165,2005,1,H,203,1370000,,,,
165,2005,1,H,204,450000,,,,
165,2005,1,H,205,3228000,,,,
165,2005,1,H,206,1380000,,,,
165,2005,1,H,207,3028000,,,,
165,2005,1,H,208,675000,,,,
165,2005,1,H,209,1162000,,,,
165,2005,1,H,210,146000,,,,
165,2005,1,H,211,3128000,,,,
165,2005,1,H,212,1255000,,,,
165,2005,1,H,213,432000,,,,
165,2005,1,H,214,150000,,,,
165,2005,1,H,215,513000,,,,
165,2005,1,H,216,750000,,,,
165,2005,1,H,217,42000,,,,
165,2005,1,H,218,113000,,,,
165,2005,1,H,219,1447000,,,,
165,2005,1,H,220,871000,,,,
165,2005,1,H,221,2766000,,,,
165,2005,1,H,222,160000,,,,
165,2007,1,H,98,1658000,,,,
165,2007,1,H,99,474000,,,,
165,2007,1,H,100,1500000,,,,
165,2007,1,H,101,1988000,,,,
165,2007,1,H,102,3840000,,,,
165,2007,1,H,103,2596000,,,,
165,2007,1,H,104,3840000,,,,
165,2007,1,H,105,1486000,,,,
165,2007,1,H,106,331000,,,,
165,2007,1,H,107,1089000,,,,
165,2007,1,H,108,60000,,,,
165,2007,1,H,109,7000,,,,
165,2018,1,H,151,1574000,,,,
165,2018,1,H,152,1733000,,,,
165,2018,1,H,148,1673000,,,,
165,2018,1,H,150,1560000,,,,
165,2018,1,H,153,576000,,,,
165,2018,1,H,154,385000,,,,
165,2018,1,H,155,1132000,,,,
165,2018,1,H,156,18871000,,,,
165,2018,1,H,158,1830000,,,,
165,2018,1,H,159,12545000,,,,
165,2018,1,H,160,8550000,,,,
165,2018,1,H,161,2666000,,,,
165,2018,1,H,162,1000000,,,,
165,2018,1,H,166,1574000,,,,
165,2018,1,H,163,1673000,,,,
165,2018,1,H,164,1560000,,,,
165,2018,1,H,165,1733000,,,,
165,2018,1,H,167,736000,,,,
165,2018,1,H,168,385000,,,,
165,2018,1,H,172,12611000,,,,
165,2018,1,H,170,202000,,,,
165,2018,1,H,171,16388000,,,,
165,2018,1,H,173,12136000,,,,
165,2018,1,H,177,1733000,,,,
165,2018,1,H,174,1673000,,,,
165,2018,1,H,175,1560000,,,,
165,2018,1,H,176,1574000,,,,
165,2018,1,H,178,640000,,,,
165,2018,1,H,179,385000,,,,
165,2018,1,H,180,158000,,,,
165,2018,1,H,181,1591000,,,,
165,2018,1,H,182,2773000,,,,
165,2018,1,H,183,13473000,,,,
165,2018,1,H,184,12620000,,,,
165,2018,1,H,185,7852000,,,,
165,2018,1,H,186,10748000,,,,
165,2018,1,H,187,1396000,,,,
165,2018,1,H,188,675000,,,,
165,2018,1,H,189,933000,,,,
165,2018,1,H,190,2243000,,,,
165,2018,1,H,191,1695000,,,,
165,2018,1,H,192,8000000,,,,
165,2018,1,H,193,200000,,,,
165,2018,1,H,194,2670000,,,,
165,2018,1,H,195,2850000,,,,
165,2018,1,H,196,533000,,,,
165,2018,1,H,197,250000,,,,
165,2018,1,H,198,1180000,,,,
165,2018,1,H,199,2896000,,,,
165,2018,1,H,200,2902000,,,,
165,2018,1,H,201,400000,,,,
165,2018,1,H,202,1680000,,,,
165,2018,1,H,204,1560000,,,,
165,2018,1,H,203,1729000,,,,
165,2018,1,H,206,1733000,,,,
165,2018,1,H,205,1574000,,,,
165,2018,1,H,207,640000,,,,
165,2018,1,H,208,385000,,,,
165,2018,1,H,209,158000,,,,
165,2018,1,H,210,975000,,,,
165,2018,1,H,211,19601000,,,,
165,2018,1,H,212,10724000,,,,
165,2018,1,H,213,302000,,,,
165,2018,1,H,214,17910000,,,,
165,2019,1,H,3,1311000,,,,
165,2019,1,H,1,15348000,,,,
165,2019,1,H,2,8799000,,,,
165,2019,1,H,4,5500000,,,,
165,2019,1,H,5,900000,,,,
165,2019,1,H,6,10400000,,,,
165,2019,1,H,7,5649000,,,,
165,2019,1,H,11,1724000,,,,
165,2019,1,H,8,1917000,,,,
165,2019,1,H,9,1729000,,,,
165,2019,1,H,10,1883000,,,,
165,2019,1,H,12,640000,,,,
165,2019,1,H,13,385000,,,,
165,2019,1,H,17,1724000,,,,
165,2019,1,H,14,1917000,,,,
165,2019,1,H,15,1729000,,,,
165,2019,1,H,16,1883000,,,,
165,2019,1,H,18,608000,,,,
165,2019,1,H,19,385000,,,,
165,2019,1,H,20,420000,,,,
165,2019,1,H,21,14425000,,,,
165,2019,1,H,22,2488000,,,,
165,2019,1,H,23,2253000,,,,
165,2019,1,H,24,5500000,,,,
165,2019,1,H,28,1724000,,,,
165,2019,1,H,25,1917000,,,,
165,2019,1,H,26,1729000,,,,
165,2019,1,H,27,1883000,,,,
165,2019,1,H,29,640000,,,,
165,2019,1,H,30,385000,,,,
165,2019,1,H,34,1724000,,,,
165,2019,1,H,31,1917000,,,,
165,2019,1,H,32,1729000,,,,
165,2019,1,H,33,1883000,,,,
165,2019,1,H,35,576000,,,,
165,2019,1,H,36,385000,,,,
165,2019,1,H,37,315000,,,,
165,2019,1,H,38,15895000,,,,
165,2019,1,H,39,15250000,,,,
165,2019,1,H,40,5884000,,,,
165,2019,1,H,41,16981000,,,,
165,2019,1,H,42,1007000,,,,
165,2019,1,H,43,11000000,,,,
165,2019,1,H,44,6451000,,,,
165,2019,1,H,45,15555000,,,,
165,2019,1,H,46,5044000,,,,
165,2019,1,H,47,2462000,,,,
165,2019,1,H,48,5500000,,,,
165,2019,1,H,52,1724000,,,,
165,2019,1,H,49,1917000,,,,
165,2019,1,H,50,1729000,,,,
165,2019,1,H,51,1883000,,,,
165,2019,1,H,53,592000,,,,
165,2019,1,H,54,385000,,,,
165,2019,1,H,58,1724000,,,,
165,2019,1,H,55,1917000,,,,
165,2019,1,H,56,1729000,,,,
165,2019,1,H,57,1883000,,,,
165,2019,1,H,59,544000,,,,
165,2019,1,H,60,385000,,,,
165,2019,1,H,61,338000,,,,
165,2019,1,H,62,2500000,,,,
165,2019,1,H,63,2700000,,,,
165,2019,1,H,65,2190000,,,,
165,2019,1,H,66,2220000,,,,
165,2019,1,H,67,14820000,,,,
165,2019,1,H,68,7169000,,,,
165,2019,1,H,69,3504000,,,,
165,2019,1,H,70,3171000,,,,
165,2019,1,H,71,5500000,,,,
165,2019,1,H,72,1872000,,,,
165,2019,1,H,73,1090000,,,,
165,2019,1,H,74,2539000,,,,
165,2019,1,H,75,2500000,,,,
165,2019,1,H,76,2912000,,,,
165,2019,1,H,80,1724000,,,,
165,2019,1,H,77,1917000,,,,
165,2019,1,H,78,1729000,,,,
165,2019,1,H,79,1883000,,,,
165,2019,1,H,81,728000,,,,
165,2019,1,H,82,385000,,,,
165,2019,1,H,83,2372000,,,,
165,2019,1,H,64,2704000,,,,
165,2019,1,H,84,15925000,,,,
165,2019,1,H,85,8958000,,,,
165,2019,1,H,86,2163000,,,,
165,2019,1,H,87,5500000,,,,
165,2019,1,H,88,3400000,,,,
165,2019,1,H,92,1724000,,,,
165,2019,1,H,89,1917000,,,,
165,2019,1,H,90,1729000,,,,
165,2019,1,H,91,1883000,,,,
165,2019,1,H,93,576000,,,,
165,2019,1,H,94,385000,,,,
165,2019,1,H,95,1350000,,,,
165,2019,1,H,96,2025000,,,,
165,2019,1,H,97,807000,,,,
165,2019,1,H,98,2831000,,,,
165,2019,1,H,99,2565000,,,,
165,2019,1,H,103,975000,,,,
165,2019,1,H,101,18000000,,,,
165,2019,1,H,102,2789000,,,,
165,2019,1,H,104,1396000,,,,
165,2019,1,H,105,250000,,,,
165,2019,1,H,106,488000,,,,
165,2019,1,H,107,1548000,,,,
165,2019,1,H,108,1078000,,,,
165,2019,1,H,109,720000,,,,
165,2019,1,H,110,100000,,,,
165,2019,1,H,111,1521000,,,,
165,2019,1,H,112,2916000,,,,
165,2019,1,H,113,415000,,,,
165,2019,1,H,114,2372000,,,,
165,2019,1,H,115,2469000,,,,
165,2019,1,H,119,1724000,,,,
165,2019,1,H,116,1917000,,,,
165,2019,1,H,117,1729000,,,,
165,2019,1,H,118,1883000,,,,
165,2019,1,H,120,568000,,,,
165,2019,1,H,121,385000,,,,
165,2019,1,H,122,2460000,,,,
165,2019,1,H,123,18058000,,,,
165,2019,1,H,124,14760000,,,,
165,2019,1,H,125,16909000,,,,
165,2019,1,H,126,11588000,,,,
165,2019,1,H,127,16650000,,,,
165,2019,1,H,128,1700000,,,,
165,2019,1,H,129,9000000,,,,
165,2019,1,H,130,300000,,,,
165,2019,1,H,131,400000,,,,
165,2019,1,H,132,3000000,,,,
165,2019,1,H,133,3000000,,,,
165,2019,1,H,134,2710000,,,,
165,2019,1,H,138,1724000,,,,
165,2019,1,H,135,1917000,,,,
165,2019,1,H,136,1729000,,,,
165,2019,1,H,137,1883000,,,,
165,2019,1,H,139,728000,,,,
165,2019,1,H,140,385000,,,,
165,2019,1,H,141,2710000,,,,
165,2019,1,H,145,1724000,,,,
165,2019,1,H,142,1917000,,,,
165,2019,1,H,143,1729000,,,,
165,2019,1,H,144,1883000,,,,
165,2019,1,H,146,600000,,,,
165,2019,1,H,147,385000,,,,
165,2019,1,H,148,2040000,,,,
165,2019,1,H,149,350000,,,,
165,2019,1,H,150,2176000,,,,
165,2019,1,H,151,394000,,,,
165,2019,1,H,152,16110000,,,,
165,2019,1,H,153,14766000,,,,
165,2019,1,H,154,13905000,,,,
165,2019,1,H,155,2740000,,,,
165,2019,1,H,156,1233000,,,,
165,2019,1,H,157,9000000,,,,
165,2019,1,H,158,3832000,,,,
165,2019,1,H,159,675000,,,,
165,2019,1,H,160,1470000,,,,
165,2019,1,H,161,444000,,,,
165,2019,1,H,162,927000,,,,
165,2019,1,H,163,805000,,,,
165,2019,1,H,164,823000,,,,
165,2019,1,H,165,2452000,,,,
165,2019,1,H,166,972000,,,,
165,2019,1,H,167,690000,,,,
165,2019,1,H,171,1685000,,,,
165,2019,1,H,168,1865000,,,,
165,2019,1,H,169,1690000,,,,
165,2019,1,H,170,1857000,,,,
165,2019,1,H,172,672000,,,,
165,2019,1,H,173,385000,,,,
165,2019,1,H,174,1635000,,,,
165,2019,1,H,175,15520000,,,,
165,2019,1,H,176,5747000,,,,
165,2019,1,H,177,4184000,,,,
165,2019,1,H,178,1611000,,,,
165,2019,1,H,179,4500000,,,,
165,2019,1,H,180,3515000,,,,
165,2020,1,H,1,1865000,,,,
165,2020,1,H,2,1690000,,,,
165,2020,1,H,3,1855000,,,,
165,2020,1,H,4,1682000,,,,
165,2020,1,H,5,656000,,,,
165,2020,1,H,6,385000,,,,
165,2020,1,H,10,1907000,,,,
165,2020,1,H,7,1865000,,,,
165,2020,1,H,9,1690000,,,,
165,2020,1,H,8,1734000,,,,
165,2020,1,H,11,576000,,,,
165,2020,1,H,15,1734000,,,,
165,2020,1,H,12,1865000,,,,
165,2020,1,H,13,1687000,,,,
165,2020,1,H,14,1907000,,,,
165,2020,1,H,16,464000,,,,
165,2020,1,H,20,1906000,,,,
165,2020,1,H,17,1865000,,,,
165,2020,1,H,18,1744000,,,,
165,2020,1,H,19,1734000,,,,
165,2020,1,H,21,520000,,,,
165,2020,1,H,25,1734000,,,,
165,2020,1,H,22,1865000,,,,
165,2020,1,H,23,1744000,,,,
165,2020,1,H,24,1907000,,,,
165,2020,1,H,26,576000,,,,
165,2020,1,H,27,15356000,,,,
165,2020,1,H,28,10321000,,,,
165,2020,1,H,29,10280000,,,,
165,2020,1,H,30,11120000,,,,
165,2020,1,H,31,10760000,,,,
165,2020,1,H,32,16814000,,,,
165,2020,1,H,33,3528000,,,,
165,2020,1,H,34,1250000,,,,
165,2020,1,H,35,18750000,,,,
165,2020,1,H,36,9000000,,,,
165,2020,1,H,37,6016000,,,,
165,2020,1,H,38,1734000,,,,
165,2020,1,H,41,1906000,,,,
165,2020,1,H,39,1865000,,,,
165,2020,1,H,40,1744000,,,,
165,2020,1,H,42,688000,,,,
165,2020,1,H,43,1990000,,,,
165,2020,1,H,44,928000,,,,
165,2020,1,H,45,2220000,,,,
165,2020,1,H,46,2591000,,,,
165,2020,1,H,47,2968000,,,,
165,2020,1,H,48,2532000,,,,
165,2020,1,H,52,1734000,,,,
165,2020,1,H,49,1865000,,,,
165,2020,1,H,50,1744000,,,,
165,2020,1,H,51,1906000,,,,
165,2020,1,H,53,696000,,,,
165,2020,1,H,54,1865000,,,,
165,2020,1,H,55,1744000,,,,
165,2020,1,H,56,1906000,,,,
165,2020,1,H,57,1734000,,,,
165,2020,1,H,58,544000,,,,
165,2020,1,H,59,9810000,,,,
165,2020,1,H,60,10375000,,,,
165,2020,1,H,61,10157000,,,,
165,2020,1,H,62,17608000,,,,
165,2020,1,H,63,9616000,,,,
165,2020,1,H,64,3592000,,,,
165,2020,1,H,65,5850000,,,,
165,2020,1,H,66,9000000,,,,
165,2020,1,H,67,9727000,,,,
165,2020,1,H,68,4250000,,,,
165,2020,1,H,69,8180000,,,,
165,2020,1,H,71,1923000,,,,
165,2020,1,H,70,600000,,,,
165,2020,1,H,72,691000,,,,
165,2020,1,H,73,1841000,,,,
165,2020,1,H,74,2857000,,,,
165,2020,1,H,75,2025000,,,,
165,2020,1,H,76,2509000,,,,
165,2020,1,H,77,2338000,,,,
165,2020,1,H,79,1741000,,,,
165,2020,1,H,78,610000,,,,
165,2020,1,H,80,1266000,,,,
165,2020,1,H,81,899000,,,,
165,2020,1,H,83,1351000,,,,
165,2020,1,H,82,385000,,,,
165,2020,1,H,87,1734000,,,,
165,2020,1,H,84,1865000,,,,
165,2020,1,H,85,1744000,,,,
165,2020,1,H,86,1906000,,,,
165,2020,1,H,88,704000,,,,
165,2020,1,H,89,10653000,,,,
165,2020,1,H,90,3480000,,,,
165,2020,1,H,91,4016000,,,,
165,2020,1,H,92,600000,,,,
165,2020,1,H,93,6500000,,,,
165,2020,1,H,94,7302000,,,,
165,2020,1,H,98,1734000,,,,
165,2020,1,H,95,1865000,,,,
165,2020,1,H,96,1744000,,,,
165,2020,1,H,97,1906000,,,,
165,2020,1,H,99,672000,,,,
165,2020,1,H,100,1767000,,,,
165,2020,1,H,104,1734000,,,,
165,2020,1,H,101,1860000,,,,
165,2020,1,H,102,1744000,,,,
165,2020,1,H,103,1906000,,,,
165,2020,1,H,105,640000,,,,
165,2020,1,H,106,1964000,,,,
165,2020,1,H,107,11103000,,,,
165,2020,1,H,108,10300000,,,,
165,2020,1,H,109,7950000,,,,
165,2020,1,H,110,10769000,,,,
165,2020,1,H,111,13000000,,,,
165,2020,1,H,112,675000,,,,
165,2020,1,H,113,629000,,,,
165,2020,1,H,114,2144000,,,,
165,2020,1,H,115,240000,,,,
165,2020,1,H,116,2640000,,,,
165,2020,1,H,117,2580000,,,,
165,2020,1,H,118,1683000,,,,
165,2020,1,H,122,1734000,,,,
165,2020,1,H,119,1926000,,,,
165,2020,1,H,120,1744000,,,,
165,2020,1,H,121,1906000,,,,
165,2020,1,H,123,704000,,,,
165,2020,1,H,125,1742000,,,,
165,2020,1,H,124,540000,,,,
165,2020,1,H,126,3000000,,,,
165,2020,1,H,127,2700000,,,,
165,2020,1,H,128,3000000,,,,
165,2020,1,H,129,3000000,,,,
165,2020,1,H,130,2850000,,,,
165,2020,1,H,131,2700000,,,,
165,2020,1,H,132,2850000,,,,
165,2020,1,H,133,16433000,,,,
165,2021,1,H,93,7868000,,,,
165,2021,1,H,92,2135000,,,,
165,2021,1,H,97,1734000,,,,
165,2021,1,H,94,1926000,,,,
165,2021,1,H,95,1744000,,,,
165,2021,1,H,96,1906000,,,,
165,2021,1,H,98,704000,,,,
165,2021,1,H,99,548000,,,,
165,2021,1,H,100,37432000,,,,
165,2021,1,H,101,12375000,,,,
165,2021,1,H,102,14939000,,,,
165,2021,1,H,103,14000000,,,,
165,2021,1,H,107,945000,,,,
165,2021,1,H,104,1055000,,,,
165,2021,1,H,105,950000,,,,
165,2021,1,H,106,945000,,,,
165,2021,1,H,108,12320000,,,,
165,2021,1,H,109,11250000,,,,
165,2021,1,H,110,11562000,,,,
165,2021,1,H,111,11560000,,,,
165,2021,1,H,112,10960000,,,,
165,2021,1,H,116,945000,,,,
165,2021,1,H,113,1055000,,,,
165,2021,1,H,114,950000,,,,
165,2021,1,H,115,945000,,,,
165,2021,1,H,120,1734000,,,,
165,2021,1,H,117,1926000,,,,
165,2021,1,H,118,1744000,,,,
165,2021,1,H,119,1906000,,,,
165,2021,1,H,121,1824000,,,,
165,2021,1,H,122,1000000,,,,
165,2021,1,H,124,4481000,,,,
165,2021,1,H,123,3535000,,,,
165,2021,1,H,128,1734000,,,,
165,2021,1,H,125,1926000,,,,
165,2021,1,H,126,1744000,,,,
165,2021,1,H,127,1906000,,,,
165,2021,1,H,129,2016000,,,,
165,2021,1,H,132,500000,,,,
165,2021,1,H,130,700000,,,,
165,2021,1,H,131,700000,,,,
165,2021,1,H,133,11130000,,,,
165,2021,1,H,134,44220000,,,,
165,2021,1,H,135,6995000,,,,
165,2021,1,H,136,44262000,,,,
165,2021,1,H,137,14977000,,,,
165,2021,1,H,138,14000000,,,,
165,2021,1,H,139,9114000,,,,
165,2021,1,H,140,675000,,,,
165,2021,1,H,141,11875000,,,,
165,2021,1,H,142,580000,,,,
165,2021,1,H,143,2190000,,,,
165,2021,1,H,144,9514000,,,,
165,2021,1,H,145,4469000,,,,
165,2021,1,H,146,11420000,,,,
165,2021,1,H,147,2509000,,,,
165,2021,1,H,151,1734000,,,,
165,2021,1,H,148,1926000,,,,
165,2021,1,H,149,1744000,,,,
165,2021,1,H,150,1906000,,,,
165,2021,1,H,152,2016000,,,,
165,2021,1,H,153,500000,,,,
165,2021,1,H,157,1000000,,,,
165,2021,1,H,154,2110000,,,,
165,2021,1,H,155,1900000,,,,
165,2021,1,H,156,1890000,,,,
165,2021,1,H,158,11900000,,,,
165,2021,1,H,159,26880000,,,,
165,2021,1,H,160,10795000,,,,
165,2021,1,H,161,48215000,,,,
165,2021,1,H,162,10782000,,,,
165,2021,1,H,163,14000000,,,,
165,2021,1,H,164,16040000,,,,
165,2021,1,H,165,2000000,,,,
165,2021,1,H,166,5000000,,,,
165,2021,1,H,167,310000,,,,
165,2022,1,H,4,1731000,,,,
165,2022,1,H,1,1926000,,,,
165,2022,1,H,2,1744000,,,,
165,2022,1,H,3,1905000,,,,
165,2022,1,H,5,1920000,,,,
165,2022,1,H,8,500000,,,,
165,2022,1,H,6,700000,,,,
165,2022,1,H,7,700000,,,,
165,2022,1,H,9,8880000,,,,
165,2022,1,H,10,10240000,,,,
165,2022,1,H,14,1783000,,,,
165,2022,1,H,11,1926000,,,,
165,2022,1,H,12,1744000,,,,
165,2022,1,H,13,1957000,,,,
165,2022,1,H,15,1728000,,,,
165,2022,1,H,18,500000,,,,
165,2022,1,H,16,700000,,,,
165,2022,1,H,17,700000,,,,
165,2022,1,H,19,26640000,,,,
165,2022,1,H,20,24550000,,,,
165,2022,1,H,21,9550000,,,,
165,2022,1,H,22,7402000,,,,
165,2022,1,H,23,7000000,,,,
165,2022,1,H,27,1440000,,,,
165,2022,1,H,24,1450000,,,,
165,2022,1,H,25,1434000,,,,
165,2022,1,H,26,1437000,,,,
165,2022,1,H,29,25271000,,,,
165,2022,1,H,33,1350000,,,,
165,2022,1,H,30,1333000,,,,
165,2022,1,H,31,1356000,,,,
165,2022,1,H,32,1378000,,,,
165,2022,1,H,34,2112000,,,,
165,2022,1,H,38,1783000,,,,
165,2022,1,H,35,1926000,,,,
165,2022,1,H,36,1739000,,,,
165,2022,1,H,28,37790000,,,,
165,2022,1,H,37,1957000,,,,
165,2022,1,H,43,1276000,,,,
165,2022,1,H,46,2684000,,,,
165,2022,1,H,44,1286000,,,,
165,2022,1,H,45,1710000,,,,
165,2022,1,H,50,1343000,,,,
165,2022,1,H,47,1339000,,,,
165,2022,1,H,48,1344000,,,,
165,2022,1,H,54,1783000,,,,
165,2022,1,H,51,1926000,,,,
165,2022,1,H,52,1804000,,,,
165,2022,1,H,53,1957000,,,,
165,2022,1,H,49,1357000,,,,
165,2022,1,H,55,1632000,,,,
165,2022,1,H,59,1382000,,,,
165,2022,1,H,56,1375000,,,,
165,2022,1,H,57,1389000,,,,
165,2022,1,H,58,1403000,,,,
165,2022,1,H,60,11080000,,,,
165,2022,1,H,61,10500000,,,,
165,2022,1,H,62,9158000,,,,
165,2022,1,H,63,1926000,,,,
165,2022,1,H,64,1804000,,,,
165,2022,1,H,65,1783000,,,,
165,2022,1,H,66,1957000,,,,
165,2022,1,H,71,1382000,,,,
165,2022,1,H,67,1728000,,,,
165,2022,1,H,68,1375000,,,,
165,2022,1,H,69,1389000,,,,
165,2022,1,H,70,1403000,,,,
165,2022,1,H,72,26980000,,,,
165,2022,1,H,73,49220000,,,,
165,2022,1,H,74,49250000,,,,
165,2022,1,H,75,34415000,,,,
165,2022,1,H,76,40288000,,,,
165,2022,1,H,77,5313000,,,,
165,2022,1,H,78,35646000,,,,
165,2022,1,H,79,21000000,,,,
165,2022,1,H,83,1783000,,,,
165,2022,1,H,80,1926000,,,,
165,2022,1,H,81,1804000,,,,
165,2022,1,H,82,1957000,,,,
165,2022,1,H,84,2112000,,,,
165,2022,1,H,88,1382000,,,,
165,2022,1,H,85,1375000,,,,
165,2022,1,H,86,1389000,,,,
165,2022,1,H,87,1403000,,,,
165,2022,1,H,89,11470000,,,,
165,2022,1,H,90,10135000,,,,
165,2022,1,H,91,24080000,,,,
165,2022,1,H,92,7700000,,,,
165,2022,1,H,93,13182000,,,,
165,2022,1,H,94,7000000,,,,
165,2022,1,H,98,1957000,,,,
165,2022,1,H,95,1926000,,,,
165,2022,1,H,97,1804000,,,,
165,2022,1,H,96,1783000,,,,
165,2022,1,H,99,4864000,,,,
165,2022,1,H,100,1850000,,,,
165,2022,1,H,103,1827000,,,,
165,2022,1,H,101,1919000,,,,
165,2022,1,H,102,1826000,,,,
165,2022,1,H,104,4130000,,,,
165,2022,1,H,105,600000,,,,
165,2022,1,H,106,23550000,,,,
165,2022,1,H,107,18300000,,,,
165,2022,1,H,108,11800000,,,,
165,2022,1,H,109,930000,,,,
165,2022,1,H,110,2200000,,,,
165,2010,1,H,144,421000,,,,
165,2013,1,H,59,3000000,,,,
165,2013,1,H,60,1040000,,,,
165,2013,1,H,61,2167000,,,,
165,2013,1,H,62,624000,,,,
165,2013,1,H,63,1100000,,,,
165,2013,1,H,64,100000,,,,
165,2013,1,H,65,1903000,,,,
165,2013,1,H,66,418000,,,,
165,2013,1,H,67,2699000,,,,
165,2013,1,H,68,2159000,,,,
165,2013,1,H,69,892000,,,,
165,2013,1,H,70,19831000,,,,
165,2013,1,H,71,19830000,,,,
165,2013,1,H,72,774000,,,,
165,2013,1,H,73,1313000,,,,
165,2013,1,H,74,1189000,,,,
165,2013,1,H,75,1709000,,,,
165,2013,1,H,76,1040000,,,,
165,2013,1,H,77,2167000,,,,
165,2013,1,H,78,608000,,,,
165,2013,1,H,79,1100000,,,,
165,2013,1,H,80,100000,,,,
165,2013,1,H,81,2450000,,,,
165,2013,1,H,82,1532000,,,,
165,2013,1,H,83,2350000,,,,
165,2013,1,H,84,2545000,,,,
165,2013,1,H,85,2042000,,,,
165,2013,1,H,86,500000,,,,
165,2013,1,H,87,700000,,,,
165,2013,1,H,88,1458000,,,,
165,2013,1,H,89,631000,,,,
165,2013,1,H,90,2677000,,,,
165,2013,1,H,91,1780000,,,,
165,2013,1,H,92,2608000,,,,
165,2013,1,H,93,1175000,,,,
165,2013,1,H,94,1359000,,,,
165,2013,1,H,95,1560000,,,,
165,2013,1,H,96,951000,,,,
165,2013,1,H,97,1040000,,,,
165,2013,1,H,98,2167000,,,,
165,2013,1,H,99,624000,,,,
165,2013,1,H,100,1100000,,,,
165,2013,1,H,101,100000,,,,
165,2013,1,H,102,1657000,,,,
165,2013,1,H,103,78000,,,,
165,2013,1,H,104,113000,,,,
165,2013,1,H,105,1784000,,,,
165,2013,1,H,106,11952000,,,,
165,2013,1,H,107,12885000,,,,
165,2013,1,H,108,17389000,,,,
165,2011,1,H,108,300000,,,,
165,2012,1,H,91,300000,,,,
165,2012,1,H,92,2359000,,,,
165,2012,1,H,93,2466000,,,,
165,2012,1,H,94,1440000,,,,
165,2012,1,H,95,2283000,,,,
165,2012,1,H,96,590000,,,,
165,2012,1,H,97,2433000,,,,
165,2012,1,H,98,15999000,,,,
165,2012,1,H,99,16800000,,,,
165,2012,1,H,100,609000,,,,
165,2012,1,H,101,563000,,,,
165,2012,1,H,102,3800000,,,,
165,2012,1,H,103,2528000,,,,
165,2012,1,H,104,616000,,,,
165,2012,1,H,105,300000,,,,
165,2012,1,H,106,2356000,,,,
165,2012,1,H,107,18707000,,,,
165,2012,1,H,108,14931000,,,,
165,2012,1,H,109,8921000,,,,
165,2012,1,H,110,5868000,,,,
165,2012,1,H,111,1170000,,,,
165,2012,1,H,112,2171000,,,,
165,2012,1,H,113,550000,,,,
165,2012,1,H,115,1013000,,,,
165,2012,1,H,116,2167000,,,,
165,2012,1,H,117,616000,,,,
165,2012,1,H,118,300000,,,,
165,2012,1,H,119,2542000,,,,
165,2012,1,H,120,17396000,,,,
165,2012,1,H,121,11966000,,,,
165,2012,1,H,122,10694000,,,,
165,2012,1,H,123,6345000,,,,
165,2012,1,H,124,4000000,,,,
165,2012,1,H,125,110000,,,,
165,2012,1,H,126,1793000,,,,
165,2012,1,H,127,150000,,,,
165,2012,1,H,128,2145000,,,,
165,2012,1,H,129,1721000,,,,
165,2012,1,H,130,550000,,,,
165,2012,1,H,131,700000,,,,
165,2012,1,H,132,54000,,,,
165,2012,1,H,133,1509000,,,,
165,2012,1,H,134,1837000,,,,
165,2012,1,H,135,1837000,,,,
165,2012,1,H,136,1750000,,,,
165,2012,1,H,137,1837000,,,,
165,2012,1,H,138,502000,,,,
165,2012,1,H,139,140000,,,,
165,2012,1,H,140,2723000,,,,
165,2012,1,H,141,2370000,,,,
165,2012,1,H,142,1117000,,,,
165,2012,1,H,143,130000,,,,
165,2012,1,H,144,2389000,,,,
165,2012,1,H,145,628000,,,,
165,2012,1,H,146,859000,,,,
165,2012,1,H,147,1186000,,,,
165,2012,1,H,148,1435000,,,,
165,2012,1,H,149,1012000,,,,
165,2012,1,H,150,2167000,,,,
165,2012,1,H,151,616000,,,,
165,2012,1,H,152,300000,,,,
165,2012,1,H,153,2750000,,,,
165,2012,1,H,154,1722000,,,,
165,2012,1,H,155,1450000,,,,
165,2012,1,H,156,255000,,,,
165,2012,1,H,157,1000,,,,
165,2013,1,H,1,2997000,,,,
165,2013,1,H,2,600000,,,,
165,2013,1,H,3,3843000,,,,
165,2013,1,H,4,1316000,,,,
165,2013,1,H,5,838000,,,,
165,2013,1,H,6,21000,,,,
165,2013,1,H,7,84000,,,,
165,2013,1,H,8,33000,,,,
165,2013,1,H,9,1013000,,,,
165,2013,1,H,10,2167000,,,,
165,2013,1,H,11,552000,,,,
165,2013,1,H,12,1040000,,,,
165,2013,1,H,13,2167000,,,,
165,2013,1,H,15,608000,,,,
165,2013,1,H,16,1040000,,,,
165,2013,1,H,17,2167000,,,,
165,2013,1,H,18,616000,,,,
165,2013,1,H,19,300000,,,,
165,2013,1,H,20,1500000,,,,
165,2013,1,H,21,7200000,,,,
165,2013,1,H,22,3406000,,,,
165,2013,1,H,23,4630000,,,,
165,2013,1,H,24,11660000,,,,
165,2013,1,H,25,920000,,,,
165,2013,1,H,26,3000000,,,,
165,2013,1,H,27,2909000,,,,
165,2013,1,H,28,1870000,,,,
165,2013,1,H,29,1900000,,,,
165,2013,1,H,30,1040000,,,,
165,2013,1,H,31,2167000,,,,
165,2013,1,H,32,608000,,,,
165,2013,1,H,33,1100000,,,,
165,2013,1,H,34,864000,,,,
165,2013,1,H,35,18524000,,,,
165,2013,1,H,36,17706000,,,,
165,2013,1,H,37,3434000,,,,
165,2013,1,H,38,5700000,,,,
165,2013,1,H,39,26250000,,,,
165,2013,1,H,40,1000000,,,,
165,2013,1,H,41,1560000,,,,
165,2013,1,H,42,1500000,,,,
165,2012,1,H,114,3000000,,,,
165,2013,1,H,109,18168000,,,,
165,2013,1,H,110,857000,,,,
165,2013,1,H,111,1040000,,,,
165,2013,1,H,112,2167000,,,,
165,2013,1,H,113,616000,,,,
165,2013,1,H,114,1100000,,,,
165,2013,1,H,115,100000,,,,
165,2013,1,H,116,1040000,,,,
165,2013,1,H,117,2167000,,,,
165,2013,1,H,118,608000,,,,
165,2013,1,H,119,1100000,,,,
165,2013,1,H,120,100000,,,,
165,2013,1,H,121,1701000,,,,
165,2013,1,H,122,1449000,,,,
165,2013,1,H,123,2395000,,,,
165,2013,1,H,124,1812000,,,,
165,2013,1,H,125,16314000,,,,
165,2013,1,H,126,13577000,,,,
165,2013,1,H,127,17675000,,,,
165,2013,1,H,128,2262000,,,,
165,2013,1,H,129,1500000,,,,
165,2013,1,H,130,2200000,,,,
165,2013,1,H,131,1386000,,,,
165,2013,1,H,132,900000,,,,
165,2013,1,H,133,875000,,,,
165,2013,1,H,134,2011000,,,,
165,2013,1,H,135,1059000,,,,
165,2013,1,H,136,2400000,,,,
165,2013,1,H,137,2900000,,,,
165,2013,1,H,138,42000,,,,
165,2013,1,H,139,47000,,,,
165,2013,1,H,140,50000,,,,
165,2013,1,H,141,1040000,,,,
165,2013,1,H,142,2167000,,,,
165,2013,1,H,143,616000,,,,
165,2013,1,H,144,1100000,,,,
165,2013,1,H,145,100000,,,,
165,2013,1,H,146,1157000,,,,
165,2013,1,H,147,50000,,,,
165,2013,1,H,148,1512000,,,,
165,2013,1,H,149,556000,,,,
165,2013,1,H,150,892000,,,,
165,2013,1,H,151,17069000,,,,
165,2013,1,H,152,2894000,,,,
165,2013,1,H,153,2850000,,,,
165,2014,1,H,1,1040000,,,,
165,2014,1,H,2,2221000,,,,
165,2014,1,H,3,616000,,,,
165,2014,1,H,4,1100000,,,,
165,2014,1,H,5,100000,,,,
165,2014,1,H,6,1040000,,,,
165,2014,1,H,7,2221000,,,,
165,2014,1,H,8,608000,,,,
165,2014,1,H,9,1100000,,,,
165,2014,1,H,10,100000,,,,
165,2014,1,H,11,1784000,,,,
165,2014,1,H,12,19300000,,,,
165,2014,1,H,13,16800000,,,,
165,2014,1,H,14,4040000,,,,
165,2014,1,H,15,2369000,,,,
165,2014,1,H,16,7200000,,,,
165,2014,1,H,17,4654000,,,,
165,2014,1,H,18,1040000,,,,
165,2014,1,H,19,2221000,,,,
165,2014,1,H,20,624000,,,,
165,2014,1,H,21,1100000,,,,
165,2014,1,H,22,100000,,,,
165,2014,1,H,23,2998000,,,,
165,2014,1,H,24,920000,,,,
165,2014,1,H,25,17951000,,,,
165,2014,1,H,26,8168000,,,,
165,2014,1,H,27,2850000,,,,
165,2014,1,H,28,130000,,,,
165,2014,1,H,29,5699000,,,,
165,2014,1,H,30,1040000,,,,
165,2014,1,H,31,2221000,,,,
165,2014,1,H,32,600000,,,,
165,2014,1,H,33,1100000,,,,
165,2014,1,H,34,100000,,,,
165,2014,1,H,35,864000,,,,
165,2014,1,H,36,19025000,,,,
165,2014,1,H,37,745000,,,,
165,2014,1,H,38,15035000,,,,
165,2014,1,H,39,1505000,,,,
165,2014,1,H,40,1040000,,,,
165,2014,1,H,41,2221000,,,,
165,2014,1,H,42,624000,,,,
165,2014,1,H,43,1100000,,,,
165,2014,1,H,44,100000,,,,
165,2014,1,H,45,1820000,,,,
165,2014,1,H,46,920000,,,,
165,2014,1,H,47,19464000,,,,
165,2014,1,H,48,5556000,,,,
165,2014,1,H,49,2510000,,,,
165,2014,1,H,50,9707000,,,,
165,2014,1,H,51,6307000,,,,
165,2014,1,H,52,1040000,,,,
165,2014,1,H,54,2221000,,,,
165,2014,1,H,55,616000,,,,
165,2014,1,H,56,1100000,,,,
165,2014,1,H,57,100000,,,,
165,2014,1,H,58,1870000,,,,
165,2014,1,H,59,1815000,,,,
165,2014,1,H,61,2061000,,,,
165,2014,1,H,62,1730000,,,,
165,2014,1,H,63,864000,,,,
165,2014,1,H,64,12024000,,,,
165,2014,1,H,65,12926000,,,,
165,2014,1,H,66,5926000,,,,
165,2014,1,H,67,1607000,,,,
165,2014,1,H,68,1000000,,,,
165,2014,1,H,69,1040000,,,,
165,2014,1,H,70,2221000,,,,
165,2014,1,H,71,616000,,,,
165,2014,1,H,72,1100000,,,,
165,2014,1,H,73,100000,,,,
165,2014,1,H,74,1575000,,,,
165,2014,1,H,75,892000,,,,
165,2014,1,H,76,11773000,,,,
165,2014,1,H,77,12332000,,,,
165,2014,1,H,78,2636000,,,,
165,2014,1,H,79,390000,,,,
165,2014,1,H,80,1907000,,,,
165,2014,1,H,81,1660000,,,,
165,2010,1,H,145,1000000,,,,
165,2009,1,H,93,2747000,,,,
165,2009,1,H,94,18037000,,,,
165,2009,1,H,95,19036000,,,,
165,2009,1,H,96,12522000,,,,
165,2009,1,H,97,9815000,,,,
165,2009,1,H,98,739000,,,,
165,2009,1,H,99,187000,,,,
165,2009,1,H,100,2359000,,,,
165,2009,1,H,101,640000,,,,
165,2009,1,H,102,300000,,,,
165,2009,1,H,103,750000,,,,
165,2009,1,H,104,2732000,,,,
165,2009,1,H,105,19695000,,,,
165,2009,1,H,106,6570000,,,,
165,2009,1,H,107,17777000,,,,
165,2009,1,H,108,19080000,,,,
165,2009,1,H,109,10434000,,,,
165,2009,1,H,110,1387000,,,,
165,2009,1,H,111,204000,,,,
165,2009,1,H,112,803000,,,,
165,2009,1,H,113,633000,,,,
165,2009,1,H,114,2359000,,,,
165,2009,1,H,115,616000,,,,
165,2009,1,H,116,300000,,,,
165,2009,1,H,117,750000,,,,
165,2009,1,H,118,814000,,,,
165,2009,1,H,119,146000,,,,
165,2009,1,H,120,1500000,,,,
165,2009,1,H,121,2732000,,,,
165,2009,1,H,122,17125000,,,,
165,2009,1,H,123,16590000,,,,
165,2009,1,H,124,18000000,,,,
165,2009,1,H,125,4385000,,,,
165,2009,1,H,126,447000,,,,
165,2009,1,H,127,279000,,,,
165,2009,1,H,128,535000,,,,
165,2009,1,H,129,415000,,,,
165,2009,1,H,130,632000,,,,
165,2009,1,H,131,2359000,,,,
165,2009,1,H,132,656000,,,,
165,2009,1,H,133,300000,,,,
165,2009,1,H,134,750000,,,,
165,2009,1,H,140,758000,,,,
165,2009,1,H,141,376000,,,,
165,2009,1,H,142,210000,,,,
165,2009,1,H,143,2359000,,,,
165,2009,1,H,144,600000,,,,
165,2009,1,H,145,300000,,,,
165,2009,1,H,146,750000,,,,
165,2009,1,H,147,459000,,,,
165,2009,1,H,148,1158000,,,,
165,2009,1,H,149,269000,,,,
165,2009,1,H,150,200000,,,,
165,2009,1,H,151,650000,,,,
165,2009,1,H,152,20000,,,,
165,2009,1,H,153,2708000,,,,
165,2009,1,H,154,10658000,,,,
165,2009,1,H,155,3445000,,,,
165,2009,1,H,156,1455000,,,,
165,2009,1,H,157,5859000,,,,
165,2009,1,H,158,787000,,,,
165,2009,1,H,159,336000,,,,
165,2009,1,H,160,396000,,,,
165,2009,1,H,161,200000,,,,
165,2009,1,H,162,1553000,,,,
165,2009,1,H,89,441000,,,,
165,2009,1,H,90,750000,,,,
165,2009,1,H,91,41000,,,,
165,2009,1,H,92,340000,,,,
165,2007,1,H,163,1300000,,,,
165,2007,1,H,164,257000,,,,
165,2007,1,H,165,363000,,,,
165,2007,1,H,166,145000,,,,
165,2007,1,H,167,1702000,,,,
165,2007,1,H,168,615000,,,,
165,2007,1,H,169,750000,,,,
165,2007,1,H,170,451000,,,,
165,2007,1,H,171,99000,,,,
165,2007,1,H,172,1658000,,,,
165,2009,1,H,68,160000,,,,
165,2009,1,H,69,509000,,,,
165,2009,1,H,70,950000,,,,
165,2009,1,H,71,163000,,,,
165,2009,1,H,72,60000,,,,
165,2009,1,H,73,297000,,,,
165,2009,1,H,74,100000,,,,
165,2009,1,H,75,300000,,,,
165,2009,1,H,76,2732000,,,,
165,2009,1,H,77,6400000,,,,
165,2009,1,H,78,1023000,,,,
165,2009,1,H,79,699000,,,,
165,2009,1,H,80,753000,,,,
165,2009,1,H,81,177000,,,,
165,2009,1,H,82,185000,,,,
165,2009,1,H,83,200000,,,,
165,2009,1,H,84,1491000,,,,
165,2009,1,H,85,150000,,,,
165,2009,1,H,86,2359000,,,,
165,2009,1,H,87,624000,,,,
165,2009,1,H,88,300000,,,,
165,2009,1,H,55,182000,,,,
165,2009,1,H,56,270000,,,,
165,2009,1,H,57,60000,,,,
165,2009,1,H,58,300000,,,,
165,2009,1,H,59,2359000,,,,
165,2009,1,H,60,568000,,,,
165,2009,1,H,61,2774000,,,,
165,2009,1,H,62,7962000,,,,
165,2009,1,H,63,741000,,,,
165,2009,1,H,64,750000,,,,
165,2009,1,H,65,2359000,,,,
165,2009,1,H,66,600000,,,,
165,2009,1,H,67,300000,,,,
165,2009,1,H,135,2756000,,,,
165,2009,1,H,136,16524000,,,,
165,2009,1,H,137,9879000,,,,
165,2009,1,H,138,13297000,,,,
165,2009,1,H,139,1555000,,,,
165,2009,1,H,163,255000,,,,
165,2009,1,H,164,178000,,,,
165,2009,1,H,165,160000,,,,
165,2009,1,H,166,437000,,,,
165,2009,1,H,167,2359000,,,,
165,2009,1,H,168,656000,,,,
165,2009,1,H,169,300000,,,,
165,2009,1,H,170,750000,,,,
165,2009,1,H,174,1694500,,,,
165,2009,1,H,175,500000,,,,
165,2009,1,H,176,878000,,,,
165,2009,1,H,177,200000,,,,
165,2009,1,H,178,2753000,,,,
165,2009,1,H,179,4110000,,,,
165,2009,1,H,180,323000,,,,
165,2009,1,H,181,4630000,,,,
165,2010,1,H,2,2500000,,,,
165,2010,1,H,3,750000,,,,
165,2010,1,H,4,2414000,,,,
165,2010,1,H,5,624000,,,,
165,2010,1,H,6,300000,,,,
165,2010,1,H,7,375000,,,,
165,2010,1,H,8,986000,,,,
165,2010,1,H,9,2065000,,,,
165,2010,1,H,10,600000,,,,
165,2010,1,H,11,860000,,,,
165,2010,1,H,12,1180000,,,,
165,2010,1,H,13,250000,,,,
165,2010,1,H,14,149000,,,,
165,2010,1,H,15,1195000,,,,
165,2010,1,H,16,3000000,,,,
165,2010,1,H,17,2756000,,,,
165,2010,1,H,18,17576000,,,,
165,2010,1,H,19,1526000,,,,
165,2010,1,H,20,4731000,,,,
165,2010,1,H,21,3600000,,,,
165,2010,1,H,22,407000,,,,
165,2010,1,H,23,482000,,,,
165,2010,1,H,24,2414000,,,,
165,2010,1,H,25,592000,,,,
165,2010,1,H,26,300000,,,,
165,2010,1,H,27,644000,,,,
165,2010,1,H,32,376000,,,,
165,2010,1,H,33,900000,,,,
165,2010,1,H,34,100000,,,,
165,2010,1,H,35,2722000,,,,
165,2010,1,H,36,15923000,,,,
165,2010,1,H,37,615000,,,,
165,2010,1,H,38,167000,,,,
165,2010,1,H,39,192000,,,,
165,2010,1,H,40,75000,,,,
165,2010,1,H,41,2746000,,,,
165,2010,1,H,42,3245000,,,,
165,2010,1,H,43,7500000,,,,
165,2010,1,H,44,449000,,,,
165,2010,1,H,45,615000,,,,
165,2010,1,H,46,826000,,,,
165,2010,1,H,28,2414000,,,,
165,2010,1,H,29,672000,,,,
165,2010,1,H,30,300000,,,,
165,2010,1,H,31,615000,,,,
165,2010,1,H,47,107000,,,,
165,2010,1,H,48,419000,,,,
165,2010,1,H,49,419000,,,,
165,2010,1,H,50,2414000,,,,
165,2010,1,H,51,664000,,,,
165,2010,1,H,52,300000,,,,
165,2010,1,H,53,2414000,,,,
165,2010,1,H,54,616000,,,,
165,2010,1,H,55,300000,,,,
165,2010,1,H,56,384000,,,,
165,2010,1,H,57,641000,,,,
165,2010,1,H,58,1227000,,,,
165,2010,1,H,59,5522000,,,,
165,2010,1,H,60,2958000,,,,
165,2010,1,H,61,3600000,,,,
165,2010,1,H,62,2414000,,,,
165,2010,1,H,63,624000,,,,
165,2010,1,H,64,300000,,,,
165,2010,1,H,65,1000000,,,,
165,2010,1,H,66,71000,,,,
165,2010,1,H,67,646000,,,,
165,2010,1,H,68,1900000,,,,
165,2010,1,H,69,1664000,,,,
165,2010,1,H,70,624000,,,,
165,2010,1,H,71,2414000,,,,
165,2010,1,H,72,624000,,,,
165,2010,1,H,73,300000,,,,
165,2010,1,H,74,2657000,,,,
165,2010,1,H,75,3546000,,,,
165,2010,1,H,76,8258000,,,,
165,2010,1,H,77,14922000,,,,
165,2010,1,H,78,1342000,,,,
165,2010,1,H,79,5313000,,,,
165,2010,1,H,80,6666000,,,,
165,2011,1,H,109,2504000,,,,
165,2011,1,H,110,608000,,,,
165,2011,1,H,111,300000,,,,
165,2011,1,H,112,2444000,,,,
165,2011,1,H,113,17346000,,,,
165,2011,1,H,114,3037000,,,,
165,2011,1,H,115,750000,,,,
165,2011,1,H,116,1000000,,,,
165,2011,1,H,117,448000,,,,
165,2011,1,H,118,600000,,,,
165,2011,1,H,119,1428000,,,,
165,2011,1,H,120,1289000,,,,
165,2011,1,H,121,1613000,,,,
165,2011,1,H,122,792000,,,,
165,2011,1,H,123,624000,,,,
165,2011,1,H,124,300000,,,,
165,2011,1,H,125,689000,,,,
165,2011,1,H,126,200000,,,,
165,2011,1,H,127,2378000,,,,
165,2011,1,H,128,6959000,,,,
165,2011,1,H,129,3750000,,,,
165,2012,1,H,1,2528000,,,,
165,2012,1,H,2,608000,,,,
165,2012,1,H,3,300000,,,,
165,2012,1,H,4,2528000,,,,
165,2012,1,H,5,600000,,,,
165,2012,1,H,6,300000,,,,
165,2012,1,H,7,7194000,,,,
165,2012,1,H,8,17518000,,,,
165,2012,1,H,9,12050000,,,,
165,2012,1,H,10,18496000,,,,
165,2012,1,H,11,4702000,,,,
165,2012,1,H,12,7200000,,,,
165,2012,1,H,13,4000000,,,,
165,2012,1,H,14,5787000,,,,
165,2012,1,H,15,4170000,,,,
165,2012,1,H,16,4895000,,,,
165,2012,1,H,17,2528000,,,,
165,2012,1,H,18,632000,,,,
165,2012,1,H,19,300000,,,,
165,2012,1,H,20,1500000,,,,
165,2012,1,H,21,1700000,,,,
165,2012,1,H,22,450000,,,,
165,2012,1,H,23,2528000,,,,
165,2012,1,H,24,584000,,,,
165,2012,1,H,25,300000,,,,
165,2012,1,H,26,834000,,,,
165,2012,1,H,27,660000,,,,
165,2012,1,H,28,1083000,,,,
165,2012,1,H,29,87000,,,,
165,2012,1,H,30,225000,,,,
165,2012,1,H,31,389000,,,,
165,2012,1,H,32,660000,,,,
165,2012,1,H,33,869000,,,,
165,2012,1,H,34,182000,,,,
165,2012,1,H,35,857000,,,,
165,2012,1,H,36,2409000,,,,
165,2012,1,H,37,1731000,,,,
165,2012,1,H,38,9724000,,,,
165,2012,1,H,39,15227000,,,,
165,2012,1,H,40,17822000,,,,
165,2012,1,H,41,2042000,,,,
165,2012,1,H,42,3413000,,,,
165,2012,1,H,43,9014000,,,,
165,2012,1,H,44,3300000,,,,
165,2012,1,H,45,2190000,,,,
165,2012,1,H,46,2746000,,,,
165,2012,1,H,47,2528000,,,,
165,2012,1,H,48,624000,,,,
165,2020,1,H,134,11460000,,,,
165,2020,1,H,135,2304000,,,,
165,2020,1,H,136,6750000,,,,
165,2020,1,H,137,7500000,,,,
165,2020,1,H,138,13200000,,,,
165,2020,1,H,139,3858000,,,,
165,2020,1,H,140,650000,,,,
165,2020,1,H,141,14200000,,,,
165,2021,1,H,1,2850000,,,,
165,2021,1,H,2,3000000,,,,
165,2021,1,H,3,528000,,,,
165,2021,1,H,7,1734000,,,,
165,2021,1,H,4,1926000,,,,
165,2021,1,H,5,1744000,,,,
165,2021,1,H,6,1906000,,,,
165,2021,1,H,8,3000000,,,,
165,2021,1,H,9,1926000,,,,
165,2021,1,H,10,1744000,,,,
165,2021,1,H,11,1906000,,,,
165,2021,1,H,12,1734000,,,,
165,2021,1,H,13,608000,,,,
165,2021,1,H,17,1734000,,,,
165,2021,1,H,14,1926000,,,,
165,2021,1,H,15,1744000,,,,
165,2021,1,H,16,1906000,,,,
165,2021,1,H,18,704000,,,,
165,2021,1,H,22,1734000,,,,
165,2021,1,H,19,1926000,,,,
165,2021,1,H,20,1744000,,,,
165,2021,1,H,21,1906000,,,,
165,2021,1,H,23,608000,,,,
165,2021,1,H,24,1651000,,,,
165,2021,1,H,25,3000000,,,,
165,2021,1,H,26,2381000,,,,
165,2021,1,H,27,2744000,,,,
165,2021,1,H,28,2561000,,,,
165,2021,1,H,29,2357000,,,,
165,2021,1,H,30,12485000,,,,
165,2021,1,H,31,12322000,,,,
165,2021,1,H,32,11715000,,,,
165,2021,1,H,33,11386000,,,,
165,2021,1,H,34,14886000,,,,
165,2021,1,H,35,18981000,,,,
165,2021,1,H,36,3766000,,,,
165,2021,1,H,37,17250000,,,,
165,2021,1,H,38,4500000,,,,
165,2021,1,H,39,6411000,,,,
165,2021,1,H,40,2814000,,,,
165,2021,1,H,44,1734000,,,,
165,2021,1,H,41,1926000,,,,
165,2021,1,H,42,1744000,,,,
165,2021,1,H,43,1906000,,,,
165,2021,1,H,45,544000,,,,
165,2021,1,H,49,1734000,,,,
165,2021,1,H,46,1926000,,,,
165,2021,1,H,47,1744000,,,,
165,2021,1,H,48,1906000,,,,
165,2021,1,H,50,704000,,,,
165,2021,1,H,54,1734000,,,,
165,2021,1,H,51,1926000,,,,
165,2021,1,H,52,1744000,,,,
165,2021,1,H,53,1906000,,,,
165,2021,1,H,55,608000,,,,
165,2021,1,H,58,500000,,,,
165,2021,1,H,56,700000,,,,
165,2021,1,H,57,700000,,,,
165,2021,1,H,59,10429000,,,,
165,2021,1,H,60,15960000,,,,
165,2021,1,H,61,18003000,,,,
165,2021,1,H,62,9568000,,,,
165,2021,1,H,63,11927000,,,,
165,2021,1,H,64,14220000,,,,
165,2021,1,H,65,900000,,,,
165,2021,1,H,66,14000000,,,,
165,2021,1,H,67,7000000,,,,
165,2021,1,H,68,8180000,,,,
165,2021,1,H,69,5020000,,,,
165,2021,1,H,71,980000,,,,
165,2021,1,H,70,1072000,,,,
165,2021,1,H,72,2491000,,,,
165,2021,1,H,76,1734000,,,,
165,2021,1,H,73,1926000,,,,
165,2021,1,H,74,1744000,,,,
165,2021,1,H,75,1906000,,,,
165,2021,1,H,77,576000,,,,
165,2021,1,H,79,700000,,,,
165,2021,1,H,78,700000,,,,
165,2021,1,H,80,500000,,,,
165,2021,1,H,81,11948000,,,,
165,2021,1,H,82,392000,,,,
165,2021,1,H,83,2137000,,,,
165,2021,1,H,84,1620000,,,,
165,2021,1,H,85,920000,,,,
165,2021,1,H,86,1610000,,,,
165,2021,1,H,87,1986000,,,,
165,2021,1,H,88,300000,,,,
165,2021,1,H,89,4426000,,,,
165,2021,1,H,90,3854000,,,,
165,2021,1,H,91,6357000,,,,
165,2012,1,H,49,300000,,,,
165,2012,1,H,50,2528000,,,,
165,2012,1,H,51,624000,,,,
165,2012,1,H,52,300000,,,,
165,2012,1,H,53,2528000,,,,
165,2012,1,H,54,624000,,,,
165,2012,1,H,55,300000,,,,
165,2012,1,H,56,2528000,,,,
165,2012,1,H,57,616000,,,,
165,2012,1,H,58,300000,,,,
165,2012,1,H,59,1900000,,,,
165,2012,1,H,60,1000000,,,,
165,2012,1,H,61,300000,,,,
165,2012,1,H,62,2976000,,,,
165,2012,1,H,63,100000,,,,
165,2012,1,H,64,423000,,,,
165,2012,1,H,65,1500000,,,,
165,2012,1,H,66,1500000,,,,
165,2012,1,H,67,100000,,,,
165,2012,1,H,68,1723000,,,,
165,2012,1,H,69,1100000,,,,
165,2012,1,H,70,825000,,,,
165,2012,1,H,71,1738000,,,,
165,2012,1,H,72,660000,,,,
165,2012,1,H,73,1105000,,,,
165,2012,1,H,74,1551000,,,,
165,2012,1,H,75,100000,,,,
165,2012,1,H,76,650000,,,,
165,2012,1,H,77,1444000,,,,
165,2012,1,H,78,1161000,,,,
165,2012,1,H,79,4859000,,,,
165,2012,1,H,80,16951000,,,,
165,2012,1,H,81,10968000,,,,
165,2012,1,H,82,809000,,,,
165,2012,1,H,83,3089000,,,,
165,2012,1,H,84,788000,,,,
165,2012,1,H,85,800000,,,,
165,2012,1,H,86,1000000,,,,
165,2012,1,H,87,2465000,,,,
165,2012,1,H,88,2430000,,,,
165,2012,1,H,89,2528000,,,,
165,2012,1,H,90,616000,,,,
165,2010,1,H,146,420000,,,,
165,2010,1,H,147,135000,,,,
165,2010,1,H,148,900000,,,,
165,2010,1,H,149,1258000,,,,
165,2010,1,H,150,1350000,,,,
165,2010,1,H,151,700000,,,,
165,2010,1,H,152,2414000,,,,
165,2010,1,H,153,624000,,,,
165,2010,1,H,154,300000,,,,
165,2010,1,H,155,1800000,,,,
165,2010,1,H,156,7962000,,,,
165,2010,1,H,157,3615000,,,,
165,2010,1,H,158,1477000,,,,
165,2010,1,H,159,2768000,,,,
165,2010,1,H,160,3200000,,,,
165,2010,1,H,161,9841000,,,,
165,2010,1,H,162,225000,,,,
165,2010,1,H,163,165000,,,,
165,2010,1,H,164,800000,,,,
165,2010,1,H,165,110000,,,,
165,2010,1,H,166,1491000,,,,
165,2010,1,H,167,802000,,,,
165,2010,1,H,168,1836000,,,,
165,2010,1,H,169,795000,,,,
165,2011,1,H,1,2414000,,,,
165,2011,1,H,2,616000,,,,
165,2011,1,H,3,300000,,,,
165,2011,1,H,4,635000,,,,
165,2011,1,H,5,2420000,,,,
165,2011,1,H,6,15353000,,,,
165,2011,1,H,7,13623000,,,,
165,2011,1,H,8,15733000,,,,
165,2011,1,H,9,8000000,,,,
165,2011,1,H,11,500000,,,,
165,2011,1,H,12,2684000,,,,
165,2011,1,H,13,7200000,,,,
165,2011,1,H,14,2414000,,,,
165,2011,1,H,15,608000,,,,
165,2011,1,H,16,300000,,,,
165,2011,1,H,17,1653000,,,,
165,2011,1,H,18,1853000,,,,
165,2011,1,H,19,2420000,,,,
165,2011,1,H,20,12225000,,,,
165,2011,1,H,21,10265000,,,,
165,2011,1,H,22,8670000,,,,
165,2011,1,H,23,2438000,,,,
165,2011,1,H,24,624000,,,,
165,2011,1,H,25,300000,,,,
165,2011,1,H,26,2438000,,,,
165,2011,1,H,27,608000,,,,
165,2011,1,H,28,300000,,,,
165,2011,1,H,29,1727000,,,,
165,2011,1,H,30,600000,,,,
165,2011,1,H,31,2420000,,,,
165,2011,1,H,32,11970000,,,,
165,2011,1,H,33,12036000,,,,
165,2011,1,H,34,2529000,,,,
165,2011,1,H,35,2311000,,,,
165,2011,1,H,36,2956000,,,,
165,2011,1,H,37,2438000,,,,
165,2011,1,H,38,624000,,,,
165,2011,1,H,39,300000,,,,
165,2011,1,H,40,2420000,,,,
165,2011,1,H,41,10753000,,,,
165,2015,1,H,1,1040000,,,,
165,2015,1,H,2,2221000,,,,
165,2015,1,H,3,616000,,,,
165,2015,1,H,4,1100000,,,,
165,2015,1,H,5,100000,,,,
165,2015,1,H,6,870000,,,,
165,2015,1,H,7,13404000,,,,
165,2015,1,H,8,14053000,,,,
165,2015,1,H,9,14534000,,,,
165,2015,1,H,10,5347000,,,,
165,2015,1,H,11,1640000,,,,
165,2015,1,H,12,3600000,,,,
165,2015,1,H,13,1040000,,,,
165,2015,1,H,14,2221000,,,,
165,2015,1,H,15,600000,,,,
165,2015,1,H,16,1100000,,,,
165,2015,1,H,17,100000,,,,
165,2015,1,H,18,2420000,,,,
165,2015,1,H,19,2548000,,,,
165,2015,1,H,20,1500000,,,,
165,2015,1,H,21,870000,,,,
165,2015,1,H,22,18077000,,,,
165,2015,1,H,23,15164000,,,,
165,2015,1,H,24,1731000,,,,
165,2015,1,H,25,1067000,,,,
165,2015,1,H,26,2221000,,,,
165,2015,1,H,27,616000,,,,
165,2015,1,H,28,1100000,,,,
165,2015,1,H,29,100000,,,,
165,2015,1,H,30,900000,,,,
165,2015,1,H,31,17942000,,,,
165,2015,1,H,32,9446000,,,,
165,2015,1,H,33,19852000,,,,
165,2015,1,H,34,770000,,,,
165,2015,1,H,35,6162000,,,,
165,2015,1,H,36,1067000,,,,
165,2015,1,H,37,2221000,,,,
165,2015,1,H,38,592000,,,,
165,2015,1,H,39,1100000,,,,
165,2015,1,H,40,400000,,,,
165,2015,1,H,41,1800000,,,,
165,2015,1,H,42,2801000,,,,
165,2015,1,H,43,1067000,,,,
165,2015,1,H,44,2221000,,,,
165,2015,1,H,45,616000,,,,
165,2015,1,H,46,1100000,,,,
165,2015,1,H,47,100000,,,,
165,2015,1,H,48,900000,,,,
165,2015,1,H,49,9975000,,,,
165,2015,1,H,50,11185000,,,,
165,2015,1,H,51,10862000,,,,
165,2015,1,H,52,13459000,,,,
165,2015,1,H,53,6253000,,,,
165,2015,1,H,54,5308000,,,,
165,2015,1,H,55,8446000,,,,
165,2015,1,H,56,2272000,,,,
165,2015,1,H,58,1067000,,,,
165,2015,1,H,59,2221000,,,,
165,2015,1,H,60,624000,,,,
165,2015,1,H,61,1100000,,,,
165,2015,1,H,62,100000,,,,
165,2015,1,H,63,1385000,,,,
165,2015,1,H,64,1570000,,,,
165,2015,1,H,65,1839000,,,,
165,2015,1,H,66,1860000,,,,
165,2013,1,H,43,1040000,,,,
165,2013,1,H,44,2167000,,,,
165,2013,1,H,45,616000,,,,
165,2013,1,H,46,1100000,,,,
165,2013,1,H,47,1500000,,,,
165,2013,1,H,48,9800000,,,,
165,2013,1,H,49,1548000,,,,
165,2013,1,H,50,920000,,,,
165,2013,1,H,51,19629000,,,,
165,2013,1,H,52,19385000,,,,
165,2013,1,H,53,2831000,,,,
165,2013,1,H,54,1941000,,,,
165,2013,1,H,55,626000,,,,
165,2013,1,H,56,840000,,,,
165,2013,1,H,57,1501000,,,,
165,2013,1,H,58,1088000,,,,
165,2014,1,H,82,283000,,,,
165,2014,1,H,83,1040000,,,,
165,2014,1,H,84,2221000,,,,
165,2014,1,H,85,616000,,,,
165,2014,1,H,86,1100000,,,,
165,2014,1,H,87,100000,,,,
165,2014,1,H,88,1585000,,,,
165,2014,1,H,89,2626000,,,,
165,2014,1,H,90,1530000,,,,
165,2014,1,H,91,1500000,,,,
165,2014,1,H,92,150000,,,,
165,2014,1,H,93,497000,,,,
165,2014,1,H,94,60000,,,,
165,2014,1,H,95,2123000,,,,
165,2014,1,H,96,2270000,,,,
165,2014,1,H,97,152000,,,,
165,2014,1,H,98,2190000,,,,
165,2014,1,H,99,3000000,,,,
165,2014,1,H,100,2586000,,,,
165,2014,1,H,101,1600000,,,,
165,2014,1,H,102,2700000,,,,
165,2014,1,H,103,920000,,,,
165,2014,1,H,104,18909000,,,,
165,2014,1,H,105,13748000,,,,
165,2014,1,H,106,806000,,,,
165,2014,1,H,107,786000,,,,
165,2014,1,H,108,1040000,,,,
165,2014,1,H,109,2221000,,,,
165,2014,1,H,60,2620000,,,,
165,2014,1,H,110,624000,,,,
165,2014,1,H,111,1100000,,,,
165,2014,1,H,112,100000,,,,
165,2014,1,H,113,1020000,,,,
165,2014,1,H,114,1007000,,,,
165,2014,1,H,115,1990000,,,,
165,2014,1,H,116,900000,,,,
165,2014,1,H,117,12819000,,,,
165,2014,1,H,118,17741000,,,,
165,2014,1,H,119,3581000,,,,
165,2014,1,H,120,1040000,,,,
165,2014,1,H,121,2221000,,,,
165,2014,1,H,122,624000,,,,
165,2014,1,H,123,1100000,,,,
165,2014,1,H,124,100000,,,,
165,2014,1,H,125,2103000,,,,
165,2014,1,H,126,2909000,,,,
165,2014,1,H,127,1000000,,,,
165,2014,1,H,128,870000,,,,
165,2014,1,H,129,14053000,,,,
165,2014,1,H,130,13100000,,,,
165,2014,1,H,131,16115000,,,,
165,2014,1,H,132,5999000,,,,
165,2014,1,H,133,350000,,,,
165,2014,1,H,134,15450000,,,,
165,2014,1,H,135,17003000,,,,
165,2014,1,H,136,1040000,,,,
165,2014,1,H,137,2221000,,,,
165,2014,1,H,138,608000,,,,
165,2014,1,H,139,1100000,,,,
165,2014,1,H,140,100000,,,,
165,2014,1,H,141,1665000,,,,
165,2014,1,H,142,132000,,,,
165,2014,1,H,143,450000,,,,
165,2014,1,H,144,800000,,,,
165,2014,1,H,145,944000,,,,
165,2014,1,H,146,900000,,,,
165,2014,1,H,147,19041000,,,,
165,2014,1,H,148,19130000,,,,
165,2014,1,H,149,1639000,,,,
165,2014,1,H,150,1500000,,,,
165,2014,1,H,151,2000000,,,,
165,2014,1,H,152,2185000,,,,
165,2014,1,H,153,835000,,,,
165,2014,1,H,154,2760000,,,,
165,2014,1,H,155,1040000,,,,
165,2014,1,H,156,2221000,,,,
165,2014,1,H,157,624000,,,,
165,2014,1,H,158,1100000,,,,
165,2014,1,H,159,100000,,,,
165,2014,1,H,160,2048000,,,,
165,2014,1,H,161,1683000,,,,
165,2014,1,H,162,390000,,,,
165,2014,1,H,163,2010000,,,,
165,2014,1,H,164,1350000,,,,
165,2014,1,H,165,1950000,,,,
165,2014,1,H,166,2279000,,,,
165,2014,1,H,167,2210000,,,,
165,2014,1,H,168,900000,,,,
165,2014,1,H,169,10085000,,,,
165,2014,1,H,170,3879000,,,,
165,2014,1,H,171,6017000,,,,
165,2014,1,H,172,14632000,,,,
165,2014,1,H,173,7000000,,,,
165,2015,1,H,67,19479000,,,,
165,2015,1,H,68,11694000,,,,
165,2015,1,H,69,10035000,,,,
165,2015,1,H,70,18890000,,,,
165,2015,1,H,71,8453000,,,,
165,2015,1,H,72,19415000,,,,
165,2015,1,H,73,19500000,,,,
165,2015,1,H,74,9969000,,,,
165,2015,1,H,75,16304000,,,,
165,2015,1,H,76,4110000,,,,
165,2015,1,H,77,2574000,,,,
165,2015,1,H,78,1067000,,,,
165,2015,1,H,79,2221000,,,,
165,2015,1,H,80,616000,,,,
165,2015,1,H,81,1100000,,,,
165,2015,1,H,82,100000,,,,
165,2015,1,H,83,1570000,,,,
165,2015,1,H,84,1910000,,,,
165,2015,1,H,85,2000000,,,,
165,2015,1,H,86,2090000,,,,
165,2015,1,H,87,2586000,,,,
165,2015,1,H,88,2605000,,,,
165,2015,1,H,89,2589000,,,,
165,2015,1,H,90,1923000,,,,
165,2015,1,H,91,1700000,,,,
165,2015,1,H,92,2900000,,,,
165,2015,1,H,93,2740000,,,,
165,2015,1,H,94,2590000,,,,
165,2015,1,H,95,18669000,,,,
165,2015,1,H,96,19589000,,,,
165,2015,1,H,97,1067000,,,,
165,2015,1,H,98,2221000,,,,
165,2015,1,H,99,616000,,,,
165,2015,1,H,100,1100000,,,,
165,2015,1,H,101,100000,,,,
165,2015,1,H,102,1570000,,,,
165,2015,1,H,103,2470000,,,,
165,2015,1,H,104,870000,,,,
165,2015,1,H,105,19837000,,,,
165,2015,1,H,106,12976000,,,,
165,2015,1,H,107,17550000,,,,
165,2015,1,H,108,19321000,,,,
165,2015,1,H,109,3613000,,,,
165,2015,1,H,110,6061000,,,,
165,2015,1,H,111,2115000,,,,
165,2015,1,H,112,3600000,,,,
165,2015,1,H,113,1840000,,,,
165,2015,1,H,114,148000,,,,
165,2015,1,H,115,930000,,,,
165,2015,1,H,116,17491000,,,,
165,2015,1,H,117,4335000,,,,
165,2015,1,H,118,19851000,,,,
165,2015,1,H,119,9645000,,,,
165,2015,1,H,120,3459000,,,,
165,2015,1,H,121,997000,,,,
165,2015,1,H,122,16500000,,,,
165,2015,1,H,123,1067000,,,,
165,2015,1,H,124,2221000,,,,
165,2015,1,H,125,544000,,,,
165,2015,1,H,126,1100000,,,,
165,2015,1,H,127,100000,,,,
165,2015,1,H,128,1715000,,,,
165,2015,1,H,129,2305000,,,,
165,2015,1,H,130,2170000,,,,
165,2015,1,H,131,2686000,,,,
165,2017,1,H,90,18000000,,,,
165,2017,1,H,91,4125000,,,,
165,2017,1,H,92,3811000,,,,
165,2017,1,H,93,2970000,,,,
165,2017,1,H,94,2090000,,,,
165,2017,1,H,95,1570000,,,,
165,2017,1,H,96,1006000,,,,
165,2017,1,H,97,919000,,,,
165,2017,1,H,98,1013000,,,,
165,2017,1,H,99,1172000,,,,
165,2017,1,H,100,832000,,,,
165,2017,1,H,101,900000,,,,
165,2017,1,H,102,195000,,,,
165,2017,1,H,103,1570000,,,,
165,2017,1,H,104,2957000,,,,
165,2017,1,H,105,2077000,,,,
165,2017,1,H,106,2869000,,,,
165,2017,1,H,107,2344000,,,,
165,2017,1,H,108,2811000,,,,
165,2017,1,H,109,2329000,,,,
165,2017,1,H,110,2768000,,,,
165,2017,1,H,111,1550000,,,,
165,2017,1,H,112,3000000,,,,
165,2017,1,H,113,1900000,,,,
165,2017,1,H,114,1672000,,,,
165,2017,1,H,115,1006000,,,,
165,2017,1,H,116,919000,,,,
165,2017,1,H,117,1013000,,,,
165,2017,1,H,118,1172000,,,,
165,2017,1,H,119,808000,,,,
165,2017,1,H,120,900000,,,,
165,2017,1,H,121,158000,,,,
165,2017,1,H,122,3000000,,,,
165,2017,1,H,123,2996000,,,,
165,2017,1,H,124,1987000,,,,
165,2017,1,H,125,18246000,,,,
165,2017,1,H,126,11382000,,,,
165,2017,1,H,127,16457000,,,,
165,2017,1,H,128,7864000,,,,
165,2017,1,H,129,4796000,,,,
165,2017,1,H,130,10423000,,,,
165,2017,1,H,131,10275000,,,,
165,2017,1,H,132,1625000,,,,
165,2017,1,H,133,5644000,,,,
165,2017,1,H,134,18000000,,,,
165,2017,1,H,135,18000000,,,,
165,2017,1,H,136,200000,,,,
165,2017,1,H,137,1476000,,,,
165,2017,1,H,138,1350000,,,,
165,2017,1,H,139,904000,,,,
165,2017,1,H,140,200000,,,,
165,2017,1,H,141,1750000,,,,
165,2017,1,H,142,1298000,,,,
165,2017,1,H,143,200000,,,,
165,2017,1,H,144,1753000,,,,
165,2017,1,H,145,600000,,,,
165,2017,1,H,146,3000000,,,,
165,2017,1,H,147,2280000,,,,
165,2017,1,H,148,2964000,,,,
165,2017,1,H,149,1836000,,,,
165,2017,1,H,150,1798000,,,,
165,2017,1,H,151,1540000,,,,
165,2017,1,H,152,2687000,,,,
165,2017,1,H,153,727000,,,,
165,2015,1,H,132,1130000,,,,
165,2015,1,H,133,825000,,,,
165,2015,1,H,134,2812000,,,,
165,2015,1,H,135,1300000,,,,
165,2015,1,H,136,1070000,,,,
165,2015,1,H,137,2240000,,,,
165,2015,1,H,138,900000,,,,
165,2015,1,H,139,14632000,,,,
165,2015,1,H,140,5715000,,,,
165,2015,1,H,141,4353000,,,,
165,2015,1,H,142,30000,,,,
165,2015,1,H,143,6000000,,,,
165,2015,1,H,144,1067000,,,,
165,2015,1,H,145,2221000,,,,
165,2015,1,H,146,616000,,,,
165,2015,1,H,147,1100000,,,,
165,2015,1,H,148,100000,,,,
165,2015,1,H,149,2903000,,,,
165,2015,1,H,150,900000,,,,
165,2015,1,H,151,12638000,,,,
165,2015,1,H,152,6660000,,,,
165,2015,1,H,153,3804000,,,,
165,2015,1,H,154,800000,,,,
165,2015,1,H,155,150000,,,,
165,2015,1,H,156,1044000,,,,
165,2015,1,H,157,1067000,,,,
165,2015,1,H,158,2221000,,,,
165,2015,1,H,159,608000,,,,
165,2015,1,H,160,1100000,,,,
165,2015,1,H,161,100000,,,,
165,2015,1,H,162,1290000,,,,
165,2015,1,H,163,2020000,,,,
165,2015,1,H,164,1004000,,,,
165,2015,1,H,165,900000,,,,
165,2015,1,H,166,13661000,,,,
165,2015,1,H,167,2453000,,,,
165,2015,1,H,168,5573000,,,,
165,2015,1,H,169,6793000,,,,
165,2015,1,H,170,1500000,,,,
165,2015,1,H,171,2700000,,,,
165,2015,1,H,172,1659000,,,,
165,2015,1,H,173,2783000,,,,
165,2015,1,H,174,145000,,,,
165,2015,1,H,175,1900000,,,,
165,2015,1,H,176,1005000,,,,
165,2015,1,H,177,700000,,,,
165,2015,1,H,178,1752000,,,,
165,2015,1,H,179,44000,,,,
165,2015,1,H,180,540000,,,,
165,2015,1,H,181,1800000,,,,
165,2015,1,H,182,113000,,,,
165,2015,1,H,183,1166000,,,,
165,2015,1,H,184,1067000,,,,
165,2015,1,H,185,2221000,,,,
165,2015,1,H,186,624000,,,,
165,2015,1,H,187,1100000,,,,
165,2015,1,H,188,100000,,,,
165,2015,1,H,189,1472000,,,,
165,2015,1,H,190,900000,,,,
165,2015,1,H,191,15644000,,,,
165,2015,1,H,192,5402000,,,,
165,2016,1,H,1,930000,,,,
165,2016,1,H,2,17294000,,,,
165,2016,1,H,3,8895000,,,,
165,2016,1,H,4,17264000,,,,
165,2016,1,H,5,13697000,,,,
165,2016,1,H,6,6143000,,,,
165,2016,1,H,7,19290000,,,,
165,2016,1,H,8,942000,,,,
165,2016,1,H,9,4628000,,,,
165,2016,1,H,10,1800000,,,,
165,2016,1,H,11,1003000,,,,
165,2016,1,H,12,2097000,,,,
165,2016,1,H,16,984000,,,,
165,2016,1,H,17,2185000,,,,
165,2016,1,H,18,608000,,,,
165,2016,1,H,19,1100000,,,,
165,2016,1,H,20,100000,,,,
165,2016,1,H,21,2090000,,,,
165,2016,1,H,22,1936000,,,,
165,2016,1,H,23,900000,,,,
165,2016,1,H,24,1140000,,,,
165,2016,1,H,25,1625000,,,,
165,2016,1,H,26,1500000,,,,
165,2016,1,H,27,900000,,,,
165,2016,1,H,34,19200000,,,,
165,2016,1,H,35,3721000,,,,
165,2016,1,H,36,589000,,,,
165,2016,1,H,37,977000,,,,
165,2016,1,H,38,1172000,,,,
165,2016,1,H,39,1013000,,,,
165,2016,1,H,40,808000,,,,
165,2016,1,H,41,1200000,,,,
165,2016,1,H,42,120000,,,,
165,2016,1,H,47,14250000,,,,
165,2016,1,H,48,6460000,,,,
165,2016,1,H,49,2258000,,,,
165,2016,1,H,50,1572000,,,,
165,2016,1,H,51,2250000,,,,
165,2016,1,H,52,1300000,,,,
165,2016,1,H,53,550000,,,,
165,2016,1,H,54,1200000,,,,
165,2016,1,H,55,1425000,,,,
165,2016,1,H,56,91000,,,,
165,2016,1,H,57,900000,,,,
165,2016,1,H,58,383000,,,,
165,2016,1,H,59,2550000,,,,
165,2016,1,H,60,2622000,,,,
165,2016,1,H,61,2678000,,,,
165,2016,1,H,62,919000,,,,
165,2016,1,H,63,977000,,,,
165,2016,1,H,64,1172000,,,,
165,2016,1,H,65,1013000,,,,
165,2016,1,H,66,808000,,,,
165,2016,1,H,67,1200000,,,,
165,2016,1,H,68,150000,,,,
165,2016,1,H,69,806000,,,,
165,2016,1,H,70,750000,,,,
165,2016,1,H,71,1430000,,,,
165,2016,1,H,72,18576000,,,,
165,2016,1,H,73,19560000,,,,
165,2016,1,H,74,14134000,,,,
165,2016,1,H,75,9962000,,,,
165,2016,1,H,76,19200000,,,,
165,2016,1,H,77,19800000,,,,
165,2016,1,H,78,5322000,,,,
165,2016,1,H,79,7500000,,,,
165,2016,1,H,80,6209000,,,,
165,2016,1,H,81,4916000,,,,
165,2016,1,H,82,11035000,,,,
165,2016,1,H,83,919000,,,,
165,2016,1,H,84,977000,,,,
165,2016,1,H,85,1172000,,,,
165,2016,1,H,86,1013000,,,,
165,2016,1,H,87,784000,,,,
165,2016,1,H,88,1200000,,,,
165,2016,1,H,89,919000,,,,
165,2016,1,H,90,977000,,,,
165,2016,1,H,91,1172000,,,,
165,2016,1,H,92,1013000,,,,
165,2016,1,H,93,832000,,,,
165,2016,1,H,94,900000,,,,
165,2016,1,H,95,1010000,,,,
165,2016,1,H,96,15630000,,,,
165,2016,1,H,97,18230000,,,,
165,2016,1,H,98,18000000,,,,
165,2016,1,H,99,17100000,,,,
165,2016,1,H,100,972000,,,,
165,2016,1,H,101,5000000,,,,
165,2016,1,H,102,919000,,,,
165,2016,1,H,103,977000,,,,
165,2016,1,H,104,1013000,,,,
165,2016,1,H,105,1172000,,,,
165,2016,1,H,106,776000,,,,
165,2016,1,H,107,900000,,,,
165,2016,1,H,108,150000,,,,
165,2016,1,H,109,1570000,,,,
165,2016,1,H,110,2991000,,,,
165,2016,1,H,111,8896000,,,,
165,2016,1,H,112,16173000,,,,
165,2016,1,H,113,3709000,,,,
165,2016,1,H,114,3192000,,,,
165,2016,1,H,115,7003000,,,,
165,2016,1,H,116,9122000,,,,
165,2016,1,H,117,19800000,,,,
165,2016,1,H,118,11775000,,,,
165,2016,1,H,119,2561000,,,,
165,2016,1,H,120,260000,,,,
165,2016,1,H,121,5100000,,,,
165,2016,1,H,122,1570000,,,,
165,2016,1,H,123,450000,,,,
165,2016,1,H,124,2755000,,,,
165,2016,1,H,125,2995000,,,,
165,2016,1,H,126,1570000,,,,
165,2016,1,H,127,977000,,,,
165,2016,1,H,128,919000,,,,
165,2016,1,H,129,1013000,,,,
165,2016,1,H,130,1172000,,,,
165,2016,1,H,131,832000,,,,
165,2016,1,H,132,900000,,,,
165,2016,1,H,133,120000,,,,
165,2016,1,H,134,865000,,,,
165,2016,1,H,135,1327000,,,,
165,2016,1,H,136,19185000,,,,
165,2016,1,H,137,1093000,,,,
165,2016,1,H,138,1276000,,,,
165,2016,1,H,139,5718000,,,,
165,2016,1,H,140,18337000,,,,
165,2016,1,H,141,1695000,,,,
165,2016,1,H,142,1822000,,,,
165,2016,1,H,143,2329000,,,,
165,2016,1,H,144,965000,,,,
165,2016,1,H,145,1300000,,,,
165,2016,1,H,146,550000,,,,
165,2016,1,H,147,700000,,,,
165,2016,1,H,148,2833000,,,,
165,2016,1,H,149,1365000,,,,
165,2016,1,H,150,719000,,,,
165,2016,1,H,151,2663000,,,,
165,2016,1,H,152,2134000,,,,
165,2016,1,H,153,977000,,,,
165,2016,1,H,154,919000,,,,
165,2016,1,H,155,1013000,,,,
165,2016,1,H,156,1172000,,,,
165,2016,1,H,157,728000,,,,
165,2016,1,H,158,900000,,,,
165,2016,1,H,159,128000,,,,
165,2016,1,H,160,2035000,,,,
165,2016,1,H,161,1312000,,,,
165,2016,1,H,162,2977000,,,,
165,2016,1,H,163,120000,,,,
165,2016,1,H,164,19143000,,,,
165,2016,1,H,165,5858000,,,,
165,2016,1,H,166,3264000,,,,
165,2016,1,H,167,14373000,,,,
165,2016,1,H,168,12000000,,,,
165,2016,1,H,169,1070000,,,,
165,2016,1,H,170,11511000,,,,
165,2016,1,H,171,919000,,,,
165,2016,1,H,172,977000,,,,
165,2016,1,H,173,1013000,,,,
165,2016,1,H,174,1172000,,,,
165,2016,1,H,175,832000,,,,
165,2016,1,H,176,900000,,,,
165,2016,1,H,177,173000,,,,
165,2016,1,H,178,19099000,,,,
165,2016,1,H,179,5700000,,,,
165,2016,1,H,180,19038000,,,,
165,2016,1,H,181,19440000,,,,
165,2016,1,H,182,894000,,,,
165,2016,1,H,183,1220000,,,,
165,2016,1,H,184,919000,,,,
165,2016,1,H,185,992000,,,,
165,2016,1,H,186,1013000,,,,
165,2016,1,H,187,1172000,,,,
165,2016,1,H,188,808000,,,,
165,2016,1,H,189,900000,,,,
165,2016,1,H,190,150000,,,,
165,2016,1,H,191,1275000,,,,
165,2016,1,H,192,2977000,,,,
165,2016,1,H,193,2996000,,,,
165,2016,1,H,194,13729000,,,,
165,2016,1,H,195,7905000,,,,
165,2016,1,H,196,5405000,,,,
165,2016,1,H,197,9505000,,,,
165,2016,1,H,198,1668000,,,,
165,2016,1,H,199,2361000,,,,
165,2016,1,H,200,2901000,,,,
165,2016,1,H,201,1190000,,,,
165,2016,1,H,202,1220000,,,,
165,2016,1,H,203,1000000,,,,
165,2016,1,H,204,900000,,,,
165,2016,1,H,205,600000,,,,
165,2016,1,H,206,1079000,,,,
165,2016,1,H,207,1700000,,,,
165,2016,1,H,208,741000,,,,
165,2016,1,H,209,1542000,,,,
165,2016,1,H,210,3000000,,,,
165,2016,1,H,211,2100000,,,,
165,2016,1,H,212,709000,,,,
165,2016,1,H,213,765000,,,,
165,2016,1,H,214,1106000,,,,
165,2016,1,H,215,1685000,,,,
165,2016,1,H,216,919000,,,,
165,2016,1,H,217,1006000,,,,
165,2016,1,H,218,1575000,,,,
165,2016,1,H,219,610000,,,,
165,2016,1,H,220,784000,,,,
165,2016,1,H,221,900000,,,,
165,2016,1,H,222,135000,,,,
165,2016,1,H,223,2843000,,,,
165,2016,1,H,224,1911000,,,,
165,2016,1,H,225,739000,,,,
165,2016,1,H,226,17858000,,,,
165,2016,1,H,227,7616000,,,,
165,2016,1,H,228,4592000,,,,
165,2016,1,H,229,2242000,,,,
165,2016,1,H,230,5479000,,,,
165,2016,1,H,231,5390000,,,,
165,2016,1,H,232,1831000,,,,
165,2016,1,H,233,10000000,,,,
165,2016,1,H,234,4861000,,,,
165,2016,1,H,235,1800000,,,,
165,2016,1,H,236,1250000,,,,
165,2016,1,H,237,4450000,,,,
165,2017,1,H,1,2782000,,,,
165,2017,1,H,2,2550000,,,,
165,2017,1,H,3,1125000,,,,
165,2017,1,H,4,745000,,,,
165,2017,1,H,5,2124000,,,,
165,2017,1,H,6,919000,,,,
165,2017,1,H,7,1006000,,,,
165,2017,1,H,8,1013000,,,,
165,2017,1,H,9,1172000,,,,
165,2017,1,H,10,784000,,,,
165,2017,1,H,11,900000,,,,
165,2017,1,H,12,173000,,,,
165,2017,1,H,13,919000,,,,
165,2017,1,H,14,1006000,,,,
165,2017,1,H,15,1013000,,,,
165,2017,1,H,16,1172000,,,,
165,2017,1,H,17,760000,,,,
165,2017,1,H,18,900000,,,,
165,2017,1,H,19,158000,,,,
165,2017,1,H,20,17988000,,,,
165,2017,1,H,21,4338000,,,,
165,2017,1,H,22,18295000,,,,
165,2017,1,H,23,19800000,,,,
165,2017,1,H,24,11000000,,,,
165,2017,1,H,25,2899000,,,,
165,2017,1,H,26,7896000,,,,
165,2017,1,H,27,18594000,,,,
165,2017,1,H,28,2340000,,,,
165,2017,1,H,29,17233000,,,,
165,2017,1,H,30,18000000,,,,
165,2017,1,H,31,353000,,,,
165,2017,1,H,32,919000,,,,
165,2017,1,H,33,1006000,,,,
165,2017,1,H,34,1013000,,,,
165,2017,1,H,35,1172000,,,,
165,2017,1,H,36,832000,,,,
165,2017,1,H,37,900000,,,,
165,2016,1,H,13,608000,,,,
165,2016,1,H,14,1100000,,,,
165,2016,1,H,15,100000,,,,
165,2016,1,H,28,19342000,,,,
165,2016,1,H,29,18819000,,,,
165,2016,1,H,30,2490000,,,,
165,2016,1,H,31,4230000,,,,
165,2016,1,H,32,12785000,,,,
165,2016,1,H,33,300000,,,,
165,2016,1,H,43,17116000,,,,
165,2016,1,H,44,18899000,,,,
165,2016,1,H,45,17778000,,,,
165,2016,1,H,46,17280000,,,,
165,2017,1,H,38,120000,,,,
165,2017,1,H,39,2654000,,,,
165,2022,1,H,111,6063000,,,,
165,2017,1,H,41,919000,,,,
165,2017,1,H,42,1006000,,,,
165,2017,1,H,43,1013000,,,,
165,2017,1,H,44,1172000,,,,
165,2017,1,H,45,736000,,,,
165,2017,1,H,46,900000,,,,
165,2017,1,H,47,158000,,,,
165,2017,1,H,48,2923000,,,,
165,2017,1,H,49,1712000,,,,
165,2017,1,H,50,2816000,,,,
165,2017,1,H,51,1850000,,,,
165,2017,1,H,52,19378000,,,,
165,2017,1,H,53,19735000,,,,
165,2017,1,H,54,8462000,,,,
165,2017,1,H,55,5580000,,,,
165,2017,1,H,56,18000000,,,,
165,2017,1,H,57,18000000,,,,
165,2017,1,H,58,4237000,,,,
165,2017,1,H,59,5000000,,,,
165,2017,1,H,60,11000000,,,,
165,2017,1,H,61,6785000,,,,
165,2017,1,H,62,3750000,,,,
165,2017,1,H,63,919000,,,,
165,2017,1,H,64,1006000,,,,
165,2017,1,H,65,1013000,,,,
165,2017,1,H,66,800000,,,,
165,2017,1,H,67,900000,,,,
165,2017,1,H,68,158000,,,,
165,2017,1,H,69,1172000,,,,
165,2017,1,H,70,19656000,,,,
165,2017,1,H,72,19745000,,,,
165,2017,1,H,73,2468000,,,,
165,2017,1,H,74,18000000,,,,
165,2017,1,H,75,2409000,,,,
165,2017,1,H,76,2925000,,,,
165,2017,1,H,77,919000,,,,
165,2017,1,H,78,1006000,,,,
165,2017,1,H,79,1172000,,,,
165,2017,1,H,80,1013000,,,,
165,2017,1,H,81,784000,,,,
165,2017,1,H,82,900000,,,,
165,2017,1,H,83,158000,,,,
165,2017,1,H,84,2625000,,,,
165,2017,1,H,85,19829000,,,,
165,2017,1,H,86,17232000,,,,
165,2017,1,H,87,14419000,,,,
165,2017,1,H,88,17504000,,,,
165,2017,1,H,89,2331000,,,,
165,2017,1,H,154,705000,,,,
165,2017,1,H,155,784000,,,,
165,2017,1,H,156,791000,,,,
165,2017,1,H,157,950000,,,,
165,2017,1,H,158,536000,,,,
165,2017,1,H,159,900000,,,,
165,2017,1,H,160,128000,,,,
165,2017,1,H,162,1549000,,,,
165,2017,1,H,163,1322000,,,,
165,2017,1,H,164,1500000,,,,
165,2017,1,H,165,2953000,,,,
165,2017,1,H,166,3000000,,,,
165,2017,1,H,167,18598000,,,,
165,2017,1,H,168,3328000,,,,
165,2017,1,H,169,1459000,,,,
165,2017,1,H,170,2490000,,,,
165,2017,1,H,171,18000000,,,,
165,2017,1,H,172,16617000,,,,
165,2017,1,H,173,1800000,,,,
165,2017,1,H,174,525000,,,,
165,2017,1,H,175,1000000,,,,
165,2017,1,H,176,705000,,,,
165,2017,1,H,177,784000,,,,
165,2017,1,H,178,791000,,,,
165,2017,1,H,179,950000,,,,
165,2017,1,H,180,704000,,,,
165,2017,1,H,181,158000,,,,
165,2017,1,H,182,330000,,,,
165,2017,1,H,183,2080000,,,,
165,2017,1,H,184,18829000,,,,
165,2017,1,H,185,3430000,,,,
165,2017,1,H,186,348000,,,,
165,2017,1,H,187,19922000,,,,
165,2017,1,H,188,5598000,,,,
165,2017,1,H,189,784000,,,,
165,2017,1,H,190,705000,,,,
165,2017,1,H,191,791000,,,,
165,2017,1,H,192,950000,,,,
165,2017,1,H,193,640000,,,,
165,2017,1,H,194,385000,,,,
165,2017,1,H,195,180000,,,,
165,2017,1,H,196,37500000,,,,
165,2017,1,H,197,13490000,,,,
165,2017,1,H,198,13208000,,,,
165,2017,1,H,199,2468000,,,,
165,2017,1,H,200,5742000,,,,
165,2017,1,H,201,18000000,,,,
165,2017,1,H,202,3500000,,,,
165,2017,1,H,203,1200000,,,,
165,2017,1,H,204,2517000,,,,
165,2017,1,H,205,1650000,,,,
165,2017,1,H,206,508000,,,,
165,2017,1,H,207,2225000,,,,
165,2017,1,H,208,209000,,,,
165,2017,1,H,209,225000,,,,
165,2017,1,H,161,605000,,,,
165,2017,1,H,210,1030000,,,,
165,2017,1,H,211,675000,,,,
165,2017,1,H,212,1155000,,,,
165,2017,1,H,213,2800000,,,,
165,2017,1,H,214,2000000,,,,
165,2017,1,H,215,1770000,,,,
165,2017,1,H,216,300000,,,,
165,2017,1,H,217,705000,,,,
165,2017,1,H,218,784000,,,,
165,2017,1,H,220,950000,,,,
165,2017,1,H,219,791000,,,,
165,2017,1,H,221,640000,,,,
165,2017,1,H,222,385000,,,,
165,2017,1,H,223,395000,,,,
165,2017,1,H,233,5603000,,,,
165,2017,1,H,225,136000,,,,
165,2017,1,H,226,1605000,,,,
165,2017,1,H,227,1491000,,,,
165,2017,1,H,228,1277000,,,,
165,2017,1,H,229,1861000,,,,
165,2017,1,H,230,2655000,,,,
165,2017,1,H,238,4610000,,,,
165,2017,1,H,232,18909000,,,,
165,2017,1,H,234,686000,,,,
165,2017,1,H,235,19922000,,,,
165,2017,1,H,236,11962000,,,,
165,2017,1,H,237,14579000,,,,
165,2017,1,H,239,400000,,,,
165,2017,1,H,240,10000000,,,,
165,2017,1,H,242,1368000,,,,
165,2017,1,H,241,800000,,,,
165,2018,1,H,2,705000,,,,
165,2018,1,H,4,975000,,,,
165,2018,1,H,1,784000,,,,
165,2018,1,H,3,816000,,,,
165,2018,1,H,5,704000,,,,
165,2018,1,H,6,385000,,,,
165,2018,1,H,7,135000,,,,
165,2018,1,H,8,19380000,,,,
165,2018,1,H,9,19740000,,,,
165,2018,1,H,10,4033000,,,,
165,2018,1,H,11,1472000,,,,
165,2018,1,H,12,19922000,,,,
165,2018,1,H,13,1426000,,,,
165,2018,1,H,14,18000000,,,,
165,2018,1,H,16,1500000,,,,
165,2018,1,H,15,2000000,,,,
165,2018,1,H,18,705000,,,,
165,2018,1,H,17,784000,,,,
165,2018,1,H,19,950000,,,,
165,2018,1,H,20,791000,,,,
165,2018,1,H,21,576000,,,,
165,2018,1,H,22,385000,,,,
165,2018,1,H,23,135000,,,,
165,2018,1,H,24,2979000,,,,
165,2018,1,H,25,1570000,,,,
165,2018,1,H,26,2892000,,,,
165,2018,1,H,27,1542000,,,,
165,2018,1,H,28,19209000,,,,
165,2018,1,H,29,10713000,,,,
165,2018,1,H,30,2010000,,,,
165,2018,1,H,31,19746000,,,,
165,2018,1,H,32,7295000,,,,
165,2018,1,H,34,705000,,,,
165,2018,1,H,33,784000,,,,
165,2018,1,H,36,975000,,,,
165,2018,1,H,35,816000,,,,
165,2018,1,H,37,672000,,,,
165,2018,1,H,38,385000,,,,
165,2018,1,H,39,180000,,,,
165,2018,1,H,40,16740000,,,,
165,2018,1,H,41,5960000,,,,
165,2018,1,H,42,1622000,,,,
165,2018,1,H,43,1508000,,,,
165,2018,1,H,44,5130000,,,,
165,2018,1,H,45,18000000,,,,
165,2018,1,H,47,731000,,,,
165,2018,1,H,46,784000,,,,
165,2018,1,H,49,975000,,,,
165,2018,1,H,48,816000,,,,
165,2018,1,H,50,608000,,,,
165,2018,1,H,52,2970000,,,,
165,2018,1,H,53,2610000,,,,
165,2018,1,H,54,2100000,,,,
165,2018,1,H,55,2960000,,,,
165,2018,1,H,56,18258000,,,,
165,2018,1,H,57,3059000,,,,
165,2018,1,H,58,2967000,,,,
165,2018,1,H,59,2939000,,,,
165,2018,1,H,60,6672000,,,,
165,2018,1,H,61,18000000,,,,
165,2018,1,H,62,784000,,,,
165,2018,1,H,51,385000,,,,
165,2018,1,H,63,731000,,,,
165,2018,1,H,65,975000,,,,
165,2018,1,H,64,816000,,,,
165,2018,1,H,66,608000,,,,
165,2018,1,H,67,385000,,,,
165,2018,1,H,68,270000,,,,
165,2018,1,H,70,731000,,,,
165,2018,1,H,69,784000,,,,
165,2018,1,H,72,975000,,,,
165,2018,1,H,71,816000,,,,
165,2018,1,H,73,592000,,,,
165,2018,1,H,74,385000,,,,
165,2018,1,H,75,180000,,,,
165,2018,1,H,76,1680000,,,,
165,2018,1,H,77,3000000,,,,
165,2018,1,H,78,2966000,,,,
165,2018,1,H,79,2988000,,,,
165,2018,1,H,80,2579000,,,,
165,2018,1,H,81,2729000,,,,
165,2018,1,H,82,1717000,,,,
165,2018,1,H,83,2565000,,,,
165,2018,1,H,84,18429000,,,,
165,2018,1,H,85,12548000,,,,
165,2018,1,H,86,14433000,,,,
165,2018,1,H,87,17133000,,,,
165,2018,1,H,88,14688000,,,,
165,2018,1,H,89,18000000,,,,
165,2018,1,H,90,18000000,,,,
165,2018,1,H,91,10527000,,,,
165,2018,1,H,92,9179000,,,,
165,2018,1,H,96,1560000,,,,
165,2018,1,H,93,1673000,,,,
165,2018,1,H,94,1733000,,,,
165,2018,1,H,95,1574000,,,,
165,2018,1,H,97,736000,,,,
165,2018,1,H,98,385000,,,,
165,2018,1,H,99,180000,,,,
165,2018,1,H,100,1600000,,,,
165,2018,1,H,101,17884000,,,,
165,2018,1,H,102,18824000,,,,
165,2018,1,H,103,1028000,,,,
165,2018,1,H,104,8214000,,,,
165,2018,1,H,105,14000000,,,,
165,2018,1,H,106,10806000,,,,
165,2018,1,H,110,7082000,,,,
165,2018,1,H,107,8350000,,,,
165,2018,1,H,108,7656000,,,,
165,2018,1,H,109,7082000,,,,
165,2018,1,H,111,2850000,,,,
165,2018,1,H,112,2050000,,,,
165,2018,1,H,116,1574000,,,,
165,2018,1,H,113,1673000,,,,
165,2018,1,H,114,1560000,,,,
165,2018,1,H,115,1733000,,,,
165,2018,1,H,117,584000,,,,
165,2018,1,H,118,385000,,,,
165,2018,1,H,119,150000,,,,
165,2018,1,H,120,1000000,,,,
165,2018,1,H,121,1922000,,,,
165,2018,1,H,122,1500000,,,,
165,2018,1,H,123,1280000,,,,
165,2018,1,H,124,2940000,,,,
165,2018,1,H,125,1387000,,,,
165,2018,1,H,126,2400000,,,,
165,2018,1,H,127,2080000,,,,
165,2018,1,H,128,16461000,,,,
165,2018,1,H,129,12181000,,,,
165,2018,1,H,130,17762000,,,,
165,2018,1,H,131,9034000,,,,
165,2018,1,H,157,12899000,,,,
165,2018,1,H,133,1515000,,,,
165,2018,1,H,134,1090000,,,,
165,2018,1,H,135,2187000,,,,
165,2018,1,H,136,2600000,,,,
165,2018,1,H,137,2025000,,,,
165,2018,1,H,138,2000000,,,,
165,2018,1,H,139,350000,,,,
165,2018,1,H,140,1100000,,,,
165,2018,1,H,141,1073000,,,,
165,2018,1,H,142,1007000,,,,
165,2018,1,H,143,3000000,,,,
165,2018,1,H,144,1637000,,,,
165,2018,1,H,145,2395000,,,,
165,2018,1,H,146,2957000,,,,
165,2018,1,H,147,833000,,,,
165,2023,1,H,108,1828000,,,,
165,2023,1,H,105,2049000,,,,
165,2023,1,H,106,1851000,,,,
165,2023,1,H,107,1987000,,,,
165,2023,1,H,109,7600000,,,,
165,2023,1,H,228,44500000,,,,
165,2023,1,H,229,14000000,,,,
165,2023,1,H,230,12600000,,,,
165,2024,1,H,19,45300000,,,,
165,2024,1,H,24,38400000,,,,
165,2024,1,H,25,30800000,,,,
165,2024,1,H,26,35640000,,,,
165,2024,1,H,27,49500000,,,,
165,2024,1,H,28,45000000,,,,
165,2024,1,H,29,34920000,,,,
165,2024,1,H,51,11820000,,,,
165,2024,1,H,50,13080000,,,,
165,2024,1,H,76,15000000,,,,
165,2024,1,H,75,15000000,,,,
165,2024,1,H,77,11664000,,,,
165,2024,1,H,79,6300000,,,,
165,2024,1,H,98,30200000,,,,
165,2024,1,H,99,21400000,,,,
165,2024,1,H,100,39400000,,,,
165,2024,1,H,101,34200000,,,,
165,2024,1,H,102,48600000,,,,
165,2024,1,H,103,49800000,,,,
165,2024,1,H,104,25700000,,,,
165,2024,1,H,105,46200000,,,,
165,2024,1,H,112,27000000,,,,
165,2024,1,H,113,49070000,,,,
165,2024,1,H,114,32220000,,,,
165,2024,1,H,138,2039000,,,,
165,2024,1,H,140,25650000,,,,
165,2024,1,H,144,16000000,,,,
165,2024,1,H,141,16000000,,,,
165,2024,1,H,142,17440000,,,,
165,2024,1,H,143,31320000,,,,
165,2024,1,H,155,11250000,,,,
165,2024,1,H,169,10800000,,,,
165,2024,1,H,191,25600000,,,,
165,2024,1,H,192,36800000,,,,
165,2024,1,H,193,40000000,,,,
165,2024,1,H,194,31700000,,,,
165,2024,1,H,195,32400000,,,,
165,2024,1,H,196,29800000,,,,
165,2024,1,H,197,37600000,,,,
165,2024,1,H,198,31950000,,,,
165,2024,1,H,199,46350000,,,,
165,2024,1,H,200,29880000,,,,
165,2024,1,H,201,21000000,,,,
165,2024,1,H,202,45000000,,,,
165,2024,1,H,203,45000000,,,,
165,2024,1,H,204,38500000,,,,
165,2024,1,H,205,44550000,,,,
165,2024,1,H,206,39740000,,,,
165,2024,1,H,208,30000000,,,,
165,2024,1,H,207,15000000,,,,
165,2024,1,H,209,24840000,,,,
165,2024,1,H,210,40880000,,,,
165,2024,1,H,211,39858000,,,,
165,2024,1,H,212,33296000,,,,
165,2024,1,H,226,39400000,,,,
165,2024,1,H,227,48700000,,,,
165,2024,1,H,228,34900000,,,,
165,2024,1,H,229,41700000,,,,
165,2024,1,H,230,38600000,,,,
165,2024,1,H,231,33800000,,,,
165,2024,1,H,232,31680000,,,,
165,2024,1,H,233,49500000,,,,
165,2024,1,H,234,18000000,,,,
165,2024,1,H,235,19620000,,,,
165,2024,1,H,236,14000000,,,,
165,2024,1,H,237,14400000,,,,
165,2024,1,H,238,19180000,,,,
165,2024,1,H,239,9000000,,,,
165,2024,1,H,240,28250000,,,,
165,2024,1,H,241,35290000,,,,
165,2024,1,H,245,1880000,,,,
165,2024,1,H,242,2049000,,,,
165,2024,1,H,243,1917000,,,,
165,2024,1,H,244,2039000,,,,
165,2024,1,H,246,31500000,,,,
165,2024,1,H,250,16000000,,,,
165,2024,1,H,247,30000000,,,,
165,2024,1,H,248,28320000,,,,
165,2024,1,H,249,16000000,,,,
165,2024,1,H,273,35950000,,,,
165,2024,1,H,274,38750000,,,,
165,2024,1,H,275,37050000,,,,
165,2024,1,H,276,43300000,,,,
165,2024,1,H,277,34675000,,,,
165,2024,1,H,278,7415000,,,,
165,2024,1,H,279,32810000,,,,
165,2025,1,H,9,16000000,,,,
165,2025,1,H,6,39000000,,,,
165,2025,1,H,7,36480000,,,,
165,2025,1,H,8,16000000,,,,
165,2025,1,H,11,18360000,,,,
165,2025,1,H,10,20250000,,,,
165,2025,1,H,15,1880000,,,,
165,2025,1,H,12,2115000,,,,
165,2025,1,H,13,1917000,,,,
165,2025,1,H,14,2039000,,,,
165,2025,1,H,33,39500000,,,,
165,2025,1,H,34,31650000,,,,
165,2025,1,H,35,33930000,,,,
165,2025,1,H,36,37800000,,,,
165,2025,1,H,37,34370000,,,,
165,2025,1,H,38,44000000,,,,
165,2025,1,H,39,14000000,,,,
165,2025,1,H,40,47700000,,,,
165,2025,1,H,41,50000000,,,,
165,2025,1,H,42,36000000,,,,
165,2025,1,H,43,16650000,,,,
165,2025,1,H,44,46450000,,,,
165,2025,1,H,45,24810000,,,,
165,2025,1,H,46,36200000,,,,
165,2025,1,H,47,42732000,,,,
165,2025,1,H,51,1880000,,,,
165,2025,1,H,48,2115000,,,,
165,2025,1,H,49,1917000,,,,
165,2025,1,H,50,2039000,,,,
165,2025,1,H,52,30600000,,,,
165,2025,1,H,56,24000000,,,,
165,2025,1,H,53,39000000,,,,
165,2025,1,H,54,36480000,,,,
165,2025,1,H,55,24000000,,,,
165,2025,1,H,246,148500000,,,,
165,2025,1,H,270,8050000,,,,
165,2025,1,H,271,9000000,,,,
165,2025,1,H,272,7000000,,,,
165,2025,1,H,273,8550000,,,,
165,2025,1,H,274,31220000,,,,
165,2025,1,H,275,37452000,,,,
165,2025,1,H,276,10400000,,,,
165,2025,1,H,277,25661000,,,,
165,2025,1,H,278,10475000,,,,
165,2025,1,H,279,8175000,,,,
165,2025,1,H,280,15930000,,,,
165,2025,1,H,281,79000000,,,,
165,2025,1,H,282,93495000,,,,
165,2025,1,H,283,77615000,,,,
165,2025,1,H,284,72258000,,,,
165,2025,1,H,285,1980000,,,,
165,2025,1,H,288,1880000,,,,
165,2025,1,H,286,1832000,,,,
165,2025,1,H,287,2039000,,,,
165,2025,1,H,289,36450000,,,,
165,2025,1,H,293,24000000,,,,
165,2025,1,H,290,42000000,,,,
165,2025,1,H,291,39480000,,,,
165,2025,1,H,292,39000000,,,,
165,2026,1,H,1,400280000,,,,
165,2026,1,H,2,430785000,,,,
165,2026,1,H,3,59760000,,,,
165,2026,1,H,40,34200000,,,,
165,2026,1,H,44,41780000,,,,
165,2026,1,H,41,59000000,,,,
165,2026,1,H,42,57320000,,,,
165,2026,1,H,43,56780000,,,,
165,2026,1,H,46,568820000,,,,
165,2026,1,H,47,423380000,,,,
165,2026,1,H,58,76655000,,,,
165,2026,1,H,100,446928000,,,,
165,2023,1,H,190,27325000,,,,
165,2024,1,H,156,2049000,,,,
165,2024,1,H,157,1917000,,,,
165,2024,1,H,158,2039000,,,,
165,2024,1,H,159,1880000,,,,
165,2024,1,H,160,7120000,,,,
165,2024,1,H,161,25650000,,,,
165,2024,1,H,165,16000000,,,,
165,2024,1,H,162,17440000,,,,
165,2024,1,H,163,16320000,,,,
165,2024,1,H,164,16000000,,,,
165,2024,1,H,166,5160000,,,,
165,2024,1,H,167,10080000,,,,
165,2024,1,H,168,6162000,,,,
165,2024,1,H,170,12000000,,,,
165,2024,1,H,171,9722000,,,,
165,2024,1,H,172,11250000,,,,
165,2024,1,H,173,5862000,,,,
165,2024,1,H,174,6960000,,,,
165,2024,1,H,175,11250000,,,,
165,2024,1,H,179,1880000,,,,
165,2024,1,H,176,2049000,,,,
165,2024,1,H,177,1917000,,,,
165,2024,1,H,178,2039000,,,,
165,2024,1,H,180,31500000,,,,
165,2024,1,H,184,16000000,,,,
165,2024,1,H,181,29440000,,,,
165,2024,1,H,182,28320000,,,,
165,2024,1,H,183,16000000,,,,
165,2025,1,H,62,100000000,,,,
165,2025,1,H,149,11580000,,,,
165,2025,1,H,187,1880000,,,,
165,2025,1,H,184,2115000,,,,
165,2025,1,H,185,1920000,,,,
165,2025,1,H,186,2039000,,,,
165,2025,1,H,188,32400000,,,,
165,2025,1,H,192,24000000,,,,
165,2025,1,H,189,42000000,,,,
165,2025,1,H,190,39480000,,,,
165,2025,1,H,191,24000000,,,,
165,2026,1,H,9,36000000,,,,
165,2026,1,H,22,41780000,,,,
165,2026,1,H,19,59000000,,,,
165,2026,1,H,20,56480000,,,,
165,2026,1,H,21,56780000,,,,
165,2026,1,H,48,368510000,,,,
165,2026,1,H,49,311320000,,,,
165,2026,1,H,50,306226000,,,,
165,2026,1,H,99,135000000,,,,
165,2022,1,H,205,5000000,,,,
165,2023,1,H,4,1749000,,,,
165,2023,1,H,1,1942000,,,,
165,2023,1,H,2,1769000,,,,
165,2023,1,H,3,1966000,,,,
165,2023,1,H,9,3890000,,,,
165,2023,1,H,6,4360000,,,,
165,2023,1,H,7,3940000,,,,
165,2023,1,H,8,3890000,,,,
165,2023,1,H,12,46800000,,,,
165,2023,1,H,13,29193000,,,,
165,2023,1,H,14,47510000,,,,
165,2023,1,H,15,29591000,,,,
165,2023,1,H,16,2049000,,,,
165,2023,1,H,17,1851000,,,,
165,2023,1,H,18,1987000,,,,
165,2023,1,H,19,1828000,,,,
165,2023,1,H,20,6840000,,,,
165,2023,1,H,24,3773000,,,,
165,2023,1,H,21,4229000,,,,
165,2023,1,H,22,3821000,,,,
165,2023,1,H,23,3773000,,,,
165,2023,1,H,25,43110000,,,,
165,2023,1,H,26,28000000,,,,
165,2023,1,H,38,2049000,,,,
165,2023,1,H,60,27000000,,,,
165,2023,1,H,62,5270000,,,,
165,2023,1,H,63,10647000,,,,
165,2023,1,H,64,5960000,,,,
165,2023,1,H,85,4986000,,,,
165,2022,1,H,201,2935000,,,,
165,2023,1,H,11,11700000,,,,
165,2023,1,H,59,37753000,,,,
165,2023,1,H,69,1828000,,,,
165,2023,1,H,66,2049000,,,,
165,2023,1,H,67,1851000,,,,
165,2023,1,H,68,1987000,,,,
165,2023,1,H,70,7980000,,,,
165,2023,1,H,71,12514000,,,,
165,2023,1,H,72,11368000,,,,
165,2023,1,H,74,3811000,,,,
165,2023,1,H,73,3869000,,,,
165,2023,1,H,78,1828000,,,,
165,2023,1,H,75,2049000,,,,
165,2023,1,H,76,1851000,,,,
165,2023,1,H,77,1987000,,,,
165,2023,1,H,79,7220000,,,,
165,2023,1,H,10,33690000,,,,
165,2023,1,H,52,4253000,,,,
165,2023,1,H,53,3858000,,,,
165,2023,1,H,54,3869000,,,,
165,2023,1,H,55,3811000,,,,
165,2023,1,H,56,45180000,,,,
165,2023,1,H,57,10525000,,,,
165,2023,1,H,65,10446000,,,,
165,2023,1,H,90,32950000,,,,
165,2023,1,H,91,30650000,,,,
165,2023,1,H,92,30875000,,,,
165,2023,1,H,93,42595000,,,,
165,2023,1,H,29,13677000,,,,
165,2023,1,H,30,21880000,,,,
165,2023,1,H,31,14000000,,,,
165,2023,1,H,35,29775000,,,,
165,2023,1,H,88,9510000,,,,
165,2023,1,H,103,31179000,,,,
165,2023,1,H,104,49021000,,,,
165,2022,1,H,198,8000000,,,,
165,2022,1,H,199,36100000,,,,
165,2022,1,H,200,13900000,,,,
165,2023,1,H,5,7600000,,,,
165,2023,1,H,34,23760000,,,,
165,2023,1,H,50,1828000,,,,
165,2023,1,H,47,2049000,,,,
165,2023,1,H,48,1851000,,,,
165,2023,1,H,49,1987000,,,,
165,2023,1,H,51,5320000,,,,
165,2022,1,H,151,2000000,,,,
165,2022,1,H,113,1804000,,,,
165,2022,1,H,114,1957000,,,,
165,2022,1,H,115,1783000,,,,
165,2022,1,H,116,5120000,,,,
165,2022,1,H,120,1827000,,,,
165,2022,1,H,117,1919000,,,,
165,2022,1,H,118,1826000,,,,
165,2022,1,H,119,1850000,,,,
165,2022,1,H,121,11428000,,,,
165,2022,1,H,122,2487000,,,,
165,2022,1,H,123,4229000,,,,
165,2022,1,H,124,2355000,,,,
165,2022,1,H,128,1783000,,,,
165,2022,1,H,125,1926000,,,,
165,2022,1,H,126,1804000,,,,
165,2022,1,H,127,1957000,,,,
165,2022,1,H,129,5632000,,,,
165,2022,1,H,112,1926000,,,,
165,2022,1,H,130,1919000,,,,
165,2022,1,H,131,1826000,,,,
165,2022,1,H,132,1827000,,,,
165,2022,1,H,134,3565000,,,,
165,2022,1,H,135,300000,,,,
165,2022,1,H,136,3400000,,,,
165,2022,1,H,137,3487000,,,,
165,2022,1,H,138,48640000,,,,
165,2022,1,H,139,36350000,,,,
165,2022,1,H,140,20375000,,,,
165,2022,1,H,141,42629000,,,,
165,2022,1,H,142,34970000,,,,
165,2022,1,H,143,10500000,,,,
165,2022,1,H,144,14000000,,,,
165,2022,1,H,145,39910000,,,,
165,2022,1,H,146,1983000,,,,
165,2022,1,H,149,1828000,,,,
165,2022,1,H,147,1851000,,,,
165,2022,1,H,148,1987000,,,,
165,2022,1,H,150,7600000,,,,
165,2022,1,H,159,1828000,,,,
165,2022,1,H,152,2110000,,,,
165,2022,1,H,153,2000000,,,,
165,2022,1,H,154,2000000,,,,
165,2022,1,H,155,1850000,,,,
165,2022,1,H,156,1983000,,,,
165,2022,1,H,157,1851000,,,,
165,2022,1,H,158,1987000,,,,
165,2022,1,H,160,7980000,,,,
165,2022,1,H,165,1200000,,,,
165,2022,1,H,166,4200000,,,,
165,2022,1,H,167,1350000,,,,
165,2022,1,H,168,35920000,,,,
165,2022,1,H,169,34910000,,,,
165,2022,1,H,170,15550000,,,,
165,2022,1,H,171,37340000,,,,
165,2022,1,H,172,6000000,,,,
165,2022,1,H,173,14000000,,,,
165,2022,1,H,174,35375000,,,,
165,2022,1,H,175,4500000,,,,
165,2022,1,H,177,2465000,,,,
165,2022,1,H,176,38240000,,,,
165,2022,1,H,181,3780000,,,,
165,2022,1,H,178,4290000,,,,
165,2022,1,H,179,3880000,,,,
165,2022,1,H,180,3780000,,,,
165,2022,1,H,182,200000,,,,
165,2022,1,H,183,7200000,,,,
165,2022,1,H,184,3065000,,,,
165,2022,1,H,185,1878000,,,,
165,2022,1,H,186,1179000,,,,
165,2022,1,H,190,1828000,,,,
165,2022,1,H,187,2049000,,,,
165,2022,1,H,188,1851000,,,,
165,2022,1,H,189,1987000,,,,
165,2022,1,H,195,3890000,,,,
165,2022,1,H,191,7980000,,,,
165,2022,1,H,192,4360000,,,,
165,2022,1,H,193,3940000,,,,
165,2022,1,H,194,3890000,,,,
165,2022,1,H,196,11056000,,,,
165,2022,1,H,164,2000000,,,,
165,2022,1,H,161,2180000,,,,
165,2022,1,H,162,2000000,,,,
165,2022,1,H,163,2000000,,,,
165,2022,1,H,203,21000000,,,,
165,2022,1,H,204,12000000,,,,
165,2023,1,H,28,23000000,,,,
165,2023,1,H,32,31950000,,,,
165,2023,1,H,86,7991000,,,,
165,2023,1,H,46,3773000,,,,
165,2023,1,H,43,4229000,,,,
165,2023,1,H,44,3821000,,,,
165,2023,1,H,45,3773000,,,,
165,2023,1,H,58,14000000,,,,
165,2023,1,H,61,45621000,,,,
165,2023,1,H,87,7000000,,,,
165,2023,1,H,94,20300000,,,,
165,2022,1,H,202,8090000,,,,
165,2023,1,H,27,45630000,,,,
165,2023,1,H,36,25260000,,,,
165,2023,1,H,37,36005000,,,,
165,2023,1,H,41,1828000,,,,
165,2023,1,H,39,1851000,,,,
165,2023,1,H,40,1987000,,,,
165,2023,1,H,42,8740000,,,,
165,2023,1,H,83,3811000,,,,
165,2023,1,H,80,12514000,,,,
165,2023,1,H,81,11368000,,,,
165,2023,1,H,82,3869000,,,,
165,2023,1,H,89,30875000,,,,
165,2023,1,H,95,42229000,,,,
165,2023,1,H,96,34973000,,,,
165,2023,1,H,97,17654000,,,,
165,2023,1,H,98,14000000,,,,
165,2023,1,H,99,43345000,,,,
165,2023,1,H,100,28200000,,,,
165,2023,1,H,101,28200000,,,,
165,2023,1,H,102,32863000,,,,
165,2023,1,H,119,2700000,,,,
165,2023,1,H,145,11246000,,,,
165,2023,1,H,146,6500000,,,,
165,2023,1,H,173,1828000,,,,
165,2023,1,H,170,2049000,,,,
165,2023,1,H,171,1851000,,,,
165,2023,1,H,172,1987000,,,,
165,2023,1,H,174,8360000,,,,
165,2023,1,H,178,3811000,,,,
165,2023,1,H,175,12187000,,,,
165,2023,1,H,176,11089000,,,,
165,2023,1,H,177,3869000,,,,
165,2023,1,H,188,9450000,,,,
165,2023,1,H,189,46700000,,,,
165,2023,1,H,191,29575000,,,,
165,2023,1,H,192,44550000,,,,
165,2023,1,H,193,44550000,,,,
165,2023,1,H,194,26800000,,,,
165,2023,1,H,195,25500000,,,,
165,2023,1,H,196,28167000,,,,
165,2023,1,H,197,14000000,,,,
165,2023,1,H,200,2000000,,,,
165,2023,1,H,201,25783000,,,,
165,2023,1,H,202,25770000,,,,
165,2023,1,H,203,34592000,,,,
165,2023,1,H,207,7058000,,,,
165,2023,1,H,208,10435000,,,,
165,2023,1,H,209,4900000,,,,
165,2023,1,H,213,1828000,,,,
165,2023,1,H,210,2049000,,,,
165,2023,1,H,211,1851000,,,,
165,2023,1,H,212,1987000,,,,
165,2023,1,H,214,24750000,,,,
165,2023,1,H,218,11240000,,,,
165,2023,1,H,215,11070000,,,,
165,2023,1,H,216,12187000,,,,
165,2023,1,H,217,11089000,,,,
165,2023,1,H,220,44550000,,,,
165,2023,1,H,221,47650000,,,,
165,2023,1,H,222,42000000,,,,
165,2023,1,H,223,37000000,,,,
165,2023,1,H,224,19476000,,,,
165,2023,1,H,225,27626000,,,,
165,2023,1,H,226,46400000,,,,
165,2023,1,H,227,31500000,,,,
165,2023,1,H,233,32672000,,,,
165,2023,1,H,235,19975000,,,,
165,2023,1,H,234,2670000,,,,
165,2024,1,H,4,1828000,,,,
165,2024,1,H,1,2049000,,,,
165,2024,1,H,2,1851000,,,,
165,2024,1,H,3,1987000,,,,
165,2024,1,H,5,26550000,,,,
165,2024,1,H,20,48300000,,,,
165,2024,1,H,21,45300000,,,,
165,2024,1,H,22,43900000,,,,
165,2024,1,H,62,12000000,,,,
165,2024,1,H,63,9645000,,,,
165,2024,1,H,64,3727000,,,,
165,2024,1,H,65,8400000,,,,
165,2024,1,H,80,11250000,,,,
165,2024,1,H,154,11250000,,,,
165,2024,1,H,188,38100000,,,,
165,2024,1,H,189,35850000,,,,
165,2024,1,H,190,39350000,,,,
165,2024,1,H,222,36600000,,,,
165,2024,1,H,223,39000000,,,,
165,2024,1,H,224,36600000,,,,
165,2024,1,H,225,36600000,,,,
165,2024,1,H,254,9000000,,,,
165,2024,1,H,251,18000000,,,,
165,2024,1,H,252,18000000,,,,
165,2024,1,H,253,9000000,,,,
165,2024,1,H,255,12000000,,,,
165,2024,1,H,256,3081000,,,,
165,2024,1,H,257,7653000,,,,
165,2024,1,H,258,9940000,,,,
165,2024,1,H,259,11375000,,,,
165,2024,1,H,280,35430000,,,,
165,2024,1,H,281,14000000,,,,
165,2024,1,H,282,36000000,,,,
165,2024,1,H,283,27000000,,,,
165,2024,1,H,284,37272000,,,,
165,2025,1,H,195,38000000,,,,
165,2025,1,H,196,36100000,,,,
165,2023,1,H,120,6000000,,,,
165,2023,1,H,124,1828000,,,,
165,2023,1,H,121,2049000,,,,
165,2023,1,H,122,1851000,,,,
165,2023,1,H,123,1987000,,,,
165,2023,1,H,125,7980000,,,,
165,2023,1,H,150,27725000,,,,
165,2023,1,H,169,46946000,,,,
165,2023,1,H,219,30000000,,,,
165,2024,1,H,216,1880000,,,,
165,2024,1,H,213,2049000,,,,
165,2024,1,H,214,1917000,,,,
165,2024,1,H,215,2039000,,,,
165,2025,1,H,27,30000000,,,,
165,2025,1,H,28,35000000,,,,
165,2025,1,H,29,21000000,,,,
165,2025,1,H,63,11281000,,,,
165,2025,1,H,67,1917000,,,,
165,2025,1,H,68,2039000,,,,
165,2025,1,H,70,30600000,,,,
165,2025,1,H,71,42000000,,,,
165,2025,1,H,72,39480000,,,,
165,2025,1,H,73,24000000,,,,
165,2025,1,H,74,24000000,,,,
165,2025,1,H,92,30800000,,,,
165,2025,1,H,114,39150000,,,,
165,2025,1,H,115,12150000,,,,
165,2025,1,H,116,46800000,,,,
165,2025,1,H,117,48600000,,,,
165,2025,1,H,118,48600000,,,,
165,2025,1,H,119,48600000,,,,
165,2025,1,H,120,48600000,,,,
165,2025,1,H,121,48600000,,,,
165,2025,1,H,122,48600000,,,,
165,2025,1,H,123,48600000,,,,
165,2025,1,H,124,48600000,,,,
165,2025,1,H,125,48600000,,,,
165,2025,1,H,126,48600000,,,,
165,2025,1,H,157,36450000,,,,
165,2025,1,H,158,49500000,,,,
165,2025,1,H,159,36000000,,,,
165,2025,1,H,160,48960000,,,,
165,2025,1,H,161,46080000,,,,
165,2025,1,H,162,45000000,,,,
165,2025,1,H,163,29700000,,,,
165,2025,1,H,164,43200000,,,,
165,2025,1,H,165,43200000,,,,
165,2025,1,H,166,43200000,,,,
165,2025,1,H,167,43200000,,,,
165,2025,1,H,168,43200000,,,,
165,2025,1,H,169,49950000,,,,
165,2025,1,H,170,49950000,,,,
165,2025,1,H,171,43200000,,,,
165,2025,1,H,172,7000000,,,,
165,2025,1,H,173,49500000,,,,
165,2025,1,H,174,22000000,,,,
165,2025,1,H,175,4100000,,,,
165,2025,1,H,176,11020000,,,,
165,2025,1,H,177,2345000,,,,
165,2025,1,H,197,14000000,,,,
165,2025,1,H,199,18200000,,,,
165,2025,1,H,209,12640000,,,,
165,2025,1,H,210,48600000,,,,
165,2025,1,H,211,34140000,,,,
165,2025,1,H,212,29800000,,,,
165,2025,1,H,213,7000000,,,,
165,2025,1,H,242,23218000,,,,
165,2025,1,H,243,43370000,,,,
165,2025,1,H,244,7000000,,,,
165,2025,1,H,245,49050000,,,,
165,2025,1,H,258,173120000,,,,
165,2025,1,H,263,50850000,,,,
165,2025,1,H,264,23550000,,,,
165,2025,1,H,294,89280000,,,,
165,2025,1,H,295,72500000,,,,
165,2025,1,H,296,45000000,,,,
165,2025,1,H,348,15680000,,,,
165,2025,1,H,349,63730000,,,,
165,2025,1,H,350,56160000,,,,
165,2025,1,H,351,13950000,,,,
165,2025,1,H,352,572230000,,,,
165,2025,1,H,353,385000000,,,,
165,2025,1,H,354,223700000,,,,
165,2025,1,H,355,436605000,,,,
165,2025,1,H,356,179535000,,,,
165,2025,1,H,357,477935000,,,,
165,2025,1,H,358,141850000,,,,
165,2025,1,H,359,91779000,,,,
165,2025,1,H,360,607240000,,,,
165,2025,1,H,362,129530000,,,,
165,2025,1,H,361,500000000,,,,
165,2026,1,H,8,2035000,,,,
165,2026,1,H,5,1746000,,,,
165,2026,1,H,6,1640000,,,,
165,2026,1,H,7,1487000,,,,
165,2026,1,H,13,41780000,,,,
165,2026,1,H,10,59000000,,,,
165,2026,1,H,11,56480000,,,,
165,2026,1,H,12,56780000,,,,
165,2026,1,H,26,559210000,,,,
165,2026,1,H,35,57540000,,,,
165,2026,1,H,45,65358000,,,,
165,2026,1,H,61,13500000,,,,
165,2026,1,H,62,78970000,,,,
165,2026,1,H,63,11700000,,,,
165,2026,1,H,64,49900000,,,,
165,2026,1,H,80,90700000,,,,
165,2026,1,H,90,1640000,,,,
165,2026,1,H,91,1553000,,,,
165,2026,1,H,92,2100000,,,,
165,2026,1,H,93,1811000,,,,
165,2026,1,H,94,28800000,,,,
165,2023,1,H,136,3869000,,,,
165,2023,1,H,140,3811000,,,,
165,2023,1,H,137,12187000,,,,
165,2023,1,H,138,11089000,,,,
165,2023,1,H,139,3869000,,,,
165,2023,1,H,144,3811000,,,,
165,2023,1,H,141,12187000,,,,
165,2023,1,H,142,11089000,,,,
165,2023,1,H,143,3869000,,,,
165,2023,1,H,151,29350000,,,,
165,2023,1,H,152,31800000,,,,
165,2023,1,H,153,29575000,,,,
165,2023,1,H,154,27725000,,,,
165,2023,1,H,155,27150000,,,,
165,2023,1,H,156,31350000,,,,
165,2023,1,H,157,21400000,,,,
165,2023,1,H,158,31150000,,,,
165,2023,1,H,198,27000000,,,,
165,2023,1,H,199,25000000,,,,
165,2024,1,H,9,12000000,,,,
165,2024,1,H,6,13080000,,,,
165,2024,1,H,7,11820000,,,,
165,2024,1,H,8,12000000,,,,
165,2024,1,H,13,1880000,,,,
165,2024,1,H,10,2049000,,,,
165,2024,1,H,11,1851000,,,,
165,2024,1,H,12,2039000,,,,
165,2024,1,H,14,23850000,,,,
165,2024,1,H,18,12000000,,,,
165,2024,1,H,15,13080000,,,,
165,2024,1,H,16,11820000,,,,
165,2024,1,H,17,12000000,,,,
165,2024,1,H,153,10000000,,,,
165,2024,1,H,187,35750000,,,,
165,2024,1,H,260,7800000,,,,
165,2024,1,H,261,11080000,,,,
165,2024,1,H,262,9913000,,,,
165,2024,1,H,263,4100000,,,,
165,2025,1,H,21,11181000,,,,
165,2025,1,H,22,25500000,,,,
165,2025,1,H,23,27000000,,,,
165,2025,1,H,24,32300000,,,,
165,2025,1,H,25,34200000,,,,
165,2025,1,H,26,28000000,,,,
165,2025,1,H,30,33000000,,,,
165,2025,1,H,31,29250000,,,,
165,2025,1,H,32,38950000,,,,
165,2025,1,H,69,1880000,,,,
165,2025,1,H,66,2115000,,,,
165,2025,1,H,193,1900000,,,,
165,2025,1,H,198,20800000,,,,
165,2025,1,H,247,33986000,,,,
165,2025,1,H,252,1880000,,,,
165,2025,1,H,249,1980000,,,,
165,2025,1,H,250,1832000,,,,
165,2025,1,H,251,2039000,,,,
165,2025,1,H,253,32400000,,,,
165,2025,1,H,257,24000000,,,,
165,2025,1,H,254,42000000,,,,
165,2025,1,H,255,39480000,,,,
165,2025,1,H,256,39000000,,,,
165,2025,1,H,299,432045000,,,,
165,2025,1,H,300,13500000,,,,
165,2025,1,H,304,1880000,,,,
165,2025,1,H,301,1980000,,,,
165,2025,1,H,302,1832000,,,,
165,2025,1,H,303,2039000,,,,
165,2025,1,H,305,37800000,,,,
165,2025,1,H,309,24000000,,,,
165,2025,1,H,306,42000000,,,,
165,2025,1,H,307,39480000,,,,
165,2025,1,H,308,39000000,,,,
165,2026,1,H,79,69605000,,,,
165,2025,1,H,363,547600000,,,,
165,2026,1,H,77,79035000,,,,
165,2026,1,H,78,29640000,,,,
165,2026,1,H,81,528070000,,,,
165,2026,1,H,82,344000000,,,,
165,2026,1,H,83,310275000,,,,
165,2026,1,H,84,405170000,,,,
165,2026,1,H,85,285740000,,,,
165,2026,1,H,86,30515000,,,,
165,2026,1,H,87,28000000,,,,
165,2026,1,H,88,36000000,,,,
165,2026,1,H,89,21875000,,,,
165,2023,1,H,118,11125000,,,,
165,2023,1,H,148,4557000,,,,
165,2023,1,H,159,27943000,,,,
165,2023,1,H,149,11068000,,,,
165,2023,1,H,160,14000000,,,,
165,2023,1,H,161,27000000,,,,
165,2023,1,H,162,27000000,,,,
165,2023,1,H,163,24523000,,,,
165,2023,1,H,164,29814000,,,,
165,2023,1,H,165,18983000,,,,
165,2023,1,H,166,32946000,,,,
165,2023,1,H,167,29470000,,,,
165,2023,1,H,168,28248000,,,,
165,2023,1,H,183,25650000,,,,
165,2023,1,H,187,11070000,,,,
165,2023,1,H,184,12187000,,,,
165,2023,1,H,185,11089000,,,,
165,2023,1,H,186,11240000,,,,
165,2023,1,H,204,22500000,,,,
165,2023,1,H,205,35500000,,,,
165,2023,1,H,206,450000,,,,
165,2023,1,H,231,47648000,,,,
165,2023,1,H,232,25000000,,,,
165,2024,1,H,23,23000000,,,,
165,2024,1,H,30,42960000,,,,
165,2024,1,H,31,37630000,,,,
165,2024,1,H,32,42100000,,,,
165,2024,1,H,33,48330000,,,,
165,2024,1,H,34,14000000,,,,
165,2024,1,H,35,45900000,,,,
165,2024,1,H,36,38500000,,,,
165,2024,1,H,37,38197000,,,,
165,2024,1,H,38,49710000,,,,
165,2024,1,H,39,38174000,,,,
165,2024,1,H,40,40582000,,,,
165,2024,1,H,41,2049000,,,,
165,2024,1,H,44,1880000,,,,
165,2024,1,H,42,1847000,,,,
165,2024,1,H,43,120000,,,,
165,2024,1,H,78,10580000,,,,
165,2024,1,H,84,1880000,,,,
165,2024,1,H,81,2049000,,,,
165,2024,1,H,82,1917000,,,,
165,2024,1,H,83,2039000,,,,
165,2024,1,H,89,16000000,,,,
165,2024,1,H,85,22950000,,,,
165,2024,1,H,86,32440000,,,,
165,2024,1,H,87,16320000,,,,
165,2024,1,H,88,16000000,,,,
165,2024,1,H,90,45950000,,,,
165,2024,1,H,91,49900000,,,,
165,2024,1,H,92,45300000,,,,
165,2024,1,H,93,38450000,,,,
165,2024,1,H,94,46000000,,,,
165,2024,1,H,95,47550000,,,,
165,2024,1,H,96,44550000,,,,
165,2024,1,H,97,43900000,,,,
165,2024,1,H,106,42700000,,,,
165,2024,1,H,107,37500000,,,,
165,2024,1,H,108,13300000,,,,
165,2024,1,H,109,33340000,,,,
165,2024,1,H,110,19800000,,,,
165,2024,1,H,111,35750000,,,,
165,2024,1,H,115,45790000,,,,
165,2024,1,H,116,40104000,,,,
165,2024,1,H,117,48828000,,,,
165,2024,1,H,118,42840000,,,,
165,2024,1,H,119,46800000,,,,
165,2024,1,H,120,47956000,,,,
165,2024,1,H,121,48000000,,,,
165,2024,1,H,122,45960000,,,,
165,2024,1,H,123,43510000,,,,
165,2024,1,H,124,21000000,,,,
165,2024,1,H,125,45000000,,,,
165,2024,1,H,126,45000000,,,,
165,2024,1,H,127,45000000,,,,
165,2024,1,H,128,20700000,,,,
165,2024,1,H,129,45000000,,,,
165,2024,1,H,130,32050000,,,,
165,2024,1,H,131,46354000,,,,
165,2024,1,H,132,36449000,,,,
165,2024,1,H,133,24932000,,,,
165,2024,1,H,134,29048000,,,,
165,2024,1,H,135,35790000,,,,
165,2024,1,H,145,5000000,,,,
165,2024,1,H,146,5000000,,,,
165,2024,1,H,147,12000000,,,,
165,2024,1,H,148,8215000,,,,
165,2024,1,H,217,34200000,,,,
165,2024,1,H,221,16000000,,,,
165,2024,1,H,218,29440000,,,,
165,2024,1,H,219,28320000,,,,
165,2024,1,H,220,16000000,,,,
165,2025,1,H,4,1880000,,,,
165,2025,1,H,1,2115000,,,,
165,2025,1,H,2,1917000,,,,
165,2025,1,H,3,2039000,,,,
165,2025,1,H,5,32400000,,,,
165,2025,1,H,16,29700000,,,,
165,2025,1,H,20,36480000,,,,
165,2025,1,H,17,39000000,,,,
165,2025,1,H,18,24000000,,,,
165,2025,1,H,19,24000000,,,,
165,2025,1,H,57,8100000,,,,
165,2025,1,H,58,7560000,,,,
165,2025,1,H,59,10500000,,,,
165,2025,1,H,60,2660000,,,,
165,2025,1,H,61,11060000,,,,
165,2025,1,H,95,45900000,,,,
165,2025,1,H,96,31500000,,,,
165,2025,1,H,97,48600000,,,,
165,2025,1,H,98,32400000,,,,
165,2025,1,H,99,21600000,,,,
165,2025,1,H,100,18900000,,,,
165,2025,1,H,101,49500000,,,,
165,2025,1,H,102,49500000,,,,
165,2025,1,H,103,49500000,,,,
165,2025,1,H,104,49500000,,,,
165,2025,1,H,105,49500000,,,,
165,2025,1,H,106,49500000,,,,
165,2025,1,H,107,49500000,,,,
165,2025,1,H,108,49500000,,,,
165,2025,1,H,109,49500000,,,,
165,2025,1,H,110,12900000,,,,
165,2025,1,H,111,31680000,,,,
165,2025,1,H,112,31680000,,,,
165,2025,1,H,113,48600000,,,,
165,2025,1,H,127,40500000,,,,
165,2025,1,H,128,48600000,,,,
165,2025,1,H,129,48600000,,,,
165,2025,1,H,130,49950000,,,,
165,2025,1,H,131,49950000,,,,
165,2025,1,H,132,49950000,,,,
165,2025,1,H,133,49950000,,,,
165,2025,1,H,134,49950000,,,,
165,2025,1,H,135,40000000,,,,
165,2025,1,H,136,36000000,,,,
165,2025,1,H,137,42815000,,,,
165,2025,1,H,138,49500000,,,,
165,2025,1,H,139,49500000,,,,
165,2025,1,H,140,50000000,,,,
165,2025,1,H,141,18000000,,,,
165,2025,1,H,142,9000000,,,,
165,2025,1,H,143,15976000,,,,
165,2025,1,H,144,40174000,,,,
165,2025,1,H,145,41060000,,,,
165,2025,1,H,146,44500000,,,,
165,2025,1,H,147,46000000,,,,
165,2025,1,H,148,48500000,,,,
165,2025,1,H,194,3060000,,,,
165,2025,1,H,200,33550000,,,,
165,2025,1,H,201,30580000,,,,
165,2025,1,H,202,40800000,,,,
