BALADIEH_INTID,BUDGET_YEAR,PAYMENT_SEQ_YR,ACCEPT_SEQ_YR,ENTRY_DATE,PAY_TYPE,CHECK_NUM,PAY_DATE,AMOUNT,CASHIER,PRINTED,USER_ID,TRANS_DATE,EXPENSE_AUTH_BY,PAY_AUTH_BY,CASHING_DATE,ACTIVE,INACTIVE_REASON,INACTIVE_DATE,CHECK_DATE,TREASURY_RECEIPT_DATE,PARAGRAPH
165,2008,138,139,2008-12-22,H,,2008-12-22,50000,1,Y,MBSMONA,2008-12-22,رئيس البلدية,امين الصندوق,2008-12-22,Y,,,,,
165,2008,139,140,2008-12-31,,,2008-12-31,1334000,,N,MBSMONA,2008-12-22,رئيس البلدية,امين الصندوق,,N,خطأ في القيمة,2008-12-31,,,
165,2008,140,141,2008-12-31,H,,2008-12-31,531000,1,Y,MBSMONA,2008-12-23,رئيس البلدية,امين الصندوق,2008-12-31,Y,,,,,
165,2008,141,142,2008-12-31,H,,2008-12-31,32000,1,Y,MBSMONA,2008-12-23,رئيس البلدية,امين الصندوق,2008-12-31,Y,,,,,
165,2008,142,143,2008-12-31,H,,2008-12-31,600000,1,Y,MBSMONA,2008-12-23,رئيس البلدية,امين الصندوق,2008-12-31,Y,,,,,
165,2008,143,144,2008-12-31,H,,2008-12-31,1737000,1,Y,MBSMONA,2008-12-31,رئيس البلدية,امين الصندوق,2008-12-31,Y,,,,,
165,2008,144,145,2008-12-31,H,,2008-12-31,1224000,1,Y,MBSMONA,2008-12-31,رئيس البلدية,امين الصندوق,2008-12-31,Y,,,,,
165,2008,145,146,2008-12-31,H,,2008-12-31,1700000,1,Y,MBSMONA,2008-12-31,رئيس البلدية,امين الصندوق,2008-12-31,Y,,,,,
165,2008,146,147,2008-12-31,H,,2008-12-31,5369000,1,Y,MBSMONA,2008-12-31,المجلس البلدي,امين الصندوق,2008-12-31,Y,,,,,
165,2008,147,148,2008-12-31,H,,2008-12-31,2528000,1,Y,MBSMONA,2008-10-07,المجلس البلدي,امين الصندوق,2008-12-31,Y,,,,,
165,2009,1,2,2009-01-31,H,,2009-01-31,2337000,1,Y,MBSMONA,2009-01-31,رئيس البلدية,امين الصندوق,2009-01-31,Y,,,,,
165,2009,2,3,2009-01-31,H,,2009-01-31,488000,1,Y,MBSMONA,2009-01-31,رئيس البلدية,امين الصندوق,2009-01-31,Y,,,,,
165,2009,3,4,2009-01-31,H,,2009-01-31,1700000,1,Y,MBSMONA,2009-01-31,رئيس البلدية,امين الصندوق,2009-01-31,Y,,,,,
165,2009,4,5,2009-01-20,H,,2009-01-20,233000,1,Y,MBSMONA,2009-01-31,رئيس البلدية,امين الصندوق,2009-01-20,Y,,,,,
165,2009,5,6,2009-01-31,H,,2009-01-31,840000,1,Y,MBSMONA,2009-01-31,رئيس البلدية,امين الصندوق,2009-01-31,Y,,,,,
165,2009,6,7,2009-02-05,H,,2009-02-06,2546000,1,Y,MBSMONA,2009-01-31,المجلس البلدي,امين الصندوق,2009-02-06,Y,,,,,
165,2009,7,8,2009-02-05,H,,2009-02-06,12256000,1,Y,MBSMONA,2009-01-31,المجلس البلدي,امين الصندوق,2009-02-06,Y,,,,,
165,2009,8,9,2009-02-05,H,,2009-02-06,5400000,1,Y,MBSMONA,2009-01-31,المجلس البلدي,امين الصندوق,2009-02-06,Y,,,,,
165,2009,9,10,2009-02-13,H,,2009-02-13,986000,1,Y,MBSMONA,2009-01-31,رئيس البلدية,امين الصندوق,2009-02-13,Y,,,,,
165,2009,10,11,2009-02-13,H,,2009-02-13,928000,1,Y,MBSMONA,2009-01-31,رئيس البلدية,امين الصندوق,2009-02-13,Y,,,,,
165,2009,11,1,2009-02-16,H,,2009-02-16,1568000,1,Y,MBSMONA,2009-01-31,رئيس البلدية,امين الصندوق,2009-02-16,Y,,,,,
165,2009,12,12,2009-02-23,H,,2009-02-23,237000,1,Y,MBSMONA,2009-01-31,رئيس البلدية,امين الصندوق,2009-02-23,Y,,,,,
165,2013,130,130,2013-12-24,H,,2013-12-24,2200000,1,Y,BUDGET,2013-12-24,رئيس البلدية,محتسب البلدية,2013-12-24,Y,,,,,
165,2013,131,131,2013-12-27,H,,2013-12-27,1386000,1,Y,BUDGET,2013-12-27,رئيس البلدية,محتسب البلدية,2013-12-27,Y,,,,,
165,2013,132,132,2013-12-27,H,,2013-12-27,900000,1,Y,BUDGET,2013-12-27,رئيس البلدية,محتسب البلدية,2013-12-27,Y,,,,,
165,2013,133,133,2013-12-27,H,,2013-12-27,875000,1,Y,BUDGET,2013-12-27,رئيس البلدية,محتسب البلدية,2013-12-27,Y,,,,,
165,2013,134,134,2013-12-27,H,,2013-12-27,2011000,1,Y,BUDGET,2013-12-27,رئيس البلدية,محتسب البلدية,2013-12-27,Y,,,,,
165,2013,135,135,2013-12-27,H,,2013-12-27,1059000,1,Y,BUDGET,2013-12-27,رئيس البلدية,محتسب البلدية,2013-12-27,Y,,,,,
165,2013,136,136,2013-12-27,H,,2013-12-27,2400000,1,Y,BUDGET,2013-12-27,رئيس البلدية,محتسب البلدية,2013-12-27,Y,,,,,
165,2013,137,137,2013-12-27,H,,2013-12-27,2900000,1,Y,BUDGET,2013-12-27,رئيس البلدية,محتسب البلدية,2013-12-27,Y,,,,,
165,2013,138,138,2013-12-27,H,,2013-12-27,42000,1,Y,BUDGET,2013-12-27,رئيس البلدية,محتسب البلدية,2013-12-27,Y,,,,,
165,2013,139,139,2013-12-27,H,,2013-12-27,47000,1,Y,BUDGET,2013-12-27,رئيس البلدية,محتسب البلدية,2013-12-27,Y,,,,,
165,2013,140,140,2013-12-27,H,,2013-12-27,50000,1,Y,BUDGET,2013-12-27,رئيس البلدية,محتسب البلدية,2013-12-27,Y,,,,,
165,2013,141,141,2013-12-28,H,,2013-12-28,1040000,1,Y,BUDGET,2013-12-28,رئيس البلدية,محتسب البلدية,2013-12-28,Y,,,,,
165,2013,142,142,2013-12-28,H,,2013-12-28,2167000,1,Y,BUDGET,2013-12-28,رئيس البلدية,محتسب البلدية,2013-12-28,Y,,,,,
165,2013,143,143,2013-12-28,H,,2013-12-28,616000,1,Y,BUDGET,2013-12-28,رئيس البلدية,محتسب البلدية,2013-12-28,Y,,,,,
165,2013,144,144,2013-12-28,H,,2013-12-28,1100000,1,Y,BUDGET,2013-12-28,رئيس البلدية,محتسب البلدية,2013-12-28,Y,,,,,
165,2013,145,145,2013-12-28,H,,2013-12-28,100000,1,Y,BUDGET,2013-12-28,رئيس البلدية,محتسب البلدية,2013-12-28,Y,,,,,
165,2013,146,146,2013-12-30,H,,2013-12-30,1157000,1,Y,BUDGET,2013-12-30,رئيس البلدية,محتسب البلدية,2013-12-30,Y,,,,,
165,2013,147,147,2013-12-30,H,,2013-12-30,50000,1,Y,BUDGET,2013-12-30,رئيس البلدية,محتسب البلدية,2013-12-30,Y,,,,,
165,2013,148,148,2013-12-30,H,,2013-12-30,1512000,1,Y,MBSSMALL,2013-12-30,رئيس البلدية,محتسب البلدية,2013-12-30,Y,,,,,
165,2013,149,149,2013-12-30,H,,2013-12-30,556000,1,Y,BUDGET,2013-12-30,رئيس البلدية,محتسب البلدية,2013-12-30,Y,,,,,
165,2013,150,150,2013-12-31,H,,2013-12-31,892000,1,Y,BUDGET,2013-12-31,رئيس البلدية,محتسب البلدية,2013-12-31,Y,,,,,
165,2013,151,151,2013-12-31,H,,2013-12-31,17069000,1,Y,BUDGET,2013-12-31,رئيس البلدية,محتسب البلدية,2013-12-31,Y,,,,,
165,2013,152,152,2013-12-31,H,,2013-12-31,2894000,1,Y,BUDGET,2013-12-31,رئيس البلدية,محتسب البلدية,2013-12-31,Y,,,,,
165,2013,153,153,2013-12-31,H,,2013-12-31,2850000,1,Y,BUDGET,2013-12-31,رئيس البلدية,محتسب البلدية,2013-12-31,Y,,,,,
165,2014,1,1,2014-02-03,H,,2014-02-03,1040000,1,Y,BUDGET,2014-02-03,رئيس البلدية,محتسب البلدية,2014-02-03,Y,,,,,
165,2014,2,2,2014-02-04,H,,2014-02-04,2221000,1,Y,BUDGET,2014-02-04,رئيس البلدية,محتسب البلدية,2014-02-04,Y,,,,,
165,2014,3,3,2014-02-04,H,,2014-02-04,616000,1,Y,BUDGET,2014-02-04,رئيس البلدية,محتسب البلدية,2014-02-04,Y,,,,,
165,2014,4,4,2014-02-04,H,,2014-02-04,1100000,1,Y,BUDGET,2014-02-04,رئيس البلدية,محتسب البلدية,2014-02-04,Y,,,,,
165,2014,5,5,2014-02-04,H,,2014-02-04,100000,1,Y,BUDGET,2014-02-04,رئيس البلدية,محتسب البلدية,2014-02-04,Y,,,,,
165,2014,6,6,2014-03-04,H,,2014-03-04,1040000,1,Y,BUDGET,2014-03-04,رئيس البلدية,محتسب البلدية,2014-03-04,Y,,,,,
165,2014,7,7,2014-03-04,H,,2014-03-04,2221000,1,Y,BUDGET,2014-03-04,رئيس البلدية,محتسب البلدية,2014-03-04,Y,,,,,
165,2014,8,8,2014-03-04,H,,2014-03-04,608000,1,Y,BUDGET,2014-03-04,رئيس البلدية,محتسب البلدية,2014-03-04,Y,,,,,
165,2014,9,9,2014-03-04,H,,2014-03-04,1100000,1,Y,BUDGET,2014-03-04,رئيس البلدية,محتسب البلدية,2014-03-04,Y,,,,,
165,2014,10,10,2014-03-04,H,,2014-03-04,100000,1,Y,BUDGET,2014-03-04,رئيس البلدية,محتسب البلدية,2014-03-04,Y,,,,,
165,2014,11,11,2014-03-19,H,,2014-03-19,1784000,1,Y,BUDGET,2014-03-19,رئيس البلدية,محتسب البلدية,2014-03-19,Y,,,,,
165,2014,12,12,2014-03-19,H,,2014-03-19,19300000,1,Y,BUDGET,2014-03-19,رئيس البلدية,محتسب البلدية,2014-03-19,Y,,,,,
165,2014,13,13,2014-03-19,H,,2014-03-19,16800000,1,Y,BUDGET,2014-03-19,رئيس البلدية,محتسب البلدية,2014-03-19,Y,,,,,
165,2021,67,68,2021-08-06,H,,2021-08-06,7000000,1,Y,MBSSMALL,2021-08-24,رئيس البلدية,محتسب البلدية,2021-08-06,Y,,,,,
165,2021,68,69,2021-08-06,H,,2021-08-06,8180000,1,Y,MBSSMALL,2021-08-24,رئيس البلدية,محتسب البلدية,2021-08-06,Y,,,,,
165,2021,69,70,2021-08-06,H,,2021-08-06,5020000,1,Y,MBSSMALL,2021-08-24,رئيس البلدية,محتسب البلدية,2021-08-06,Y,,,,,
165,2021,70,71,2021-08-06,H,,2021-08-06,1072000,1,Y,MBSSMALL,2021-08-27,رئيس البلدية,محتسب البلدية,2021-08-06,Y,,,,,
165,2021,71,72,2021-08-06,H,,2021-08-06,980000,1,Y,MBSSMALL,2021-08-27,رئيس البلدية,محتسب البلدية,2021-08-06,Y,,,,,
165,2021,72,73,2021-08-06,H,,2021-08-06,2491000,1,Y,MBSSMALL,2021-08-27,رئيس البلدية,محتسب البلدية,2021-08-06,Y,,,,,
165,2021,73,74,2021-08-31,H,,2021-08-31,1926000,1,Y,MBSSMALL,2021-08-31,رئيس البلدية,محتسب البلدية,2021-08-31,Y,,,,,
165,2021,74,75,2021-08-31,H,,2021-08-31,1744000,1,Y,MBSSMALL,2021-08-31,رئيس البلدية,محتسب البلدية,2021-08-31,Y,,,,,
165,2021,75,76,2021-08-31,H,,2021-08-31,1906000,1,Y,MBSSMALL,2021-08-31,رئيس البلدية,محتسب البلدية,2021-08-31,Y,,,,,
165,2021,76,77,2021-08-31,H,,2021-08-31,1734000,1,Y,MBSSMALL,2021-08-31,رئيس البلدية,محتسب البلدية,2021-08-31,Y,,,,,
165,2021,77,78,2021-08-31,H,,2021-08-31,576000,1,Y,MBSSMALL,2021-08-31,رئيس البلدية,محتسب البلدية,2021-08-31,Y,,,,,
165,2021,78,79,2021-08-31,H,,2021-08-31,700000,1,Y,MBSSMALL,2021-08-31,رئيس البلدية,محتسب البلدية,2021-08-31,Y,,,,,
165,2021,79,80,2021-08-31,H,,2021-08-31,700000,1,Y,MBSSMALL,2021-08-31,رئيس البلدية,محتسب البلدية,2021-08-31,Y,,,,,
165,2021,80,81,2021-08-31,H,,2021-08-31,500000,1,Y,MBSSMALL,2021-08-31,رئيس البلدية,محتسب البلدية,2021-08-31,Y,,,,,
165,2021,81,82,2021-08-31,H,,2021-08-31,11948000,1,Y,MBSSMALL,2021-09-23,رئيس البلدية,محتسب البلدية,2021-08-31,Y,,,,,
165,2021,82,83,2021-09-23,H,,2021-09-23,392000,1,Y,MBSSMALL,2021-09-28,رئيس البلدية,محتسب البلدية,2021-09-23,Y,,,,,
165,2021,83,84,2021-09-23,H,,2021-09-23,2137000,1,Y,MBSSMALL,2021-09-28,رئيس البلدية,محتسب البلدية,2021-09-23,Y,,,,,
165,2021,84,85,2021-09-23,H,,2021-09-23,1620000,1,Y,MBSSMALL,2021-09-29,رئيس البلدية,محتسب البلدية,2021-09-23,Y,,,,,
165,2021,85,86,2021-09-23,H,,2021-09-23,920000,1,Y,MBSSMALL,2021-09-29,رئيس البلدية,محتسب البلدية,2021-09-23,Y,,,,,
165,2021,86,87,2021-09-23,H,,2021-09-23,1610000,1,Y,MBSSMALL,2021-09-30,رئيس البلدية,محتسب البلدية,2021-09-23,Y,,,,,
165,2021,87,88,2021-09-23,H,,2021-09-23,1986000,1,Y,MBSSMALL,2021-09-30,رئيس البلدية,محتسب البلدية,2021-09-23,Y,,,,,
165,2021,88,89,2021-09-23,H,,2021-09-23,300000,1,Y,MBSSMALL,2021-10-01,رئيس البلدية,محتسب البلدية,2021-09-23,Y,,,,,
165,2021,89,90,2021-09-30,H,,2021-09-30,4426000,1,Y,MBSSMALL,2021-10-01,رئيس البلدية,محتسب البلدية,2021-09-30,Y,,,,,
165,2021,90,91,2021-09-30,H,,2021-09-30,3854000,1,Y,MBSSMALL,2021-10-05,رئيس البلدية,محتسب البلدية,2021-09-30,Y,,,,,
165,2021,91,92,2021-09-30,H,,2021-09-30,6357000,1,Y,MBSSMALL,2021-10-05,رئيس البلدية,محتسب البلدية,2021-09-30,Y,,,,,
165,2021,163,168,2021-12-30,H,,2021-12-30,14000000,1,Y,MBSSMALL,2022-01-28,رئيس البلدية,محتسب البلدية,2021-12-30,Y,,,,,
165,2021,164,169,2021-12-30,H,,2021-12-30,16040000,1,Y,MBSSMALL,2022-01-28,رئيس البلدية,محتسب البلدية,2021-12-30,Y,,,,,
165,2021,165,170,2021-12-30,H,,2021-12-30,2000000,1,Y,MBSSMALL,2022-01-28,رئيس البلدية,محتسب البلدية,2021-12-30,Y,,,,,
165,2021,166,171,2021-12-30,H,,2021-12-30,5000000,1,Y,MBSSMALL,2022-01-28,رئيس البلدية,محتسب البلدية,2021-12-30,Y,,,,,
165,2021,167,172,2021-12-27,H,,2021-12-27,310000,1,Y,MBSSMALL,2022-02-03,رئيس البلدية,محتسب البلدية,2021-12-27,Y,,,,,
165,2022,1,1,2022-01-31,H,,2022-01-31,1926000,1,Y,MBSSMALL,2022-03-09,رئيس البلدية,محتسب البلدية,2022-01-31,Y,,,,,
165,2022,2,2,2022-01-31,H,,2022-01-31,1744000,1,Y,MBSSMALL,2022-03-09,رئيس البلدية,محتسب البلدية,2022-01-31,Y,,,,,
165,2004,222,227,2004-11-05,H,,2004-11-08,512000,1,Y,MBSMONA,2004-11-12,المجلس البلدي,امين الصندوق,2004-11-08,Y,,,,,
165,2004,223,228,2004-12-01,H,,2004-12-01,1313000,1,Y,MBSMONA,2004-12-14,رئيس البلدية,امين الصندوق,2004-12-01,Y,,,,,
165,2004,224,229,2004-12-01,H,,2004-12-01,1535000,1,Y,MBSMONA,2004-12-14,رئيس البلدية,امين الصندوق,2004-12-01,Y,,,,,
165,2004,225,230,2004-12-01,H,,2004-12-01,312000,1,Y,MBSMONA,2004-12-15,رئيس البلدية,امين الصندوق,2004-12-01,Y,,,,,
165,2004,226,231,2004-12-02,H,,2004-12-03,3061000,1,Y,MBSMONA,2004-12-15,المجلس البلدي,امين الصندوق,2004-12-03,Y,,,,,
165,2004,227,232,2004-12-02,H,,2004-12-03,1055000,1,Y,MBSMONA,2004-12-22,المجلس البلدي,امين الصندوق,2004-12-03,Y,,,,,
165,2004,228,233,2004-12-02,H,,2004-12-03,1046000,1,Y,MBSMONA,2004-12-22,المجلس البلدي,امين الصندوق,2004-12-03,Y,,,,,
165,2004,229,234,2004-12-02,H,,2004-12-03,1103000,1,Y,MBSMONA,2004-12-22,المجلس البلدي,امين الصندوق,2004-12-03,Y,,,,,
165,2004,230,235,2004-12-02,H,,2004-12-03,585000,1,Y,MBSMONA,2004-12-22,المجلس البلدي,امين الصندوق,2004-12-03,Y,,,,,
165,2004,231,236,2004-12-02,H,,2004-12-03,75000,1,Y,MBSMONA,2004-12-22,المجلس البلدي,امين الصندوق,2004-12-03,Y,,,,,
165,2004,232,237,2004-12-02,H,,2004-12-03,934000,1,Y,MBSMONA,2004-12-22,المجلس البلدي,امين الصندوق,2004-12-03,Y,,,,,
165,2004,233,238,2004-12-02,H,,2004-12-03,1770000,1,Y,MBSMONA,2004-12-30,المجلس البلدي,امين الصندوق,2004-12-03,Y,,,,,
165,2004,234,239,2004-12-02,H,,2004-12-03,75000,1,Y,MBSMONA,2004-12-30,المجلس البلدي,امين الصندوق,2004-12-03,Y,,,,,
165,2004,235,240,2004-12-02,H,,2004-12-03,1013000,1,Y,MBSMONA,2004-12-30,المجلس البلدي,امين الصندوق,2004-12-03,Y,,,,,
165,2004,236,241,2004-12-02,H,,2004-12-03,390000,1,Y,MBSMONA,2004-12-30,المجلس البلدي,امين الصندوق,2004-12-03,Y,,,,,
165,2004,237,242,2004-12-02,H,,2004-12-03,804000,1,Y,MBSMONA,2004-12-30,المجلس البلدي,امين الصندوق,2004-12-03,Y,,,,,
165,2004,238,243,2004-12-02,H,,2004-12-03,333000,1,Y,MBSMONA,2004-12-30,المجلس البلدي,امين الصندوق,2004-12-03,Y,,,,,
165,2004,239,244,2004-12-02,H,,2004-12-03,60000,1,Y,MBSMONA,2004-12-30,المجلس البلدي,امين الصندوق,2004-12-03,Y,,,,,
165,2004,240,245,2004-12-02,H,,2004-12-03,3000000,1,Y,MBSMONA,2004-12-30,المجلس البلدي,امين الصندوق,2004-12-17,Y,,,,,
165,2004,241,246,2005-01-14,H,,2005-01-15,340000,1,Y,MBSMONA,2005-01-19,المجلس البلدي,امين الصندوق,2005-01-15,Y,,,,,
165,2004,242,247,2005-01-14,H,,2005-01-15,4100000,1,Y,MBSMONA,2005-01-19,المجلس البلدي,امين الصندوق,2005-01-15,Y,,,,,
165,2004,243,248,2005-01-14,H,,2005-01-15,264000,1,Y,MBSMONA,2005-01-19,المجلس البلدي,امين الصندوق,2005-01-15,Y,,,,,
165,2004,244,249,2004-12-13,H,,2004-12-13,699000,1,Y,MBSMONA,2005-01-19,رئيس البلدية,امين الصندوق,2004-12-13,Y,,,,,
165,2004,245,250,2004-12-13,H,,2004-12-13,618000,1,Y,MBSMONA,2005-01-19,رئيس البلدية,امين الصندوق,2004-12-13,Y,,,,,
165,2004,246,251,2004-12-30,H,,2005-01-15,526000,1,Y,MBSMONA,2005-01-26,رئيس البلدية,امين الصندوق,2005-01-15,Y,,,,,
165,2004,247,252,2004-12-30,H,,2005-01-15,200000,1,Y,MBSMONA,2005-01-26,رئيس البلدية,امين الصندوق,2005-01-15,Y,,,,,
165,2023,146,156,2023-10-18,H,,2023-10-18,6500000,1,Y,MBSSMALL,2023-10-31,رئيس البلدية,محتسب البلدية,2023-10-18,Y,,,,,1.0
165,2023,159,169,2023-10-18,H,,2023-10-18,27943000,1,Y,MBSSMALL,2023-11-01,رئيس البلدية,محتسب البلدية,2023-10-18,Y,,,,,1.0
165,2023,160,170,2023-10-18,H,,2023-10-18,14000000,1,Y,MBSSMALL,2023-11-01,رئيس البلدية,محتسب البلدية,2023-10-18,Y,,,,,1.0
165,2023,161,171,2023-10-18,H,,2023-10-18,27000000,1,Y,MBSSMALL,2023-11-01,رئيس البلدية,محتسب البلدية,2023-10-18,Y,,,,,1.0
165,2023,162,172,2023-10-18,H,,2023-10-18,27000000,1,Y,MBSSMALL,2023-11-01,رئيس البلدية,محتسب البلدية,2023-10-18,Y,,,,,1.0
165,2023,163,173,2023-10-18,H,,2023-10-18,24523000,1,Y,MBSSMALL,2023-11-01,رئيس البلدية,محتسب البلدية,2023-10-18,Y,,,,,1.0
165,2023,164,174,2023-10-18,H,,2023-10-18,29814000,1,Y,MBSSMALL,2023-11-01,رئيس البلدية,محتسب البلدية,2023-10-18,Y,,,,,1.0
165,2023,165,175,2023-10-18,H,,2023-10-18,18983000,1,Y,MBSSMALL,2023-11-01,رئيس البلدية,محتسب البلدية,2023-10-18,Y,,,,,1.0
165,2023,166,176,2023-10-18,H,,2023-10-18,32946000,1,Y,MBSSMALL,2023-11-01,رئيس البلدية,محتسب البلدية,2023-10-18,Y,,,,,1.0
165,2023,167,177,2023-10-18,H,,2023-10-18,29470000,1,Y,MBSSMALL,2023-11-01,رئيس البلدية,محتسب البلدية,2023-10-18,Y,,,,,1.0
165,2023,168,178,2023-10-18,H,,2023-10-18,28248000,1,Y,MBSSMALL,2023-11-01,رئيس البلدية,محتسب البلدية,2023-10-18,Y,,,,,1.0
165,2023,170,180,2023-10-31,H,,2023-10-31,2049000,1,Y,MBSSMALL,2023-11-20,رئيس البلدية,محتسب البلدية,2023-10-31,Y,,,,,1.0
165,2023,171,181,2023-10-31,H,,2023-10-31,1851000,1,Y,MBSSMALL,2023-11-20,رئيس البلدية,محتسب البلدية,2023-10-31,Y,,,,,1.0
165,2023,172,182,2023-10-31,H,,2023-10-31,1987000,1,Y,MBSSMALL,2023-11-20,رئيس البلدية,محتسب البلدية,2023-10-31,Y,,,,,1.0
165,2023,173,183,2023-10-31,H,,2023-10-31,1828000,1,Y,MBSSMALL,2023-11-20,رئيس البلدية,محتسب البلدية,2023-10-31,Y,,,,,1.0
165,2023,174,184,2023-10-31,H,,2023-10-31,8360000,1,Y,MBSSMALL,2023-11-20,رئيس البلدية,محتسب البلدية,2023-10-31,Y,,,,,1.0
165,2023,175,185,2023-10-31,H,,2023-10-31,12187000,1,Y,MBSSMALL,2023-11-20,رئيس البلدية,محتسب البلدية,2023-10-31,Y,,,,,1.0
165,2023,176,186,2023-10-31,H,,2023-10-31,11089000,1,Y,MBSSMALL,2023-11-20,رئيس البلدية,محتسب البلدية,2023-10-31,Y,,,,,1.0
165,2023,177,187,2023-10-31,H,,2023-10-31,3869000,1,Y,MBSSMALL,2023-11-20,رئيس البلدية,محتسب البلدية,2023-10-31,Y,,,,,1.0
165,2023,178,188,2023-10-31,H,,2023-10-31,3811000,1,Y,MBSSMALL,2023-11-20,رئيس البلدية,محتسب البلدية,2023-10-31,Y,,,,,1.0
165,2023,188,199,2023-12-06,H,,2023-12-06,9450000,1,Y,MBSSMALL,2023-12-27,رئيس البلدية,محتسب البلدية,2023-12-06,Y,,,,,1.0
165,2023,189,200,2023-12-13,H,,2023-12-13,46700000,1,Y,MBSSMALL,2023-12-27,رئيس البلدية,محتسب البلدية,2023-12-13,Y,,,,,1.0
165,2023,190,201,2023-12-13,H,,2023-12-13,27325000,1,Y,MBSSMALL,2023-12-27,رئيس البلدية,محتسب البلدية,2023-12-13,Y,,,,,1.0
165,2023,191,202,2023-12-13,H,,2023-12-13,29575000,1,Y,MBSSMALL,2023-12-27,رئيس البلدية,محتسب البلدية,2023-12-13,Y,,,,,1.0
165,2023,192,203,2023-12-13,H,,2023-12-13,44550000,1,Y,MBSSMALL,2023-12-27,رئيس البلدية,محتسب البلدية,2023-12-13,Y,,,,,1.0
165,2023,193,204,2023-12-13,H,,2023-12-13,44550000,1,Y,MBSSMALL,2023-12-27,رئيس البلدية,محتسب البلدية,2023-12-13,Y,,,,,1.0
165,2023,194,205,2023-12-13,H,,2023-12-13,26800000,1,Y,MBSSMALL,2023-12-27,رئيس البلدية,محتسب البلدية,2023-12-13,Y,,,,,1.0
165,2023,195,206,2023-12-13,H,,2023-12-13,25500000,1,Y,MBSSMALL,2023-12-27,رئيس البلدية,محتسب البلدية,2023-12-13,Y,,,,,1.0
165,2023,196,207,2023-12-13,H,,2023-12-13,28167000,1,Y,MBSSMALL,2023-12-27,رئيس البلدية,محتسب البلدية,2023-12-13,Y,,,,,1.0
165,2023,197,208,2023-12-13,H,,2023-12-13,14000000,1,Y,MBSSMALL,2023-12-27,رئيس البلدية,محتسب البلدية,2023-12-13,Y,,,,,1.0
165,2023,200,211,2023-12-13,H,,2023-12-13,2000000,1,Y,MBSSMALL,2023-12-29,رئيس البلدية,محتسب البلدية,2023-12-13,Y,,,,,1.0
165,2023,201,212,2023-12-13,H,,2023-12-13,25783000,1,Y,MBSSMALL,2023-12-29,رئيس البلدية,محتسب البلدية,2023-12-13,Y,,,,,1.0
165,2023,202,213,2023-12-13,H,,2023-12-13,25770000,1,Y,MBSSMALL,2023-12-29,رئيس البلدية,محتسب البلدية,2023-12-13,Y,,,,,1.0
165,2023,203,214,2023-12-13,H,,2023-12-13,34592000,1,Y,MBSSMALL,2023-12-29,رئيس البلدية,محتسب البلدية,2023-12-13,Y,,,,,1.0
165,2023,206,217,2023-12-15,H,,2023-12-15,450000,1,Y,MBSSMALL,2024-01-03,رئيس البلدية,محتسب البلدية,2023-12-15,Y,,,,,1.0
165,2023,207,218,2023-12-21,H,,2023-12-21,7058000,1,Y,MBSSMALL,2024-01-03,رئيس البلدية,محتسب البلدية,2023-12-21,Y,,,,,1.0
165,2023,208,219,2023-12-27,H,,2023-12-27,10435000,1,Y,MBSSMALL,2024-01-03,رئيس البلدية,محتسب البلدية,2023-12-27,Y,,,,,1.0
165,2023,209,220,2023-12-27,H,,2023-12-27,4900000,1,Y,MBSSMALL,2024-01-03,رئيس البلدية,محتسب البلدية,2023-12-27,Y,,,,,1.0
165,2023,210,221,2023-12-29,H,,2023-12-29,2049000,1,Y,MBSSMALL,2024-01-03,رئيس البلدية,محتسب البلدية,2023-12-29,Y,,,,,1.0
165,2023,211,222,2023-12-29,H,,2023-12-29,1851000,1,Y,MBSSMALL,2024-01-03,رئيس البلدية,محتسب البلدية,2023-12-29,Y,,,,,1.0
165,2023,212,223,2023-12-29,H,,2023-12-29,1987000,1,Y,MBSSMALL,2024-01-03,رئيس البلدية,محتسب البلدية,2023-12-29,Y,,,,,1.0
165,2023,213,224,2023-12-29,H,,2023-12-29,1828000,1,Y,MBSSMALL,2024-01-03,رئيس البلدية,محتسب البلدية,2023-12-29,Y,,,,,1.0
165,2023,214,225,2023-12-29,H,,2023-12-29,24750000,1,Y,MBSSMALL,2024-01-03,رئيس البلدية,محتسب البلدية,2023-12-29,Y,,,,,1.0
165,2023,215,229,2023-12-29,H,,2023-12-29,11070000,1,Y,MBSSMALL,2024-01-03,رئيس البلدية,محتسب البلدية,2023-12-29,Y,,,,,1.0
165,2023,216,226,2023-12-29,H,,2023-12-29,12187000,1,Y,MBSSMALL,2024-01-03,رئيس البلدية,محتسب البلدية,2023-12-29,Y,,,,,1.0
165,2023,217,227,2023-12-29,H,,2023-12-29,11089000,1,Y,MBSSMALL,2024-01-03,رئيس البلدية,محتسب البلدية,2023-12-29,Y,,,,,1.0
165,2023,218,228,2023-12-29,H,,2023-12-29,11240000,1,Y,MBSSMALL,2024-01-03,رئيس البلدية,محتسب البلدية,2023-12-29,Y,,,,,1.0
165,2023,220,231,2023-12-29,H,,2023-12-29,44550000,1,Y,MBSSMALL,2024-01-25,رئيس البلدية,محتسب البلدية,2023-12-29,Y,,,,,1.0
165,2023,221,232,2023-12-29,H,,2023-12-29,47650000,1,Y,MBSSMALL,2024-01-25,رئيس البلدية,محتسب البلدية,2023-12-29,Y,,,,,1.0
165,2023,222,233,2023-12-29,H,,2023-12-29,42000000,1,Y,MBSSMALL,2024-01-25,رئيس البلدية,محتسب البلدية,2023-12-29,Y,,,,,1.0
165,2023,223,234,2023-12-29,H,,2023-12-29,37000000,1,Y,MBSSMALL,2024-01-25,رئيس البلدية,محتسب البلدية,2023-12-29,Y,,,,,1.0
165,2023,224,235,2023-12-29,H,,2023-12-29,19476000,1,Y,MBSSMALL,2024-01-25,رئيس البلدية,محتسب البلدية,2023-12-29,Y,,,,,1.0
165,2023,225,236,2023-12-29,H,,2023-12-29,27626000,1,Y,MBSSMALL,2024-01-25,رئيس البلدية,محتسب البلدية,2023-12-29,Y,,,,,1.0
165,2023,226,237,2023-12-29,H,,2023-12-29,46400000,1,Y,MBSSMALL,2024-01-25,رئيس البلدية,محتسب البلدية,2023-12-29,Y,,,,,1.0
165,2006,291,294,2006-12-30,H,,2006-12-30,660000,1,Y,MBSMONA,2007-02-03,رئيس البلدية,امين الصندوق,2006-12-30,Y,,,,,
165,2006,292,295,2006-12-30,H,,2006-12-30,800000,1,Y,MBSMONA,2007-02-03,رئيس البلدية,امين الصندوق,2006-12-30,Y,,,,,
165,2007,1,1,2007-01-18,H,,2007-01-19,10350000,1,Y,MBSMONA,2007-02-15,المجلس البلدي,امين الصندوق,2007-01-19,Y,,,,,
165,2007,2,2,2007-01-18,H,,2007-01-19,1470000,1,Y,MBSMONA,2007-02-15,المجلس البلدي,امين الصندوق,2007-01-19,Y,,,,,
165,2007,3,3,2007-01-18,H,,2007-01-19,3914000,1,Y,MBSMONA,2007-02-15,المجلس البلدي,امين الصندوق,2007-01-19,Y,,,,,
165,2007,4,4,2007-01-18,H,,2007-01-19,1178000,1,Y,MBSMONA,2007-02-15,المجلس البلدي,امين الصندوق,2007-01-19,Y,,,,,
165,2007,5,5,2007-01-18,H,,2007-01-19,720000,1,Y,MBSMONA,2007-02-15,المجلس البلدي,امين الصندوق,2007-01-19,Y,,,,,
165,2007,6,6,2007-01-18,H,,2007-01-19,1680000,1,Y,MBSMONA,2007-02-15,المجلس البلدي,امين الصندوق,2007-01-19,Y,,,,,
165,2007,7,7,2007-01-18,H,,2007-01-19,5400000,1,Y,MBSMONA,2007-02-15,المجلس البلدي,امين الصندوق,2007-01-19,Y,,,,,
165,2007,8,8,2007-01-18,H,,2007-01-19,4582000,1,Y,MBSMONA,2007-02-15,المجلس البلدي,امين الصندوق,2007-01-19,Y,,,,,
165,2007,9,9,2007-01-18,H,,2007-01-19,300000,1,Y,MBSMONA,2007-02-15,المجلس البلدي,امين الصندوق,2007-01-19,Y,,,,,
165,2007,10,10,2007-01-18,H,,2007-01-19,6941000,1,Y,MBSMONA,2007-02-15,المجلس البلدي,امين الصندوق,2007-01-19,Y,,,,,
165,2007,11,11,2007-01-18,H,,2007-01-19,527000,1,Y,MBSMONA,2007-02-15,المجلس البلدي,امين الصندوق,2007-01-19,Y,,,,,
165,2007,12,12,2007-01-18,H,,2007-01-19,1352000,1,Y,MBSMONA,2007-02-15,المجلس البلدي,امين الصندوق,2007-01-19,Y,,,,,
165,2007,13,13,2007-01-18,H,,2007-01-19,800000,1,Y,MBSMONA,2007-02-15,المجلس البلدي,امين الصندوق,2007-01-19,Y,,,,,
165,2007,14,14,2007-01-18,H,,2007-01-19,60000,1,Y,MBSMONA,2007-02-15,المجلس البلدي,امين الصندوق,2007-01-19,Y,,,,,
165,2007,15,15,2007-01-18,H,,2007-01-19,320000,1,Y,MBSMONA,2007-02-15,المجلس البلدي,امين الصندوق,2007-01-19,Y,,,,,
165,2007,16,16,2007-01-18,H,,2007-01-19,1346000,1,Y,MBSMONA,2007-02-15,المجلس البلدي,امين الصندوق,2007-01-19,Y,,,,,
165,2007,17,17,2007-01-18,H,,2007-01-19,925000,1,Y,MBSMONA,2007-02-15,المجلس البلدي,امين الصندوق,2007-01-19,Y,,,,,
165,2007,18,18,2007-01-18,H,,2007-01-19,3370000,1,Y,MBSMONA,2007-02-15,المجلس البلدي,امين الصندوق,2007-01-19,Y,,,,,
165,2007,19,19,2007-01-18,H,,2007-01-19,221000,1,Y,MBSMONA,2007-02-15,المجلس البلدي,امين الصندوق,2007-01-19,Y,,,,,
165,2007,20,20,2007-01-18,H,,2007-01-19,307000,1,Y,MBSMONA,2007-02-15,المجلس البلدي,امين الصندوق,2007-01-19,Y,,,,,
165,2007,21,21,2007-01-18,H,,2007-01-19,1572000,1,Y,MBSMONA,2007-02-15,المجلس البلدي,امين الصندوق,2007-01-19,Y,,,,,
165,2007,22,22,2007-01-18,H,,2007-01-19,307000,1,Y,MBSMONA,2007-02-15,المجلس البلدي,امين الصندوق,2007-01-19,Y,,,,,
165,2007,23,23,2007-01-18,H,,2007-01-19,300000,1,Y,MBSMONA,2007-02-15,المجلس البلدي,امين الصندوق,2007-01-19,Y,,,,,
165,2014,123,124,2014-11-01,H,,2014-11-01,1100000,1,Y,BUDGET,2014-11-05,رئيس البلدية,محتسب البلدية,2014-11-01,Y,,,,,
165,2014,124,125,2014-11-01,H,,2014-11-01,100000,1,Y,BUDGET,2014-11-05,رئيس البلدية,محتسب البلدية,2014-11-01,Y,,,,,
165,2014,125,126,2014-11-17,H,,2014-11-17,2103000,1,Y,BUDGET,2014-11-17,رئيس البلدية,محتسب البلدية,2014-11-17,Y,,,,,
165,2014,126,127,2014-11-17,H,,2014-11-17,2909000,1,Y,BUDGET,2014-11-17,رئيس البلدية,محتسب البلدية,2014-11-17,Y,,,,,
165,2014,127,128,2014-11-18,H,,2014-11-18,1000000,1,Y,BUDGET,2014-11-18,رئيس البلدية,محتسب البلدية,2014-11-18,Y,,,,,
165,2014,128,129,2014-11-24,H,,2014-11-24,870000,1,Y,BUDGET,2014-11-24,رئيس البلدية,محتسب البلدية,2014-11-24,Y,,,,,
165,2014,129,130,2014-11-24,H,,2014-11-24,14053000,1,Y,BUDGET,2014-11-24,رئيس البلدية,محتسب البلدية,2014-11-24,Y,,,,,
165,2014,130,131,2014-11-24,H,,2014-11-24,13100000,1,Y,BUDGET,2014-11-24,رئيس البلدية,محتسب البلدية,2014-11-24,Y,,,,,
165,2014,131,132,2014-11-24,H,,2014-11-24,16115000,1,Y,BUDGET,2014-11-24,رئيس البلدية,محتسب البلدية,2014-11-24,Y,,,,,
165,2014,132,133,2014-11-24,H,,2014-11-24,5999000,1,Y,BUDGET,2014-11-24,رئيس البلدية,محتسب البلدية,2014-11-24,Y,,,,,
165,2014,133,134,2014-11-24,H,,2014-11-24,350000,1,Y,BUDGET,2014-11-24,رئيس البلدية,محتسب البلدية,2014-11-24,Y,,,,,
165,2014,134,135,2014-11-24,H,,2014-11-24,15450000,1,Y,BUDGET,2014-11-25,رئيس البلدية,محتسب البلدية,2014-11-24,Y,,,,,
165,2014,135,136,2014-11-24,H,,2014-11-24,17003000,1,Y,BUDGET,2014-11-25,رئيس البلدية,محتسب البلدية,2014-11-24,Y,,,,,
165,2014,136,137,2014-12-01,H,,2014-12-01,1040000,1,Y,BUDGET,2014-12-01,رئيس البلدية,محتسب البلدية,2014-12-01,Y,,,,,
165,2014,137,138,2014-12-01,H,,2014-12-01,2221000,1,Y,BUDGET,2014-12-01,رئيس البلدية,محتسب البلدية,2014-12-01,Y,,,,,
165,2014,138,139,2014-12-01,H,,2014-12-01,608000,1,Y,BUDGET,2014-12-01,رئيس البلدية,محتسب البلدية,2014-12-01,Y,,,,,
165,2014,139,140,2014-12-01,H,,2014-12-01,1100000,1,Y,BUDGET,2014-12-01,رئيس البلدية,محتسب البلدية,2014-12-01,Y,,,,,
165,2014,140,141,2014-12-01,H,,2014-12-01,100000,1,Y,BUDGET,2014-12-01,رئيس البلدية,محتسب البلدية,2014-12-01,Y,,,,,
165,2014,141,142,2014-12-08,H,,2014-12-08,1665000,1,Y,BUDGET,2014-12-08,رئيس البلدية,محتسب البلدية,2014-12-08,Y,,,,,
165,2014,142,143,2014-12-08,H,,2014-12-08,132000,1,Y,BUDGET,2014-12-08,رئيس البلدية,محتسب البلدية,2014-12-08,Y,,,,,
165,2014,143,144,2014-12-19,H,,2014-12-19,450000,1,Y,BUDGET,2014-12-19,رئيس البلدية,محتسب البلدية,2014-12-19,Y,,,,,
165,2014,144,145,2014-12-20,H,,2014-12-20,800000,1,Y,BUDGET,2014-12-20,رئيس البلدية,محتسب البلدية,2014-12-20,Y,,,,,
165,2014,145,146,2014-12-20,H,,2014-12-20,944000,1,Y,BUDGET,2014-12-20,رئيس البلدية,محتسب البلدية,2014-12-20,Y,,,,,
165,2014,146,147,2014-12-22,H,,2014-12-22,900000,1,Y,BUDGET,2014-12-22,رئيس البلدية,محتسب البلدية,2014-12-22,Y,,,,,
165,2014,147,148,2014-12-23,H,,2014-12-23,19041000,1,Y,BUDGET,2014-12-23,رئيس البلدية,محتسب البلدية,2014-12-23,Y,,,,,
165,2014,148,149,2014-12-23,H,,2014-12-23,19130000,1,Y,BUDGET,2014-12-23,رئيس البلدية,محتسب البلدية,2014-12-23,Y,,,,,
165,2014,149,150,2014-12-23,H,,2014-12-23,1639000,1,Y,BUDGET,2014-12-23,رئيس البلدية,محتسب البلدية,2014-12-23,Y,,,,,
165,2014,150,151,2014-12-23,H,,2014-12-23,1500000,1,Y,BUDGET,2014-12-23,رئيس البلدية,محتسب البلدية,2014-12-23,Y,,,,,
165,2014,151,152,2014-12-23,H,,2014-12-23,2000000,1,Y,BUDGET,2014-12-23,رئيس البلدية,محتسب البلدية,2014-12-23,Y,,,,,
165,2014,152,153,2014-12-26,H,,2014-12-26,2185000,1,Y,BUDGET,2014-12-26,رئيس البلدية,محتسب البلدية,2014-12-26,Y,,,,,
165,2014,153,154,2014-12-27,H,,2014-12-27,835000,1,Y,BUDGET,2014-12-27,رئيس البلدية,محتسب البلدية,2014-12-27,Y,,,,,
165,2014,154,155,2014-12-27,H,,2014-12-27,2760000,1,Y,BUDGET,2014-12-27,رئيس البلدية,محتسب البلدية,2014-12-31,Y,,,,,
165,2014,155,156,2014-12-27,H,,2014-12-27,1040000,1,Y,BUDGET,2014-12-27,رئيس البلدية,محتسب البلدية,2014-12-27,Y,,,,,
165,2014,156,157,2014-12-27,H,,2014-12-27,2221000,1,Y,BUDGET,2014-12-27,رئيس البلدية,محتسب البلدية,2014-12-27,Y,,,,,
165,2014,14,14,2014-03-20,H,,2014-03-20,4040000,1,Y,BUDGET,2014-03-20,رئيس البلدية,محتسب البلدية,2014-03-20,Y,,,,,
165,2014,15,15,2014-03-20,H,,2014-03-20,2369000,1,Y,BUDGET,2014-03-20,رئيس البلدية,محتسب البلدية,2014-03-20,Y,,,,,
165,2014,16,16,2014-03-20,H,,2014-03-20,7200000,1,Y,BUDGET,2014-03-20,رئيس البلدية,محتسب البلدية,2014-03-20,Y,,,,,
165,2014,17,17,2014-03-20,H,,2014-03-20,4654000,1,Y,BUDGET,2014-03-20,رئيس البلدية,محتسب البلدية,2014-03-20,Y,,,,,
165,2010,157,157,2010-12-29,H,,2010-12-29,3615000,1,Y,BUDGET,2010-12-30,رئيس البلدية,محتسب البلدية,2010-12-29,Y,,,,,
165,2010,158,158,2010-12-29,H,,2010-12-29,1477000,1,Y,BUDGET,2010-12-30,رئيس البلدية,محتسب البلدية,2010-12-29,Y,,,,,
165,2010,159,159,2010-12-29,H,,2010-12-29,2768000,1,Y,BUDGET,2010-12-30,رئيس البلدية,محتسب البلدية,2010-12-29,Y,,,,,
165,2010,160,160,2010-12-29,H,,2010-12-29,3200000,1,Y,BUDGET,2010-12-30,رئيس البلدية,محتسب البلدية,2010-12-29,Y,,,,,
165,2010,161,161,2010-12-29,H,,2010-12-29,9841000,1,Y,BUDGET,2010-12-30,رئيس البلدية,محتسب البلدية,2010-12-29,Y,,,,,
165,2010,162,162,2010-12-29,H,,2010-12-29,225000,1,Y,BUDGET,2010-12-30,رئيس البلدية,محتسب البلدية,2010-12-29,Y,,,,,
165,2010,163,163,2010-12-29,H,,2010-12-29,165000,1,Y,BUDGET,2010-12-30,رئيس البلدية,محتسب البلدية,2010-12-29,Y,,,,,
165,2010,164,164,2010-12-29,H,,2010-12-29,800000,1,Y,BUDGET,2010-12-30,رئيس البلدية,محتسب البلدية,2010-12-29,Y,,,,,
165,2010,165,165,2010-12-29,H,,2010-12-29,110000,1,Y,BUDGET,2010-12-30,رئيس البلدية,محتسب البلدية,2010-12-29,Y,,,,,
165,2010,166,166,2010-12-29,H,,2010-12-29,1491000,1,Y,BUDGET,2010-12-30,رئيس البلدية,محتسب البلدية,2010-12-29,Y,,,,,
165,2010,167,167,2010-12-29,H,,2010-12-29,802000,1,Y,BUDGET,2010-12-30,رئيس البلدية,محتسب البلدية,2010-12-29,Y,,,,,
165,2010,168,168,2010-12-31,H,,2010-12-31,1836000,1,Y,BUDGET,2010-12-31,رئيس البلدية,محتسب البلدية,2010-12-31,Y,,,,,
165,2010,169,169,2010-12-31,H,,2010-12-31,795000,1,Y,BUDGET,2010-12-31,رئيس البلدية,محتسب البلدية,2010-12-31,Y,,,,,
165,2011,1,1,2011-02-07,H,,2011-02-07,2414000,1,Y,BUDGET,2011-02-07,رئيس البلدية,محتسب البلدية,2011-02-07,Y,,,,,
165,2011,2,2,2011-02-07,H,,2011-02-07,616000,1,Y,BUDGET,2011-02-07,رئيس البلدية,محتسب البلدية,2011-02-07,Y,,,,,
165,2011,3,3,2011-02-07,H,,2011-02-07,300000,1,Y,BUDGET,2011-02-07,رئيس البلدية,محتسب البلدية,2011-02-07,Y,,,,,
165,2011,4,4,2011-02-07,H,,2011-02-07,635000,1,Y,BUDGET,2011-02-07,رئيس البلدية,محتسب البلدية,2011-02-07,Y,,,,,
165,2011,5,5,2011-02-17,H,,2011-02-17,2420000,1,Y,BUDGET,2011-02-17,رئيس البلدية,محتسب البلدية,2011-02-17,Y,,,,,
165,2011,6,6,2011-02-17,H,,2011-02-17,15353000,1,Y,BUDGET,2011-02-17,رئيس البلدية,محتسب البلدية,2011-02-17,Y,,,,,
165,2011,7,7,2011-02-17,H,,2011-02-17,13623000,1,Y,BUDGET,2011-02-17,رئيس البلدية,محتسب البلدية,2011-02-17,Y,,,,,
165,2011,8,8,2011-02-18,H,,2011-02-18,15733000,1,Y,BUDGET,2011-02-18,رئيس البلدية,محتسب البلدية,2011-02-18,Y,,,,,
165,2011,9,9,2011-02-18,H,,2011-02-18,8000000,1,Y,BUDGET,2011-02-18,رئيس البلدية,محتسب البلدية,2011-02-18,Y,,,,,
165,2011,10,10,2011-02-18,,,2011-02-18,500000,,N,BUDGET,2011-02-18,رئيس البلدية,محتسب البلدية,,N,خطأ في التنسيب,2011-02-18,,,
165,2011,11,11,2011-02-18,H,,2011-02-18,500000,1,Y,MBSSMALL,2011-02-18,رئيس البلدية,محتسب البلدية,2011-02-18,Y,,,,,
165,2011,12,12,2011-02-18,H,,2011-02-18,2684000,1,Y,MBSSMALL,2011-02-18,رئيس البلدية,محتسب البلدية,2011-02-18,Y,,,,,
165,2011,13,13,2011-02-18,H,,2011-02-18,7200000,1,Y,MBSSMALL,2011-02-18,رئيس البلدية,محتسب البلدية,2011-02-18,Y,,,,,
165,2011,14,14,2011-03-02,H,,2011-03-02,2414000,1,Y,BUDGET,2011-03-02,رئيس البلدية,محتسب البلدية,2011-03-02,Y,,,,,
165,2011,15,15,2011-03-02,H,,2011-03-02,608000,1,Y,BUDGET,2011-03-02,رئيس البلدية,محتسب البلدية,2011-03-02,Y,,,,,
165,2011,16,16,2011-03-02,H,,2011-03-02,300000,1,Y,BUDGET,2011-03-02,رئيس البلدية,محتسب البلدية,2011-03-02,Y,,,,,
165,2011,17,17,2011-03-21,H,,2011-03-21,1653000,1,Y,BUDGET,2011-03-21,رئيس البلدية,محتسب البلدية,2011-03-21,Y,,,,,
165,2011,18,18,2011-03-31,H,,2011-03-31,1853000,1,Y,BUDGET,2011-03-31,رئيس البلدية,محتسب البلدية,2011-03-31,Y,,,,,
165,2011,19,19,2011-04-07,H,,2011-04-07,2420000,1,Y,BUDGET,2011-04-07,رئيس البلدية,محتسب البلدية,2011-04-07,Y,,,,,
165,2011,20,20,2011-04-07,H,,2011-04-07,12225000,1,Y,BUDGET,2011-04-07,رئيس البلدية,محتسب البلدية,2011-04-07,Y,,,,,
165,2011,21,21,2011-04-07,H,,2011-04-07,10265000,1,Y,BUDGET,2011-04-07,رئيس البلدية,محتسب البلدية,2011-04-07,Y,,,,,
165,2017,236,240,2017-12-29,H,,2017-12-29,11962000,1,Y,MBSSMALL,2018-01-12,رئيس البلدية,محتسب البلدية,2017-12-29,Y,,,,,
165,2017,237,241,2017-12-29,H,,2017-12-29,14579000,1,Y,MBSSMALL,2018-01-12,رئيس البلدية,محتسب البلدية,2017-12-29,Y,,,,,
165,2017,238,242,2017-12-29,H,,2017-12-29,4610000,1,Y,MBSSMALL,2018-01-12,رئيس البلدية,محتسب البلدية,2017-12-29,Y,,,,,
165,2017,239,243,2017-12-29,H,,2017-12-29,400000,1,Y,MBSSMALL,2018-01-12,رئيس البلدية,محتسب البلدية,2017-12-29,Y,,,,,
165,2017,240,244,2017-12-29,H,,2017-12-29,10000000,1,Y,MBSSMALL,2018-01-12,رئيس البلدية,محتسب البلدية,2017-12-29,Y,,,,,
165,2017,241,246,2017-12-29,H,,2017-12-29,800000,1,Y,MBSSMALL,2018-01-15,رئيس البلدية,محتسب البلدية,2017-12-29,Y,,,,,
165,2017,242,245,2017-12-29,H,,2017-12-29,1368000,1,Y,MBSSMALL,2018-01-15,رئيس البلدية,محتسب البلدية,2017-12-29,Y,,,,,
165,2018,1,1,2018-01-31,H,,2018-01-31,784000,1,Y,MBSSMALL,2018-02-02,رئيس البلدية,محتسب البلدية,2018-01-31,Y,,,,,
165,2018,2,2,2018-01-31,H,,2018-01-31,705000,1,Y,MBSSMALL,2018-02-02,رئيس البلدية,محتسب البلدية,2018-01-31,Y,,,,,
165,2018,3,4,2018-01-31,H,,2018-01-31,816000,1,Y,MBSSMALL,2018-02-02,رئيس البلدية,محتسب البلدية,2018-01-31,Y,,,,,
165,2018,4,3,2018-01-31,H,,2018-01-31,975000,1,Y,MBSSMALL,2018-02-02,رئيس البلدية,محتسب البلدية,2018-01-31,Y,,,,,
165,2018,5,5,2018-01-31,H,,2018-01-31,704000,1,Y,MBSSMALL,2018-02-02,رئيس البلدية,محتسب البلدية,2018-01-31,Y,,,,,
165,2018,6,6,2018-01-31,H,,2018-01-31,385000,1,Y,MBSSMALL,2018-02-02,رئيس البلدية,محتسب البلدية,2018-01-31,Y,,,,,
165,2018,7,7,2018-01-31,H,,2018-01-31,135000,1,Y,MBSSMALL,2018-02-02,رئيس البلدية,محتسب البلدية,2018-01-31,Y,,,,,
165,2018,8,8,2018-02-28,H,,2018-02-28,19380000,1,Y,MBSSMALL,2018-03-05,رئيس البلدية,محتسب البلدية,2018-02-28,Y,,,,,
165,2018,9,9,2018-02-28,H,,2018-02-28,19740000,1,Y,MBSSMALL,2018-03-05,رئيس البلدية,محتسب البلدية,2018-02-28,Y,,,,,
165,2018,10,10,2018-02-28,H,,2018-02-28,4033000,1,Y,MBSSMALL,2018-03-05,رئيس البلدية,محتسب البلدية,2018-02-28,Y,,,,,
165,2018,11,11,2018-02-28,H,,2018-02-28,1472000,1,Y,MBSSMALL,2018-03-05,رئيس البلدية,محتسب البلدية,2018-02-28,Y,,,,,
165,2018,12,12,2018-02-28,H,,2018-02-28,19922000,1,Y,MBSSMALL,2018-03-05,رئيس البلدية,محتسب البلدية,2018-02-28,Y,,,,,
165,2018,13,13,2018-02-28,H,,2018-02-28,1426000,1,Y,MBSSMALL,2018-03-05,رئيس البلدية,محتسب البلدية,2018-02-28,Y,,,,,
165,2004,248,253,2004-12-30,H,,2005-01-15,470000,1,Y,MBSMONA,2005-01-26,رئيس البلدية,امين الصندوق,2005-01-15,Y,,,,,
165,2004,249,254,2004-12-30,H,,2004-01-15,75000,1,Y,MBSMONA,2005-01-26,رئيس البلدية,امين الصندوق,2005-01-15,Y,,,,,
165,2004,250,255,2004-12-30,H,,2005-01-15,70000,1,Y,MBSMONA,2005-01-26,رئيس البلدية,امين الصندوق,2005-01-15,Y,,,,,
165,2004,251,256,2004-12-30,H,,2005-01-15,134000,1,Y,MBSMONA,2005-01-26,رئيس البلدية,امين الصندوق,2005-01-15,Y,,,,,
165,2004,252,257,2004-12-30,H,,2005-01-15,52000,1,Y,MBSMONA,2005-01-27,رئيس البلدية,امين الصندوق,2005-01-15,Y,,,,,
165,2004,253,258,2004-12-30,H,,2005-01-15,300000,1,Y,MBSMONA,2005-01-27,رئيس البلدية,امين الصندوق,2005-01-15,Y,,,,,
165,2004,254,259,2004-12-30,H,,2005-01-15,144000,1,Y,MBSMONA,2005-01-27,رئيس البلدية,امين الصندوق,2005-01-15,Y,,,,,
165,2004,255,260,2004-12-30,H,,2005-01-15,195000,1,Y,MBSMONA,2005-01-27,رئيس البلدية,امين الصندوق,2005-01-15,Y,,,,,
165,2004,256,261,2004-12-30,H,,2005-01-15,55000,1,Y,MBSMONA,2005-01-27,رئيس البلدية,امين الصندوق,2005-01-15,Y,,,,,
165,2004,257,262,2004-12-30,H,,2005-01-15,30000,1,Y,MBSMONA,2005-01-27,رئيس البلدية,امين الصندوق,2005-01-15,Y,,,,,
165,2004,258,263,2004-12-30,H,,2005-01-15,30000,1,Y,MBSMONA,2005-01-27,رئيس البلدية,امين الصندوق,2005-01-15,Y,,,,,
165,2004,259,264,2004-12-30,H,,2005-01-15,43000,1,Y,MBSMONA,2005-01-27,رئيس البلدية,امين الصندوق,2005-01-15,Y,,,,,
165,2004,260,265,2004-12-30,H,,2005-01-15,460000,1,Y,MBSMONA,2005-01-27,رئيس البلدية,امين الصندوق,2005-01-15,Y,,,,,
165,2004,261,266,2004-12-30,H,,2005-01-15,8000,1,Y,MBSMONA,2005-01-27,رئيس البلدية,امين الصندوق,2005-01-15,Y,,,,,
165,2018,164,165,2018-10-31,H,,2018-10-31,1560000,1,Y,MBSSMALL,2018-11-07,رئيس البلدية,محتسب البلدية,2018-10-31,Y,,,,,
165,2018,165,166,2018-10-31,H,,2018-10-31,1733000,1,Y,MBSSMALL,2018-11-07,رئيس البلدية,محتسب البلدية,2018-10-31,Y,,,,,
165,2018,166,167,2018-10-31,H,,2018-10-31,1574000,1,Y,MBSSMALL,2018-11-07,رئيس البلدية,محتسب البلدية,2018-10-31,Y,,,,,
165,2018,167,168,2018-10-31,H,,2018-10-31,736000,1,Y,MBSSMALL,2018-11-07,رئيس البلدية,محتسب البلدية,2018-10-31,Y,,,,,
165,2018,168,169,2018-10-31,H,,2018-10-31,385000,1,Y,MBSSMALL,2018-11-07,رئيس البلدية,محتسب البلدية,2018-10-31,Y,,,,,
165,2018,169,170,2018-10-31,,,2018-10-31,202000,,N,MBSSMALL,2018-11-07,رئيس البلدية,محتسب البلدية,,N,خطأ في التنسيب,2018-11-12,,,
165,2018,171,172,2018-11-23,H,,2018-11-23,16388000,1,Y,MBSSMALL,2018-11-26,رئيس البلدية,محتسب البلدية,2018-11-23,Y,,,,,
165,2018,172,173,2018-11-23,H,,2018-11-23,12611000,1,Y,MBSSMALL,2018-11-26,رئيس البلدية,محتسب البلدية,2018-11-23,Y,,,,,
165,2018,173,174,2018-11-23,H,,2018-11-23,12136000,1,Y,MBSSMALL,2018-11-26,رئيس البلدية,محتسب البلدية,2018-11-23,Y,,,,,
165,2018,174,175,2018-11-30,H,,2018-11-30,1673000,1,Y,MBSSMALL,2018-12-04,رئيس البلدية,محتسب البلدية,2018-11-30,Y,,,,,
165,2018,175,176,2018-11-30,H,,2018-11-30,1560000,1,Y,MBSSMALL,2018-12-04,رئيس البلدية,محتسب البلدية,2018-11-30,Y,,,,,
165,2018,176,177,2018-11-30,H,,2018-11-30,1574000,1,Y,MBSSMALL,2018-12-04,رئيس البلدية,محتسب البلدية,2018-11-30,Y,,,,,
165,2018,177,178,2018-11-30,H,,2018-11-30,1733000,1,Y,MBSSMALL,2018-12-04,رئيس البلدية,محتسب البلدية,2018-11-30,Y,,,,,
165,2018,178,179,2018-11-30,H,,2018-11-30,640000,1,Y,MBSSMALL,2018-12-04,رئيس البلدية,محتسب البلدية,2018-11-30,Y,,,,,
165,2018,179,180,2018-11-30,H,,2018-11-30,385000,1,Y,MBSSMALL,2018-12-04,رئيس البلدية,محتسب البلدية,2018-11-30,Y,,,,,
165,2018,180,181,2018-11-30,H,,2018-11-30,158000,1,Y,MBSSMALL,2018-12-04,رئيس البلدية,محتسب البلدية,2018-11-30,Y,,,,,
165,2018,181,182,2018-11-30,H,,2018-11-30,1591000,1,Y,MBSSMALL,2018-12-04,رئيس البلدية,محتسب البلدية,2018-11-30,Y,,,,,
165,2018,182,183,2018-11-30,H,,2018-11-30,2773000,1,Y,MBSSMALL,2018-12-06,رئيس البلدية,محتسب البلدية,2018-11-30,Y,,,,,
165,2018,183,184,2018-12-12,H,,2018-12-12,13473000,1,Y,MBSSMALL,2018-12-13,رئيس البلدية,محتسب البلدية,2018-12-12,Y,,,,,
165,2018,184,185,2018-12-12,H,,2018-12-12,12620000,1,Y,MBSSMALL,2018-12-13,رئيس البلدية,محتسب البلدية,2018-12-12,Y,,,,,
165,2018,185,186,2018-12-12,H,,2018-12-12,7852000,1,Y,MBSSMALL,2018-12-13,رئيس البلدية,محتسب البلدية,2018-12-12,Y,,,,,
165,2018,186,187,2018-12-12,H,,2018-12-12,10748000,1,Y,MBSSMALL,2018-12-13,رئيس البلدية,محتسب البلدية,2018-12-12,Y,,,,,
165,2018,187,188,2018-12-12,H,,2018-12-12,1396000,1,Y,MBSSMALL,2018-12-13,رئيس البلدية,محتسب البلدية,2018-12-12,Y,,,,,
165,2018,188,189,2018-12-19,H,,2018-12-19,675000,1,Y,MBSSMALL,2018-12-19,رئيس البلدية,محتسب البلدية,2018-12-19,Y,,,,,
165,2018,189,190,2018-12-19,H,,2018-12-19,933000,1,Y,MBSSMALL,2018-12-19,رئيس البلدية,محتسب البلدية,2018-12-19,Y,,,,,
165,2018,190,191,2018-12-20,H,,2018-12-20,2243000,1,Y,MBSSMALL,2018-12-20,رئيس البلدية,محتسب البلدية,2018-12-20,Y,,,,,
165,2018,191,192,2018-12-20,H,,2018-12-20,1695000,1,Y,MBSSMALL,2018-12-20,رئيس البلدية,محتسب البلدية,2018-12-20,Y,,,,,
165,2018,192,193,2018-12-20,H,,2018-12-20,8000000,1,Y,MBSSMALL,2019-01-02,رئيس البلدية,محتسب البلدية,2018-12-20,Y,,,,,
165,2018,193,194,2018-12-27,H,,2018-12-27,200000,1,Y,MBSSMALL,2019-01-02,رئيس البلدية,محتسب البلدية,2018-12-27,Y,,,,,
165,2018,194,195,2018-12-27,H,,2018-12-27,2670000,1,Y,MBSSMALL,2019-01-02,رئيس البلدية,محتسب البلدية,2018-12-27,Y,,,,,
165,2018,195,196,2018-12-27,H,,2018-12-27,2850000,1,Y,MBSSMALL,2019-01-03,رئيس البلدية,محتسب البلدية,2018-12-27,Y,,,,,
165,2018,196,197,2018-12-27,H,,2018-12-27,533000,1,Y,MBSSMALL,2019-01-03,رئيس البلدية,محتسب البلدية,2018-12-27,Y,,,,,
165,2018,197,198,2018-12-27,H,,2018-12-27,250000,1,Y,MBSSMALL,2019-01-03,رئيس البلدية,محتسب البلدية,2018-12-27,Y,,,,,
165,2018,198,199,2018-12-28,H,,2018-12-28,1180000,1,Y,MBSSMALL,2019-01-03,رئيس البلدية,محتسب البلدية,2018-12-28,Y,,,,,
165,2023,10,10,2023-02-24,H,,2023-02-24,33690000,1,Y,MBSSMALL,2023-02-24,رئيس البلدية,محتسب البلدية,2023-02-24,Y,,,,,1.0
165,2023,11,11,2023-02-24,H,,2023-02-24,11700000,1,Y,MBSSMALL,2023-02-24,رئيس البلدية,محتسب البلدية,2023-02-24,Y,,,,,1.0
165,2023,12,12,2023-02-24,H,,2023-02-24,46800000,1,Y,MBSSMALL,2023-02-24,رئيس البلدية,محتسب البلدية,2023-02-24,Y,,,,,1.0
165,2023,13,13,2023-02-24,H,,2023-02-24,29193000,1,Y,MBSSMALL,2023-02-24,رئيس البلدية,محتسب البلدية,2023-02-24,Y,,,,,1.0
165,2023,14,14,2023-02-24,H,,2023-02-24,47510000,1,Y,MBSSMALL,2023-02-24,رئيس البلدية,محتسب البلدية,2023-02-24,Y,,,,,1.0
165,2023,15,15,2023-02-24,H,,2023-02-24,29591000,1,Y,MBSSMALL,2023-02-24,رئيس البلدية,محتسب البلدية,2023-02-24,Y,,,,,1.0
165,2023,16,16,2023-02-28,H,,2023-02-28,2049000,1,Y,MBSSMALL,2023-02-28,رئيس البلدية,محتسب البلدية,2023-02-28,Y,,,,,1.0
165,2023,17,17,2023-02-28,H,,2023-02-28,1851000,1,Y,MBSSMALL,2023-02-28,رئيس البلدية,محتسب البلدية,2023-02-28,Y,,,,,1.0
165,2023,18,18,2023-02-28,H,,2023-02-28,1987000,1,Y,MBSSMALL,2023-02-28,رئيس البلدية,محتسب البلدية,2023-02-28,Y,,,,,1.0
165,2023,227,238,2023-12-29,H,,2023-12-29,31500000,1,Y,MBSSMALL,2024-01-25,رئيس البلدية,محتسب البلدية,2023-12-29,Y,,,,,1.0
165,2023,231,242,2023-12-29,H,,2023-12-29,47648000,1,Y,MBSSMALL,2024-01-25,رئيس البلدية,محتسب البلدية,2023-12-29,Y,,,,,1.0
165,2023,232,243,2023-12-29,H,,2023-12-29,25000000,1,Y,MBSSMALL,2024-01-25,رئيس البلدية,محتسب البلدية,2023-12-29,Y,,,,,1.0
165,2023,233,244,2023-12-29,H,,2023-12-29,32672000,1,Y,MBSSMALL,2024-01-26,رئيس البلدية,محتسب البلدية,2023-12-29,Y,,,,,1.0
165,2023,234,246,2023-12-29,H,,2023-12-29,2670000,1,Y,MBSSMALL,2024-01-26,رئيس البلدية,محتسب البلدية,2023-12-29,Y,,,,,1.0
165,2023,235,245,2023-12-29,H,,2023-12-29,19975000,1,Y,MBSSMALL,2024-01-26,رئيس البلدية,محتسب البلدية,2023-12-29,Y,,,,,1.0
165,2024,20,21,2024-03-21,H,,2024-03-21,48300000,1,Y,MBSSMALL,2024-04-02,رئيس البلدية,محتسب البلدية,2024-03-21,Y,,,,,1.0
165,2024,21,22,2024-03-21,H,,2024-03-21,45300000,1,Y,MBSSMALL,2024-04-02,رئيس البلدية,محتسب البلدية,2024-03-21,Y,,,,,1.0
165,2024,22,23,2024-03-21,H,,2024-03-21,43900000,1,Y,MBSSMALL,2024-04-02,رئيس البلدية,محتسب البلدية,2024-03-21,Y,,,,,1.0
165,2006,215,216,2006-12-30,H,,2006-12-30,456000,1,Y,MBSMONA,2007-01-18,رئيس البلدية,امين الصندوق,2006-12-30,Y,,,,,
165,2006,216,217,2006-11-09,H,,2006-11-09,3204000,1,Y,MBSMONA,2007-01-18,المجلس  البلدي,امين الصندوق,2006-11-09,Y,,,,,
165,2006,217,218,2006-11-08,H,,2006-11-09,4049000,1,Y,MBSMONA,2007-01-18,المجلس البلدي,امين الصندوق,2006-11-09,Y,,,,,
165,2006,218,219,2006-11-08,H,,2006-11-09,2600000,1,Y,MBSMONA,2007-01-18,المجلس البلدي,امين الصندوق,2006-11-09,Y,,,,,
165,2006,219,220,2006-11-08,H,,2006-11-09,300000,1,Y,MBSMONA,2007-01-18,المجلس البلدي,امين الصندوق,2006-11-09,Y,,,,,
165,2006,220,221,2006-11-08,H,,2006-11-09,3465000,1,Y,MBSMONA,2007-01-18,المجلس البلدي,امين الصندوق,2006-11-09,Y,,,,,
165,2006,221,222,2006-11-08,H,,2006-11-09,2099000,1,Y,MBSMONA,2007-01-18,المجلس البلدي,امين الصندوق,2006-11-09,Y,,,,,
165,2006,222,223,2006-11-08,H,,2006-11-09,738000,1,Y,MBSMONA,2007-01-18,المجلس البلدي,امين الصندوق,2006-11-09,Y,,,,,
165,2006,223,224,2006-11-08,H,,2006-11-09,1885000,1,Y,MBSMONA,2007-01-18,المجلس البلدي,امين الصندوق,2006-11-09,Y,,,,,
165,2006,224,225,2006-11-08,H,,2006-11-09,1620000,1,Y,MBSMONA,2007-01-18,المجلس البلدي,امين الصندوق,2006-11-09,Y,,,,,
165,2006,225,226,2006-11-08,H,,2006-11-09,982000,1,Y,MBSMONA,2007-01-18,المجلس البلدي,امين الصندوق,2006-11-09,Y,,,,,
165,2006,226,227,2006-11-08,H,,2006-11-09,180000,1,Y,MBSMONA,2007-01-18,المجلس البلدي,امين الصندوق,2006-11-09,Y,,,,,
165,2006,227,228,2006-11-08,H,,2006-11-09,15000,1,Y,MBSMONA,2007-01-18,المجلس البلدي,امين الصندوق,2006-11-09,Y,,,,,
165,2006,228,229,2006-11-20,H,,2006-11-21,6750000,1,Y,MBSMONA,2007-01-18,المجلس البلدي,امين الصندوق,2006-11-21,Y,,,,,
165,2006,229,230,2006-11-20,H,,2006-11-21,3915000,1,Y,MBSMONA,2007-01-18,المجلس البلدي,امين الصندوق,2006-11-21,Y,,,,,
165,2006,230,231,2006-11-20,H,,2006-11-21,750000,1,Y,MBSMONA,2007-01-18,المجلس البلدي,امين الصندوق,2006-11-21,Y,,,,,
165,2006,231,232,2006-11-20,H,,2006-11-21,240000,1,Y,MBSMONA,2007-01-18,المجلس البلدي,امين الصندوق,2006-11-21,Y,,,,,
165,2006,232,233,2006-12-07,H,,2006-12-08,3204000,1,Y,MBSMONA,2007-01-18,المجلس البلدي,امين الصندوق,2006-12-08,Y,,,,,
165,2006,233,234,2006-12-07,H,,2006-12-08,2684000,1,Y,MBSMONA,2007-01-23,المجلس البلدي,امين الصندوق,2006-12-08,Y,,,,,
165,2006,234,235,2006-12-07,H,,2006-12-08,1727000,1,Y,MBSMONA,2007-01-23,المجلس البلدي,امين الصندوق,2006-12-08,Y,,,,,
165,2006,235,236,2006-12-07,H,,2006-12-08,270000,1,Y,MBSMONA,2007-01-23,المجلس البلدي,امين الصندوق,2006-12-08,Y,,,,,
165,2006,236,237,2006-12-07,H,,2006-12-08,1089000,1,Y,MBSMONA,2007-01-23,المجلس البلدي,امين الصندوق,2006-12-08,Y,,,,,
165,2006,237,238,2006-12-07,H,,2006-12-08,330000,1,Y,MBSMONA,2007-01-23,المجلس البلدي,امين الصندوق,2006-12-08,Y,,,,,
165,2006,238,239,2006-12-07,H,,2006-12-08,206000,1,Y,MBSMONA,2007-01-23,المجلس البلدي,امين الصندوق,2006-12-08,Y,,,,,
165,2006,239,240,2006-12-07,H,,2006-12-08,1215000,1,Y,MBSMONA,2007-01-23,المجلس البلدي,امين الصندوق,2006-12-08,Y,,,,,
165,2006,240,241,2006-12-07,H,,2006-12-08,429000,1,Y,MBSMONA,2007-01-23,المجلس البلدي,امين الصندوق,2006-12-08,Y,,,,,
165,2006,241,242,2006-12-07,H,,2006-12-08,240000,1,Y,MBSMONA,2007-01-23,المجلس البلدي,امين الصندوق,2006-12-08,Y,,,,,
165,2006,242,243,2006-12-07,H,,2006-12-08,405000,1,Y,MBSMONA,2007-01-23,المجلس البلدي,امين الصندوق,2006-12-08,Y,,,,,
165,2006,243,244,2006-12-07,H,,2006-12-08,68000,1,Y,MBSMONA,2007-01-23,المجلس البلدي,امين الصندوق,2006-12-08,Y,,,,,
165,2010,18,18,2010-03-01,H,,2010-03-01,17576000,1,Y,BUDGET,2010-03-01,رئيس البلدية,محتسب البلدية,2010-03-01,Y,,,,,
165,2010,19,19,2010-03-01,H,,2010-03-01,1526000,1,Y,BUDGET,2010-03-01,رئيس البلدية,محتسب البلدية,2010-03-01,Y,,,,,
165,2010,20,20,2010-03-01,H,,2010-03-01,4731000,1,Y,BUDGET,2010-03-01,رئيس البلدية,محتسب البلدية,2010-03-01,Y,,,,,
165,2010,21,21,2010-03-01,H,,2010-03-01,3600000,1,Y,BUDGET,2010-03-01,رئيس البلدية,محتسب البلدية,2010-03-01,Y,,,,,
165,2010,22,22,2010-03-02,H,,2010-03-02,407000,1,Y,BUDGET,2010-03-02,رئيس البلدية,محتسب البلدية,2010-03-02,Y,,,,,
165,2010,23,23,2010-03-04,H,,2010-03-04,482000,1,Y,BUDGET,2010-03-04,رئيس البلدية,محتسب البلدية,2010-03-04,Y,,,,,
165,2010,24,24,2010-03-04,H,,2010-03-04,2414000,1,Y,BUDGET,2010-03-04,رئيس البلدية,محتسب البلدية,2010-03-04,Y,,,,,
165,2010,25,25,2010-03-04,H,,2010-03-04,592000,1,Y,BUDGET,2010-03-04,رئيس البلدية,محتسب البلدية,2010-03-04,Y,,,,,
165,2010,26,26,2010-03-04,H,,2010-03-04,300000,1,Y,BUDGET,2010-03-04,رئيس البلدية,محتسب البلدية,2010-03-04,Y,,,,,
165,2010,27,27,2010-03-19,H,,2010-03-19,644000,1,Y,BUDGET,2010-03-19,رئيس البلدية,محتسب البلدية,2010-03-19,Y,,,,,
165,2010,32,32,2010-04-08,H,,2010-04-08,376000,1,Y,BUDGET,2010-04-08,رئيس البلدية,محتسب البلدية,2010-04-08,Y,,,,,
165,2010,33,33,2010-04-08,H,,2010-04-08,900000,1,Y,BUDGET,2010-04-08,رئيس البلدية,محتسب البلدية,2010-04-08,Y,,,,,
165,2010,34,34,2010-04-08,H,,2010-04-08,100000,1,Y,BUDGET,2010-04-08,رئيس البلدية,محتسب البلدية,2010-04-08,Y,,,,,
165,2010,35,35,2010-04-23,H,,2010-04-23,2722000,1,Y,BUDGET,2010-04-23,رئيس البلدية,محتسب البلدية,2010-04-23,Y,,,,,
165,2010,36,36,2010-04-23,H,,2010-04-23,15923000,1,Y,BUDGET,2010-04-23,رئيس البلدية,محتسب البلدية,2010-04-23,Y,,,,,
165,2010,37,37,2010-04-24,H,,2010-04-24,615000,1,Y,BUDGET,2010-04-24,رئيس البلدية,محتسب البلدية,2010-04-24,Y,,,,,
165,2010,38,38,2010-04-24,H,,2010-04-24,167000,1,Y,BUDGET,2010-04-24,رئيس البلدية,محتسب البلدية,2010-04-24,Y,,,,,
165,2010,39,39,2010-04-24,H,,2010-04-24,192000,1,Y,BUDGET,2010-04-24,رئيس البلدية,محتسب البلدية,2010-04-24,Y,,,,,
165,2010,40,40,2010-04-24,H,,2010-04-24,75000,1,Y,BUDGET,2010-04-24,رئيس البلدية,محتسب البلدية,2010-04-24,Y,,,,,
165,2010,41,41,2010-04-26,H,,2010-04-26,2746000,1,Y,BUDGET,2010-04-26,رئيس البلدية,محتسب البلدية,2010-04-26,Y,,,,,
165,2014,157,158,2014-12-27,H,,2014-12-27,624000,1,Y,BUDGET,2014-12-27,رئيس البلدية,محتسب البلدية,2014-12-27,Y,,,,,
165,2014,158,159,2014-12-27,H,,2014-12-27,1100000,1,Y,BUDGET,2014-12-27,رئيس البلدية,محتسب البلدية,2014-12-27,Y,,,,,
165,2014,159,160,2014-12-27,H,,2014-12-27,100000,1,Y,BUDGET,2014-12-27,رئيس البلدية,محتسب البلدية,2014-12-27,Y,,,,,
165,2014,160,161,2014-12-29,H,,2014-12-29,2048000,1,Y,BUDGET,2014-12-29,رئيس البلدية,محتسب البلدية,2014-12-29,Y,,,,,
165,2014,161,162,2014-12-30,H,,2014-12-30,1683000,1,Y,BUDGET,2014-12-30,رئيس البلدية,محتسب البلدية,2014-12-30,Y,,,,,
165,2014,162,163,2014-12-30,H,,2014-12-30,390000,1,Y,BUDGET,2014-12-30,رئيس البلدية,محتسب البلدية,2014-12-30,Y,,,,,
165,2014,163,164,2014-12-30,H,,2014-12-30,2010000,1,Y,BUDGET,2014-12-30,رئيس البلدية,محتسب البلدية,2014-12-30,Y,,,,,
165,2014,164,165,2014-12-30,H,,2014-12-30,1350000,1,Y,BUDGET,2014-12-30,رئيس البلدية,محتسب البلدية,2014-12-30,Y,,,,,
165,2014,165,166,2014-12-30,H,,2014-12-30,1950000,1,Y,BUDGET,2014-12-30,رئيس البلدية,محتسب البلدية,2014-12-30,Y,,,,,
165,2013,42,42,2013-06-29,H,,2013-06-29,1500000,1,Y,BUDGET,2013-06-29,رئيس البلدية,محتسب البلدية,2013-06-29,Y,,,,,
165,2012,114,115,2012-11-26,H,,2012-11-26,3000000,1,Y,BUDGET,2012-11-26,رئيس البلدية,محتسب البلدية,2012-11-26,Y,,,,,
165,2013,109,109,2013-09-30,H,,2013-09-30,18168000,1,Y,BUDGET,2013-10-14,رئيس البلدية,محتسب البلدية,2013-09-30,Y,,,,,
165,2013,110,110,2013-09-30,H,,2013-09-30,857000,1,Y,BUDGET,2013-10-14,رئيس البلدية,محتسب البلدية,2013-09-30,Y,,,,,
165,2013,111,111,2013-11-05,H,,2013-11-05,1040000,1,Y,BUDGET,2013-11-05,رئيس البلدية,محتسب البلدية,2013-11-05,Y,,,,,
165,2013,112,112,2013-11-05,H,,2013-11-05,2167000,1,Y,BUDGET,2013-11-05,رئيس البلدية,محتسب البلدية,2013-11-05,Y,,,,,
165,2013,113,113,2013-11-05,H,,2013-11-05,616000,1,Y,BUDGET,2013-11-06,رئيس البلدية,محتسب البلدية,2013-11-05,Y,,,,,
165,2013,114,114,2013-11-05,H,,2013-11-05,1100000,1,Y,BUDGET,2013-11-06,رئيس البلدية,محتسب البلدية,2013-11-05,Y,,,,,
165,2013,115,115,2013-11-05,H,,2013-11-05,100000,1,Y,BUDGET,2013-11-06,رئيس البلدية,محتسب البلدية,2013-11-05,Y,,,,,
165,2013,116,116,2013-11-30,H,,2013-11-30,1040000,1,Y,BUDGET,2013-11-30,رئيس البلدية,محتسب البلدية,2013-11-30,Y,,,,,
165,2013,117,117,2013-11-30,H,,2013-11-30,2167000,1,Y,BUDGET,2013-11-30,رئيس البلدية,محتسب البلدية,2013-11-30,Y,,,,,
165,2013,118,118,2013-11-30,H,,2013-11-30,608000,1,Y,BUDGET,2013-11-30,رئيس البلدية,محتسب البلدية,2013-11-30,Y,,,,,
165,2013,119,119,2013-11-30,H,,2013-11-30,1100000,1,Y,BUDGET,2013-11-30,رئيس البلدية,محتسب البلدية,2013-11-30,Y,,,,,
165,2013,120,120,2013-11-30,H,,2013-11-30,100000,1,Y,BUDGET,2013-11-30,رئيس البلدية,محتسب البلدية,2013-11-30,Y,,,,,
165,2013,121,121,2013-11-30,H,,2013-11-30,1701000,1,Y,BUDGET,2013-11-30,رئيس البلدية,محتسب البلدية,2013-11-30,Y,,,,,
165,2013,122,122,2013-12-13,H,,2013-12-13,1449000,1,Y,BUDGET,2013-12-13,رئيس البلدية,محتسب البلدية,2013-12-13,Y,,,,,
165,2013,123,123,2013-12-13,H,,2013-12-13,2395000,1,Y,BUDGET,2013-12-13,رئيس البلدية,محتسب البلدية,2013-12-13,Y,,,,,
165,2013,124,124,2013-12-24,H,,2013-12-24,1812000,1,Y,BUDGET,2013-12-24,رئيس البلدية,محتسب البلدية,2013-12-24,Y,,,,,
165,2013,125,125,2013-12-24,H,,2013-12-24,16314000,1,Y,BUDGET,2013-12-24,رئيس البلدية,محتسب البلدية,2013-12-24,Y,,,,,
165,2013,126,126,2013-12-24,H,,2013-12-24,13577000,1,Y,BUDGET,2013-12-24,رئيس البلدية,محتسب البلدية,2013-12-24,Y,,,,,
165,2013,127,127,2013-12-24,H,,2013-12-24,17675000,1,Y,BUDGET,2013-12-24,رئيس البلدية,محتسب البلدية,2013-12-24,Y,,,,,
165,2013,128,128,2013-12-24,H,,2013-12-24,2262000,1,Y,BUDGET,2013-12-24,رئيس البلدية,محتسب البلدية,2013-12-24,Y,,,,,
165,2013,129,129,2013-12-24,H,,2013-12-24,1500000,1,Y,BUDGET,2013-12-24,رئيس البلدية,محتسب البلدية,2013-12-24,Y,,,,,
165,2017,216,218,2017-12-27,H,,2017-12-27,300000,1,Y,MBSSMALL,2017-12-29,رئيس البلدية,محتسب البلدية,2017-12-27,Y,,,,,
165,2017,217,221,2017-12-29,H,,2017-12-29,705000,1,Y,MBSSMALL,2017-12-29,رئيس البلدية,محتسب البلدية,2017-12-29,Y,,,,,
165,2017,218,219,2017-12-29,H,,2017-12-29,784000,1,Y,MBSSMALL,2017-12-29,رئيس البلدية,محتسب البلدية,2017-12-29,Y,,,,,
165,2017,219,224,2017-12-29,H,,2017-12-29,791000,1,Y,MBSSMALL,2017-12-29,رئيس البلدية,محتسب البلدية,2017-12-29,Y,,,,,
165,2017,220,223,2017-12-29,H,,2017-12-29,950000,1,Y,MBSSMALL,2017-12-29,رئيس البلدية,محتسب البلدية,2017-12-29,Y,,,,,
165,2017,221,225,2017-12-29,H,,2017-12-29,640000,1,Y,MBSSMALL,2017-12-29,رئيس البلدية,محتسب البلدية,2017-12-29,Y,,,,,
165,2017,222,226,2017-12-29,H,,2017-12-29,385000,1,Y,MBSSMALL,2017-12-29,رئيس البلدية,محتسب البلدية,2017-12-29,Y,,,,,
165,2020,25,27,2020-05-31,H,,2020-05-31,1734000,1,Y,MBSSMALL,2020-06-25,رئيس البلدية,محتسب البلدية,2020-05-31,Y,,,,,
165,2020,26,28,2020-05-31,H,,2020-05-31,576000,1,Y,MBSSMALL,2020-06-26,رئيس البلدية,محتسب البلدية,2020-05-31,Y,,,,,
165,2020,27,29,2020-06-19,H,,2020-06-19,15356000,1,Y,MBSSMALL,2020-07-01,رئيس البلدية,محتسب البلدية,2020-06-19,Y,,,,,
165,2020,28,30,2020-06-19,H,,2020-06-19,10321000,1,Y,MBSSMALL,2020-07-01,رئيس البلدية,محتسب البلدية,2020-06-19,Y,,,,,
165,2020,29,31,2020-06-19,H,,2020-06-19,10280000,1,Y,MBSSMALL,2020-07-01,رئيس البلدية,محتسب البلدية,2020-06-19,Y,,,,,
165,2020,30,32,2020-06-19,H,,2020-06-19,11120000,1,Y,MBSSMALL,2020-07-01,رئيس البلدية,محتسب البلدية,2020-06-19,Y,,,,,
165,2020,31,33,2020-06-19,H,,2020-06-19,10760000,1,Y,MBSSMALL,2020-07-01,رئيس البلدية,محتسب البلدية,2020-06-19,Y,,,,,
165,2020,32,34,2020-06-19,H,,2020-06-19,16814000,1,Y,MBSSMALL,2020-07-01,رئيس البلدية,محتسب البلدية,2020-06-19,Y,,,,,
165,2020,33,35,2020-06-19,H,,2020-06-19,3528000,1,Y,MBSSMALL,2020-07-01,رئيس البلدية,محتسب البلدية,2020-06-19,Y,,,,,
165,2020,34,36,2020-06-19,H,,2020-06-19,1250000,1,Y,MBSSMALL,2020-07-01,رئيس البلدية,محتسب البلدية,2020-06-19,Y,,,,,
165,2020,35,37,2020-06-19,H,,2020-06-19,18750000,1,Y,MBSSMALL,2020-07-02,رئيس البلدية,محتسب البلدية,2020-06-19,Y,,,,,
165,2020,36,38,2020-06-19,H,,2020-06-19,9000000,1,Y,MBSSMALL,2020-07-02,رئيس البلدية,محتسب البلدية,2020-06-19,Y,,,,,
165,2020,37,39,2020-06-19,H,,2020-06-19,6016000,1,Y,MBSSMALL,2020-07-02,رئيس البلدية,محتسب البلدية,2020-06-19,Y,,,,,
165,2020,38,43,2020-07-01,H,,2020-07-01,1734000,1,Y,MBSSMALL,2020-07-07,رئيس البلدية,محتسب البلدية,2020-07-01,Y,,,,,
165,2020,39,40,2020-07-01,H,,2020-07-01,1865000,1,Y,MBSSMALL,2020-07-07,رئيس البلدية,محتسب البلدية,2020-07-01,Y,,,,,
165,2020,40,41,2020-07-01,H,,2020-07-01,1744000,1,Y,MBSSMALL,2020-07-07,رئيس البلدية,محتسب البلدية,2020-07-01,Y,,,,,
165,2020,41,42,2020-07-01,H,,2020-07-01,1906000,1,Y,MBSSMALL,2020-07-07,رئيس البلدية,محتسب البلدية,2020-07-01,Y,,,,,
165,2020,42,44,2020-07-01,H,,2020-07-01,688000,1,Y,MBSSMALL,2020-07-07,رئيس البلدية,محتسب البلدية,2020-07-01,Y,,,,,
165,2020,43,45,2020-07-22,H,,2020-07-22,1990000,1,Y,MBSSMALL,2020-07-22,رئيس البلدية,محتسب البلدية,2020-07-22,Y,,,,,
165,2018,14,14,2018-02-28,H,,2018-02-28,18000000,1,Y,MBSSMALL,2018-03-05,رئيس البلدية,محتسب البلدية,2018-02-28,Y,,,,,
165,2018,15,16,2018-02-28,H,,2018-02-28,2000000,1,Y,MBSSMALL,2018-03-05,رئيس البلدية,محتسب البلدية,2018-02-28,Y,,,,,
165,2018,16,15,2018-02-28,H,,2018-02-28,1500000,1,Y,MBSSMALL,2018-03-05,رئيس البلدية,محتسب البلدية,2018-02-28,Y,,,,,
165,2018,17,17,2018-02-28,H,,2018-02-28,784000,1,Y,MBSSMALL,2018-03-05,رئيس البلدية,محتسب البلدية,2018-02-28,Y,,,,,
165,2018,18,18,2018-02-28,H,,2018-02-28,705000,1,Y,MBSSMALL,2018-03-05,رئيس البلدية,محتسب البلدية,2018-02-28,Y,,,,,
165,2018,19,20,2018-02-28,H,,2018-02-28,950000,1,Y,MBSSMALL,2018-03-05,رئيس البلدية,محتسب البلدية,2018-02-28,Y,,,,,
165,2018,20,19,2018-02-28,H,,2018-02-28,791000,1,Y,MBSSMALL,2018-03-05,رئيس البلدية,محتسب البلدية,2018-02-28,Y,,,,,
165,2018,21,21,2018-02-28,H,,2018-02-28,576000,1,Y,MBSSMALL,2018-03-05,رئيس البلدية,محتسب البلدية,2018-02-28,Y,,,,,
165,2018,22,22,2018-02-28,H,,2018-02-28,385000,1,Y,MBSSMALL,2018-03-05,رئيس البلدية,محتسب البلدية,2018-02-28,Y,,,,,
165,2018,23,23,2018-02-28,H,,2018-02-28,135000,1,Y,MBSSMALL,2018-03-05,رئيس البلدية,محتسب البلدية,2018-02-28,Y,,,,,
165,2018,24,24,2018-03-09,H,,2018-03-09,2979000,1,Y,MBSSMALL,2018-03-23,رئيس البلدية,محتسب البلدية,2018-03-09,Y,,,,,
165,2018,25,25,2018-03-09,H,,2018-03-09,1570000,1,Y,MBSSMALL,2018-03-23,رئيس البلدية,محتسب البلدية,2018-03-09,Y,,,,,
165,2018,26,26,2018-03-09,H,,2018-03-09,2892000,1,Y,MBSSMALL,2018-03-23,رئيس البلدية,محتسب البلدية,2018-03-09,Y,,,,,
165,2018,27,27,2018-03-16,H,,2018-03-16,1542000,1,Y,MBSSMALL,2018-03-26,رئيس البلدية,محتسب البلدية,2018-03-16,Y,,,,,
165,2018,28,28,2018-03-28,H,,2018-03-28,19209000,1,Y,MBSSMALL,2018-04-11,رئيس البلدية,محتسب البلدية,2018-03-28,Y,,,,,
165,2018,29,29,2018-03-28,H,,2018-03-28,10713000,1,Y,MBSSMALL,2018-04-11,رئيس البلدية,محتسب البلدية,2018-03-28,Y,,,,,
165,2018,30,30,2018-03-28,H,,2018-03-28,2010000,1,Y,MBSSMALL,2018-04-11,رئيس البلدية,محتسب البلدية,2018-03-28,Y,,,,,
165,2018,31,31,2018-03-28,H,,2018-03-28,19746000,1,Y,MBSSMALL,2018-04-11,رئيس البلدية,محتسب البلدية,2018-03-28,Y,,,,,
165,2018,66,66,2018-05-31,H,,2018-05-31,608000,1,Y,MBSSMALL,2018-06-11,رئيس البلدية,محتسب البلدية,2018-05-31,Y,,,,,
165,2018,67,67,2018-05-31,H,,2018-05-31,385000,1,Y,MBSSMALL,2018-06-11,رئيس البلدية,محتسب البلدية,2018-05-31,Y,,,,,
165,2018,68,68,2018-05-31,H,,2018-05-31,270000,1,Y,MBSSMALL,2018-06-12,رئيس البلدية,محتسب البلدية,2018-05-31,Y,,,,,
165,2018,69,69,2018-07-02,H,,2018-07-02,784000,1,Y,MBSSMALL,2018-07-09,رئيس البلدية,محتسب البلدية,2018-07-02,Y,,,,,
165,2018,70,70,2018-07-02,H,,2018-07-02,731000,1,Y,MBSSMALL,2018-07-09,رئيس البلدية,محتسب البلدية,2018-07-02,Y,,,,,
165,2018,71,72,2018-07-02,H,,2018-07-02,816000,1,Y,MBSSMALL,2018-07-09,رئيس البلدية,محتسب البلدية,2018-07-02,Y,,,,,
165,2018,72,71,2018-07-02,H,,2018-07-02,975000,1,Y,MBSSMALL,2018-07-09,رئيس البلدية,محتسب البلدية,2018-07-02,Y,,,,,
165,2018,73,73,2018-07-02,H,,2018-07-02,592000,1,Y,MBSSMALL,2018-07-09,رئيس البلدية,محتسب البلدية,2018-07-02,Y,,,,,
165,2018,74,74,2018-07-02,H,,2018-07-02,385000,1,Y,MBSSMALL,2018-07-09,رئيس البلدية,محتسب البلدية,2018-07-02,Y,,,,,
165,2018,75,75,2018-07-02,H,,2018-07-02,180000,1,Y,MBSSMALL,2018-07-09,رئيس البلدية,محتسب البلدية,2018-07-02,Y,,,,,
165,2018,76,76,2018-07-02,H,,2018-07-02,1680000,1,Y,MBSSMALL,2018-07-18,رئيس البلدية,محتسب البلدية,2018-07-02,Y,,,,,
165,2018,77,77,2018-07-02,H,,2018-07-02,3000000,1,Y,MBSSMALL,2018-07-18,رئيس البلدية,محتسب البلدية,2018-07-02,Y,,,,,
165,2018,78,78,2018-07-02,H,,2018-07-02,2966000,1,Y,MBSSMALL,2018-07-18,رئيس البلدية,محتسب البلدية,2018-07-02,Y,,,,,
165,2018,79,79,2018-07-02,H,,2018-07-02,2988000,1,Y,MBSSMALL,2018-07-19,رئيس البلدية,محتسب البلدية,2018-07-02,Y,,,,,
165,2018,80,80,2018-07-03,H,,2018-07-03,2579000,1,Y,MBSSMALL,2018-07-19,رئيس البلدية,محتسب البلدية,2018-07-03,Y,,,,,
165,2018,81,81,2018-07-13,H,,2018-07-13,2729000,1,Y,MBSSMALL,2018-07-19,رئيس البلدية,محتسب البلدية,2018-07-13,Y,,,,,
165,2018,82,82,2018-07-19,H,,2018-07-19,1717000,1,Y,MBSSMALL,2018-07-19,رئيس البلدية,محتسب البلدية,2018-07-19,Y,,,,,
165,2018,83,83,2018-07-19,H,,2018-07-19,2565000,1,Y,MBSSMALL,2018-07-19,رئيس البلدية,محتسب البلدية,2018-07-19,Y,,,,,
165,2018,85,85,2018-07-25,H,,2018-07-25,12548000,1,Y,MBSSMALL,2018-08-03,رئيس البلدية,محتسب البلدية,2018-07-25,Y,,,,,
165,2018,86,86,2018-07-25,H,,2018-07-25,14433000,1,Y,MBSSMALL,2018-08-03,رئيس البلدية,محتسب البلدية,2018-07-25,Y,,,,,
165,2018,87,87,2018-07-25,H,,2018-07-25,17133000,1,Y,MBSSMALL,2018-08-03,رئيس البلدية,محتسب البلدية,2018-07-25,Y,,,,,
165,2018,88,88,2018-07-25,H,,2018-07-25,14688000,1,Y,MBSSMALL,2018-08-03,رئيس البلدية,محتسب البلدية,2018-07-25,Y,,,,,
165,2018,89,89,2018-07-25,H,,2018-07-25,18000000,1,Y,MBSSMALL,2018-08-06,رئيس البلدية,محتسب البلدية,2018-07-25,Y,,,,,
165,2018,90,90,2018-07-25,H,,2018-07-25,18000000,1,Y,MBSSMALL,2018-08-06,رئيس البلدية,محتسب البلدية,2018-07-25,Y,,,,,
165,2018,91,91,2018-07-25,H,,2018-07-25,10527000,1,Y,MBSSMALL,2018-08-06,رئيس البلدية,محتسب البلدية,2018-07-25,Y,,,,,
165,2018,92,92,2018-07-25,H,,2018-07-25,9179000,1,Y,MBSSMALL,2018-08-06,رئيس البلدية,محتسب البلدية,2018-07-25,Y,,,,,
165,2018,93,93,2018-07-31,H,,2018-07-31,1673000,1,Y,MBSSMALL,2018-08-06,رئيس البلدية,محتسب البلدية,2018-07-31,Y,,,,,
165,2018,94,94,2018-07-31,H,,2018-07-31,1733000,1,Y,MBSSMALL,2018-08-06,رئيس البلدية,محتسب البلدية,2018-07-31,Y,,,,,
165,2018,95,95,2018-07-31,H,,2018-07-31,1574000,1,Y,MBSSMALL,2018-08-06,رئيس البلدية,محتسب البلدية,2018-07-31,Y,,,,,
165,2018,96,96,2018-07-31,H,,2018-07-31,1560000,1,Y,MBSSMALL,2018-08-06,رئيس البلدية,محتسب البلدية,2018-07-31,Y,,,,,
165,2018,97,97,2018-07-31,H,,2018-07-31,736000,1,Y,MBSSMALL,2018-08-06,رئيس البلدية,محتسب البلدية,2018-07-31,Y,,,,,
165,2018,98,98,2018-07-31,H,,2018-07-31,385000,1,Y,MBSSMALL,2018-08-06,رئيس البلدية,محتسب البلدية,2018-07-31,Y,,,,,
165,2018,99,99,2018-07-31,H,,2018-07-31,180000,1,Y,MBSSMALL,2018-08-06,رئيس البلدية,محتسب البلدية,2018-07-31,Y,,,,,
165,2018,100,100,2018-07-31,H,,2018-07-31,1600000,1,Y,MBSSMALL,2018-08-06,رئيس البلدية,محتسب البلدية,2018-07-31,Y,,,,,
165,2018,101,101,2018-08-31,H,,2018-08-31,17884000,1,Y,MBSSMALL,2018-09-03,رئيس البلدية,محتسب البلدية,2018-08-31,Y,,,,,
165,2018,102,102,2018-08-31,H,,2018-08-31,18824000,1,Y,MBSSMALL,2018-09-03,رئيس البلدية,محتسب البلدية,2018-08-31,Y,,,,,
165,2018,103,103,2018-08-31,H,,2018-08-31,1028000,1,Y,MBSSMALL,2018-09-04,رئيس البلدية,محتسب البلدية,2018-08-31,Y,,,,,
165,2018,104,104,2018-08-31,H,,2018-08-31,8214000,1,Y,MBSSMALL,2018-09-04,رئيس البلدية,محتسب البلدية,2018-08-31,Y,,,,,
165,2018,105,105,2018-08-31,H,,2018-08-31,14000000,1,Y,MBSSMALL,2018-09-04,رئيس البلدية,محتسب البلدية,2018-08-31,Y,,,,,
165,2018,106,106,2018-08-31,H,,2018-08-31,10806000,1,Y,MBSSMALL,2018-09-04,رئيس البلدية,محتسب البلدية,2018-08-31,Y,,,,,
165,2023,19,19,2023-02-28,H,,2023-02-28,1828000,1,Y,MBSSMALL,2023-02-28,رئيس البلدية,محتسب البلدية,2023-02-28,Y,,,,,1.0
165,2023,20,20,2023-02-28,H,,2023-02-28,6840000,1,Y,MBSSMALL,2023-02-28,رئيس البلدية,محتسب البلدية,2023-02-28,Y,,,,,1.0
165,2023,21,21,2023-02-28,H,,2023-02-28,4229000,1,Y,MBSSMALL,2023-02-28,رئيس البلدية,محتسب البلدية,2023-02-28,Y,,,,,1.0
165,2023,22,22,2023-02-28,H,,2023-02-28,3821000,1,Y,MBSSMALL,2023-02-28,رئيس البلدية,محتسب البلدية,2023-02-28,Y,,,,,1.0
165,2023,23,23,2023-02-28,H,,2023-02-28,3773000,1,Y,MBSSMALL,2023-02-28,رئيس البلدية,محتسب البلدية,2023-02-28,Y,,,,,1.0
165,2023,24,24,2023-02-28,H,,2023-02-28,3773000,1,Y,MBSSMALL,2023-02-28,رئيس البلدية,محتسب البلدية,2023-02-28,Y,,,,,1.0
165,2023,25,25,2023-04-04,H,,2023-04-04,43110000,1,Y,MBSSMALL,2023-04-05,رئيس البلدية,محتسب البلدية,2023-04-04,Y,,,,,1.0
165,2023,26,27,2023-04-04,H,,2023-04-04,28000000,1,Y,MBSSMALL,2023-04-05,رئيس البلدية,محتسب البلدية,2023-04-04,Y,,,,,1.0
165,2023,27,28,2023-04-05,H,,2023-04-05,45630000,1,Y,MBSSMALL,2023-04-19,رئيس البلدية,محتسب البلدية,2023-04-05,Y,,,,,1.0
165,2023,28,29,2023-04-05,H,,2023-04-05,23000000,1,Y,MBSSMALL,2023-04-19,رئيس البلدية,محتسب البلدية,2023-04-05,Y,,,,,1.0
165,2023,29,31,2023-04-05,H,,2023-04-05,13677000,1,Y,MBSSMALL,2023-04-19,رئيس البلدية,محتسب البلدية,2023-04-05,Y,,,,,1.0
165,2023,30,32,2023-04-05,H,,2023-04-05,21880000,1,Y,MBSSMALL,2023-04-19,رئيس البلدية,محتسب البلدية,2023-04-05,Y,,,,,1.0
165,2023,31,33,2023-04-05,H,,2023-04-05,14000000,1,Y,MBSSMALL,2023-04-20,رئيس البلدية,محتسب البلدية,2023-04-05,Y,,,,,1.0
165,2023,32,34,2023-04-05,H,,2023-04-05,31950000,1,Y,MBSSMALL,2023-04-20,رئيس البلدية,محتسب البلدية,2023-04-05,Y,,,,,1.0
165,2023,33,35,2023-04-05,,,2023-04-05,28000000,,N,MBSSMALL,2023-04-20,رئيس البلدية,محتسب البلدية,,N,صرف قبل بحوالة رقم 26,2023-04-26,,,1.0
165,2023,34,36,2023-04-05,H,,2023-04-05,23760000,1,Y,MBSSMALL,2023-04-20,رئيس البلدية,محتسب البلدية,2023-04-05,Y,,,,,1.0
165,2023,35,37,2023-04-05,H,,2023-04-05,29775000,1,Y,MBSSMALL,2023-04-20,رئيس البلدية,محتسب البلدية,2023-04-05,Y,,,,,1.0
165,2023,36,38,2023-04-05,H,,2023-04-05,25260000,1,Y,MBSSMALL,2023-04-20,رئيس البلدية,محتسب البلدية,2023-04-05,Y,,,,,1.0
165,2023,37,39,2023-04-05,H,,2023-04-05,36005000,1,Y,MBSSMALL,2023-04-20,رئيس البلدية,محتسب البلدية,2023-04-05,Y,,,,,1.0
165,2023,38,40,2023-04-05,H,,2023-04-05,2049000,1,Y,MBSSMALL,2023-04-25,رئيس البلدية,محتسب البلدية,2023-04-05,Y,,,,,1.0
165,2023,39,41,2023-04-05,H,,2023-04-05,1851000,1,Y,MBSSMALL,2023-04-25,رئيس البلدية,محتسب البلدية,2023-04-05,Y,,,,,1.0
165,2023,40,42,2023-04-05,H,,2023-04-05,1987000,1,Y,MBSSMALL,2023-04-25,رئيس البلدية,محتسب البلدية,2023-04-05,Y,,,,,1.0
165,2023,41,43,2023-04-05,H,,2023-04-05,1828000,1,Y,MBSSMALL,2023-04-25,رئيس البلدية,محتسب البلدية,2023-04-05,Y,,,,,1.0
165,2023,42,44,2023-04-05,H,,2023-04-05,8740000,1,Y,MBSSMALL,2023-04-25,رئيس البلدية,محتسب البلدية,2023-04-05,Y,,,,,1.0
165,2023,43,49,2023-04-05,H,,2023-04-05,4229000,1,Y,MBSSMALL,2023-04-26,رئيس البلدية,محتسب البلدية,2023-04-05,Y,,,,,1.0
165,2006,143,144,2006-10-09,H,,2006-10-10,2677000,1,Y,MBSMONA,2006-11-06,المجلس البلدي,امين الصندوق,2006-10-10,Y,,,,,
165,2006,144,145,2006-10-09,H,,2006-10-10,1062000,1,Y,MBSMONA,2006-11-06,المجلس البلدي,امين الصندوق,2006-10-10,Y,,,,,
165,2006,145,146,2006-10-09,H,,2006-10-10,1107000,1,Y,MBSMONA,2006-11-06,المجلس البلدي,امين الصندوق,2006-10-10,Y,,,,,
165,2006,146,147,2006-10-09,H,,2006-10-10,993000,1,Y,MBSMONA,2006-11-06,المجلس البلدي,امين الصندوق,2006-10-10,Y,,,,,
165,2006,147,148,2006-10-09,H,,2006-10-10,480000,1,Y,MBSMONA,2006-11-06,المجلس البلدي,امين الصندوق,2006-10-10,Y,,,,,
165,2006,148,149,2006-10-09,H,,2006-10-10,168000,1,Y,MBSMONA,2006-11-06,المجلس البلدي,امين الصندوق,2006-10-10,Y,,,,,
165,2006,149,150,2006-10-09,H,,2006-10-10,2495000,1,Y,MBSMONA,2006-11-06,المجلس البلدي,امين الصندوق,2006-10-10,Y,,,,,
165,2006,150,151,2006-10-09,H,,2006-10-10,2525000,1,Y,MBSMONA,2006-11-06,المجلس البلدي,امين الصندوق,2006-10-10,Y,,,,,
165,2006,151,152,2006-10-09,H,,2006-10-10,810000,1,Y,MBSMONA,2006-11-06,المجلس البلدي,امين الصندوق,2006-10-10,Y,,,,,
165,2006,152,153,2006-10-09,H,,2006-10-10,726000,1,Y,MBSMONA,2006-11-06,المجلس البلدي,امين الصندوق,2006-10-10,Y,,,,,
165,2006,153,154,2006-10-09,H,,2006-10-10,318000,1,Y,MBSMONA,2006-11-06,المجلس البلدي,امين الصندوق,2006-10-10,Y,,,,,
165,2006,154,155,2006-10-09,H,,2006-10-10,48000,1,Y,MBSMONA,2006-11-06,المجلس البلدي,امين الصندوق,2006-10-10,Y,,,,,
165,2006,155,156,2006-10-09,H,,2006-10-10,14000,1,Y,MBSMONA,2006-11-06,المجلس البلدي,امين الصندوق,2006-10-10,Y,,,,,
165,2006,156,157,2006-03-31,H,,2006-10-10,225000,1,Y,MBSMONA,2006-11-07,رئيس البلدية,امين الصندوق,2006-10-10,Y,,,,,
165,2006,157,158,2006-03-31,H,,2006-10-10,1216000,1,Y,MBSMONA,2006-11-07,رئيس البلدية,امين الصندوق,2006-10-10,Y,,,,,
165,2006,158,159,2006-03-31,H,,2006-10-10,358000,1,Y,MBSMONA,2006-11-07,رئيس البلدية,امين الصندوق,2006-10-10,Y,,,,,
165,2006,159,160,2006-03-31,H,,2006-10-10,165000,1,Y,MBSMONA,2006-11-07,رئيس البلدية,امين الصندوق,2006-10-10,Y,,,,,
165,2006,160,161,2006-03-31,H,,2006-10-10,35000,1,Y,MBSMONA,2006-11-07,رئيس البلدية,امين الصندوق,2006-10-10,Y,,,,,
165,2006,161,162,2006-03-31,H,,2006-10-10,32000,1,Y,MBSMONA,2006-11-07,رئيس البلدية,امين الصندوق,2006-10-10,Y,,,,,
165,2006,162,163,2006-04-25,H,,2006-10-10,1247000,1,Y,MBSMONA,2006-11-07,رئيس البلدية,امين الصندوق,2006-10-10,Y,,,,,
165,2006,163,164,2006-02-06,H,,2006-10-10,24000,1,Y,MBSMONA,2006-11-07,رئيس البلدية,امين الصندوق,2006-10-10,Y,,,,,
165,2006,164,165,2006-10-10,H,,2006-10-10,12000,1,Y,MBSMONA,2006-11-07,رئيس البلدية,امين الصندوق,2006-10-10,Y,,,,,
165,2006,165,166,2006-10-10,H,,2006-10-10,270000,1,Y,MBSMONA,2006-11-07,رئيس البلدية,امين الصندوق,2006-10-10,Y,,,,,
165,2006,166,167,2006-10-10,H,,2006-10-10,318000,1,Y,MBSMONA,2006-11-07,رئيس البلدية,امين الصندوق,2006-10-10,Y,,,,,
165,2006,167,168,2006-10-10,H,,2006-10-10,225000,1,Y,MBSMONA,2006-11-07,رئيس البلدية,امين الصندوق,2006-10-10,Y,,,,,
165,2006,168,169,2006-10-10,H,,2006-10-10,2025000,1,Y,MBSMONA,2006-11-07,رئيس البلدية,امين الصندوق,2006-10-10,Y,,,,,
165,2006,169,170,2006-08-24,H,,2006-10-10,1488000,1,Y,MBSMONA,2006-11-07,رئيس البلدية,امين الصندوق,2006-10-10,Y,,,,,
165,2006,170,171,2006-09-30,H,,2006-10-10,722000,1,Y,MBSMONA,2006-11-07,رئيس البلدية,امين الصندوق,2006-10-10,Y,,,,,
165,2006,171,172,2006-09-30,H,,2006-10-10,739000,1,Y,MBSMONA,2006-11-07,رئيس البلدية,امين الصندوق,2006-10-10,Y,,,,,
165,2009,70,71,2009-07-08,H,,2009-07-08,950000,1,Y,BUDGET,2009-07-08,رئيس البلدية,محتسب البلدية,2009-07-08,Y,,,,,
165,2009,71,73,2009-07-08,H,,2009-07-08,163000,1,Y,BUDGET,2009-07-08,رئيس البلدية,محتسب البلدية,2009-07-08,Y,,,,,
165,2009,72,74,2009-07-08,H,,2009-07-08,60000,1,Y,BUDGET,2009-07-08,رئيس البلدية,محتسب البلدية,2009-07-08,Y,,,,,
165,2010,42,42,2010-04-26,H,,2010-04-26,3245000,1,Y,BUDGET,2010-04-26,رئيس البلدية,محتسب البلدية,2010-04-26,Y,,,,,
165,2010,43,43,2010-04-26,H,,2010-04-26,7500000,1,Y,BUDGET,2010-04-26,رئيس البلدية,محتسب البلدية,2010-04-26,Y,,,,,
165,2010,44,44,2010-04-26,H,,2010-04-26,449000,1,Y,BUDGET,2010-04-26,رئيس البلدية,محتسب البلدية,2010-04-26,Y,,,,,
165,2010,45,45,2010-04-29,H,,2010-04-29,615000,1,Y,BUDGET,2010-04-29,رئيس البلدية,محتسب البلدية,2010-04-29,Y,,,,,
165,2010,46,46,2010-04-29,H,,2010-04-29,826000,1,Y,BUDGET,2010-04-29,رئيس البلدية,محتسب البلدية,2010-04-29,Y,,,,,
165,2010,28,28,2010-04-06,H,,2010-04-06,2414000,1,Y,BUDGET,2010-04-06,رئيس البلدية,محتسب البلدية,2010-04-06,Y,,,,,
165,2010,29,29,2010-04-06,H,,2010-04-06,672000,1,Y,BUDGET,2010-04-06,رئيس البلدية,محتسب البلدية,2010-04-06,Y,,,,,
165,2010,30,30,2010-04-06,H,,2010-04-06,300000,1,Y,BUDGET,2010-04-06,رئيس البلدية,محتسب البلدية,2010-04-06,Y,,,,,
165,2010,31,31,2010-04-06,H,,2010-04-06,615000,1,Y,BUDGET,2010-04-06,رئيس البلدية,محتسب البلدية,2010-04-06,Y,,,,,
165,2010,47,47,2010-04-29,H,,2010-04-29,107000,1,Y,BUDGET,2010-04-29,رئيس البلدية,محتسب البلدية,2010-04-29,Y,,,,,
165,2010,48,48,2010-04-29,H,,2010-04-29,419000,1,Y,BUDGET,2010-04-29,رئيس البلدية,محتسب البلدية,2010-04-29,Y,,,,,
165,2010,49,49,2010-04-29,H,,2010-04-29,419000,1,Y,BUDGET,2010-04-29,رئيس البلدية,محتسب البلدية,2010-04-29,Y,,,,,
165,2010,50,50,2010-04-30,H,,2010-04-30,2414000,1,Y,BUDGET,2010-04-30,رئيس البلدية,محتسب البلدية,2010-04-30,Y,,,,,
165,2010,51,51,2010-04-30,H,,2010-04-30,664000,1,Y,BUDGET,2010-04-30,رئيس البلدية,محتسب البلدية,2010-04-30,Y,,,,,
165,2010,52,52,2010-04-30,H,,2010-04-30,300000,1,Y,BUDGET,2010-04-30,رئيس البلدية,محتسب البلدية,2010-04-30,Y,,,,,
165,2010,53,53,2010-06-03,H,,2010-06-03,2414000,1,Y,BUDGET,2010-06-03,رئيس البلدية,محتسب البلدية,2010-06-03,Y,,,,,
165,2010,54,54,2010-06-03,H,,2010-06-03,616000,1,Y,BUDGET,2010-06-03,رئيس البلدية,محتسب البلدية,2010-06-03,Y,,,,,
165,2010,55,55,2010-06-03,H,,2010-06-03,300000,1,Y,BUDGET,2010-06-03,رئيس البلدية,محتسب البلدية,2010-06-03,Y,,,,,
165,2010,56,56,2010-06-03,H,,2010-06-03,384000,1,Y,BUDGET,2010-06-03,رئيس البلدية,محتسب البلدية,2010-06-03,Y,,,,,
165,2010,57,57,2010-06-03,H,,2010-06-03,641000,1,Y,BUDGET,2010-06-03,رئيس البلدية,محتسب البلدية,2010-06-03,Y,,,,,
165,2010,58,58,2010-06-03,H,,2010-06-03,1227000,1,Y,BUDGET,2010-06-03,3/6/2010,محتسب البلدية,2010-06-03,Y,,,,,
165,2010,59,59,2010-06-16,H,,2010-06-16,5522000,1,Y,BUDGET,2010-06-16,رئيس البلدية,محتسب البلدية,2010-06-16,Y,,,,,
165,2010,60,60,2010-06-16,H,,2010-06-16,2958000,1,Y,BUDGET,2010-06-16,رئيس البلدية,محتسب البلدية,2010-06-16,Y,,,,,
165,2010,61,61,2010-07-13,H,,2010-07-13,3600000,1,Y,BUDGET,2010-07-13,رئيس البلدية,محتسب البلدية,2010-07-13,Y,,,,,
165,2019,174,176,2019-12-31,H,,2019-12-31,1635000,1,Y,MBSSMALL,2020-01-13,رئيس البلدية,محتسب البلدية,2019-12-31,Y,,,,,
165,2019,175,177,2019-12-31,H,,2019-12-31,15520000,1,Y,MBSSMALL,2020-01-30,رئيس البلدية,محتسب البلدية,2019-12-31,Y,,,,,
165,2019,176,178,2019-12-31,H,,2019-12-31,5747000,1,Y,MBSSMALL,2020-01-30,رئيس البلدية,محتسب البلدية,2019-12-31,Y,,,,,
165,2019,177,179,2019-12-31,H,,2019-12-31,4184000,1,Y,MBSSMALL,2020-01-30,رئيس البلدية,محتسب البلدية,2019-12-31,Y,,,,,
165,2019,178,180,2019-12-31,H,,2019-12-31,1611000,1,Y,MBSSMALL,2020-01-30,رئيس البلدية,محتسب البلدية,2019-12-31,Y,,,,,
165,2019,179,181,2019-12-31,H,,2019-12-31,4500000,1,Y,MBSSMALL,2020-01-30,رئيس البلدية,محتسب البلدية,2019-12-31,Y,,,,,
165,2019,180,182,2019-12-31,H,,2019-12-31,3515000,1,Y,MBSSMALL,2020-01-30,رئيس البلدية,محتسب البلدية,2019-12-31,Y,,,,,
165,2020,1,1,2020-01-31,H,,2020-01-31,1865000,1,Y,MBSSMALL,2020-02-04,رئيس البلدية,محتسب البلدية,2020-01-31,Y,,,,,
165,2020,2,2,2020-01-31,H,,2020-01-31,1690000,1,Y,MBSSMALL,2020-02-04,رئيس البلدية,محتسب البلدية,2020-01-31,Y,,,,,
165,2020,3,3,2020-01-31,H,,2020-01-31,1855000,1,Y,MBSSMALL,2020-02-04,رئيس البلدية,محتسب البلدية,2020-01-31,Y,,,,,
165,2020,4,4,2020-01-31,H,,2020-01-31,1682000,1,Y,MBSSMALL,2020-02-04,رئيس البلدية,محتسب البلدية,2020-01-31,Y,,,,,
165,2020,5,5,2020-01-31,H,,2020-01-31,656000,1,Y,MBSSMALL,2020-02-04,رئيس البلدية,محتسب البلدية,2020-12-31,Y,,,,,
165,2020,6,6,2020-12-31,H,,2020-12-31,385000,1,Y,MBSSMALL,2020-02-04,رئيس البلدية,محتسب البلدية,2020-12-31,Y,,,,,
165,2020,7,7,2020-03-02,H,,2020-03-02,1865000,1,Y,MBSSMALL,2020-03-05,رئيس البلدية,محتسب البلدية,2020-03-02,Y,,,,,
165,2020,8,10,2020-03-02,H,,2020-03-02,1734000,1,Y,MBSSMALL,2020-03-05,رئيس البلدية,محتسب البلدية,2020-03-02,Y,,,,,
165,2020,9,8,2020-03-02,H,,2020-03-02,1690000,1,Y,MBSSMALL,2020-03-05,رئيس البلدية,محتسب البلدية,2020-03-02,Y,,,,,
165,2020,10,9,2020-03-02,H,,2020-03-02,1907000,1,Y,MBSSMALL,2020-03-05,رئيس البلدية,محتسب البلدية,2020-03-02,Y,,,,,
165,2020,11,11,2020-03-02,H,,2020-03-02,576000,1,Y,MBSSMALL,2020-03-05,رئيس البلدية,محتسب البلدية,2020-03-02,Y,,,,,
165,2020,12,12,2020-03-31,H,,2020-03-31,1865000,1,Y,MBSSMALL,2020-06-24,رئيس البلدية,محتسب البلدية,2020-03-31,Y,,,,,
165,2020,13,13,2020-03-31,H,,2020-03-31,1687000,1,Y,MBSSMALL,2020-06-24,رئيس البلدية,محتسب البلدية,2020-03-31,Y,,,,,
165,2020,14,14,2020-03-31,H,,2020-03-31,1907000,1,Y,MBSSMALL,2020-06-24,رئيس البلدية,محتسب البلدية,2020-03-31,Y,,,,,
165,2020,15,15,2020-03-31,H,,2020-03-31,1734000,1,Y,MBSSMALL,2020-06-24,رئيس البلدية,محتسب البلدية,2020-03-31,Y,,,,,
165,2020,16,16,2020-03-31,H,,2020-03-31,464000,1,Y,MBSSMALL,2020-06-25,رئيس البلدية,محتسب البلدية,2020-03-31,Y,,,,,
165,2020,17,17,2020-04-30,H,,2020-04-30,1865000,1,Y,MBSSMALL,2020-06-25,رئيس البلدية,محتسب البلدية,2020-04-30,Y,,,,,
165,2020,18,18,2020-04-30,H,,2020-04-30,1744000,1,Y,MBSSMALL,2020-06-25,رئيس البلدية,محتسب البلدية,2020-04-30,Y,,,,,
165,2020,19,20,2020-04-30,H,,2020-04-30,1734000,1,Y,MBSSMALL,2020-06-25,رئيس البلدية,محتسب البلدية,2020-04-30,Y,,,,,
165,2020,20,21,2020-04-30,H,,2020-04-30,1906000,1,Y,MBSSMALL,2020-06-25,رئيس البلدية,محتسب البلدية,2020-04-30,Y,,,,,
165,2020,21,22,2020-04-30,H,,2020-04-30,520000,1,Y,MBSSMALL,2020-06-25,رئيس البلدية,محتسب البلدية,2020-04-30,Y,,,,,
165,2020,22,23,2020-05-31,H,,2020-05-31,1865000,1,Y,MBSSMALL,2020-06-25,رئيس البلدية,محتسب البلدية,2020-05-31,Y,,,,,
165,2020,23,25,2020-05-31,H,,2020-05-31,1744000,1,Y,MBSSMALL,2020-06-25,رئيس البلدية,محتسب البلدية,2020-05-31,Y,,,,,
165,2020,24,26,2020-05-31,H,,2020-05-31,1907000,1,Y,MBSSMALL,2020-06-25,رئيس البلدية,محتسب البلدية,2020-05-31,Y,,,,,
165,2004,82,84,2004-06-04,H,,2004-06-04,1535000,1,Y,MBSMONA,2004-06-25,رئيس البلدية,امين الصندوق,2004-06-04,Y,,,,,
165,2004,83,85,2004-06-04,H,,2004-06-04,372000,1,Y,MBSMONA,2004-06-25,رئيس البلدية,امين الصندوق,2004-06-04,Y,,,,,
165,2004,84,86,2004-06-10,H,,2004-06-18,534000,1,Y,MBSMONA,2004-07-06,رئيس البلدية,امين الصندوق,2004-06-18,Y,,,,,
165,2004,85,87,2004-06-10,H,,2004-06-18,437000,1,Y,MBSMONA,2004-07-06,رئيس البلدية,امين الصندوق,2004-06-18,Y,,,,,
165,2020,44,46,2020-07-22,H,,2020-07-22,928000,1,Y,MBSSMALL,2020-07-22,رئيس البلدية,محتسب البلدية,2020-07-22,Y,,,,,
165,2020,45,47,2020-07-22,H,,2020-07-22,2220000,1,Y,MBSSMALL,2020-07-22,رئيس البلدية,محتسب البلدية,2020-07-22,Y,,,,,
165,2020,46,48,2020-07-22,H,,2020-07-22,2591000,1,Y,MBSSMALL,2020-07-23,رئيس البلدية,محتسب البلدية,2020-07-22,Y,,,,,
165,2020,47,49,2020-07-22,H,,2020-07-22,2968000,1,Y,MBSSMALL,2020-07-23,رئيس البلدية,محتسب البلدية,2020-07-22,Y,,,,,
165,2020,48,50,2020-07-22,H,,2020-07-22,2532000,1,Y,MBSSMALL,2020-07-24,رئيس البلدية,محتسب البلدية,2020-07-22,Y,,,,,
165,2020,49,51,2020-08-02,H,,2020-08-02,1865000,1,Y,MBSSMALL,2020-08-03,رئيس البلدية,محتسب البلدية,2020-08-02,Y,,,,,
165,2020,50,52,2020-08-02,H,,2020-08-02,1744000,1,Y,MBSSMALL,2020-08-03,رئيس البلدية,محتسب البلدية,2020-08-02,Y,,,,,
165,2020,51,54,2020-08-02,H,,2020-08-02,1906000,1,Y,MBSSMALL,2020-08-03,رئيس البلدية,محتسب البلدية,2020-08-02,Y,,,,,
165,2020,52,55,2020-08-02,H,,2020-08-02,1734000,1,Y,MBSSMALL,2020-08-03,رئيس البلدية,محتسب البلدية,2020-08-02,Y,,,,,
165,2020,53,56,2020-08-02,H,,2020-08-02,696000,1,Y,MBSSMALL,2020-08-03,رئيس البلدية,محتسب البلدية,2020-08-02,Y,,,,,
165,2020,54,57,2020-08-31,H,,2020-08-31,1865000,1,Y,MBSSMALL,2020-09-01,رئيس البلدية,محتسب البلدية,2020-08-31,Y,,,,,
165,2020,55,58,2020-08-31,H,,2020-08-31,1744000,1,Y,MBSSMALL,2020-09-01,رئيس البلدية,محتسب البلدية,2020-08-31,Y,,,,,
165,2020,56,59,2020-08-31,H,,2020-08-31,1906000,1,Y,MBSSMALL,2020-09-01,رئيس البلدية,محتسب البلدية,2020-08-31,Y,,,,,
165,2020,57,60,2020-08-31,H,,2020-08-31,1734000,1,Y,MBSSMALL,2020-09-01,رئيس البلدية,محتسب البلدية,2020-08-31,Y,,,,,
165,2020,58,61,2020-08-31,H,,2020-08-31,544000,1,Y,MBSSMALL,2020-09-01,رئيس البلدية,محتسب البلدية,2020-08-31,Y,,,,,
165,2020,59,62,2020-09-18,H,,2020-09-18,9810000,1,Y,MBSSMALL,2020-09-25,رئيس البلدية,محتسب البلدية,2020-09-18,Y,,,,,
165,2020,60,63,2020-09-18,H,,2020-09-18,10375000,1,Y,MBSSMALL,2020-09-25,رئيس البلدية,محتسب البلدية,2020-09-18,Y,,,,,
165,2020,61,64,2020-09-18,H,,2020-09-18,10157000,1,Y,MBSSMALL,2020-09-25,رئيس البلدية,محتسب البلدية,2020-09-18,Y,,,,,
165,2020,62,65,2020-09-18,H,,2020-09-18,17608000,1,Y,MBSSMALL,2020-09-28,رئيس البلدية,محتسب البلدية,2020-09-18,Y,,,,,
165,2020,63,66,2020-09-18,H,,2020-09-18,9616000,1,Y,MBSSMALL,2020-09-28,رئيس البلدية,محتسب البلدية,2020-09-18,Y,,,,,
165,2020,64,67,2020-09-18,H,,2020-09-18,3592000,1,Y,MBSSMALL,2020-09-28,رئيس البلدية,محتسب البلدية,2020-09-18,Y,,,,,
165,2020,65,68,2020-09-18,H,,2020-09-18,5850000,1,Y,MBSSMALL,2020-09-28,رئيس البلدية,محتسب البلدية,2020-09-18,Y,,,,,
165,2020,66,69,2020-09-18,H,,2020-09-18,9000000,1,Y,MBSSMALL,2020-09-28,رئيس البلدية,محتسب البلدية,2020-09-18,Y,,,,,
165,2017,184,186,2017-11-29,H,,2017-11-29,18829000,1,Y,MBSSMALL,2017-12-04,رئيس البلدية,محتسب البلدية,2017-11-29,Y,,,,,
165,2017,185,187,2017-11-29,H,,2017-11-29,3430000,1,Y,MBSSMALL,2017-12-04,رئيس البلدية,محتسب البلدية,2017-11-29,Y,,,,,
165,2017,186,188,2017-11-29,H,,2017-11-29,348000,1,Y,MBSSMALL,2017-12-04,رئيس البلدية,محتسب البلدية,2017-11-29,Y,,,,,
165,2017,187,189,2017-11-29,H,,2017-11-29,19922000,1,Y,MBSSMALL,2017-12-04,رئيس البلدية,محتسب البلدية,2017-11-29,Y,,,,,
165,2017,188,190,2017-11-29,H,,2017-11-29,5598000,1,Y,MBSSMALL,2017-12-05,رئيس البلدية,محتسب البلدية,2017-11-29,Y,,,,,
165,2017,189,191,2017-12-01,H,,2017-12-01,784000,1,Y,MBSSMALL,2017-12-06,رئيس البلدية,محتسب البلدية,2017-12-01,Y,,,,,
165,2017,190,192,2017-12-01,H,,2017-12-01,705000,1,Y,MBSSMALL,2017-12-06,رئيس البلدية,محتسب البلدية,2017-12-01,Y,,,,,
165,2017,191,194,2017-12-01,H,,2017-12-01,791000,1,Y,MBSSMALL,2017-12-06,رئيس البلدية,محتسب البلدية,2017-12-01,Y,,,,,
165,2017,192,193,2017-12-01,H,,2017-12-01,950000,1,Y,MBSSMALL,2017-12-06,رئيس البلدية,محتسب البلدية,2017-12-01,Y,,,,,
165,2017,193,195,2017-12-01,H,,2017-12-01,640000,1,Y,MBSSMALL,2017-12-06,رئيس البلدية,محتسب البلدية,2017-12-01,Y,,,,,
165,2017,194,196,2017-12-01,H,,2017-12-01,385000,1,Y,MBSSMALL,2017-12-06,رئيس البلدية,محتسب البلدية,2017-12-01,Y,,,,,
165,2017,195,197,2017-12-01,H,,2017-12-01,180000,1,Y,MBSSMALL,2017-12-06,رئيس البلدية,محتسب البلدية,2017-12-01,Y,,,,,
165,2017,196,198,2017-12-01,H,,2017-12-01,37500000,1,Y,MBSSMALL,2017-12-07,رئيس البلدية,محتسب البلدية,2017-12-01,Y,,,,,
165,2017,197,199,2017-12-20,H,,2017-12-20,13490000,1,Y,MBSSMALL,2017-12-21,رئيس البلدية,محتسب البلدية,2017-12-20,Y,,,,,
165,2017,198,200,2017-12-20,H,,2017-12-20,13208000,1,Y,MBSSMALL,2017-12-21,رئيس البلدية,محتسب البلدية,2017-12-20,Y,,,,,
165,2017,199,201,2017-12-20,H,,2017-12-20,2468000,1,Y,MBSSMALL,2017-12-21,رئيس البلدية,محتسب البلدية,2017-12-20,Y,,,,,
165,2017,200,202,2017-12-20,H,,2017-12-20,5742000,1,Y,MBSSMALL,2017-12-21,رئيس البلدية,محتسب البلدية,2017-12-20,Y,,,,,
165,2017,201,203,2017-12-20,H,,2017-12-20,18000000,1,Y,MBSSMALL,2017-12-26,رئيس البلدية,محتسب البلدية,2017-12-20,Y,,,,,
165,2017,202,204,2017-12-20,H,,2017-12-20,3500000,1,Y,MBSSMALL,2017-12-26,رئيس البلدية,محتسب البلدية,2017-12-20,Y,,,,,
165,2017,203,205,2017-12-20,H,,2017-12-20,1200000,1,Y,MBSSMALL,2017-12-26,رئيس البلدية,محتسب البلدية,2017-12-20,Y,,,,,
165,2017,204,206,2017-12-20,H,,2017-12-20,2517000,1,Y,MBSSMALL,2017-12-27,رئيس البلدية,محتسب البلدية,2017-12-20,Y,,,,,
165,2017,205,207,2017-12-20,H,,2017-12-20,1650000,1,Y,MBSSMALL,2017-12-27,رئيس البلدية,محتسب البلدية,2017-12-20,Y,,,,,
165,2017,206,208,2017-12-20,H,,2017-12-20,508000,1,Y,MBSSMALL,2017-12-27,رئيس البلدية,محتسب البلدية,2017-12-20,Y,,,,,
165,2017,207,209,2017-12-20,H,,2017-12-20,2225000,1,Y,MBSSMALL,2017-12-27,رئيس البلدية,محتسب البلدية,2017-12-20,Y,,,,,
165,2017,208,210,2017-12-20,H,,2017-12-20,209000,1,Y,MBSSMALL,2017-12-27,رئيس البلدية,محتسب البلدية,2017-12-20,Y,,,,,
165,2017,209,211,2017-12-20,H,,2017-12-20,225000,1,Y,MBSSMALL,2017-12-27,رئيس البلدية,محتسب البلدية,2017-12-20,Y,,,,,
165,2017,229,233,2017-12-29,H,,2017-12-29,1861000,1,Y,MBSSMALL,2018-01-05,رئيس البلدية,محتسب البلدية,2017-12-29,Y,,,,,
165,2017,230,234,2017-12-29,H,,2017-12-29,2655000,1,Y,MBSSMALL,2018-01-09,رئيس البلدية,محتسب البلدية,2017-12-29,Y,,,,,
165,2017,231,235,2017-12-29,,,2017-12-29,2168000,,N,MBSSMALL,2018-01-11,رئيس البلدية,محتسب البلدية,,N,خطأ في التنسيب,2018-01-12,,,
165,2017,232,236,2017-12-29,H,,2017-12-29,18909000,1,Y,MBSSMALL,2018-01-12,رئيس البلدية,محتسب البلدية,2017-12-29,Y,,,,,
165,2017,233,237,2017-12-29,H,,2017-12-29,5603000,1,Y,MBSSMALL,2018-01-12,رئيس البلدية,محتسب البلدية,2017-12-29,Y,,,,,
165,2017,234,238,2017-12-29,H,,2017-12-29,686000,1,Y,MBSSMALL,2018-01-12,رئيس البلدية,محتسب البلدية,2017-12-29,Y,,,,,
165,2017,235,239,2017-12-29,H,,2017-12-29,19922000,1,Y,MBSSMALL,2018-01-12,رئيس البلدية,محتسب البلدية,2017-12-29,Y,,,,,
165,2022,74,76,2022-06-22,H,,2022-06-22,49250000,1,Y,MBSSMALL,2022-06-22,رئيس البلدية,محتسب البلدية,2022-06-22,Y,,,,,
165,2022,75,77,2022-06-22,H,,2022-06-22,34415000,1,Y,MBSSMALL,2022-06-23,رئيس البلدية,محتسب البلدية,2022-06-22,Y,,,,,
165,2018,107,107,2018-08-31,H,,2018-08-31,8350000,1,Y,MBSSMALL,2018-09-04,رئيس البلدية,محتسب البلدية,2018-08-31,Y,,,,,
165,2018,108,108,2018-08-31,H,,2018-08-31,7656000,1,Y,MBSSMALL,2018-09-04,رئيس البلدية,محتسب البلدية,2018-08-31,Y,,,,,
165,2018,109,109,2018-08-31,H,,2018-08-31,7082000,1,Y,MBSSMALL,2018-09-04,رئيس البلدية,محتسب البلدية,2018-08-31,Y,,,,,
165,2018,110,110,2018-08-31,H,,2018-08-31,7082000,1,Y,MBSSMALL,2018-09-04,رئيس البلدية,محتسب البلدية,2018-08-31,Y,,,,,
165,2018,111,111,2018-08-31,H,,2018-08-31,2850000,1,Y,MBSSMALL,2018-09-04,رئيس البلدية,محتسب البلدية,2018-08-31,Y,,,,,
165,2018,112,112,2018-08-31,H,,2018-08-31,2050000,1,Y,MBSSMALL,2018-09-04,رئيس البلدية,محتسب البلدية,2018-08-31,Y,,,,,
165,2018,117,117,2018-08-31,H,,2018-08-31,584000,1,Y,MBSSMALL,2018-09-05,رئيس البلدية,محتسب البلدية,2018-08-31,Y,,,,,
165,2018,118,118,2018-08-31,H,,2018-08-31,385000,1,Y,MBSSMALL,2018-09-05,رئيس البلدية,محتسب البلدية,2018-08-31,Y,,,,,
165,2018,119,119,2018-08-31,H,,2018-08-31,150000,1,Y,MBSSMALL,2018-09-05,رئيس البلدية,محتسب البلدية,2018-08-31,Y,,,,,
165,2018,120,120,2018-08-31,H,,2018-08-31,1000000,1,Y,MBSSMALL,2018-09-05,رئيس البلدية,محتسب البلدية,2018-08-31,Y,,,,,
165,2018,121,121,2018-08-31,H,,2018-08-31,1922000,1,Y,MBSSMALL,2018-09-07,رئيس البلدية,محتسب البلدية,2018-08-31,Y,,,,,
165,2018,122,122,2018-08-31,H,,2018-08-31,1500000,1,Y,MBSSMALL,2018-09-07,رئيس البلدية,محتسب البلدية,2018-08-31,Y,,,,,
165,2018,123,123,2018-08-31,H,,2018-08-31,1280000,1,Y,MBSSMALL,2018-09-07,رئيس البلدية,محتسب البلدية,2018-08-31,Y,,,,,
165,2018,124,124,2018-08-31,H,,2018-08-31,2940000,1,Y,MBSSMALL,2018-09-07,رئيس البلدية,محتسب البلدية,2018-08-31,Y,,,,,
165,2018,125,125,2018-08-31,H,,2018-08-31,1387000,1,Y,MBSSMALL,2018-09-10,رئيس البلدية,محتسب البلدية,2018-08-31,Y,,,,,
165,2018,126,126,2018-09-07,H,,2018-09-07,2400000,1,Y,MBSSMALL,2018-09-10,رئيس البلدية,محتسب البلدية,2018-09-07,Y,,,,,
165,2018,127,127,2018-09-07,H,,2018-09-07,2080000,1,Y,MBSSMALL,2018-09-10,رئيس البلدية,محتسب البلدية,2018-09-07,Y,,,,,
165,2017,161,163,2017-09-29,H,,2017-09-29,605000,1,Y,MBSSMALL,2017-10-23,رئيس البلدية,محتسب البلدية,2017-09-29,Y,,,,,
165,2018,84,84,2018-07-25,H,,2018-07-25,18429000,1,Y,MBSSMALL,2018-08-03,رئيس البلدية,محتسب البلدية,2018-07-25,Y,,,,,
165,2018,113,113,2018-08-31,H,,2018-08-31,1673000,1,Y,MBSSMALL,2018-09-05,رئيس البلدية,محتسب البلدية,2018-08-31,Y,,,,,
165,2018,114,114,2018-08-31,H,,2018-08-31,1560000,1,Y,MBSSMALL,2018-09-05,رئيس البلدية,محتسب البلدية,2018-08-31,Y,,,,,
165,2018,115,115,2018-08-31,H,,2018-08-31,1733000,1,Y,MBSSMALL,2018-09-05,رئيس البلدية,محتسب البلدية,2018-08-31,Y,,,,,
165,2018,116,116,2018-08-31,H,,2018-08-31,1574000,1,Y,MBSSMALL,2018-09-05,رئيس البلدية,محتسب البلدية,2018-08-31,Y,,,,,
165,2018,170,171,2018-10-31,H,,2018-10-31,202000,1,Y,MBSSMALL,2018-11-12,رئيس البلدية,محتسب البلدية,2018-10-31,Y,,,,,
165,2018,199,200,2018-12-28,H,,2018-12-28,2896000,1,Y,MBSSMALL,2019-01-03,رئيس البلدية,محتسب البلدية,2018-12-28,Y,,,,,
165,2018,200,201,2018-12-31,H,,2018-12-31,2902000,1,Y,MBSSMALL,2019-01-03,رئيس البلدية,محتسب البلدية,2018-12-31,Y,,,,,
165,2018,201,202,2018-12-31,H,,2018-12-31,400000,1,Y,MBSSMALL,2019-01-03,رئيس البلدية,محتسب البلدية,2018-12-31,Y,,,,,
165,2018,202,203,2018-12-31,H,,2018-12-31,1680000,1,Y,MBSSMALL,2019-01-03,رئيس البلدية,محتسب البلدية,2018-12-31,Y,,,,,
165,2018,203,204,2018-12-31,H,,2018-12-31,1729000,1,Y,MBSSMALL,2019-01-03,رئيس البلدية,محتسب البلدية,2018-12-31,Y,,,,,
165,2018,204,205,2018-12-31,H,,2018-12-31,1560000,1,Y,MBSSMALL,2019-01-03,رئيس البلدية,محتسب البلدية,2018-12-31,Y,,,,,
165,2018,205,207,2018-12-31,H,,2018-12-31,1574000,1,Y,MBSSMALL,2019-01-03,رئيس البلدية,محتسب البلدية,2018-12-31,Y,,,,,
165,2015,130,130,2015-09-30,H,,2015-09-30,2170000,1,Y,BUDGET,2015-10-07,رئيس البلدية,محتسب البلدية,2015-09-30,Y,,,,,
165,2015,131,131,2015-09-30,H,,2015-09-30,2686000,1,Y,BUDGET,2015-10-07,رئيس البلدية,محتسب البلدية,2015-09-30,Y,,,,,
165,2017,223,227,2017-12-29,H,,2017-12-29,395000,1,Y,MBSSMALL,2017-12-29,رئيس البلدية,محتسب البلدية,2017-12-29,Y,,,,,
165,2017,224,228,2017-12-29,,,2017-12-29,2191000,,N,MBSSMALL,2017-12-29,رئيس البلدية,محتسب البلدية,,N,خطأ في المبلغ,2018-01-11,,,
165,2017,225,229,2017-12-29,H,,2017-12-29,136000,1,Y,MBSSMALL,2018-01-04,رئيس البلدية,محتسب البلدية,2017-12-29,Y,,,,,
165,2017,226,230,2017-12-29,H,,2017-12-29,1605000,1,Y,MBSSMALL,2018-01-04,رئيس البلدية,محتسب البلدية,2017-12-29,Y,,,,,
165,2017,227,231,2017-12-29,H,,2017-12-29,1491000,1,Y,MBSSMALL,2018-01-04,رئيس البلدية,محتسب البلدية,2017-12-29,Y,,,,,
165,2017,228,232,2017-12-29,H,,2017-12-29,1277000,1,Y,MBSSMALL,2018-01-04,رئيس البلدية,محتسب البلدية,2017-12-29,Y,,,,,
165,2017,90,91,2017-06-25,H,,2017-06-25,18000000,1,Y,MBSSMALL,2017-08-12,رئيس البلدية,محتسب البلدية,2017-06-25,Y,,,,,
165,2017,91,92,2017-06-25,H,,2017-06-25,4125000,1,Y,MBSSMALL,2017-08-12,رئيس البلدية,محتسب البلدية,2017-06-25,Y,,,,,
165,2017,92,93,2017-06-25,H,,2017-06-25,3811000,1,Y,MBSSMALL,2017-08-12,رئيس البلدية,محتسب البلدية,2017-06-25,Y,,,,,
165,2017,93,94,2017-07-25,H,,2017-07-25,2970000,1,Y,MBSSMALL,2017-08-12,رئيس البلدية,محتسب البلدية,2017-07-25,Y,,,,,
165,2017,94,95,2017-07-25,H,,2017-07-25,2090000,1,Y,MBSSMALL,2017-08-12,رئيس البلدية,محتسب البلدية,2017-07-25,Y,,,,,
165,2017,95,96,2017-07-25,H,,2017-07-25,1570000,1,Y,MBSSMALL,2017-08-12,رئيس البلدية,محتسب البلدية,2017-07-25,Y,,,,,
165,2017,96,97,2017-07-31,H,,2017-07-31,1006000,1,Y,MBSSMALL,2017-08-12,رئيس البلدية,محتسب البلدية,2017-07-31,Y,,,,,
165,2017,97,98,2017-07-31,H,,2017-07-31,919000,1,Y,MBSSMALL,2017-08-12,رئيس البلدية,محتسب البلدية,2017-07-31,Y,,,,,
165,2017,98,100,2017-07-31,H,,2017-07-31,1013000,1,Y,MBSSMALL,2017-08-12,رئيس البلدية,محتسب البلدية,2017-07-31,Y,,,,,
165,2017,99,99,2017-07-31,H,,2017-07-31,1172000,1,Y,MBSSMALL,2017-08-12,رئيس البلدية,محتسب البلدية,2017-07-31,Y,,,,,
165,2017,100,101,2017-07-31,H,,2017-07-31,832000,1,Y,MBSSMALL,2017-08-12,رئيس البلدية,محتسب البلدية,2017-07-31,Y,,,,,
165,2017,101,102,2017-07-31,H,,2017-07-31,900000,1,Y,MBSSMALL,2017-08-12,رئيس البلدية,محتسب البلدية,2017-07-31,Y,,,,,
165,2017,102,103,2017-07-31,H,,2017-07-31,195000,1,Y,MBSSMALL,2017-08-12,رئيس البلدية,محتسب البلدية,2017-07-31,Y,,,,,
165,2017,103,104,2017-07-31,H,,2017-07-31,1570000,1,Y,MBSSMALL,2017-08-12,رئيس البلدية,محتسب البلدية,2017-07-31,Y,,,,,
165,2017,104,106,2017-07-31,H,,2017-07-31,2957000,1,Y,MBSSMALL,2017-08-17,رئيس البلدية,محتسب البلدية,2017-07-31,Y,,,,,
165,2017,105,107,2017-07-31,H,,2017-07-31,2077000,1,Y,MBSSMALL,2017-08-17,رئيس البلدية,محتسب البلدية,2017-07-31,Y,,,,,
165,2017,106,108,2017-07-31,H,,2017-07-31,2869000,1,Y,MBSSMALL,2017-08-17,رئيس البلدية,محتسب البلدية,2017-07-31,Y,,,,,
165,2017,107,109,2017-07-31,H,,2017-07-31,2344000,1,Y,MBSSMALL,2017-08-18,رئيس البلدية,محتسب البلدية,2017-07-31,Y,,,,,
165,2009,73,75,2009-07-14,H,,2009-07-14,297000,1,Y,BUDGET,2009-07-14,رئيس البلدية,محتسب البلدية,2009-07-14,Y,,,,,
165,2009,74,76,2009-07-14,H,,2009-07-14,100000,1,Y,BUDGET,2009-07-14,رئيس البلدية,محتسب البلدية,2009-07-14,Y,,,,,
165,2009,75,77,2009-07-14,H,,2009-07-14,300000,1,Y,BUDGET,2009-07-14,رئيس البلدية,محتسب البلدية,2009-07-14,Y,,,,,
165,2009,76,78,2009-07-14,H,,2009-07-14,2732000,1,Y,BUDGET,2009-07-14,رئيس البلدية,محتسب البلدية,2009-07-14,Y,,,,,
165,2009,77,79,2009-07-14,H,,2009-07-14,6400000,1,Y,BUDGET,2009-07-14,رئيس البلدية,محتسب البلدية,2009-07-14,Y,,,,,
165,2009,78,80,2009-07-14,H,,2009-07-14,1023000,1,Y,BUDGET,2009-07-15,رئيس البلدية,محتسب البلدية,2009-07-14,Y,,,,,
165,2009,79,81,2009-07-28,H,,2009-07-28,699000,1,Y,BUDGET,2009-07-28,رئيس البلدية,محتسب البلدية,2009-07-28,Y,,,,,
165,2009,80,82,2009-07-28,H,,2009-07-28,753000,1,Y,BUDGET,2009-07-28,رئيس البلدية,محتسب البلدية,2009-07-28,Y,,,,,
165,2009,81,83,2009-07-28,H,,2009-07-28,177000,1,Y,BUDGET,2009-07-28,رئيس البلدية,محتسب البلدية,2009-07-28,Y,,,,,
165,2009,82,85,2009-07-28,H,,2009-07-28,185000,1,Y,BUDGET,2009-07-28,رئيس البلدية,محتسب البلدية,2009-07-28,Y,,,,,
165,2009,83,86,2009-07-28,H,,2009-07-28,200000,1,Y,BUDGET,2009-07-28,رئيس البلدية,محتسب البلدية,2009-07-28,Y,,,,,
165,2009,84,87,2009-08-06,H,,2009-08-06,1491000,1,Y,BUDGET,2009-08-06,رئيس البلدية,محتسب البلدية,2009-08-06,Y,,,,,
165,2009,85,88,2009-08-11,H,,2009-08-11,150000,1,Y,BUDGET,2009-08-11,رئيس البلدية,محتسب البلدية,2009-08-11,Y,,,,,
165,2009,86,89,2009-08-11,H,,2009-08-11,2359000,1,Y,BUDGET,2009-08-11,رئيس البلدية,محتسب البلدية,2009-08-11,Y,,,,,
165,2009,87,90,2009-08-11,H,,2009-08-11,624000,1,Y,BUDGET,2009-08-11,رئيس البلدية,محتسب البلدية,2009-08-11,Y,,,,,
165,2009,88,91,2009-08-11,H,,2009-08-11,300000,1,Y,BUDGET,2009-08-11,رئيس البلدية,محتسب البلدية,2009-08-11,Y,,,,,
165,2009,55,56,2009-06-24,H,,2009-06-24,182000,1,Y,BUDGET,2009-06-24,رئيس البلدية,محتسب البلدية,2009-06-24,Y,,,,,
165,2009,56,57,2009-06-24,H,,2009-06-24,270000,1,Y,BUDGET,2009-06-24,رئيس البلدية,محتسب البلدية,2009-06-24,Y,,,,,
165,2009,57,58,2009-06-24,H,,2009-06-24,60000,1,Y,BUDGET,2009-06-24,رئيس البلدية,محتسب البلدية,2009-06-24,Y,,,,,
165,2009,58,59,2009-06-24,H,,2009-06-24,300000,1,Y,BUDGET,2009-06-24,رئيس البلدية,محتسب البلدية,2009-06-24,Y,,,,,
165,2009,59,60,2009-06-24,H,,2009-06-24,2359000,1,Y,BUDGET,2009-06-24,رئيس البلدية,محتسب البلدية,2009-06-24,Y,,,,,
165,2009,60,61,2009-06-24,H,,2009-06-24,568000,1,Y,BUDGET,2009-06-24,رئيس البلدية,محتسب البلدية,2009-06-24,Y,,,,,
165,2009,61,62,2009-06-24,H,,2009-06-24,2774000,1,Y,BUDGET,2009-06-24,رئيس البلدية,محتسب البلدية,2009-06-24,Y,,,,,
165,2009,62,63,2009-06-24,H,,2009-06-24,7962000,1,Y,BUDGET,2009-06-24,رئيس البلدية,محتسب البلدية,2009-06-24,Y,,,,,
165,2009,63,64,2009-06-24,H,,2009-06-24,741000,1,Y,BUDGET,2009-06-24,رئيس البلدية,محتسب البلدية,2009-06-24,Y,,,,,
165,2009,64,65,2009-07-02,H,,2009-07-02,750000,1,Y,BUDGET,2009-07-02,رئيس البلدية,محتسب البلدية,2009-07-02,Y,,,,,
165,2009,65,66,2009-07-02,H,,2009-07-02,2359000,1,Y,BUDGET,2009-07-02,رئيس البلدية,محتسب البلدية,2009-07-02,Y,,,,,
165,2009,66,67,2009-07-02,H,,2009-07-02,600000,1,Y,BUDGET,2009-07-02,رئيس البلدية,محتسب البلدية,2009-07-02,Y,,,,,
165,2009,67,68,2009-07-02,H,,2009-07-02,300000,1,Y,BUDGET,2009-07-02,رئيس البلدية,محتسب البلدية,2009-07-02,Y,,,,,
165,2009,135,139,2009-11-24,H,,2009-11-24,2756000,1,Y,BUDGET,2009-11-24,رئيس البلدية,محتسب البلدية,2009-11-24,Y,,,,,
165,2009,136,140,2009-11-24,H,,2009-11-24,16524000,1,Y,BUDGET,2009-11-24,رئيس البلدية,محتسب البلدية,2009-11-24,Y,,,,,
165,2009,137,141,2009-11-24,H,,2009-11-24,9879000,1,Y,BUDGET,2009-11-24,رئيس البلدية,محتسب البلدية,2009-11-24,Y,,,,,
165,2009,138,142,2009-11-24,H,,2009-11-24,13297000,1,Y,BUDGET,2009-11-24,رئيس البلدية,محتسب البلدية,2009-11-24,Y,,,,,
165,2009,139,143,2009-11-24,H,,2009-11-24,1555000,1,Y,BUDGET,2009-11-24,رئيس البلدية,محتسب البلدية,2009-11-24,Y,,,,,
165,2009,163,167,2009-12-24,H,,2009-12-24,255000,1,Y,BUDGET,2009-12-24,رئيس البلدية,محتسب البلدية,2009-12-24,Y,,,,,
165,2009,164,168,2009-12-31,H,,2009-12-31,178000,1,Y,BUDGET,2009-12-31,رئيس البلدية,محتسب البلدية,2009-12-31,Y,,,,,
165,2009,165,169,2009-12-31,H,,2009-12-31,160000,1,Y,BUDGET,2009-12-31,رئيس البلدية,محتسب البلدية,2009-12-31,Y,,,,,
165,2009,166,170,2009-12-31,H,,2009-12-31,437000,1,Y,BUDGET,2009-12-31,رئيس البلدية,محتسب البلدية,2009-12-31,Y,,,,,
165,2009,167,171,2009-12-31,H,,2009-12-31,2359000,1,Y,BUDGET,2009-12-31,رئيس البلدية,محتسب البلدية,2009-12-31,Y,,,,,
165,2009,168,172,2009-12-31,H,,2009-12-31,656000,1,Y,BUDGET,2009-12-31,رئيس البلدية,محتسب البلدية,2009-12-31,Y,,,,,
165,2009,169,173,2009-12-31,H,,2009-12-31,300000,1,Y,BUDGET,2009-12-31,رئيس البلدية,محتسب البلدية,2009-12-31,Y,,,,,
165,2006,70,71,2006-06-23,H,,2006-06-24,1150000,1,Y,MBSMONA,2006-07-27,المجلس البلدي,امين الصندوق,2006-06-24,Y,,,,,
165,2006,71,72,2006-07-07,H,,2006-07-08,4967000,1,Y,MBSMONA,2006-07-27,المجلس البلدي,امين الصندوق,2006-07-08,Y,,,,,
165,2006,72,73,2006-07-07,H,,2006-07-08,2200000,1,Y,MBSMONA,2006-07-27,المجلس البلدي,امين الصندوق,2006-07-08,Y,,,,,
165,2006,73,74,2006-07-07,H,,2006-07-08,302000,1,Y,MBSMONA,2006-07-27,المجلس البلدي,امين الصندوق,2006-07-08,Y,,,,,
165,2006,74,75,2006-07-07,H,,2006-07-08,420000,1,Y,MBSMONA,2006-07-27,المجلس البلدي,امين الصندوق,2006-07-08,Y,,,,,
165,2006,75,76,2006-07-07,H,,2006-07-08,431000,1,Y,MBSMONA,2006-07-27,المجلس البلدي,امين الصندوق,2006-07-08,Y,,,,,
165,2006,76,77,2006-07-07,H,,2006-07-08,141000,1,Y,MBSMONA,2006-07-27,المجلس البلدي,امين الصندوق,2006-07-08,Y,,,,,
165,2006,77,78,2006-07-07,H,,2006-07-08,150000,1,Y,MBSMONA,2006-07-27,المجلس البلدي,امين الصندوق,2006-07-08,Y,,,,,
165,2006,78,79,2006-07-07,H,,2006-07-08,5000,1,Y,MBSMONA,2006-07-27,المجلس البلدي,امين الصندوق,2006-07-08,Y,,,,,
165,2006,79,80,2006-07-07,H,,2006-07-08,13000,1,Y,MBSMONA,2006-07-27,المجلس البلدي,امين الصندوق,2006-07-08,Y,,,,,
165,2006,80,81,2006-07-07,H,,2006-07-08,22000,1,Y,MBSMONA,2006-07-27,المجلس البلدي,امين الصندوق,2006-07-08,Y,,,,,
165,2006,81,82,2006-07-07,H,,2006-07-08,20000,1,Y,MBSMONA,2006-07-27,المجلس البلدي,امين الصندوق,2006-07-08,Y,,,,,
165,2006,82,83,2006-07-07,H,,2006-07-08,2623000,1,Y,MBSMONA,2006-07-27,المجلس البلدي,امين الصندوق,2006-07-08,Y,,,,,
165,2006,83,84,2006-07-07,H,,2006-07-08,3210000,1,Y,MBSMONA,2006-07-27,المجلس البلدي,امين الصندوق,2006-07-08,Y,,,,,
165,2006,84,85,2006-07-07,H,,2006-07-08,6812000,1,Y,MBSMONA,2006-07-31,المجلس البلدي,امين الصندوق,2006-07-08,Y,,,,,
165,2006,85,86,2006-07-07,H,,2006-07-08,3796000,1,Y,MBSMONA,2006-07-31,المجلس البلدي,امين الصندوق,2006-07-08,Y,,,,,
165,2006,86,87,2006-07-07,H,,2006-07-08,1089000,1,Y,MBSMONA,2006-07-31,المجلس البلدي,امين الصندوق,2006-07-08,Y,,,,,
165,2006,87,88,2006-07-07,H,,2006-07-08,288000,1,Y,MBSMONA,2006-07-31,المجلس البلدي,امين الصندوق,2006-07-08,Y,,,,,
165,2004,86,88,2004-06-26,H,,2004-06-26,949000,1,Y,MBSMONA,2004-07-07,رئيس البلدية,امين الصندوق,2004-06-26,Y,,,,,
165,2004,87,89,2004-07-01,H,,2004-07-01,1535000,1,Y,MBSMONA,2004-07-07,رئيس البلدية,امين الصندوق,2004-07-01,Y,,,,,
165,2004,88,90,2004-07-01,H,,2004-07-01,390000,1,Y,MBSMONA,2004-07-07,رئيس البلدية,امين الصندوق,2004-07-01,Y,,,,,
165,2004,89,91,2004-07-05,H,,2004-07-06,2832000,1,Y,MBSMONA,2004-07-07,المجلس البلدي,امين الصندوق,2004-07-06,Y,,,,,
165,2004,90,92,2004-07-05,H,,2004-07-06,1155000,1,Y,MBSMONA,2004-07-07,المجلس البلدي,امين الصندوق,2004-07-06,Y,,,,,
165,2004,91,93,2004-07-05,H,,2004-07-06,100000,1,Y,MBSMONA,2004-07-07,المجلس البلدي,امين الصندوق,2004-07-06,Y,,,,,
165,2004,92,94,2004-07-05,H,,2004-07-06,377000,1,Y,MBSMONA,2004-07-07,المجلس البلدي,امين الصندوق,2004-07-06,Y,,,,,
165,2004,93,95,2004-07-05,H,,2004-07-06,1170000,1,Y,MBSMONA,2004-07-07,المجلس البلدي,امين الصندوق,2004-07-06,Y,,,,,
165,2004,94,96,2004-06-30,H,,2004-06-30,120000,1,Y,MBSMONA,2004-07-07,رئيس البلدية,امين الصندوق,2004-06-30,Y,,,,,
165,2004,95,97,2004-06-30,H,,2004-06-30,150000,1,Y,MBSMONA,2004-07-07,رئيس البلدية,امين الصندوق,2004-06-30,Y,,,,,
165,2004,96,98,2004-07-08,H,,2004-07-08,995000,1,Y,MBSMONA,2004-08-18,رئيس البلدية,امين الصندوق,2004-07-08,Y,,,,,
165,2004,97,100,2004-07-07,H,,2004-07-08,440000,1,Y,MBSMONA,2004-08-19,رئيس البلدية,امين الصندوق,2004-07-08,Y,,,,,
165,2004,98,99,2004-07-07,H,,2004-07-08,375000,1,Y,MBSMONA,2004-08-19,رئيس البلدية,امين الصندوق,2004-07-08,Y,,,,,
165,2004,99,101,2004-07-07,H,,2004-07-08,900000,1,Y,MBSMONA,2004-08-19,رئيس البلدية,امين الصندوق,2004-07-08,Y,,,,,
165,2004,100,102,2004-07-07,H,,2004-07-08,500000,1,Y,MBSMONA,2004-08-19,رئيس البلدية,امين الصندوق,2004-07-08,Y,,,,,
165,2004,101,103,2004-07-07,H,,2004-07-08,200000,1,Y,MBSMONA,2004-08-19,رئيس البلدية,امين الصندوق,2004-07-08,Y,,,,,
165,2004,102,104,2004-07-07,H,,2004-07-08,300000,1,Y,MBSMONA,2004-08-19,رئيس البلدية,امين الصندوق,2004-07-08,Y,,,,,
165,2004,103,105,2004-08-05,H,,2004-08-05,1535000,1,Y,MBSMONA,2004-08-19,رئيس البلدية,امين الصندوق,2004-08-05,Y,,,,,
165,2004,104,106,2004-07-31,H,,2004-08-05,300000,1,Y,MBSMONA,2004-08-19,رئيس البلدية,امين الصندوق,2004-08-05,Y,,,,,
165,2004,105,107,2004-08-04,H,,2004-08-05,3073000,1,Y,MBSMONA,2004-08-19,رئيس البلدية,امين الصندوق,2004-08-05,Y,,,,,
165,2004,106,108,2004-08-04,H,,2004-08-05,2085000,1,Y,MBSMONA,2004-08-19,رئيس البلدية,امين الصندوق,2004-08-05,Y,,,,,
165,2004,107,109,2004-08-04,H,,2004-08-05,531000,1,Y,MBSMONA,2004-08-19,رئيس البلدية,امين الصندوق,2004-08-05,Y,,,,,
165,2004,108,110,2004-08-04,H,,2004-08-05,1010000,1,Y,MBSMONA,2004-08-20,رئيس البلدية,امين الصندوق,2004-08-05,Y,,,,,
165,2004,109,111,2004-08-04,H,,2004-08-05,715000,1,Y,MBSMONA,2004-08-20,رئيس البلدية,امين الصندوق,2004-08-05,Y,,,,,
165,2004,110,116,2004-08-04,H,,2004-08-05,460000,1,Y,MBSMONA,2004-10-22,المجلس البلدي,امين الصندوق,2004-08-05,Y,,,,,
165,2004,111,117,2004-08-04,H,,2004-08-05,783000,1,Y,MBSMONA,2004-10-22,المجلس البلدي,امين الصندوق,2004-08-05,Y,,,,,
165,2004,112,118,2004-08-04,H,,2004-08-05,225000,1,Y,MBSMONA,2004-10-22,المجلس البلدي,امين الصندوق,2004-08-05,Y,,,,,
165,2004,113,119,2004-08-04,H,,2004-08-05,150000,1,Y,MBSMONA,2004-10-22,المجلس البلدي,امين الصندوق,2004-08-05,Y,,,,,
165,2004,114,120,2004-08-04,H,,2004-08-05,330000,1,Y,MBSMONA,2004-10-22,المجلس البلدي,امين الصندوق,2004-08-05,Y,,,,,
165,2004,115,121,2004-08-04,H,,2004-08-05,323000,1,Y,MBSMONA,2004-10-22,المجلس البلدي,امين الصندوق,2004-08-05,Y,,,,,
165,2004,116,122,2004-08-04,H,,2004-08-05,30000,1,Y,MBSMONA,2004-10-22,المجلس البلدي,امين الصندوق,2004-08-05,Y,,,,,
165,2004,117,123,2004-08-04,H,,2004-08-05,36000,1,Y,MBSMONA,2004-10-22,المجلس البلدي,امين الصندوق,2004-08-05,Y,,,,,
165,2004,118,124,2004-08-20,H,,2004-08-25,213000,1,Y,MBSMONA,2004-10-22,رئيس البلدية,امين الصندوق,2004-08-25,Y,,,,,
165,2004,119,125,2004-08-20,H,,2004-08-25,294000,1,Y,MBSMONA,2004-10-22,رئيس البلدية,امين الصندوق,2004-08-25,Y,,,,,
165,2004,120,126,2004-08-20,H,,2004-08-25,120000,1,Y,MBSMONA,2004-10-22,رئيس البلدية,امين الصندوق,2004-08-25,Y,,,,,
165,2004,121,127,2004-08-20,H,,2004-08-25,25000,1,Y,MBSMONA,2004-10-22,رئيس البلدية,امين الصندوق,2004-08-25,Y,,,,,
165,2004,122,128,2004-08-20,H,,2004-08-25,80000,1,Y,MBSMONA,2004-10-22,رئيس البلدية,امين الصندوق,2004-08-25,Y,,,,,
165,2022,41,42,2022-03-31,,,2022-03-31,4067000,,N,MBSSMALL,2022-04-06,رئيس البلدية,محتسب البلدية,,N,خطأ في المبلغ,2022-04-06,,,
165,2022,42,43,2022-03-31,,,2022-03-31,4027000,,N,MBSSMALL,2022-04-06,رئيس البلدية,محتسب البلدية,,N,خطأ في المبلغ,2022-04-06,,,
165,2022,43,44,2022-03-31,H,,2022-03-31,1276000,1,Y,MBSSMALL,2022-04-07,رئيس البلدية,محتسب البلدية,2022-03-31,Y,,,,,
165,2022,44,45,2022-03-31,H,,2022-03-31,1286000,1,Y,MBSSMALL,2022-04-07,رئيس البلدية,محتسب البلدية,2022-03-31,Y,,,,,
165,2022,45,46,2022-03-31,H,,2022-03-31,1710000,1,Y,MBSSMALL,2022-04-07,رئيس البلدية,محتسب البلدية,2022-03-31,Y,,,,,
165,2022,46,47,2022-03-31,H,,2022-03-31,2684000,1,Y,MBSSMALL,2022-04-07,رئيس البلدية,محتسب البلدية,2022-03-31,Y,,,,,
165,2022,47,48,2022-03-31,H,,2022-03-31,1339000,1,Y,MBSSMALL,2022-04-07,رئيس البلدية,محتسب البلدية,2022-03-31,Y,,,,,
165,2022,48,49,2022-03-31,H,,2022-03-31,1344000,1,Y,MBSSMALL,2022-04-07,رئيس البلدية,محتسب البلدية,2022-03-31,Y,,,,,
165,2022,49,50,2022-03-31,H,,2022-03-31,1357000,1,Y,MBSSMALL,2022-04-07,رئيس البلدية,محتسب البلدية,2022-03-31,Y,,,,,
165,2022,50,51,2022-03-31,H,,2022-03-31,1343000,1,Y,MBSSMALL,2022-04-07,رئيس البلدية,محتسب البلدية,2022-03-31,Y,,,,,
165,2022,51,52,2022-05-05,H,,2022-05-05,1926000,1,Y,MBSSMALL,2022-05-06,رئيس البلدية,محتسب البلدية,2022-05-05,Y,,,,,
165,2022,52,53,2022-05-05,H,,2022-05-05,1804000,1,Y,MBSSMALL,2022-05-06,رئيس البلدية,محتسب البلدية,2022-05-05,Y,,,,,
165,2022,53,54,2022-05-05,H,,2022-05-05,1957000,1,Y,MBSSMALL,2022-05-06,رئيس البلدية,محتسب البلدية,2022-05-05,Y,,,,,
165,2022,54,55,2022-05-05,H,,2022-05-05,1783000,1,Y,MBSSMALL,2022-05-06,رئيس البلدية,محتسب البلدية,2022-05-05,Y,,,,,
165,2022,55,56,2022-05-05,H,,2022-05-05,1632000,1,Y,MBSSMALL,2022-05-06,رئيس البلدية,محتسب البلدية,2022-05-05,Y,,,,,
165,2022,56,57,2022-04-29,H,,2022-04-29,1375000,1,Y,MBSSMALL,2022-05-11,رئيس البلدية,محتسب البلدية,2022-04-29,Y,,,,,
165,2022,57,58,2022-04-29,H,,2022-04-29,1389000,1,Y,MBSSMALL,2022-05-11,رئيس البلدية,محتسب البلدية,2022-04-29,Y,,,,,
165,2022,58,59,2022-04-29,H,,2022-04-29,1403000,1,Y,MBSSMALL,2022-05-11,رئيس البلدية,محتسب البلدية,2022-04-29,Y,,,,,
165,2022,59,60,2022-04-29,H,,2022-04-29,1382000,1,Y,MBSSMALL,2022-05-11,رئيس البلدية,محتسب البلدية,2022-04-29,Y,,,,,
165,2022,60,61,2022-05-18,H,,2022-05-18,11080000,1,Y,MBSSMALL,2022-06-02,رئيس البلدية,محتسب البلدية,2022-05-18,Y,,,,,
165,2022,61,62,2022-05-23,H,,2022-05-23,10500000,1,Y,MBSSMALL,2022-06-02,رئيس البلدية,محتسب البلدية,2022-05-23,Y,,,,,
165,2022,76,78,2022-06-22,H,,2022-06-22,40288000,1,Y,MBSSMALL,2022-06-23,رئيس البلدية,محتسب البلدية,2022-06-22,Y,,,,,
165,2022,77,79,2022-06-22,H,,2022-06-22,5313000,1,Y,MBSSMALL,2022-06-23,رئيس البلدية,محتسب البلدية,2022-06-22,Y,,,,,
165,2022,78,80,2022-06-22,H,,2022-06-22,35646000,1,Y,MBSSMALL,2022-06-23,رئيس البلدية,محتسب البلدية,2022-06-22,Y,,,,,
165,2022,79,81,2022-06-22,H,,2022-06-22,21000000,1,Y,MBSSMALL,2022-06-23,رئيس البلدية,محتسب البلدية,2022-06-22,Y,,,,,
165,2022,80,82,2022-06-30,H,,2022-06-30,1926000,1,Y,MBSSMALL,2022-07-06,رئيس البلدية,محتسب البلدية,2022-06-30,Y,,,,,
165,2022,81,83,2022-06-30,H,,2022-06-30,1804000,1,Y,MBSSMALL,2022-07-06,رئيس البلدية,محتسب البلدية,2022-06-30,Y,,,,,
165,2022,82,84,2022-06-30,H,,2022-06-30,1957000,1,Y,MBSSMALL,2022-07-06,رئيس البلدية,محتسب البلدية,2022-06-30,Y,,,,,
165,2022,83,85,2022-06-30,H,,2022-06-30,1783000,1,Y,MBSSMALL,2022-07-06,رئيس البلدية,محتسب البلدية,2022-06-30,Y,,,,,
165,2022,84,86,2022-06-30,H,,2022-06-30,2112000,1,Y,MBSSMALL,2022-07-06,رئيس البلدية,محتسب البلدية,2022-06-30,Y,,,,,
165,2022,85,87,2022-06-30,H,,2022-06-30,1375000,1,Y,MBSSMALL,2022-07-06,رئيس البلدية,محتسب البلدية,2022-06-30,Y,,,,,
165,2022,86,88,2022-06-30,H,,2022-06-30,1389000,1,Y,MBSSMALL,2022-07-06,رئيس البلدية,محتسب البلدية,2022-06-30,Y,,,,,
165,2022,87,89,2022-06-30,H,,2022-06-30,1403000,1,Y,MBSSMALL,2022-07-06,رئيس البلدية,محتسب البلدية,2022-06-30,Y,,,,,
165,2022,88,90,2022-06-30,H,,2022-06-30,1382000,1,Y,MBSSMALL,2022-07-06,رئيس البلدية,محتسب البلدية,2022-06-30,Y,,,,,
165,2022,89,91,2022-07-06,H,,2022-07-06,11470000,1,Y,MBSSMALL,2022-07-15,رئيس البلدية,محتسب البلدية,2022-07-06,Y,,,,,
165,2022,90,92,2022-07-15,H,,2022-07-15,10135000,1,Y,MBSSMALL,2022-07-25,رئيس البلدية,محتسب البلدية,2022-07-15,Y,,,,,
165,2022,91,93,2022-07-27,H,,2022-07-27,24080000,1,Y,MBSSMALL,2022-08-02,رئيس البلدية,محتسب البلدية,2022-07-27,Y,,,,,
165,2022,92,94,2022-07-27,H,,2022-07-27,7700000,1,Y,MBSSMALL,2022-08-02,رئيس البلدية,محتسب البلدية,2022-07-27,Y,,,,,
165,2022,93,95,2022-07-27,H,,2022-07-27,13182000,1,Y,MBSSMALL,2022-08-03,رئيس البلدية,محتسب البلدية,2022-08-27,Y,,,,,
165,2022,94,96,2022-07-27,H,,2022-07-27,7000000,1,Y,MBSSMALL,2022-08-03,رئيس البلدية,محتسب البلدية,2022-08-27,Y,,,,,
165,2022,95,97,2022-08-01,H,,2022-08-01,1926000,1,Y,MBSSMALL,2022-08-08,رئيس البلدية,محتسب البلدية,2022-08-01,Y,,,,,
165,2022,96,100,2022-08-01,H,,2022-08-01,1783000,1,Y,MBSSMALL,2022-08-08,رئيس البلدية,محتسب البلدية,2022-08-01,Y,,,,,
165,2022,97,98,2022-08-01,H,,2022-08-01,1804000,1,Y,MBSSMALL,2022-08-08,رئيس البلدية,محتسب البلدية,2022-08-01,Y,,,,,
165,2022,98,99,2022-08-01,H,,2022-08-01,1957000,1,Y,MBSSMALL,2022-08-08,رئيس البلدية,محتسب البلدية,2022-08-01,Y,,,,,
165,2022,99,101,2022-08-01,H,,2022-08-01,4864000,1,Y,MBSSMALL,2022-08-08,رئيس البلدية,محتسب البلدية,2022-08-01,Y,,,,,
165,2022,100,104,2022-08-01,H,,2022-08-01,1850000,1,Y,MBSSMALL,2022-08-08,رئيس البلدية,محتسب البلدية,2022-08-01,Y,,,,,
165,2022,101,102,2022-08-01,H,,2022-08-01,1919000,1,Y,MBSSMALL,2022-08-08,رئيس البلدية,محتسب البلدية,2022-08-01,Y,,,,,
165,2022,102,103,2022-08-01,H,,2022-08-01,1826000,1,Y,MBSSMALL,2022-08-08,رئيس البلدية,محتسب البلدية,2022-08-01,Y,,,,,
165,2022,103,105,2022-08-01,H,,2022-08-01,1827000,1,Y,MBSSMALL,2022-08-08,رئيس البلدية,محتسب البلدية,2022-08-01,Y,,,,,
165,2022,104,106,2022-08-22,H,,2022-08-22,4130000,1,Y,MBSSMALL,2022-11-07,رئيس البلدية,محتسب البلدية,2022-08-22,Y,,,,,
165,2022,105,107,2022-08-22,H,,2022-08-22,600000,1,Y,MBSSMALL,2022-11-07,رئيس البلدية,محتسب البلدية,2022-08-22,Y,,,,,
165,2022,106,108,2022-08-22,H,,2022-08-22,23550000,1,Y,MBSSMALL,2022-11-07,رئيس البلدية,محتسب البلدية,2022-08-22,Y,,,,,
165,2022,107,109,2022-08-22,H,,2022-08-22,18300000,1,Y,MBSSMALL,2022-11-07,رئيس البلدية,محتسب البلدية,2022-08-22,Y,,,,,
165,2022,108,110,2022-08-22,H,,2022-08-22,11800000,1,Y,MBSSMALL,2022-11-07,رئيس البلدية,محتسب البلدية,2022-08-22,Y,,,,,
165,2022,109,111,2022-08-22,H,,2022-08-22,930000,1,Y,MBSSMALL,2022-11-07,رئيس البلدية,محتسب البلدية,2022-08-22,Y,,,,,
165,2022,110,112,2022-08-24,H,,2022-08-24,2200000,1,Y,MBSSMALL,2022-11-07,رئيس البلدية,محتسب البلدية,2022-08-24,Y,,,,,
165,2022,111,113,2022-08-24,H,,2022-08-24,6063000,1,Y,MBSSMALL,2022-11-08,رئيس البلدية,محتسب البلدية,2022-08-24,Y,,,,,
165,2024,116,120,2024-07-12,H,,2024-07-12,40104000,1,Y,MBSSMALL,2024-07-24,رئيس البلدية,محتسب البلدية,2024-07-12,Y,,,,,1.0
165,2024,136,140,2024-07-31,H,,2024-07-31,2049000,1,Y,MBSSMALL,2024-07-31,رئيس البلدية,محتسب البلدية,2024-07-31,Y,,,,,1.0
165,2024,137,141,2024-07-31,H,,2024-07-31,1917000,1,Y,MBSSMALL,2024-07-31,رئيس البلدية,محتسب البلدية,2024-07-31,Y,,,,,1.0
165,2024,138,142,2024-07-31,H,,2024-07-31,2039000,1,Y,MBSSMALL,2024-07-31,رئيس البلدية,محتسب البلدية,2024-07-31,Y,,,,,1.0
165,2024,139,143,2024-07-31,H,,2024-07-31,1880000,1,Y,MBSSMALL,2024-07-31,رئيس البلدية,محتسب البلدية,2024-07-31,Y,,,,,1.0
165,2024,140,144,2024-07-31,H,,2024-07-31,25650000,1,Y,MBSSMALL,2024-07-31,رئيس البلدية,محتسب البلدية,2024-07-31,Y,,,,,1.0
165,2024,141,148,2024-07-31,H,,2024-07-31,16000000,1,Y,MBSSMALL,2024-07-31,رئيس البلدية,محتسب البلدية,2024-07-31,Y,,,,,1.0
165,2024,142,145,2024-07-31,H,,2024-07-31,17440000,1,Y,MBSSMALL,2024-07-31,رئيس البلدية,محتسب البلدية,2024-07-31,Y,,,,,1.0
165,2024,143,146,2024-07-31,H,,2024-07-31,31320000,1,Y,MBSSMALL,2024-07-31,رئيس البلدية,محتسب البلدية,2024-07-31,Y,,,,,1.0
165,2024,144,147,2024-07-31,H,,2024-07-31,16000000,1,Y,MBSSMALL,2024-07-31,رئيس البلدية,محتسب البلدية,2024-07-31,Y,,,,,1.0
165,2024,149,153,2024-07-31,H,,2024-07-31,11852000,1,Y,MBSSMALL,2024-10-02,رئيس البلدية,محتسب البلدية,2024-07-31,Y,,,,,1.0
165,2024,150,154,2024-07-31,H,,2024-07-31,9900000,1,Y,MBSSMALL,2024-10-02,رئيس البلدية,محتسب البلدية,2024-07-31,Y,,,,,1.0
165,2024,151,155,2024-07-31,H,,2024-07-31,7200000,1,Y,MBSSMALL,2024-10-02,رئيس البلدية,محتسب البلدية,2024-07-31,Y,,,,,1.0
165,2024,152,156,2024-07-31,H,,2024-07-31,8840000,1,Y,MBSSMALL,2024-10-02,رئيس البلدية,محتسب البلدية,2024-07-31,Y,,,,,1.0
165,2024,155,160,2024-08-02,H,,2024-08-02,11250000,1,Y,MBSSMALL,2024-10-09,رئيس البلدية,محتسب البلدية,2024-08-02,Y,,,,,1.0
165,2024,184,188,2024-09-30,H,,2024-09-30,16000000,1,Y,MBSSMALL,2024-10-10,رئيس البلدية,محتسب البلدية,2024-09-30,Y,,,,,1.0
165,2024,185,189,2024-09-30,H,,2024-09-30,46250000,1,Y,MBSSMALL,2024-10-22,رئيس البلدية,محتسب البلدية,2024-09-30,Y,,,,,1.0
165,2024,186,190,2024-09-30,H,,2024-09-30,50000000,1,Y,MBSSMALL,2024-10-22,رئيس البلدية,محتسب البلدية,2024-09-30,Y,,,,,1.0
165,2024,187,191,2024-09-30,H,,2024-09-30,35750000,1,Y,MBSSMALL,2024-10-23,رئيس البلدية,محتسب البلدية,2024-09-30,Y,,,,,1.0
165,2024,188,192,2024-09-30,H,,2024-09-30,38100000,1,Y,MBSSMALL,2024-10-23,رئيس البلدية,محتسب البلدية,2024-09-30,Y,,,,,1.0
165,2024,189,193,2024-09-30,H,,2024-09-30,35850000,1,Y,MBSSMALL,2024-10-23,رئيس البلدية,محتسب البلدية,2024-09-30,Y,,,,,1.0
165,2022,168,172,2022-12-23,H,,2022-12-23,35920000,1,Y,MBSSMALL,2023-01-03,رئيس البلدية,محتسب البلدية,2022-12-23,Y,,,,,
165,2022,169,173,2022-12-23,H,,2022-12-23,34910000,1,Y,MBSSMALL,2023-01-03,رئيس البلدية,محتسب البلدية,2022-12-23,Y,,,,,
165,2022,170,174,2022-12-23,H,,2022-12-23,15550000,1,Y,MBSSMALL,2023-01-03,رئيس البلدية,محتسب البلدية,2022-12-23,Y,,,,,
165,2022,171,175,2022-12-23,H,,2022-12-23,37340000,1,Y,MBSSMALL,2023-01-03,رئيس البلدية,محتسب البلدية,2022-12-23,Y,,,,,
165,2022,172,176,2022-12-23,H,,2022-12-23,6000000,1,Y,MBSSMALL,2023-01-03,رئيس البلدية,محتسب البلدية,2022-12-23,Y,,,,,
165,2022,173,177,2022-12-23,H,,2022-12-23,14000000,1,Y,MBSSMALL,2023-01-03,رئيس البلدية,محتسب البلدية,2022-12-23,Y,,,,,
165,2022,174,178,2022-12-23,H,,2022-12-23,35375000,1,Y,MBSSMALL,2023-01-03,رئيس البلدية,محتسب البلدية,2022-12-23,Y,,,,,
165,2022,175,179,2022-12-23,H,,2022-12-23,4500000,1,Y,MBSSMALL,2023-01-03,رئيس البلدية,محتسب البلدية,2022-12-23,Y,,,,,
165,2022,176,181,2022-12-23,H,,2022-12-23,38240000,1,Y,MBSSMALL,2023-01-03,رئيس البلدية,محتسب البلدية,2022-12-23,Y,,,,,
165,2022,177,180,2022-12-23,H,,2022-12-23,2465000,1,Y,MBSSMALL,2023-01-03,رئيس البلدية,محتسب البلدية,2022-12-23,Y,,,,,
165,2022,178,182,2022-12-23,H,,2022-12-23,4290000,1,Y,MBSSMALL,2023-01-03,رئيس البلدية,محتسب البلدية,2022-12-23,Y,,,,,
165,2022,179,183,2022-12-23,H,,2022-12-23,3880000,1,Y,MBSSMALL,2023-01-03,رئيس البلدية,محتسب البلدية,2022-12-23,Y,,,,,
165,2022,180,184,2022-12-23,H,,2022-12-23,3780000,1,Y,MBSSMALL,2023-01-03,رئيس البلدية,محتسب البلدية,2022-12-23,Y,,,,,
165,2022,181,185,2022-12-23,H,,2022-12-23,3780000,1,Y,MBSSMALL,2023-01-03,رئيس البلدية,محتسب البلدية,2022-12-23,Y,,,,,
165,2023,77,81,2023-06-03,H,,2023-06-03,1987000,1,Y,MBSSMALL,2023-07-04,رئيس البلدية,محتسب البلدية,2023-06-03,Y,,,,,1.0
165,2023,78,82,2023-06-03,H,,2023-06-03,1828000,1,Y,MBSSMALL,2023-07-04,رئيس البلدية,محتسب البلدية,2023-06-03,Y,,,,,1.0
165,2023,79,83,2023-07-03,H,,2023-07-03,7220000,1,Y,MBSSMALL,2023-07-04,رئيس البلدية,محتسب البلدية,2023-07-03,Y,,,,,1.0
165,2023,80,88,2023-07-03,H,,2023-07-03,12514000,1,Y,MBSSMALL,2023-07-06,رئيس البلدية,محتسب البلدية,2023-07-03,Y,,,,,1.0
165,2023,81,89,2023-07-03,H,,2023-07-03,11368000,1,Y,MBSSMALL,2023-07-06,رئيس البلدية,محتسب البلدية,2023-07-03,Y,,,,,1.0
165,2023,82,90,2023-07-03,H,,2023-07-03,3869000,1,Y,MBSSMALL,2023-07-06,رئيس البلدية,محتسب البلدية,2023-07-03,Y,,,,,1.0
165,2023,83,91,2023-07-03,H,,2023-07-03,3811000,1,Y,MBSSMALL,2023-07-06,رئيس البلدية,محتسب البلدية,2023-07-03,Y,,,,,1.0
165,2023,84,92,2023-06-07,,,2023-06-07,14446000,,N,MBSSMALL,2023-07-26,رئيس البلدية,محتسب البلدية,,N,خطأ في المبلغ,2023-07-27,,,1.0
165,2023,85,93,2023-06-07,H,,2023-06-07,4986000,1,Y,MBSSMALL,2023-07-26,رئيس البلدية,محتسب البلدية,2023-06-07,Y,,,,,1.0
165,2023,86,94,2023-06-07,H,,2023-06-07,7991000,1,Y,MBSSMALL,2023-07-27,رئيس البلدية,محتسب البلدية,2023-06-07,Y,,,,,1.0
165,2023,87,95,2023-06-07,H,,2023-06-07,7000000,1,Y,MBSSMALL,2023-07-27,رئيس البلدية,محتسب البلدية,2023-06-07,Y,,,,,1.0
165,2023,88,96,2023-06-15,H,,2023-06-15,9510000,1,Y,MBSSMALL,2023-07-28,رئيس البلدية,محتسب البلدية,2023-06-15,Y,,,,,1.0
165,2023,89,97,2023-07-28,H,,2023-07-28,30875000,1,Y,MBSSMALL,2023-07-28,رئيس البلدية,محتسب البلدية,2023-07-28,Y,,,,,1.0
165,2023,90,98,2023-07-28,H,,2023-07-28,32950000,1,Y,MBSSMALL,2023-07-28,رئيس البلدية,محتسب البلدية,2023-07-28,Y,,,,,1.0
165,2023,91,99,2023-07-28,H,,2023-07-28,30650000,1,Y,MBSSMALL,2023-07-28,رئيس البلدية,محتسب البلدية,2023-07-28,Y,,,,,1.0
165,2023,92,100,2023-07-28,H,,2023-07-28,30875000,1,Y,MBSSMALL,2023-07-28,رئيس البلدية,محتسب البلدية,2023-07-28,Y,,,,,1.0
165,2023,93,101,2023-07-28,H,,2023-07-28,42595000,1,Y,MBSSMALL,2023-07-28,رئيس البلدية,محتسب البلدية,2023-07-28,Y,,,,,1.0
165,2023,94,102,2023-07-28,H,,2023-07-28,20300000,1,Y,MBSSMALL,2023-07-28,رئيس البلدية,محتسب البلدية,2023-07-28,Y,,,,,1.0
165,2023,95,103,2023-07-28,H,,2023-07-28,42229000,1,Y,MBSSMALL,2023-07-28,رئيس البلدية,محتسب البلدية,2023-07-28,Y,,,,,1.0
165,2023,96,104,2023-07-28,H,,2023-07-28,34973000,1,Y,MBSSMALL,2023-07-28,رئيس البلدية,محتسب البلدية,2023-07-28,Y,,,,,1.0
165,2023,97,105,2023-07-28,H,,2023-07-28,17654000,1,Y,MBSSMALL,2023-07-28,رئيس البلدية,محتسب البلدية,2023-07-28,Y,,,,,1.0
165,2023,98,106,2023-07-28,H,,2023-07-28,14000000,1,Y,MBSSMALL,2023-07-28,رئيس البلدية,محتسب البلدية,2023-07-28,Y,,,,,1.0
165,2023,99,107,2023-07-28,H,,2023-07-28,43345000,1,Y,MBSSMALL,2023-07-28,رئيس البلدية,محتسب البلدية,2023-07-28,Y,,,,,1.0
165,2023,100,108,2023-07-28,H,,2023-07-28,28200000,1,Y,MBSSMALL,2023-07-28,رئيس البلدية,محتسب البلدية,2023-07-28,Y,,,,,1.0
165,2023,101,109,2023-07-28,H,,2023-07-28,28200000,1,Y,MBSSMALL,2023-07-28,رئيس البلدية,محتسب البلدية,2023-07-28,Y,,,,,1.0
165,2023,102,110,2023-07-28,H,,2023-07-28,32863000,1,Y,MBSSMALL,2023-07-28,رئيس البلدية,محتسب البلدية,2023-07-28,Y,,,,,1.0
165,2023,103,111,2023-07-28,H,,2023-07-28,31179000,1,Y,MBSSMALL,2023-07-28,رئيس البلدية,محتسب البلدية,2023-07-28,Y,,,,,1.0
165,2023,104,112,2023-07-28,H,,2023-07-28,49021000,1,Y,MBSSMALL,2023-07-28,رئيس البلدية,محتسب البلدية,2023-07-28,Y,,,,,1.0
165,2005,169,170,2005-12-07,H,,2005-12-07,1487000,1,Y,MBSMONA,2006-01-17,رئيس البلدية,امين الصندوق,2005-12-07,Y,,,,,
165,2005,170,171,2005-12-09,H,,2005-12-09,600000,1,Y,MBSMONA,2006-01-17,رئيس البلدية,امين الصندوق,2005-12-09,Y,,,,,
165,2005,172,172,2005-12-29,H,,2005-12-29,650000,1,Y,MBSMONA,2006-01-26,رئيس البلدية,امين الصندوق,2005-12-29,Y,,,,,
165,2005,173,173,2005-12-29,H,,2005-12-29,892000,1,Y,MBSMONA,2006-01-26,رئيس البلدية,امين الصندوق,2005-12-29,Y,,,,,
165,2005,174,174,2005-12-31,,,2005-12-31,97000,,N,MBSMONA,2006-01-26,رئيس البلدية,امين الصندوق,,N,مكرر,2006-02-01,,,
165,2005,175,175,2005-12-30,H,,2005-12-30,180000,1,Y,MBSMONA,2006-01-26,رئيس البلدية,امين الصندوق,2005-12-30,Y,,,,,
165,2005,176,176,2005-12-30,H,,2005-12-30,172000,1,Y,MBSMONA,2006-01-26,رئيس البلدية,امين الصندوق,2005-12-30,Y,,,,,
165,2005,177,177,2005-12-30,H,,2005-12-30,391000,1,Y,MBSMONA,2006-01-26,رئيس البلدية,امين الصندوق,2005-12-30,Y,,,,,
165,2005,178,178,2005-12-30,H,,2005-12-30,230000,1,Y,MBSMONA,2006-01-26,رئيس البلدية,امين الصندوق,2005-12-30,Y,,,,,
165,2005,179,179,2005-12-30,H,,2005-12-30,200000,1,Y,MBSMONA,2006-01-26,رئيس البلدية,امين الصندوق,2005-12-30,Y,,,,,
165,2005,180,180,2005-12-30,H,,2005-12-30,422000,1,Y,MBSMONA,2006-01-26,رئيس البلدية,امين الصندوق,2005-12-30,Y,,,,,
165,2005,181,181,2005-12-30,H,,2005-12-30,145000,1,Y,MBSMONA,2006-01-26,رئيس البلدية,امين الصندوق,2005-12-30,Y,,,,,
165,2005,182,182,2005-12-30,H,,2005-12-30,25000,1,Y,MBSMONA,2006-01-26,رئيس البلدية,امين الصندوق,2005-12-30,Y,,,,,
165,2005,183,183,2005-12-30,H,,2005-12-30,25000,1,Y,MBSMONA,2006-01-26,رئيس البلدية,امين الصندوق,2005-12-30,Y,,,,,
165,2006,88,89,2006-07-07,H,,2006-07-08,754000,1,Y,MBSMONA,2006-07-31,المجلس البلدي,امين الصندوق,2006-07-08,Y,,,,,
165,2006,89,90,2006-07-07,H,,2006-07-08,158000,1,Y,MBSMONA,2006-07-31,المجلس البلدي,امين الصندوق,2006-07-08,Y,,,,,
165,2006,90,91,2006-07-07,H,,2006-07-08,6903000,1,Y,MBSMONA,2006-07-31,المجلس البلدي,امين الصندوق,2006-07-08,Y,,,,,
165,2006,91,100,2006-07-07,H,,2006-07-08,210000,1,Y,MBSMONA,2006-07-31,المجلس البلدي,امين الصندوق,2006-07-08,Y,,,,,
165,2006,92,101,2006-07-07,H,,2006-07-08,30000,1,Y,MBSMONA,2006-07-31,المجلس البلدي,امين الصندوق,2006-07-08,Y,,,,,
165,2006,93,102,2006-07-07,H,,2006-07-08,280000,1,Y,MBSMONA,2006-07-31,المجلس البلدي,امين الصندوق,2006-07-08,Y,,,,,
165,2006,94,92,2006-07-07,H,,2006-07-08,3089000,1,Y,MBSMONA,2006-07-31,المجلس البلدي,امين الصندوق,2006-07-08,Y,,,,,
165,2006,95,93,2006-07-07,H,,2006-07-08,1113000,1,Y,MBSMONA,2006-07-31,المجلس البلدي,امين الصندوق,2006-07-08,Y,,,,,
165,2006,96,94,2006-07-07,H,,2006-07-08,525000,1,Y,MBSMONA,2006-07-31,المجلس البلدي,امين الصندوق,2006-07-08,Y,,,,,
165,2006,97,95,2006-07-07,H,,2006-07-08,66000,1,Y,MBSMONA,2006-07-31,المجلس البلدي,امين الصندوق,2006-07-08,Y,,,,,
165,2006,98,96,2006-07-07,H,,2006-07-08,363000,1,Y,MBSMONA,2006-07-31,المجلس البلدي,امين الصندوق,2006-07-08,Y,,,,,
165,2006,99,97,2006-07-07,H,,2006-07-08,120000,1,Y,MBSMONA,2006-07-31,المجلس البلدي,امين الصندوق,2006-07-08,Y,,,,,
165,2006,100,98,2006-07-07,H,,2006-07-08,1021000,1,Y,MBSMONA,2006-07-31,المجلس البلدي,امين الصندوق,2006-07-08,Y,,,,,
165,2007,289,291,2007-12-31,H,,2007-12-31,7000,1,Y,MBSMONA,2007-12-12,رئيس البلدية,امين الصندوق,2007-12-31,Y,,,,,
165,2007,290,292,2007-12-31,H,,2007-12-31,50000,1,Y,MBSMONA,2007-12-12,رئيس البلدية,امين الصندوق,2007-12-31,Y,,,,,
165,2007,291,293,2007-12-31,H,,2007-12-31,15000,1,Y,MBSMONA,2007-12-12,رئيس البلدية,امين الصندوق,2007-12-31,Y,,,,,
165,2007,292,294,2007-12-31,H,,2007-12-31,90000,1,Y,MBSMONA,2007-12-12,رئيس البلدية,امين الصندوق,2007-12-31,Y,,,,,
165,2007,293,295,2007-12-31,H,,2007-12-31,20000,1,Y,MBSMONA,2007-12-12,رئيس البلدية,امين الصندوق,2007-12-31,Y,,,,,
165,2011,42,42,2011-06-02,H,,2011-06-02,11665000,1,Y,BUDGET,2011-06-02,رئيس البلدية,محتسب البلدية,2011-06-02,Y,,,,,
165,2011,43,43,2011-06-02,H,,2011-06-02,4025000,1,Y,BUDGET,2011-06-02,رئيس البلدية,محتسب البلدية,2011-06-02,Y,,,,,
165,2011,44,44,2011-06-08,H,,2011-06-08,1900000,1,Y,BUDGET,2011-06-08,رئيس البلدية,محتسب البلدية,2011-06-08,Y,,,,,
165,2011,45,45,2011-06-08,H,,2011-06-08,1704000,1,Y,BUDGET,2011-06-08,رئيس البلدية,محتسب البلدية,2011-06-08,Y,,,,,
165,2011,46,46,2011-06-08,H,,2011-06-08,3000000,1,Y,BUDGET,2011-06-08,رئيس البلدية,محتسب البلدية,2011-06-08,Y,,,,,
165,2011,47,47,2011-07-01,H,,2011-07-01,2438000,1,Y,BUDGET,2011-07-01,رئيس البلدية,محتسب البلدية,2011-07-01,Y,,,,,
165,2011,48,48,2011-07-01,H,,2011-07-01,624000,1,Y,BUDGET,2011-07-01,رئيس البلدية,محتسب البلدية,2011-07-01,Y,,,,,
165,2011,49,49,2011-07-01,H,,2011-07-01,300000,1,Y,BUDGET,2011-07-01,رئيس البلدية,محتسب البلدية,2011-07-01,Y,,,,,
165,2011,50,50,2011-07-01,H,,2011-07-01,961000,1,Y,BUDGET,2011-07-01,رئيس البلدية,محتسب البلدية,2011-07-01,Y,,,,,
165,2011,51,51,2011-07-01,H,,2011-07-01,957000,1,Y,BUDGET,2011-07-01,رئيس البلدية,محتسب البلدية,2011-07-01,Y,,,,,
165,2011,52,52,2011-07-01,H,,2011-07-01,298000,1,Y,BUDGET,2011-07-01,رئيس البلدية,محتسب البلدية,2011-07-01,Y,,,,,
165,2011,53,53,2011-07-11,H,,2011-07-11,2760000,1,Y,BUDGET,2011-07-11,رئيس البلدية,محتسب البلدية,2011-07-11,Y,,,,,
165,2011,54,54,2011-07-11,H,,2011-07-11,1298000,1,Y,BUDGET,2011-07-11,رئيس البلدية,محتسب البلدية,2011-07-11,Y,,,,,
165,2011,55,55,2011-07-11,H,,2011-07-11,382000,1,Y,BUDGET,2011-07-11,رئيس البلدية,محتسب البلدية,2011-07-11,Y,,,,,
165,2011,56,56,2011-07-15,H,,2011-07-15,2420000,1,Y,BUDGET,2011-07-15,رئيس البلدية,محتسب البلدية,2011-07-15,Y,,,,,
165,2011,57,57,2011-07-15,H,,2011-07-15,17165000,1,Y,BUDGET,2011-07-15,رئيس البلدية,محتسب البلدية,2011-07-15,Y,,,,,
165,2011,58,58,2011-07-15,H,,2011-07-15,6435000,1,Y,BUDGET,2011-07-15,رئيس البلدية,محتسب البلدية,2011-07-15,Y,,,,,
165,2011,59,59,2011-07-15,H,,2011-07-15,8960000,1,Y,BUDGET,2011-07-15,رئيس البلدية,محتسب البلدية,2011-07-15,Y,,,,,
165,2011,60,60,2011-07-18,H,,2011-07-18,1140000,1,Y,BUDGET,2011-07-18,رئيس البلدية,محتسب البلدية,2011-07-18,Y,,,,,
165,2011,61,61,2011-08-01,H,,2011-08-01,2438000,1,Y,BUDGET,2011-08-01,رئيس البلدية,محتسب البلدية,2011-08-01,Y,,,,,
165,2011,62,62,2011-08-01,H,,2011-08-01,616000,1,Y,BUDGET,2011-08-01,رئيس البلدية,محتسب البلدية,2011-08-01,Y,,,,,
165,2011,63,63,2011-08-01,H,,2011-08-01,300000,1,Y,BUDGET,2011-08-01,رئيس البلدية,محتسب البلدية,2011-08-01,Y,,,,,
165,2011,64,64,2011-08-09,H,,2011-08-09,1353000,1,Y,BUDGET,2011-08-09,رئيس البلدية,محتسب البلدية,2011-08-09,Y,,,,,
165,2011,65,65,2011-08-09,H,,2011-08-09,910000,1,Y,BUDGET,2011-08-09,رئيس البلدية,محتسب البلدية,2011-08-09,Y,,,,,
165,2011,66,66,2011-08-09,H,,2011-08-09,2420000,1,Y,BUDGET,2011-08-09,رئيس البلدية,محتسب البلدية,2011-08-09,Y,,,,,
165,2011,67,67,2011-08-09,H,,2011-08-09,18577000,1,Y,BUDGET,2011-08-09,رئيس البلدية,محتسب البلدية,2011-08-09,Y,,,,,
165,2011,68,68,2011-08-09,H,,2011-08-09,8877000,1,Y,BUDGET,2011-08-09,رئيس البلدية,محتسب البلدية,2011-08-09,Y,,,,,
165,2011,69,69,2011-08-09,H,,2011-08-09,395000,1,Y,BUDGET,2011-08-09,رئيس البلدية,محتسب البلدية,2011-08-09,Y,,,,,
165,2011,70,70,2011-08-09,H,,2011-08-09,9972000,1,Y,BUDGET,2011-08-09,رئيس البلدية,محتسب البلدية,2011-08-09,Y,,,,,
165,2011,71,71,2011-08-20,H,,2011-08-20,7876000,1,Y,BUDGET,2011-08-20,رئيس البلدية,محتسب البلدية,2011-08-20,Y,,,,,
165,2011,72,72,2011-08-29,H,,2011-08-29,2438000,1,Y,BUDGET,2011-09-02,رئيس البلدية,محتسب البلدية,2011-08-29,Y,,,,,
165,2011,73,73,2011-08-29,H,,2011-08-29,616000,1,Y,BUDGET,2011-09-02,رئيس البلدية,محتسب البلدية,2011-08-29,Y,,,,,
165,2011,74,74,2011-08-29,H,,2011-08-29,300000,1,Y,BUDGET,2011-09-02,رئيس البلدية,محتسب البلدية,2011-08-29,Y,,,,,
165,2011,75,75,2011-09-06,H,,2011-09-06,2468000,1,Y,BUDGET,2011-09-06,رئيس البلدية,محتسب البلدية,2011-09-06,Y,,,,,
165,2011,76,76,2011-09-06,H,,2011-09-06,18308000,1,Y,BUDGET,2011-09-06,رئيس البلدية,محتسب البلدية,2011-09-06,Y,,,,,
165,2011,77,77,2011-09-06,H,,2011-09-06,3918000,1,Y,BUDGET,2011-09-06,رئيس البلدية,محتسب البلدية,2011-09-06,Y,,,,,
165,2011,78,78,2011-09-06,H,,2011-09-06,1041000,1,Y,BUDGET,2011-09-06,رئيس البلدية,محتسب البلدية,2011-09-06,Y,,,,,
165,2004,262,267,2004-12-30,H,,2005-01-15,1746000,1,Y,MBSMONA,2005-01-28,رئيس البلدية,امين الصندوق,2005-01-15,Y,,,,,
165,2004,263,268,2004-12-30,H,,2005-01-15,46000,1,Y,MBSMONA,2005-01-28,رئيس البلدية,امين الصندوق,2005-01-15,Y,,,,,
165,2004,264,269,2004-12-30,H,,2005-01-15,448000,1,Y,MBSMONA,2005-01-28,رئيس البلدية,امين الصندوق,2005-01-15,Y,,,,,
165,2004,265,270,2004-12-30,H,,2005-01-15,60000,1,Y,MBSMONA,2005-01-28,رئيس البلدية,امين الصندوق,2005-01-15,Y,,,,,
165,2022,62,63,2022-05-27,H,,2022-05-27,9158000,1,Y,MBSSMALL,2022-06-06,رئيس البلدية,محتسب البلدية,2022-05-27,Y,,,,,
165,2022,63,64,2022-05-31,H,,2022-05-31,1926000,1,Y,MBSSMALL,2022-06-08,رئيس البلدية,محتسب البلدية,2022-05-31,Y,,,,,
165,2022,64,65,2022-05-31,H,,2022-05-31,1804000,1,Y,MBSSMALL,2022-06-08,رئيس البلدية,محتسب البلدية,2022-05-31,Y,,,,,
165,2022,65,67,2022-05-31,H,,2022-05-31,1783000,1,Y,MBSSMALL,2022-06-08,رئيس البلدية,محتسب البلدية,2022-05-31,Y,,,,,
165,2022,66,68,2022-05-31,H,,2022-05-31,1957000,1,Y,MBSSMALL,2022-06-08,رئيس البلدية,محتسب البلدية,2022-05-31,Y,,,,,
165,2022,67,69,2022-05-31,H,,2022-05-31,1728000,1,Y,MBSSMALL,2022-06-08,رئيس البلدية,محتسب البلدية,2022-05-31,Y,,,,,
165,2022,68,70,2022-05-31,H,,2022-05-31,1375000,1,Y,MBSSMALL,2022-06-08,رئيس البلدية,محتسب البلدية,2022-05-31,Y,,,,,
165,2022,69,71,2022-05-31,H,,2022-05-31,1389000,1,Y,MBSSMALL,2022-06-08,رئيس البلدية,محتسب البلدية,2022-05-31,Y,,,,,
165,2022,70,72,2022-05-31,H,,2022-05-31,1403000,1,Y,MBSSMALL,2022-06-08,رئيس البلدية,محتسب البلدية,2022-05-31,Y,,,,,
165,2022,71,73,2022-05-31,H,,2022-05-31,1382000,1,Y,MBSSMALL,2022-06-08,رئيس البلدية,محتسب البلدية,2022-05-31,Y,,,,,
165,2022,72,74,2022-06-22,H,,2022-06-22,26980000,1,Y,MBSSMALL,2022-06-22,رئيس البلدية,محتسب البلدية,2022-06-22,Y,,,,,
165,2022,73,75,2022-06-22,H,,2022-06-22,49220000,1,Y,MBSSMALL,2022-06-22,رئيس البلدية,محتسب البلدية,2022-06-22,Y,,,,,
165,2007,24,24,2007-01-18,H,,2007-01-19,75000,1,Y,MBSMONA,2007-02-15,المجلس البلدي,امين الصندوق,2007-01-19,Y,,,,,
165,2007,25,25,2007-01-18,H,,2007-01-19,55000,1,Y,MBSMONA,2007-02-15,المجلس البلدي,امين الصندوق,2007-01-19,Y,,,,,
165,2007,26,26,2007-01-18,H,,2007-01-19,1500000,1,Y,MBSMONA,2007-02-15,المجلس البلدي,امين الصندوق,2007-01-19,Y,,,,,
165,2007,27,27,2007-02-12,H,,2007-02-13,2372000,1,Y,MBSMONA,2007-02-16,المجلس البلدي,امين الصندوق,2007-02-13,Y,,,,,
165,2007,28,28,2007-02-12,H,,2007-02-13,2025000,1,Y,MBSMONA,2007-02-16,المجلس البلدي,امين الصندوق,2007-02-13,Y,,,,,
165,2007,29,29,2007-02-12,H,,2007-02-13,2178000,1,Y,MBSMONA,2007-02-16,المجلس البلدي,امين الصندوق,2007-02-13,Y,,,,,
165,2007,30,30,2007-02-12,H,,2007-02-13,257000,1,Y,MBSMONA,2007-02-16,المجلس البلدي,امين الصندوق,2007-02-13,Y,,,,,
165,2007,31,31,2007-02-12,H,,2007-02-13,4470000,1,Y,MBSMONA,2007-02-16,المجلس البلدي,امين الصندوق,2007-02-13,Y,,,,,
165,2007,32,32,2007-02-12,H,,2007-02-13,1620000,1,Y,MBSMONA,2007-02-16,المجلس البلدي,امين الصندوق,2007-02-13,Y,,,,,
165,2007,33,33,2007-02-12,H,,2007-02-13,561000,1,Y,MBSMONA,2007-02-16,المجلس البلدي,امين الصندوق,2007-02-13,Y,,,,,
165,2007,34,34,2007-02-12,H,,2007-02-13,4425000,1,Y,MBSMONA,2007-02-19,المجلس البلدي,امين الصندوق,2007-02-13,Y,,,,,
165,2007,35,35,2007-02-12,H,,2007-02-13,6369000,1,Y,MBSMONA,2007-02-19,المجلس البلدي,امين الصندوق,2007-02-13,Y,,,,,
165,2007,36,36,2007-02-12,H,,2007-02-13,1452000,1,Y,MBSMONA,2007-02-19,المجلس البلدي,امين الصندوق,2007-02-13,Y,,,,,
165,2007,37,37,2007-02-12,H,,2007-02-13,890000,1,Y,MBSMONA,2007-02-19,المجلس البلدي,امين الصندوق,2007-02-13,Y,,,,,
165,2007,38,38,2007-02-12,H,,2007-02-13,986000,1,Y,MBSMONA,2007-02-19,المجلس البلدي,امين الصندوق,2007-02-13,Y,,,,,
165,2007,39,39,2007-02-12,H,,2007-02-13,540000,1,Y,MBSMONA,2007-02-19,المجلس البلدي,امين الصندوق,2007-02-13,Y,,,,,
165,2007,40,40,2007-02-12,H,,2007-02-13,30000,1,Y,MBSMONA,2007-02-19,المجلس البلدي,امين الصندوق,2007-02-13,Y,,,,,
165,2005,34,34,2005-04-30,H,,2005-05-05,1050000,1,Y,MBSMONA,2005-05-18,رئيس البلدية,امين الصندوق,2005-05-05,Y,,,,,
165,2005,35,35,2005-04-30,H,,2005-05-05,1570000,1,Y,MBSMONA,2005-05-18,رئيس البلدية,امين الصندوق,2005-05-05,Y,,,,,
165,2005,36,36,2005-04-30,H,,2005-05-05,306000,1,Y,MBSMONA,2005-05-18,رئيس البلدية,امين الصندوق,2005-05-05,Y,,,,,
165,2005,37,37,2005-04-30,H,,2005-05-05,3073000,1,Y,MBSMONA,2005-05-18,رئيس البلدية,امين الصندوق,2005-05-05,Y,,,,,
165,2005,38,38,2005-05-04,H,,2005-05-05,0,1,Y,MBSMONA,2005-05-19,المجلس البلدي,امين الصندوق,2005-05-05,Y,,,,,
165,2005,39,39,2005-05-04,H,,2005-05-05,870000,1,Y,MBSMONA,2005-05-19,المجلس البلدي,امين الصندوق,2005-05-05,Y,,,,,
165,2005,40,40,2005-05-04,H,,2005-05-05,1687000,1,Y,MBSMONA,2005-05-19,المجلس البلدي,امين الصندوق,2005-05-05,Y,,,,,
165,2005,41,41,2005-05-04,H,,2005-05-05,111000,1,Y,MBSMONA,2005-05-19,المجلس البلدي,امين الصندوق,2005-05-05,Y,,,,,
165,2005,42,42,2005-05-04,H,,2005-05-05,1350000,1,Y,MBSMONA,2005-05-19,المجلس البلدي,امين الصندوق,2005-05-05,Y,,,,,
165,2005,43,43,2005-05-04,H,,2005-05-05,330000,1,Y,MBSMONA,2005-05-19,المجلس البلدي,امين الصندوق,2005-05-05,Y,,,,,
165,2005,44,44,2005-05-04,H,,2005-05-05,192000,1,Y,MBSMONA,2005-05-19,المجلس البلدي,امين الصندوق,2005-05-05,Y,,,,,
165,2005,45,45,2005-05-04,H,,2005-05-05,75000,1,Y,MBSMONA,2005-05-19,المجلس البلدي,امين الصندوق,2005-05-05,Y,,,,,
165,2005,46,46,2005-05-04,H,,2005-05-05,845000,1,Y,MBSMONA,2005-05-25,المجلس البلدي,امين الصندوق,2005-05-05,Y,,,,,
165,2005,47,47,2005-05-04,H,,2005-05-05,1472000,1,Y,MBSMONA,2005-05-25,المجلس البلدي,امين الصندوق,2005-05-05,Y,,,,,
165,2005,48,48,2005-05-04,H,,2005-05-05,101000,1,Y,MBSMONA,2005-05-25,المجلس البلدي,امين الصندوق,2005-05-05,Y,,,,,
165,2005,49,49,2005-05-04,H,,2005-05-05,100000,1,Y,MBSMONA,2005-05-25,المجلس البلدي,امين الصندوق,2005-05-05,Y,,,,,
165,2005,50,50,2005-05-04,H,,2005-05-05,900000,1,Y,MBSMONA,2005-05-25,المجلس البلدي,امين الصندوق,2005-05-05,Y,,,,,
165,2005,51,51,2005-05-04,H,,2005-05-05,182000,1,Y,MBSMONA,2005-05-25,المجلس البلدي,امين الصندوق,2005-05-05,Y,,,,,
165,2005,52,52,2005-05-04,H,,2005-05-05,300000,1,Y,MBSMONA,2005-05-25,المجلس البلدي,امين الصندوق,2005-05-05,Y,,,,,
165,2005,53,53,2005-06-07,,,2005-06-07,1236000,,N,MBSMONA,2005-06-16,رئيس البلدية,امين الصندوق,,N,خطأ في القيمة,2005-06-20,,,
165,2005,54,54,2005-06-07,H,,2005-06-07,1236000,1,Y,MBSMONA,2005-06-22,رئيس البلدية,امين الصندوق,2005-06-07,Y,,,,,
165,2005,55,55,2005-06-06,H,,2005-06-07,3049000,1,Y,MBSMONA,2005-06-22,المجلس البلدي,امين الصندوق,2005-06-07,Y,,,,,
165,2023,105,113,2023-07-31,H,,2023-07-31,2049000,1,Y,MBSSMALL,2023-10-24,رئيس البلدية,محتسب البلدية,2023-07-31,Y,,,,,1.0
165,2023,106,114,2023-07-31,H,,2023-07-31,1851000,1,Y,MBSSMALL,2023-10-24,رئيس البلدية,محتسب البلدية,2023-07-31,Y,,,,,1.0
165,2023,107,115,2023-07-31,H,,2023-07-31,1987000,1,Y,MBSSMALL,2023-10-24,رئيس البلدية,محتسب البلدية,2023-07-31,Y,,,,,1.0
165,2023,108,116,2023-07-31,H,,2023-07-31,1828000,1,Y,MBSSMALL,2023-10-24,رئيس البلدية,محتسب البلدية,2023-07-31,Y,,,,,1.0
165,2023,109,117,2023-07-31,H,,2023-07-31,7600000,1,Y,MBSSMALL,2023-10-24,رئيس البلدية,محتسب البلدية,2023-07-31,Y,,,,,1.0
165,2023,110,118,2023-07-31,H,,2023-07-31,12187000,1,Y,MBSSMALL,2023-10-25,رئيس البلدية,محتسب البلدية,2023-07-31,Y,,,,,1.0
165,2023,111,119,2023-07-31,H,,2023-07-31,11089000,1,Y,MBSSMALL,2023-10-25,رئيس البلدية,محتسب البلدية,2023-07-31,Y,,,,,1.0
165,2024,190,194,2024-09-30,H,,2024-09-30,39350000,1,Y,MBSSMALL,2024-10-23,رئيس البلدية,محتسب البلدية,2024-09-30,Y,,,,,1.0
165,2024,191,195,2024-09-30,H,,2024-09-30,25600000,1,Y,MBSSMALL,2024-10-23,رئيس البلدية,محتسب البلدية,2024-09-30,Y,,,,,1.0
165,2024,192,196,2024-09-30,H,,2024-09-30,36800000,1,Y,MBSSMALL,2024-10-23,رئيس البلدية,محتسب البلدية,2024-09-30,Y,,,,,1.0
165,2024,193,197,2024-09-30,H,,2024-09-30,40000000,1,Y,MBSSMALL,2024-10-23,رئيس البلدية,محتسب البلدية,2024-09-30,Y,,,,,1.0
165,2024,194,198,2024-09-30,H,,2024-09-30,31700000,1,Y,MBSSMALL,2024-10-23,رئيس البلدية,محتسب البلدية,2024-09-30,Y,,,,,1.0
165,2024,195,199,2024-09-30,H,,2024-09-30,32400000,1,Y,MBSSMALL,2024-10-23,رئيس البلدية,محتسب البلدية,2024-09-30,Y,,,,,1.0
165,2024,196,200,2024-09-30,H,,2024-09-30,29800000,1,Y,MBSSMALL,2024-10-23,رئيس البلدية,محتسب البلدية,2024-09-30,Y,,,,,1.0
165,2024,197,201,2024-09-30,H,,2024-09-30,37600000,1,Y,MBSSMALL,2024-10-23,رئيس البلدية,محتسب البلدية,2024-09-30,Y,,,,,1.0
165,2024,198,202,2024-09-30,H,,2024-09-30,31950000,1,Y,MBSSMALL,2024-10-23,رئيس البلدية,محتسب البلدية,2024-09-30,Y,,,,,1.0
165,2024,199,203,2024-09-30,H,,2024-09-30,46350000,1,Y,MBSSMALL,2024-10-23,رئيس البلدية,محتسب البلدية,2024-09-30,Y,,,,,1.0
165,2024,200,204,2024-09-30,H,,2024-09-30,29880000,1,Y,MBSSMALL,2024-10-24,رئيس البلدية,محتسب البلدية,2024-09-30,Y,,,,,1.0
165,2024,201,205,2024-09-30,H,,2024-09-30,21000000,1,Y,MBSSMALL,2024-10-24,رئيس البلدية,محتسب البلدية,2024-09-30,Y,,,,,1.0
165,2024,202,206,2024-09-30,H,,2024-09-30,45000000,1,Y,MBSSMALL,2024-10-24,رئيس البلدية,محتسب البلدية,2024-09-30,Y,,,,,1.0
165,2024,203,207,2024-09-30,H,,2024-09-30,45000000,1,Y,MBSSMALL,2024-10-24,رئيس البلدية,محتسب البلدية,2024-09-30,Y,,,,,1.0
165,2024,204,208,2024-09-30,H,,2024-09-30,38500000,1,Y,MBSSMALL,2024-10-24,رئيس البلدية,محتسب البلدية,2024-09-30,Y,,,,,1.0
165,2024,205,209,2024-09-30,H,,2024-09-30,44550000,1,Y,MBSSMALL,2024-10-24,رئيس البلدية,محتسب البلدية,2024-09-30,Y,,,,,1.0
165,2024,206,210,2024-09-30,H,,2024-09-30,39740000,1,Y,MBSSMALL,2024-10-24,رئيس البلدية,محتسب البلدية,2024-09-30,Y,,,,,1.0
165,2024,207,212,2024-09-30,H,,2024-09-30,15000000,1,Y,MBSSMALL,2024-10-24,رئيس البلدية,محتسب البلدية,2024-09-30,Y,,,,,1.0
165,2024,208,211,2024-09-30,H,,2024-09-30,30000000,1,Y,MBSSMALL,2024-10-24,رئيس البلدية,محتسب البلدية,2024-09-30,Y,,,,,1.0
165,2024,209,213,2024-09-30,H,,2024-09-30,24840000,1,Y,MBSSMALL,2024-10-24,رئيس البلدية,محتسب البلدية,2024-09-30,Y,,,,,1.0
165,2024,210,214,2024-09-30,H,,2024-09-30,40880000,1,Y,MBSSMALL,2024-10-24,رئيس البلدية,محتسب البلدية,2024-09-30,Y,,,,,1.0
165,2024,211,215,2024-09-30,H,,2024-09-30,39858000,1,Y,MBSSMALL,2024-10-24,رئيس البلدية,محتسب البلدية,2024-09-30,Y,,,,,1.0
165,2024,212,216,2024-09-30,H,,2024-09-30,33296000,1,Y,MBSSMALL,2024-10-24,رئيس البلدية,محتسب البلدية,2024-09-30,Y,,,,,1.0
165,2024,213,217,2024-10-31,H,,2024-10-31,2049000,1,Y,MBSSMALL,2024-11-13,رئيس البلدية,محتسب البلدية,2024-10-31,Y,,,,,1.0
165,2024,214,218,2024-10-31,H,,2024-10-31,1917000,1,Y,MBSSMALL,2024-11-13,رئيس البلدية,محتسب البلدية,2024-10-31,Y,,,,,1.0
165,2024,215,219,2024-10-31,H,,2024-10-31,2039000,1,Y,MBSSMALL,2024-11-13,رئيس البلدية,محتسب البلدية,2024-10-31,Y,,,,,1.0
165,2024,216,220,2024-10-31,H,,2024-10-31,1880000,1,Y,MBSSMALL,2024-11-13,رئيس البلدية,محتسب البلدية,2024-10-31,Y,,,,,1.0
165,2024,217,221,2024-10-31,H,,2024-10-31,34200000,1,Y,MBSSMALL,2024-11-13,رئيس البلدية,محتسب البلدية,2024-10-31,Y,,,,,1.0
165,2024,218,222,2024-10-31,H,,2024-10-31,29440000,1,Y,MBSSMALL,2024-11-13,رئيس البلدية,محتسب البلدية,2024-10-31,Y,,,,,1.0
165,2024,219,223,2024-10-31,H,,2024-10-31,28320000,1,Y,MBSSMALL,2024-11-13,رئيس البلدية,محتسب البلدية,2024-10-31,Y,,,,,1.0
165,2024,220,224,2024-10-31,H,,2024-10-31,16000000,1,Y,MBSSMALL,2024-11-13,رئيس البلدية,محتسب البلدية,2024-10-31,Y,,,,,1.0
165,2024,221,225,2024-10-31,H,,2024-10-31,16000000,1,Y,MBSSMALL,2024-11-13,رئيس البلدية,محتسب البلدية,2024-10-31,Y,,,,,1.0
165,2024,222,226,2024-12-06,H,,2024-12-06,36600000,1,Y,MBSSMALL,2024-12-10,رئيس البلدية,محتسب البلدية,2024-12-06,Y,,,,,1.0
165,2024,223,227,2024-12-06,H,,2024-12-06,39000000,1,Y,MBSSMALL,2024-12-10,رئيس البلدية,محتسب البلدية,2024-12-06,Y,,,,,1.0
165,2024,224,228,2024-12-06,H,,2024-12-06,36600000,1,Y,MBSSMALL,2024-12-10,رئيس البلدية,محتسب البلدية,2024-12-06,Y,,,,,1.0
165,2024,225,229,2024-12-06,H,,2024-12-06,36600000,1,Y,MBSSMALL,2024-12-10,رئيس البلدية,محتسب البلدية,2024-12-06,Y,,,,,1.0
165,2024,226,230,2024-12-06,H,,2024-12-06,39400000,1,Y,MBSSMALL,2024-12-11,رئيس البلدية,محتسب البلدية,2024-12-06,Y,,,,,1.0
165,2024,227,231,2024-12-06,H,,2024-12-06,48700000,1,Y,MBSSMALL,2024-12-11,رئيس البلدية,محتسب البلدية,2024-12-06,Y,,,,,1.0
165,2024,228,232,2024-12-06,H,,2024-12-06,34900000,1,Y,MBSSMALL,2024-12-11,رئيس البلدية,محتسب البلدية,2024-12-06,Y,,,,,1.0
165,2024,229,233,2024-12-06,H,,2024-12-06,41700000,1,Y,MBSSMALL,2024-12-11,رئيس البلدية,محتسب البلدية,2024-12-06,Y,,,,,1.0
165,2024,230,234,2024-12-06,H,,2024-12-06,38600000,1,Y,MBSSMALL,2024-12-11,رئيس البلدية,محتسب البلدية,2024-12-06,Y,,,,,1.0
165,2024,231,235,2024-12-06,H,,2024-12-06,33800000,1,Y,MBSSMALL,2024-12-11,رئيس البلدية,محتسب البلدية,2024-12-06,Y,,,,,1.0
165,2024,232,236,2024-12-06,H,,2024-12-06,31680000,1,Y,MBSSMALL,2024-12-11,رئيس البلدية,محتسب البلدية,2024-12-06,Y,,,,,1.0
165,2024,233,237,2024-12-06,H,,2024-12-06,49500000,1,Y,MBSSMALL,2024-12-11,رئيس البلدية,محتسب البلدية,2024-12-06,Y,,,,,1.0
165,2024,234,238,2024-12-06,H,,2024-12-06,18000000,1,Y,MBSSMALL,2024-12-11,رئيس البلدية,محتسب البلدية,2024-12-06,Y,,,,,1.0
165,2014,166,167,2014-12-31,H,,2014-12-31,2279000,1,Y,BUDGET,2014-12-31,رئيس البلدية,محتسب البلدية,2014-12-31,Y,,,,,
165,2014,167,168,2014-12-31,H,,2014-12-31,2210000,1,Y,BUDGET,2014-12-31,رئيس البلدية,محتسب البلدية,2014-12-31,Y,,,,,
165,2014,168,169,2014-12-31,H,,2014-12-31,900000,1,Y,BUDGET,2015-01-08,رئيس البلدية,محتسب البلدية,2014-12-31,Y,,,,,
165,2014,169,170,2014-12-31,H,,2014-12-31,10085000,1,Y,BUDGET,2015-01-08,رئيس البلدية,محتسب البلدية,2014-12-31,Y,,,,,
165,2014,170,171,2014-12-31,H,,2014-12-31,3879000,1,Y,BUDGET,2015-01-08,رئيس البلدية,محتسب البلدية,2014-12-31,Y,,,,,
165,2014,171,172,2014-12-31,H,,2014-12-31,6017000,1,Y,BUDGET,2015-01-08,رئيس البلدية,محتسب البلدية,2014-12-31,Y,,,,,
165,2014,172,173,2014-12-31,H,,2014-12-31,14632000,1,Y,BUDGET,2015-01-08,رئيس البلدية,محتسب البلدية,2014-12-31,Y,,,,,
165,2014,173,174,2014-12-31,H,,2014-12-31,7000000,1,Y,BUDGET,2015-01-08,رئيس البلدية,محتسب البلدية,2014-12-31,Y,,,,,
165,2015,67,67,2015-07-24,H,,2015-07-24,19479000,1,Y,MBSSMALL,2015-08-01,رئيس البلدية,محتسب البلدية,2015-07-24,Y,,,,,
165,2015,68,68,2015-07-24,H,,2015-07-24,11694000,1,Y,MBSSMALL,2015-08-01,رئيس البلدية,محتسب البلدية,2015-07-24,Y,,,,,
165,2017,118,119,2017-08-31,H,,2017-08-31,1172000,1,Y,MBSSMALL,2017-09-12,رئيس البلدية,محتسب البلدية,2017-08-31,Y,,,,,
165,2017,119,121,2017-08-31,H,,2017-08-31,808000,1,Y,MBSSMALL,2017-09-12,رئيس البلدية,محتسب البلدية,2017-08-31,Y,,,,,
165,2017,120,122,2017-08-31,H,,2017-08-31,900000,1,Y,MBSSMALL,2017-09-12,رئيس البلدية,محتسب البلدية,2017-08-31,Y,,,,,
165,2017,121,123,2017-08-31,H,,2017-08-31,158000,1,Y,MBSSMALL,2017-09-12,رئيس البلدية,محتسب البلدية,2017-08-31,Y,,,,,
165,2017,122,124,2017-08-31,H,,2017-08-31,3000000,1,Y,MBSSMALL,2017-09-12,رئيس البلدية,محتسب البلدية,2017-08-31,Y,,,,,
165,2017,123,125,2017-08-31,H,,2017-08-31,2996000,1,Y,MBSSMALL,2017-09-12,رئيس البلدية,محتسب البلدية,2017-08-31,Y,,,,,
165,2017,124,126,2017-09-07,H,,2017-09-07,1987000,1,Y,MBSSMALL,2017-09-12,رئيس البلدية,محتسب البلدية,2017-09-07,Y,,,,,
165,2017,125,127,2017-09-13,H,,2017-09-13,18246000,1,Y,MBSSMALL,2017-10-09,رئيس البلدية,محتسب البلدية,2017-09-13,Y,,,,,
165,2017,126,128,2017-09-13,H,,2017-09-13,11382000,1,Y,MBSSMALL,2017-10-09,رئيس البلدية,محتسب البلدية,2017-09-13,Y,,,,,
165,2017,127,129,2017-09-13,H,,2017-09-13,16457000,1,Y,MBSSMALL,2017-10-09,رئيس البلدية,محتسب البلدية,2017-09-13,Y,,,,,
165,2017,128,130,2017-09-13,H,,2017-09-13,7864000,1,Y,MBSSMALL,2017-10-09,رئيس البلدية,محتسب البلدية,2017-09-13,Y,,,,,
165,2017,129,131,2017-09-13,H,,2017-09-13,4796000,1,Y,MBSSMALL,2017-10-09,رئيس البلدية,محتسب البلدية,2017-09-13,Y,,,,,
165,2017,130,132,2017-09-13,H,,2017-09-13,10423000,1,Y,MBSSMALL,2017-10-10,رئيس البلدية,محتسب البلدية,2017-09-13,Y,,,,,
165,2017,131,133,2017-09-13,H,,2017-09-13,10275000,1,Y,MBSSMALL,2017-10-10,رئيس البلدية,محتسب البلدية,2017-09-13,Y,,,,,
165,2017,132,134,2017-09-13,H,,2017-09-13,1625000,1,Y,MBSSMALL,2017-10-10,رئيس البلدية,محتسب البلدية,2017-09-13,Y,,,,,
165,2017,133,135,2017-09-13,H,,2017-09-13,5644000,1,Y,MBSSMALL,2017-10-10,رئيس البلدية,محتسب البلدية,2017-09-13,Y,,,,,
165,2017,134,136,2017-09-13,H,,2017-09-13,18000000,1,Y,MBSSMALL,2017-10-10,رئيس البلدية,محتسب البلدية,2017-09-13,Y,,,,,
165,2017,135,137,2017-09-13,H,,2017-09-13,18000000,1,Y,MBSSMALL,2017-10-10,رئيس البلدية,محتسب البلدية,2017-09-13,Y,,,,,
165,2017,136,138,2017-09-13,H,,2017-09-13,200000,1,Y,MBSSMALL,2017-10-11,رئيس البلدية,محتسب البلدية,2017-09-13,Y,,,,,
165,2017,137,139,2017-09-13,H,,2017-09-13,1476000,1,Y,MBSSMALL,2017-10-11,رئيس البلدية,محتسب البلدية,2017-09-13,Y,,,,,
165,2017,138,140,2017-09-13,H,,2017-09-13,1350000,1,Y,MBSSMALL,2017-10-11,رئيس البلدية,محتسب البلدية,2017-09-13,Y,,,,,
165,2017,139,141,2017-09-13,H,,2017-09-13,904000,1,Y,MBSSMALL,2017-10-12,رئيس البلدية,محتسب البلدية,2017-09-13,Y,,,,,
165,2017,140,142,2017-09-13,H,,2017-09-13,200000,1,Y,MBSSMALL,2017-10-12,رئيس البلدية,محتسب البلدية,2017-09-13,Y,,,,,
165,2017,141,143,2017-09-13,H,,2017-09-13,1750000,1,Y,MBSSMALL,2017-10-12,رئيس البلدية,محتسب البلدية,2017-09-13,Y,,,,,
165,2017,142,144,2017-09-13,H,,2017-09-13,1298000,1,Y,MBSSMALL,2017-10-13,رئيس البلدية,محتسب البلدية,2017-09-13,Y,,,,,
165,2017,143,145,2017-09-13,H,,2017-09-13,200000,1,Y,MBSSMALL,2017-10-13,رئيس البلدية,محتسب البلدية,2017-09-13,Y,,,,,
165,2017,144,146,2017-09-13,H,,2017-09-13,1753000,1,Y,MBSSMALL,2017-10-17,رئيس البلدية,محتسب البلدية,2017-09-13,Y,,,,,
165,2017,145,147,2017-09-14,H,,2017-09-14,600000,1,Y,MBSSMALL,2017-10-18,رئيس البلدية,محتسب البلدية,2017-09-14,Y,,,,,
165,2017,146,148,2017-09-22,H,,2017-09-22,3000000,1,Y,MBSSMALL,2017-10-18,رئيس البلدية,محتسب البلدية,2017-09-22,Y,,,,,
165,2017,147,149,2017-09-30,H,,2017-09-30,2280000,1,Y,MBSSMALL,2017-10-19,رئيس البلدية,محتسب البلدية,2017-09-30,Y,,,,,
165,2017,148,150,2017-09-30,H,,2017-09-30,2964000,1,Y,MBSSMALL,2017-10-19,رئيس البلدية,محتسب البلدية,2017-09-30,Y,,,,,
165,2017,149,151,2017-09-30,H,,2017-09-30,1836000,1,Y,MBSSMALL,2017-10-19,رئيس البلدية,محتسب البلدية,2017-09-30,Y,,,,,
165,2017,150,152,2017-09-29,H,,2017-09-29,1798000,1,Y,MBSSMALL,2017-10-20,رئيس البلدية,محتسب البلدية,2017-09-29,Y,,,,,
165,2017,151,153,2017-09-29,H,,2017-09-29,1540000,1,Y,MBSSMALL,2017-10-20,رئيس البلدية,محتسب البلدية,2017-09-29,Y,,,,,
165,2004,180,185,2004-09-10,H,,2004-09-14,250000,1,Y,MBSMONA,2004-10-27,المجلس البلدي,امين الصندوق,2004-09-14,Y,,,,,
165,2004,181,186,2004-09-10,H,,2004-09-14,750000,1,Y,MBSMONA,2004-10-27,المجلس البلدي,امين الصندوق,2004-09-14,Y,,,,,
165,2004,182,187,2004-09-02,H,,2004-09-16,1224000,1,Y,MBSMONA,2004-10-27,رئيس البلدية,امين الصندوق,2004-09-16,Y,,,,,
165,2004,183,188,2004-09-02,H,,2004-09-16,1435000,1,Y,MBSMONA,2004-10-27,رئيس البلدية,امين الصندوق,2004-09-16,Y,,,,,
165,2004,184,189,2004-09-30,H,,2004-10-07,1535000,1,Y,MBSMONA,2004-10-27,رئيس البلدية,امين الصندوق,2004-10-07,Y,,,,,
165,2004,185,190,2004-09-30,H,,2004-10-07,378000,1,Y,MBSMONA,2004-10-27,رئيس البلدية,امين الصندوق,2004-10-07,Y,,,,,
165,2004,186,191,2004-10-06,H,,2004-10-07,3067000,1,Y,MBSMONA,2004-10-27,المجلس البلدي,امين الصندوق,2004-10-07,Y,,,,,
165,2004,187,192,2004-10-06,H,,2004-10-07,540000,1,Y,MBSMONA,2004-10-27,المجلس البلدي,امين الصندوق,2004-10-07,Y,,,,,
165,2004,188,193,2004-10-06,H,,2004-10-07,350000,1,Y,MBSMONA,2004-10-27,المجلس البلدي,امين الصندوق,2004-10-07,Y,,,,,
165,2004,189,194,2004-10-06,H,,2004-10-07,14000,1,Y,MBSMONA,2004-10-27,المجلس البلدي,امين الصندوق,2004-10-07,Y,,,,,
165,2004,190,195,2004-10-06,H,,2004-10-07,1778000,1,Y,MBSMONA,2004-10-27,المجلس البلدي,امين الصندوق,2004-10-07,Y,,,,,
165,2004,191,196,2004-10-06,H,,2004-10-07,246000,1,Y,MBSMONA,2004-10-27,المجلس البلدي,امين الصندوق,2004-10-07,Y,,,,,
165,2004,192,197,2004-10-06,H,,2004-10-07,325000,1,Y,MBSMONA,2004-10-27,المجلس البلدي,امين الصندوق,2004-10-07,Y,,,,,
165,2004,193,198,2004-10-06,H,,2004-10-07,126000,1,Y,MBSMONA,2004-10-27,المجلس البلدي,امين الصندوق,2004-10-07,Y,,,,,
165,2004,194,199,2004-10-06,H,,2004-10-07,270000,1,Y,MBSMONA,2004-10-27,المجلس البلدي,امين الصندوق,2004-10-07,Y,,,,,
165,2004,195,200,2004-10-06,H,,2004-10-07,129000,1,Y,MBSMONA,2004-10-27,المجلس البلدي,امين الصندوق,2004-10-07,Y,,,,,
165,2004,196,201,2004-10-06,H,,2004-10-07,1012000,1,Y,MBSMONA,2004-10-27,المجلس البلدي,امين الصندوق,2004-10-07,Y,,,,,
165,2004,67,69,2004-04-30,H,,2004-04-30,45000,1,Y,MBSMONA,2004-06-24,رئيس البلدية,امين الصندوق,2004-04-30,Y,,,,,
165,2004,68,70,2004-04-30,H,,2004-04-30,275000,1,Y,MBSMONA,2004-06-24,رئيس البلدية,امين الصندوق,2004-04-30,Y,,,,,
165,2004,69,71,2004-04-30,H,,2004-04-30,1535000,1,Y,MBSMONA,2004-06-24,رئيس البلدية,امين الصندوق,2004-04-30,Y,,,,,
165,2004,70,72,2004-04-30,H,,2004-04-30,330000,1,Y,MBSMONA,2004-06-24,رئيس البلدية,امين الصندوق,2004-04-30,Y,,,,,
165,2004,71,73,2004-04-30,H,,2004-04-30,223000,1,Y,MBSMONA,2004-06-25,رئيس البلدية,امين الصندوق,2004-04-30,Y,,,,,
165,2004,72,74,2004-04-30,H,,2004-04-30,67000,1,Y,MBSMONA,2004-06-25,رئيس البلدية,امين الصندوق,2004-04-30,Y,,,,,
165,2004,73,75,2004-04-30,H,,2004-04-30,50000,1,Y,MBSMONA,2004-06-25,رئيس البلدية,امين الصندوق,2004-04-30,Y,,,,,
165,2004,266,271,2004-12-30,H,,2005-01-15,600000,1,Y,MBSMONA,2005-01-28,رئيس البلدية,امين الصندوق,2005-01-15,Y,,,,,
165,2004,267,272,2004-12-30,H,,2005-01-15,147000,1,Y,MBSMONA,2005-01-28,رئيس البلدية,امين الصندوق,2005-01-15,Y,,,,,
165,2004,268,273,2004-12-30,H,,2005-01-15,1465000,1,Y,MBSMONA,2005-01-28,رئيس البلدية,امين الصندوق,2005-01-15,Y,,,,,
165,2004,269,274,2004-12-30,H,,2005-01-15,1470000,1,Y,MBSMONA,2005-01-28,رئيس البلدية,امين الصندوق,2005-01-15,Y,,,,,
165,2004,270,275,2004-12-30,H,,2005-01-15,378000,1,Y,MBSMONA,2005-01-28,رئيس البلدية,امين الصندوق,2005-01-15,Y,,,,,
165,2004,271,276,2004-12-30,H,,2005-01-15,65000,1,Y,MBSMONA,2005-01-28,رئيس البلدية,امين الصندوق,2005-01-15,Y,,,,,
165,2004,272,277,2005-01-14,H,,2005-01-15,3061000,1,Y,MBSMONA,2005-01-31,المجلس البلدي,امين الصندوق,2005-01-15,Y,,,,,
165,2004,273,278,2004-12-14,H,,2005-01-15,1121000,1,Y,MBSMONA,2005-01-31,المجلس البلدي,امين الصندوق,2005-01-15,Y,,,,,
165,2004,274,279,2005-01-14,H,,2005-01-15,605000,1,Y,MBSMONA,2005-01-31,المجلس البلدي,امين الصندوق,2005-01-15,Y,,,,,
165,2004,275,280,2005-01-14,H,,2005-01-15,300000,1,Y,MBSMONA,2005-01-31,المجلس البلدي,امين الصندوق,2005-01-15,Y,,,,,
165,2004,276,281,2005-01-14,H,,2005-01-15,1800000,1,Y,MBSMONA,2005-01-31,المجلس البلدي,امين الصندوق,2005-01-15,Y,,,,,
165,2004,277,282,2005-01-14,H,,2005-01-15,4055000,1,Y,MBSMONA,2005-01-31,المجلس البلدي,امين الصندوق,2005-01-15,Y,,,,,
165,2004,278,283,2005-01-14,H,,2005-01-15,1849000,1,Y,MBSMONA,2005-01-31,المجلس البلدي,امين الصندوق,2005-01-15,Y,,,,,
165,2004,279,284,2005-01-14,H,,2005-01-15,400000,1,Y,MBSMONA,2005-01-31,المجلس البلدي,امين الصندوق,2005-01-15,Y,,,,,
165,2004,280,285,2005-01-14,H,,2005-01-15,3258000,1,Y,MBSMONA,2005-01-31,المجلس البلدي,امين الصندوق,2005-01-15,Y,,,,,
165,2004,281,286,2005-01-14,H,,2005-01-15,1440000,1,Y,MBSMONA,2005-01-31,المجلس البلدي,امين الصندوق,2005-01-15,Y,,,,,
165,2004,282,287,2005-01-14,H,,2005-01-15,74000,1,Y,MBSMONA,2005-01-31,المجلس البلدي,امين الصندوق,2005-01-15,Y,,,,,
165,2004,283,288,2005-01-14,H,,2005-01-15,135000,1,Y,MBSMONA,2005-01-31,المجلس البلدي,امين الصندوق,2005-01-15,Y,,,,,
165,2004,284,289,2005-01-14,H,,2005-01-15,750000,1,Y,MBSMONA,2005-02-01,المجلس البلدي,امين الصندوق,2005-01-15,Y,,,,,
165,2004,285,290,2005-01-14,H,,2005-01-15,810000,1,Y,MBSMONA,2005-02-01,المجلس البلدي,امين الصندوق,2005-01-15,Y,,,,,
165,2004,286,291,2005-01-14,H,,2005-01-15,676000,1,Y,MBSMONA,2005-02-01,المجلس البلدي,امين الصندوق,2005-01-15,Y,,,,,
165,2004,287,292,2005-01-14,H,,2005-01-15,180000,1,Y,MBSMONA,2005-02-01,المجلس البلدي,امين الصندوق,2005-01-15,Y,,,,,
165,2004,288,293,2005-01-14,H,,2005-01-15,420000,1,Y,MBSMONA,2005-02-01,المجلس البلدي,امين الصندوق,2005-01-15,Y,,,,,
165,2004,289,294,2005-01-14,H,,2005-01-15,390000,1,Y,MBSMONA,2005-02-01,المجلس البلدي,امين الصندوق,2005-01-15,Y,,,,,
165,2004,290,295,2005-01-14,H,,2005-01-15,317000,1,Y,MBSMONA,2005-02-01,المجلس البلدي,امين الصندوق,2005-01-15,Y,,,,,
165,2004,291,296,2005-01-14,H,,2005-01-15,1065000,1,Y,MBSMONA,2005-02-01,المجلس البلدي,امين الصندوق,2005-01-15,Y,,,,,
165,2004,292,297,2005-01-14,H,,2005-01-15,37000,1,Y,MBSMONA,2005-02-01,المجلس البلدي,امين الصندوق,2005-01-15,Y,,,,,
165,2004,293,298,2005-01-14,H,,2005-01-15,18000,1,Y,MBSMONA,2005-02-01,المجلس البلدي,امين الصندوق,2005-01-15,Y,,,,,
165,2008,50,51,2008-05-31,H,,2008-05-31,1500000,1,Y,MBSMONA,2008-06-12,رئيس البلدية,امين الصندوق,2008-05-31,Y,,,,,
165,2008,51,52,2008-05-31,H,,2008-05-31,1737000,1,Y,MBSMONA,2008-06-16,رئيس البلدية,امين الصندوق,2008-05-31,Y,,,,,
165,2008,52,53,2008-05-31,H,,2008-05-31,474000,1,Y,MBSMONA,2008-06-16,رئيس البلدية,امين الصندوق,2008-05-31,Y,,,,,
165,2008,53,54,2008-06-05,H,,2008-06-06,2155000,1,Y,MBSMONA,2008-06-16,المجلس البلدي,امين الصندوق,2008-06-06,Y,,,,,
165,2008,54,55,2008-06-05,H,,2008-06-06,4474000,1,Y,MBSMONA,2008-06-16,المجلس البلدي,امين الصندوق,2008-06-06,Y,,,,,
165,2008,55,56,2008-06-05,H,,2008-06-06,2363000,1,Y,MBSMONA,2008-06-16,المجلس البلدي,امين الصندوق,2008-06-06,Y,,,,,
165,2008,56,57,2008-06-30,H,,2008-06-30,2758000,1,Y,MBSMONA,2008-09-17,رئيس البلدية,امين الصندوق,2008-06-30,Y,,,,,
165,2008,57,58,2008-06-30,H,,2008-06-30,920000,1,Y,MBSMONA,2008-09-17,رئيس البلدية,امين الصندوق,2008-06-30,Y,,,,,
165,2008,58,59,2008-06-30,H,,2008-06-30,1023000,1,Y,MBSMONA,2008-09-18,رئيس البلدية,امين الصندوق,2008-06-30,Y,,,,,
165,2008,59,60,2008-06-30,H,,2008-06-30,1557000,1,Y,MBSMONA,2008-09-18,رئيس البلدية,امين الصندوق,2008-06-30,Y,,,,,
165,2008,60,61,2008-06-30,H,,2008-06-30,1737000,1,Y,MBSMONA,2008-09-22,رئيس البلدية,امين الصندوق,2008-06-30,Y,,,,,
165,2008,61,62,2008-06-30,H,,2008-06-30,456000,1,Y,MBSMONA,2008-09-23,رئيس البلدية,امين الصندوق,2008-06-30,Y,,,,,
165,2008,62,63,2008-06-30,H,,2008-06-30,1500000,1,Y,MBSMONA,2008-09-23,رئيس البلدية,امين الصندوق,2008-06-30,Y,,,,,
165,2008,63,64,2008-07-07,H,,2008-07-08,2131000,1,Y,MBSMONA,2008-09-23,المجلس البلدي,رئيس البلدية,2008-07-08,Y,,,,,
165,2008,64,65,2008-06-30,H,,2008-07-08,2928000,1,Y,MBSMONA,2008-09-24,المجلس البلدي,رئيس البلدية,2008-07-08,Y,,,,,
165,2008,68,69,2008-06-30,H,,2008-06-30,2400000,1,Y,MBSMONA,2008-06-30,رئيس البلدية,امين الصندوق,2008-06-30,Y,,,,,
165,2008,69,73,2008-06-30,H,,2008-06-30,492000,1,Y,MBSMONA,2008-06-30,رئيس البلدية,امين الصندوق,2008-06-30,Y,,,,,
165,2008,70,74,2008-06-30,H,,2008-06-30,203000,1,Y,MBSMONA,2008-06-30,رئيس البلدية,امين الصندوق,2008-06-30,Y,,,,,
165,2008,71,75,2008-06-30,H,,2008-06-30,903000,1,Y,MBSMONA,2008-06-30,رئيس البلدية,امين الصندوق,2008-06-30,Y,,,,,
165,2008,72,76,2008-06-30,H,,2008-06-30,1800000,1,Y,MBSMONA,2008-06-30,رئيس البلدية,امين الصندوق,2008-06-30,Y,,,,,
165,2008,73,77,2008-07-15,H,,2008-07-15,1010000,1,Y,MBSMONA,2008-07-15,رئيس البلدية,امين الصندوق,2008-07-15,Y,,,,,
165,2008,74,78,2008-07-15,H,,2008-07-15,150000,1,Y,MBSMONA,2008-07-15,رئيس البلدية,امين الصندوق,2008-07-15,Y,,,,,
165,2008,75,79,2008-07-15,H,,2008-07-15,1600000,1,Y,MBSMONA,2008-07-15,رئيس البلدية,امين الصندوق,2008-07-15,Y,,,,,
165,2008,76,80,2008-07-31,H,,2008-07-31,1737000,1,Y,MBSMONA,2008-07-31,رئيس البلدية,امين الصندوق,2008-07-31,Y,,,,,
165,2008,77,81,2008-07-31,H,,2008-07-31,474000,1,Y,MBSMONA,2008-07-31,رئيس البلدية,امين الصندوق,2008-07-31,Y,,,,,
165,2008,78,82,2008-07-31,,,2008-07-31,1500000,,N,MBSMONA,2008-07-31,رئيس البلدية,امين الصندوق,,N,خطأ في رقم الحجز,2008-07-31,,,
165,2008,79,83,2008-07-31,H,,2008-07-31,1500000,1,Y,MBSMONA,2008-07-31,رئيس البلدية,امين الصندوق,2008-07-31,Y,,,,,
165,2008,80,84,2008-08-07,H,,2008-08-08,2143000,1,Y,MBSMONA,2008-08-08,المجلس البلدي,امين الصندوق,2008-08-08,Y,,,,,
165,2008,81,85,2008-08-07,H,,2008-08-08,3042000,1,Y,MBSMONA,2008-08-08,المجلس البلدي,امين الصندوق,2008-08-08,Y,,,,,
165,2008,82,86,2008-08-31,H,,2008-08-31,1737000,1,Y,MBSMONA,2008-08-31,رئيس البلدية,امين الصندوق,2008-08-31,Y,,,,,
165,2008,83,87,2008-08-31,H,,2008-08-31,456000,1,Y,MBSMONA,2008-08-31,رئيس البلدية,امين الصندوق,2008-08-31,Y,,,,,
165,2023,112,120,2023-07-31,,,2023-07-31,3869000,,N,MBSSMALL,2023-10-25,رئيس البلدية,محتسب البلدية,,N,خطأ في التوقيفات,2023-10-30,,,1.0
165,2023,113,121,2023-07-31,H,,2023-07-31,3811000,1,Y,MBSSMALL,2023-10-25,رئيس البلدية,محتسب البلدية,2023-07-31,Y,,,,,1.0
165,2023,114,122,2023-07-31,H,,2023-07-31,3537000,1,Y,MBSSMALL,2023-10-25,رئيس البلدية,محتسب البلدية,2023-07-31,Y,,,,,1.0
165,2023,115,123,2023-07-31,H,,2023-07-31,8000000,1,Y,MBSSMALL,2023-10-25,رئيس البلدية,محتسب البلدية,2023-07-31,Y,,,,,1.0
165,2023,116,124,2023-07-31,H,,2023-07-31,5960000,1,Y,MBSSMALL,2023-10-25,رئيس البلدية,محتسب البلدية,2023-07-31,Y,,,,,1.0
165,2023,117,125,2023-07-31,H,,2023-07-31,11236000,1,Y,MBSSMALL,2023-10-25,رئيس البلدية,محتسب البلدية,2023-07-31,Y,,,,,1.0
165,2023,120,128,2023-08-23,H,,2023-08-23,6000000,1,Y,MBSSMALL,2023-10-27,رئيس البلدية,محتسب البلدية,2023-08-23,Y,,,,,1.0
165,2023,121,129,2023-08-31,H,,2023-08-31,2049000,1,Y,MBSSMALL,2023-10-27,رئيس البلدية,محتسب البلدية,2023-08-31,Y,,,,,1.0
165,2023,122,130,2023-08-31,H,,2023-08-31,1851000,1,Y,MBSSMALL,2023-10-27,رئيس البلدية,محتسب البلدية,2023-08-31,Y,,,,,1.0
165,2023,123,131,2023-08-31,H,,2023-08-31,1987000,1,Y,MBSSMALL,2023-10-27,رئيس البلدية,محتسب البلدية,2023-08-31,Y,,,,,1.0
165,2023,124,132,2023-08-31,H,,2023-08-31,1828000,1,Y,MBSSMALL,2023-10-27,رئيس البلدية,محتسب البلدية,2023-08-31,Y,,,,,1.0
165,2023,125,133,2023-08-31,H,,2023-08-31,7980000,1,Y,MBSSMALL,2023-10-27,رئيس البلدية,محتسب البلدية,2023-08-31,Y,,,,,1.0
165,2023,130,138,2023-08-31,H,,2023-08-31,11600000,1,Y,MBSSMALL,2023-10-30,رئيس البلدية,محتسب البلدية,2023-08-31,Y,,,,,1.0
165,2023,131,139,2023-10-02,H,,2023-10-02,2049000,1,Y,MBSSMALL,2023-10-30,رئيس البلدية,محتسب البلدية,2023-10-02,Y,,,,,1.0
165,2023,132,140,2023-10-02,H,,2023-10-02,1851000,1,Y,MBSSMALL,2023-10-30,رئيس البلدية,محتسب البلدية,2023-10-02,Y,,,,,1.0
165,2023,133,141,2023-10-02,H,,2023-10-02,1987000,1,Y,MBSSMALL,2023-10-30,رئيس البلدية,محتسب البلدية,2023-10-02,Y,,,,,1.0
165,2023,134,142,2023-10-02,H,,2023-10-02,1828000,1,Y,MBSSMALL,2023-10-30,رئيس البلدية,محتسب البلدية,2023-10-02,Y,,,,,1.0
165,2023,135,143,2023-10-02,H,,2023-10-02,7600000,1,Y,MBSSMALL,2023-10-30,رئيس البلدية,محتسب البلدية,2023-10-02,Y,,,,,1.0
165,2023,147,157,2023-10-18,H,,2023-10-18,11100000,1,Y,MBSSMALL,2023-10-31,رئيس البلدية,محتسب البلدية,2023-10-18,Y,,,,,1.0
165,2023,150,160,2023-10-18,H,,2023-10-18,27725000,1,Y,MBSSMALL,2023-10-31,رئيس البلدية,محتسب البلدية,2023-10-18,Y,,,,,1.0
165,2023,169,179,2023-10-18,H,,2023-10-18,46946000,1,Y,MBSSMALL,2023-11-02,رئيس البلدية,محتسب البلدية,2023-10-18,Y,,,,,1.0
165,2023,179,189,2023-11-30,H,,2023-11-30,2049000,1,Y,MBSSMALL,2023-12-22,رئيس البلدية,محتسب البلدية,2023-11-30,Y,,,,,1.0
165,2023,180,191,2023-11-30,H,,2023-11-30,1987000,1,Y,MBSSMALL,2023-12-22,رئيس البلدية,محتسب البلدية,2023-11-30,Y,,,,,1.0
165,2023,181,192,2023-11-30,H,,2023-11-30,1828000,1,Y,MBSSMALL,2023-12-22,رئيس البلدية,محتسب البلدية,2023-11-30,Y,,,,,1.0
165,2023,182,193,2023-11-30,H,,2023-11-30,1851000,1,Y,MBSSMALL,2023-12-22,رئيس البلدية,محتسب البلدية,2023-11-30,Y,,,,,1.0
165,2023,219,230,2023-12-29,H,,2023-12-29,30000000,1,Y,MBSSMALL,2024-01-05,رئيس البلدية,محتسب البلدية,2023-12-29,Y,,,,,1.0
165,2023,230,241,2023-12-29,H,,2023-12-29,12600000,1,Y,MBSSMALL,2024-01-25,رئيس البلدية,محتسب البلدية,2023-12-29,Y,,,,,1.0
165,2024,1,1,2024-01-31,H,,2024-01-31,2049000,1,Y,MBSSMALL,2024-02-29,رئيس البلدية,محتسب البلدية,2024-01-31,Y,,,,,1.0
165,2024,2,2,2024-01-31,H,,2024-01-31,1851000,1,Y,MBSSMALL,2024-02-29,رئيس البلدية,محتسب البلدية,2024-01-31,Y,,,,,1.0
165,2024,3,4,2024-01-31,H,,2024-01-31,1987000,1,Y,MBSSMALL,2024-02-29,رئيس البلدية,محتسب البلدية,2024-01-31,Y,,,,,1.0
165,2024,4,5,2024-01-31,H,,2024-01-31,1828000,1,Y,MBSSMALL,2024-02-29,رئيس البلدية,محتسب البلدية,2024-01-31,Y,,,,,1.0
165,2024,5,6,2024-01-31,H,,2024-01-31,26550000,1,Y,MBSSMALL,2024-02-29,رئيس البلدية,محتسب البلدية,2024-01-31,Y,,,,,1.0
165,2024,19,20,2024-03-21,H,,2024-03-21,45300000,1,Y,MBSSMALL,2024-04-02,رئيس البلدية,محتسب البلدية,2024-03-21,Y,,,,,1.0
165,2024,30,31,2024-03-21,H,,2024-03-21,42960000,1,Y,MBSSMALL,2024-04-03,رئيس البلدية,محتسب البلدية,2024-03-21,Y,,,,,1.0
165,2024,41,42,2024-04-02,H,,2024-04-02,2049000,1,Y,MBSSMALL,2024-04-19,رئيس البلدية,محتسب البلدية,2024-04-02,Y,,,,,1.0
165,2024,42,43,2024-04-02,H,,2024-04-02,1847000,1,Y,MBSSMALL,2024-04-19,رئيس البلدية,محتسب البلدية,2024-04-02,Y,,,,,1.0
165,2024,43,44,2024-04-02,H,,2024-04-02,120000,1,Y,MBSSMALL,2024-04-19,رئيس البلدية,محتسب البلدية,2024-04-02,Y,,,,,1.0
165,2024,44,45,2024-04-02,H,,2024-04-02,1880000,1,Y,MBSSMALL,2024-04-19,رئيس البلدية,محتسب البلدية,2024-04-02,Y,,,,,1.0
165,2024,62,65,2024-05-16,H,,2024-05-16,12000000,1,Y,MBSSMALL,2024-06-11,رئيس البلدية,محتسب البلدية,2024-05-16,Y,,,,,1.0
165,2024,63,66,2024-05-20,H,,2024-05-20,9645000,1,Y,MBSSMALL,2024-06-11,رئيس البلدية,محتسب البلدية,2024-05-20,Y,,,,,1.0
165,2024,64,67,2024-05-20,H,,2024-05-20,3727000,1,Y,MBSSMALL,2024-06-11,رئيس البلدية,محتسب البلدية,2024-05-20,Y,,,,,1.0
165,2024,65,68,2024-05-27,H,,2024-05-27,8400000,1,Y,MBSSMALL,2024-06-11,رئيس البلدية,محتسب البلدية,2024-05-27,Y,,,,,1.0
165,2024,78,82,2024-06-19,H,,2024-06-19,10580000,1,Y,MBSSMALL,2024-06-19,رئيس البلدية,محتسب البلدية,2024-06-19,Y,,,,,1.0
165,2024,80,84,2024-06-19,H,,2024-06-19,11250000,1,Y,MBSSMALL,2024-06-20,رئيس البلدية,محتسب البلدية,2024-06-19,Y,,,,,1.0
165,2024,90,94,2024-07-12,H,,2024-07-12,45950000,1,Y,MBSSMALL,2024-07-22,رئيس البلدية,محتسب البلدية,2024-07-12,Y,,,,,1.0
165,2024,91,95,2024-07-12,H,,2024-07-12,49900000,1,Y,MBSSMALL,2024-07-22,رئيس البلدية,محتسب البلدية,2024-07-12,Y,,,,,1.0
165,2024,92,96,2024-07-12,H,,2024-07-12,45300000,1,Y,MBSSMALL,2024-07-22,رئيس البلدية,محتسب البلدية,2024-07-12,Y,,,,,1.0
165,2024,93,97,2024-07-12,H,,2024-07-12,38450000,1,Y,MBSSMALL,2024-07-22,رئيس البلدية,محتسب البلدية,2024-07-12,Y,,,,,1.0
165,2024,94,98,2024-07-12,H,,2024-07-12,46000000,1,Y,MBSSMALL,2024-07-22,رئيس البلدية,محتسب البلدية,2024-07-12,Y,,,,,1.0
165,2024,95,99,2024-07-12,H,,2024-07-12,47550000,1,Y,MBSSMALL,2024-07-22,رئيس البلدية,محتسب البلدية,2024-07-12,Y,,,,,1.0
165,2024,96,100,2024-07-12,H,,2024-07-12,44550000,1,Y,MBSSMALL,2024-07-22,رئيس البلدية,محتسب البلدية,2024-07-12,Y,,,,,1.0
165,2024,97,101,2024-07-12,H,,2024-07-12,43900000,1,Y,MBSSMALL,2024-07-22,رئيس البلدية,محتسب البلدية,2024-07-12,Y,,,,,1.0
165,2024,106,110,2024-07-12,H,,2024-07-12,42700000,1,Y,MBSSMALL,2024-07-23,رئيس البلدية,محتسب البلدية,2024-07-12,Y,,,,,1.0
165,2024,107,111,2024-07-12,H,,2024-07-12,37500000,1,Y,MBSSMALL,2024-07-23,رئيس البلدية,محتسب البلدية,2024-07-12,Y,,,,,1.0
165,2024,108,112,2024-07-12,H,,2024-07-12,13300000,1,Y,MBSSMALL,2024-07-23,رئيس البلدية,محتسب البلدية,2024-07-12,Y,,,,,1.0
165,2015,69,69,2015-07-24,H,,2015-07-24,10035000,1,Y,MBSSMALL,2015-08-01,رئيس البلدية,محتسب البلدية,2015-07-24,Y,,,,,
165,2015,70,70,2015-07-24,H,,2015-07-24,18890000,1,Y,MBSSMALL,2015-08-03,رئيس البلدية,محتسب البلدية,2015-07-24,Y,,,,,
165,2015,71,71,2015-07-24,H,,2015-07-24,8453000,1,Y,MBSSMALL,2015-08-03,رئيس البلدية,محتسب البلدية,2015-07-24,Y,,,,,
165,2015,72,72,2015-07-24,H,,2015-07-24,19415000,1,Y,MBSSMALL,2015-08-03,رئيس البلدية,محتسب البلدية,2015-07-24,Y,,,,,
165,2015,73,73,2015-07-24,H,,2015-07-24,19500000,1,Y,MBSSMALL,2015-08-03,رئيس البلدية,محتسب البلدية,2015-07-24,Y,,,,,
165,2015,74,74,2015-07-24,H,,2015-07-24,9969000,1,Y,MBSSMALL,2015-08-04,رئيس البلدية,محتسب البلدية,2015-07-24,Y,,,,,
165,2015,75,75,2015-07-24,H,,2015-07-24,16304000,1,Y,MBSSMALL,2015-08-04,رئيس البلدية,محتسب البلدية,2015-07-24,Y,,,,,
165,2015,76,76,2015-07-24,H,,2015-07-24,4110000,1,Y,MBSSMALL,2015-08-04,رئيس البلدية,محتسب البلدية,2015-07-24,Y,,,,,
165,2015,77,77,2015-07-24,H,,2015-07-24,2574000,1,Y,MBSSMALL,2015-08-04,رئيس البلدية,محتسب البلدية,2015-07-24,Y,,,,,
165,2015,78,78,2015-08-01,H,,2015-08-01,1067000,1,Y,MBSSMALL,2015-08-04,رئيس البلدية,محتسب البلدية,2015-08-01,Y,,,,,
165,2015,79,79,2015-08-01,H,,2015-08-01,2221000,1,Y,MBSSMALL,2015-08-04,رئيس البلدية,محتسب البلدية,2015-08-01,Y,,,,,
165,2015,80,80,2015-08-01,H,,2015-08-01,616000,1,Y,MBSSMALL,2015-08-04,رئيس البلدية,محتسب البلدية,2015-08-01,Y,,,,,
165,2015,81,81,2015-08-01,H,,2015-08-01,1100000,1,Y,MBSSMALL,2015-08-04,رئيس البلدية,محتسب البلدية,2015-08-01,Y,,,,,
165,2015,82,82,2015-08-01,H,,2015-08-01,100000,1,Y,MBSSMALL,2015-08-04,رئيس البلدية,محتسب البلدية,2015-08-01,Y,,,,,
165,2015,83,83,2015-08-08,H,,2015-08-08,1570000,1,Y,MBSSMALL,2015-08-08,رئيس البلدية,محتسب البلدية,2015-08-08,Y,,,,,
165,2015,84,84,2015-08-18,H,,2015-08-18,1910000,1,Y,MBSSMALL,2015-08-18,رئيس البلدية,محتسب البلدية,2015-08-18,Y,,,,,
165,2015,85,85,2015-08-19,H,,2015-08-19,2000000,1,Y,MBSSMALL,2015-08-19,رئيس البلدية,محتسب البلدية,2015-08-19,Y,,,,,
165,2015,86,86,2015-08-19,H,,2015-08-19,2090000,1,Y,MBSSMALL,2015-08-19,رئيس البلدية,محتسب البلدية,2015-08-19,Y,,,,,
165,2015,87,87,2015-08-22,H,,2015-08-22,2586000,1,Y,MBSSMALL,2015-08-22,رئيس البلدية,محتسب البلدية,2015-08-22,Y,,,,,
165,2021,92,95,2021-09-30,H,,2021-09-30,2135000,1,Y,MBSSMALL,2021-10-13,رئيس البلدية,محتسب البلدية,2021-09-30,Y,,,,,
165,2021,93,94,2021-09-30,H,,2021-09-30,7868000,1,Y,MBSSMALL,2021-10-13,رئيس البلدية,محتسب البلدية,2021-09-30,Y,,,,,
165,2021,94,97,2021-09-30,H,,2021-09-30,1926000,1,Y,MBSSMALL,2021-10-14,رئيس البلدية,محتسب البلدية,2021-09-30,Y,,,,,
165,2021,95,98,2021-09-30,H,,2021-09-30,1744000,1,Y,MBSSMALL,2021-10-14,رئيس البلدية,محتسب البلدية,2021-09-30,Y,,,,,
165,2021,96,99,2021-09-30,H,,2021-09-30,1906000,1,Y,MBSSMALL,2021-10-14,رئيس البلدية,محتسب البلدية,2021-09-30,Y,,,,,
165,2021,97,100,2021-09-30,H,,2021-09-30,1734000,1,Y,MBSSMALL,2021-10-14,رئيس البلدية,محتسب البلدية,2021-09-30,Y,,,,,
165,2021,98,101,2021-09-30,H,,2021-09-30,704000,1,Y,MBSSMALL,2021-10-14,رئيس البلدية,محتسب البلدية,2021-09-30,Y,,,,,
165,2021,99,102,2021-09-30,H,,2021-09-30,548000,1,Y,MBSSMALL,2021-10-21,رئيس البلدية,محتسب البلدية,2021-09-30,Y,,,,,
165,2021,100,103,2021-09-30,H,,2021-09-30,37432000,1,Y,MBSSMALL,2021-11-03,رئيس البلدية,محتسب البلدية,2021-09-30,Y,,,,,
165,2021,101,104,2021-09-30,H,,2021-09-30,12375000,1,Y,MBSSMALL,2021-11-03,رئيس البلدية,محتسب البلدية,2021-09-30,Y,,,,,
165,2021,102,105,2021-09-30,H,,2021-09-30,14939000,1,Y,MBSSMALL,2021-11-03,رئيس البلدية,محتسب البلدية,2021-09-30,Y,,,,,
165,2021,103,106,2021-09-30,H,,2021-09-30,14000000,1,Y,MBSSMALL,2021-11-03,رئيس البلدية,محتسب البلدية,2021-09-30,Y,,,,,
165,2021,104,107,2021-09-30,H,,2021-09-30,1055000,1,Y,MBSSMALL,2021-11-04,رئيس البلدية,محتسب البلدية,2021-09-30,Y,,,,,
165,2021,105,108,2021-09-30,H,,2021-09-30,950000,1,Y,MBSSMALL,2021-11-04,رئيس البلدية,محتسب البلدية,2021-09-30,Y,,,,,
165,2021,106,109,2021-09-30,H,,2021-09-30,945000,1,Y,MBSSMALL,2021-11-04,رئيس البلدية,محتسب البلدية,2021-09-30,Y,,,,,
165,2021,107,110,2021-09-30,H,,2021-09-30,945000,1,Y,MBSSMALL,2021-11-04,رئيس البلدية,محتسب البلدية,2021-09-30,Y,,,,,
165,2021,108,111,2021-09-30,H,,2021-09-30,12320000,1,Y,MBSSMALL,2021-11-04,رئيس البلدية,محتسب البلدية,2021-09-30,Y,,,,,
165,2021,109,112,2021-10-20,H,,2021-10-20,11250000,1,Y,MBSSMALL,2021-11-12,رئيس البلدية,محتسب البلدية,2021-10-20,Y,,,,,
165,2021,110,113,2021-10-21,H,,2021-10-21,11562000,1,Y,MBSSMALL,2021-11-15,رئيس البلدية,محتسب البلدية,2021-10-21,Y,,,,,
165,2021,111,114,2021-10-27,H,,2021-10-27,11560000,1,Y,MBSSMALL,2021-11-29,رئيس البلدية,محتسب البلدية,2021-10-27,Y,,,,,
165,2021,112,115,2021-10-29,H,,2021-10-29,10960000,1,Y,MBSSMALL,2021-11-29,رئيس البلدية,محتسب البلدية,2021-10-29,Y,,,,,
165,2021,113,116,2021-10-31,H,,2021-10-31,1055000,1,Y,MBSSMALL,2021-11-29,رئيس البلدية,محتسب البلدية,2021-10-31,Y,,,,,
165,2021,114,117,2021-10-31,H,,2021-10-31,950000,1,Y,MBSSMALL,2021-11-29,رئيس البلدية,محتسب البلدية,2021-10-31,Y,,,,,
165,2021,115,118,2021-10-31,H,,2021-10-31,945000,1,Y,MBSSMALL,2021-11-29,رئيس البلدية,محتسب البلدية,2021-10-31,Y,,,,,
165,2021,116,119,2021-09-30,H,,2021-09-30,945000,1,Y,MBSSMALL,2021-11-29,رئيس البلدية,محتسب البلدية,2021-10-31,Y,,,,,
165,2021,117,120,2021-10-31,H,,2021-10-31,1926000,1,Y,MBSSMALL,2021-11-29,رئيس البلدية,محتسب البلدية,2021-10-31,Y,,,,,
165,2021,118,121,2021-10-31,H,,2021-10-31,1744000,1,Y,MBSSMALL,2021-11-29,رئيس البلدية,محتسب البلدية,2021-10-31,Y,,,,,
165,2021,119,123,2021-10-31,H,,2021-10-31,1906000,1,Y,MBSSMALL,2021-11-29,رئيس البلدية,محتسب البلدية,2021-10-31,Y,,,,,
165,2021,120,125,2021-10-31,H,,2021-10-31,1734000,1,Y,MBSSMALL,2021-11-29,رئيس البلدية,محتسب البلدية,2021-10-31,Y,,,,,
165,2021,121,126,2021-10-31,H,,2021-10-31,1824000,1,Y,MBSSMALL,2021-11-30,رئيس البلدية,محتسب البلدية,2021-10-31,Y,,,,,
165,2021,122,127,2021-10-31,H,,2021-10-31,1000000,1,Y,MBSSMALL,2021-11-30,رئيس البلدية,محتسب البلدية,2021-10-31,Y,,,,,
165,2021,123,129,2021-11-10,H,,2021-11-10,3535000,1,Y,MBSSMALL,2021-12-07,رئيس البلدية,محتسب البلدية,2021-11-10,Y,,,,,
165,2021,124,128,2021-11-10,H,,2021-11-10,4481000,1,Y,MBSSMALL,2021-12-07,رئيس البلدية,محتسب البلدية,2021-11-10,Y,,,,,
165,2021,125,130,2021-11-30,H,,2021-11-30,1926000,1,Y,MBSSMALL,2021-12-08,رئيس البلدية,محتسب البلدية,2021-11-30,Y,,,,,
165,2021,126,131,2021-11-30,H,,2021-11-30,1744000,1,Y,MBSSMALL,2021-12-08,رئيس البلدية,محتسب البلدية,2021-11-30,Y,,,,,
165,2021,127,132,2021-11-30,H,,2021-11-30,1906000,1,Y,MBSSMALL,2021-12-08,رئيس البلدية,محتسب البلدية,2021-11-30,Y,,,,,
165,2021,128,133,2021-11-30,H,,2021-11-30,1734000,1,Y,MBSSMALL,2021-12-08,رئيس البلدية,محتسب البلدية,2021-11-30,Y,,,,,
165,2021,129,134,2021-11-30,H,,2021-11-30,2016000,1,Y,MBSSMALL,2021-12-08,رئيس البلدية,محتسب البلدية,2021-11-30,Y,,,,,
165,2021,130,135,2021-11-30,H,,2021-11-30,700000,1,Y,MBSSMALL,2021-12-08,رئيس البلدية,محتسب البلدية,2021-11-30,Y,,,,,
165,2022,187,191,2022-12-30,H,,2022-12-30,2049000,1,Y,MBSSMALL,2023-01-05,رئيس البلدية,محتسب البلدية,2022-12-30,Y,,,,,
165,2022,188,192,2022-12-30,H,,2022-12-30,1851000,1,Y,MBSSMALL,2023-01-05,رئيس البلدية,محتسب البلدية,2022-12-30,Y,,,,,
165,2022,189,193,2022-12-30,H,,2022-12-30,1987000,1,Y,MBSSMALL,2023-01-05,رئيس البلدية,محتسب البلدية,2022-12-30,Y,,,,,
165,2022,190,194,2022-12-30,H,,2022-12-30,1828000,1,Y,MBSSMALL,2023-01-05,رئيس البلدية,محتسب البلدية,2022-12-30,Y,,,,,
165,2022,191,195,2022-12-30,H,,2022-12-30,7980000,1,Y,MBSSMALL,2023-01-05,رئيس البلدية,محتسب البلدية,2022-12-30,Y,,,,,
165,2022,192,197,2022-12-30,H,,2022-12-30,4360000,1,Y,MBSSMALL,2023-01-05,رئيس البلدية,محتسب البلدية,2022-12-30,Y,,,,,
165,2022,193,198,2022-12-30,H,,2022-12-30,3940000,1,Y,MBSSMALL,2023-01-05,رئيس البلدية,محتسب البلدية,2022-12-30,Y,,,,,
165,2022,194,199,2022-12-30,H,,2022-12-30,3890000,1,Y,MBSSMALL,2023-01-05,رئيس البلدية,محتسب البلدية,2022-12-30,Y,,,,,
165,2022,195,200,2022-12-30,H,,2022-12-30,3890000,1,Y,MBSSMALL,2023-01-05,رئيس البلدية,محتسب البلدية,2022-12-30,Y,,,,,
165,2022,196,201,2022-12-30,H,,2022-12-30,11056000,1,Y,MBSSMALL,2023-01-09,رئيس البلدية,محتسب البلدية,2022-12-30,Y,,,,,
165,2022,197,202,2022-12-31,,,2022-12-31,498000,,N,MBSSMALL,2023-01-10,رئيس البلدية,محتسب البلدية,,N,خطأ,2023-01-10,,,1.0
165,2022,198,203,2022-12-30,H,,2022-12-30,8000000,1,Y,MBSSMALL,2023-01-11,رئيس البلدية,محتسب البلدية,2022-12-30,Y,,,,,1.0
165,2022,199,204,2022-12-30,H,,2022-12-30,36100000,1,Y,MBSSMALL,2023-01-11,رئيس البلدية,محتسب البلدية,2022-12-30,Y,,,,,1.0
165,2022,200,205,2022-12-30,H,,2022-12-30,13900000,1,Y,MBSSMALL,2023-01-11,رئيس البلدية,محتسب البلدية,2022-12-30,Y,,,,,1.0
165,2022,201,206,2022-12-30,H,,2022-12-30,2935000,1,Y,MBSSMALL,2023-01-13,رئيس البلدية,محتسب البلدية,2022-12-30,Y,,,,,1.0
165,2022,202,207,2022-12-30,H,,2022-12-30,8090000,1,Y,MBSSMALL,2023-01-13,رئيس البلدية,محتسب البلدية,2022-12-30,Y,,,,,1.0
165,2022,203,208,2022-12-30,H,,2022-12-30,21000000,1,Y,MBSSMALL,2023-01-13,رئيس البلدية,محتسب البلدية,2022-12-30,Y,,,,,1.0
165,2022,204,209,2022-12-30,H,,2022-12-30,12000000,1,Y,MBSSMALL,2023-01-13,رئيس البلدية,محتسب البلدية,2022-12-30,Y,,,,,1.0
165,2022,205,210,2022-12-30,H,,2022-12-30,5000000,1,Y,MBSSMALL,2023-01-13,رئيس البلدية,محتسب البلدية,2022-12-30,Y,,,,,1.0
165,2023,1,1,2023-01-31,H,,2023-01-31,1942000,1,Y,MBSSMALL,2023-02-21,رئيس البلدية,محتسب البلدية,2023-01-31,Y,,,,,1.0
165,2023,2,2,2023-01-31,H,,2023-01-31,1769000,1,Y,MBSSMALL,2023-02-21,رئيس البلدية,محتسب البلدية,2023-01-31,Y,,,,,1.0
165,2023,3,3,2023-01-31,H,,2023-01-31,1966000,1,Y,MBSSMALL,2023-02-21,رئيس البلدية,محتسب البلدية,2023-01-31,Y,,,,,1.0
165,2023,4,4,2023-01-31,H,,2023-01-31,1749000,1,Y,MBSSMALL,2023-02-21,رئيس البلدية,محتسب البلدية,2023-01-31,Y,,,,,1.0
165,2023,5,5,2023-01-31,H,,2023-01-31,7600000,1,Y,MBSSMALL,2023-02-21,رئيس البلدية,محتسب البلدية,2023-01-31,Y,,,,,1.0
165,2023,6,6,2023-01-31,H,,2023-01-31,4360000,1,Y,MBSSMALL,2023-02-21,رئيس البلدية,محتسب البلدية,2023-01-31,Y,,,,,1.0
165,2023,7,7,2023-01-31,H,,2023-01-31,3940000,1,Y,MBSSMALL,2023-02-21,رئيس البلدية,محتسب البلدية,2023-01-31,Y,,,,,1.0
165,2023,8,8,2023-01-31,H,,2023-01-31,3890000,1,Y,MBSSMALL,2023-02-21,رئيس البلدية,محتسب البلدية,2023-01-31,Y,,,,,1.0
165,2023,9,9,2023-01-31,H,,2023-01-31,3890000,1,Y,MBSSMALL,2023-02-21,رئيس البلدية,محتسب البلدية,2023-01-31,Y,,,,,1.0
165,2005,97,98,2005-08-01,H,,2005-08-01,1570000,1,Y,MBSMONA,2005-09-01,رئيس البلدية,امين الصندوق,2005-08-01,Y,,,,,
165,2005,98,99,2005-08-01,H,,2005-08-01,522000,1,Y,MBSMONA,2005-09-01,رئيس البلدية,امين الصندوق,2005-08-01,Y,,,,,
165,2005,99,100,2005-08-01,H,,2005-08-01,1050000,1,Y,MBSMONA,2005-09-01,رئيس البلدية,امين الصندوق,2005-08-01,Y,,,,,
165,2005,100,101,2005-08-03,H,,2005-08-04,3073000,1,Y,MBSMONA,2005-09-01,المجلس البلدي,امين الصندوق,2005-08-04,Y,,,,,
165,2005,101,102,2005-08-03,H,,2005-08-04,2415000,1,Y,MBSMONA,2005-09-02,المجلس البلدي,امين الصندوق,2005-08-04,Y,,,,,
165,2005,102,103,2005-08-03,H,,2005-08-04,1350000,1,Y,MBSMONA,2005-09-02,المجلس البلدي,امين الصندوق,2005-08-04,Y,,,,,
165,2005,103,104,2005-08-03,H,,2005-08-04,180000,1,Y,MBSMONA,2005-09-02,المجلس البلدي,امين الصندوق,2005-08-04,Y,,,,,
165,2005,104,105,2005-08-03,H,,2005-08-04,743000,1,Y,MBSMONA,2005-09-02,المجلس البلدي,امين الصندوق,2005-08-04,Y,,,,,
165,2005,105,106,2005-08-03,H,,2005-08-04,23000,1,Y,MBSMONA,2005-09-02,المجلس البلدي,امين الصندوق,2005-08-04,Y,,,,,
165,2005,106,107,2005-08-03,H,,2005-08-04,30000,1,Y,MBSMONA,2005-09-02,المجلس البلدي,امين الصندوق,2005-08-04,Y,,,,,
165,2005,107,108,2005-08-03,H,,2005-08-04,150000,1,Y,MBSMONA,2005-09-02,المجلس البلدي,امين الصندوق,2005-08-04,Y,,,,,
165,2005,108,109,2005-08-03,H,,2005-08-04,136000,1,Y,MBSMONA,2005-09-02,المجلس البلدي,امين الصندوق,2005-08-04,Y,,,,,
165,2005,109,110,2005-08-03,H,,2005-08-04,589000,1,Y,MBSMONA,2005-09-02,المجلس البلدي,امين الصندوق,2005-08-04,Y,,,,,
165,2005,110,111,2005-08-03,H,,2005-08-04,270000,1,Y,MBSMONA,2005-09-02,المجلس البلدي,امين الصندوق,2005-08-04,Y,,,,,
165,2005,111,112,2005-09-06,H,,2005-09-06,1050000,1,Y,MBSMONA,2005-09-14,رئيس البلدية,امين الصندوق,2005-09-06,Y,,,,,
165,2005,112,113,2005-08-22,H,,2005-09-01,971000,1,Y,MBSMONA,2005-09-15,رئيس البلدية,امين الصندوق,2005-09-07,Y,,,,,
165,2005,113,114,2005-09-01,H,,2005-09-01,1570000,1,Y,MBSMONA,2005-09-15,رئيس البلدية,امين الصندوق,2005-09-01,Y,,,,,
165,2005,114,115,2005-09-01,H,,2005-09-01,408000,1,Y,MBSMONA,2005-09-15,رئيس البلدية,امين الصندوق,2005-09-01,Y,,,,,
165,2005,115,116,2005-09-05,H,,2005-09-06,3049000,1,Y,MBSMONA,2005-09-15,المجلس البلدي,امين الصندوق,2005-09-06,Y,,,,,
165,2005,116,117,2005-09-05,H,,2005-09-06,2790000,1,Y,MBSMONA,2005-09-15,المجلس البلدي,امين الصندوق,2005-09-06,Y,,,,,
165,2005,117,118,2005-09-05,H,,2005-09-06,1889000,1,Y,MBSMONA,2005-09-15,المجلس البلدي,امين الصندوق,2005-09-06,Y,,,,,
165,2005,118,119,2005-09-05,H,,2005-09-06,225000,1,Y,MBSMONA,2005-09-15,المجلس البلدي,امين الصندوق,2005-09-06,Y,,,,,
165,2005,119,120,2005-09-05,H,,2005-09-06,750000,1,Y,MBSMONA,2005-09-15,المجلس البلدي,امين الصندوق,2005-09-06,Y,,,,,
165,2005,120,121,2005-09-01,H,,2005-09-01,2700000,1,Y,MBSMONA,2005-09-15,رئيس البلدية,امين الصندوق,2005-09-01,Y,,,,,
165,2005,121,122,2005-06-10,H,,2005-06-10,1068000,1,Y,MBSMONA,2005-09-16,رئيس البلدية,امين الصندوق,2005-06-10,Y,,,,,
165,2005,122,123,2005-05-05,H,,2005-05-05,165000,1,Y,MBSMONA,2005-09-20,رئيس البلدية,امين الصندوق,2005-05-05,Y,,,,,
165,2005,123,124,2005-05-05,H,,2005-05-05,250000,1,Y,MBSMONA,2005-09-20,رئيس البلدية,امين الصندوق,2005-05-05,Y,,,,,
165,2005,124,125,2005-05-05,H,,2005-05-05,266000,1,Y,MBSMONA,2005-09-20,رئيس البلدية,امين الصندوق,2005-05-05,Y,,,,,
165,2005,125,126,2005-05-05,H,,2005-05-05,8000,1,Y,MBSMONA,2005-09-20,رئيس البلدية,امين الصندوق,2005-05-05,Y,,,,,
165,2008,84,88,2008-08-31,H,,2008-08-31,1500000,1,Y,MBSMONA,2008-08-31,رئيس البلدية,امين الصندوق,2008-08-31,Y,,,,,
165,2008,85,89,2008-09-15,H,,2008-09-15,950000,1,Y,MBSMONA,2008-08-31,رئيس البلدية,امين الصندوق,2008-09-15,Y,,,,,
165,2008,86,90,2008-09-03,H,,2008-09-04,2167000,1,Y,MBSMONA,2008-09-03,المجلس البلدي,امين الصندوق,2008-09-04,Y,,,,,
165,2008,87,91,2008-09-03,H,,2008-09-04,4309000,1,Y,MBSMONA,2008-09-03,المجلس البلدي,امين الصندوق,2008-09-04,Y,,,,,
165,2007,41,41,2007-02-12,H,,2007-02-13,2110000,1,Y,MBSMONA,2007-02-19,المجلس البلدي,امين الصندوق,2007-02-13,Y,,,,,
165,2007,42,42,2007-02-12,H,,2007-02-13,2868000,1,Y,MBSMONA,2007-02-19,المجلس البلدي,امين الصندوق,2007-02-13,Y,,,,,
165,2007,43,43,2007-02-12,H,,2007-02-13,5400000,1,Y,MBSMONA,2007-02-19,المجلس البلدي,امين الصندوق,2007-02-13,Y,,,,,
165,2007,44,44,2007-02-12,H,,2007-02-13,18665000,1,Y,MBSMONA,2007-02-19,المجلس البلدي,امين الصندوق,2007-02-13,Y,,,,,
165,2007,45,45,2007-02-12,H,,2007-02-13,1240000,1,Y,MBSMONA,2007-02-20,المجلس البلدي,امين الصندوق,2007-02-13,Y,,,,,
165,2023,44,50,2023-04-05,H,,2023-04-05,3821000,1,Y,MBSSMALL,2023-04-26,رئيس البلدية,محتسب البلدية,2023-04-05,Y,,,,,1.0
165,2023,45,47,2023-04-05,H,,2023-04-05,3773000,1,Y,MBSSMALL,2023-04-26,رئيس البلدية,محتسب البلدية,2023-04-05,Y,,,,,1.0
165,2023,46,48,2023-04-05,H,,2023-04-05,3773000,1,Y,MBSSMALL,2023-04-26,رئيس البلدية,محتسب البلدية,2023-04-05,Y,,,,,1.0
165,2023,47,51,2023-05-02,H,,2023-05-02,2049000,1,Y,MBSSMALL,2023-05-10,رئيس البلدية,محتسب البلدية,2023-05-02,Y,,,,,1.0
165,2023,48,52,2023-05-02,H,,2023-05-02,1851000,1,Y,MBSSMALL,2023-05-10,رئيس البلدية,محتسب البلدية,2023-05-02,Y,,,,,1.0
165,2023,49,53,2023-05-02,H,,2023-05-02,1987000,1,Y,MBSSMALL,2023-05-10,رئيس البلدية,محتسب البلدية,2023-05-02,Y,,,,,1.0
165,2023,50,54,2023-05-02,H,,2023-05-02,1828000,1,Y,MBSSMALL,2023-05-10,رئيس البلدية,محتسب البلدية,2023-05-02,Y,,,,,1.0
165,2023,51,55,2023-05-02,H,,2023-05-02,5320000,1,Y,MBSSMALL,2023-05-10,رئيس البلدية,محتسب البلدية,2023-05-02,Y,,,,,1.0
165,2023,52,56,2023-05-02,H,,2023-05-02,4253000,1,Y,MBSSMALL,2023-05-10,رئيس البلدية,محتسب البلدية,2023-05-02,Y,,,,,1.0
165,2023,53,57,2023-05-02,H,,2023-05-02,3858000,1,Y,MBSSMALL,2023-05-10,رئيس البلدية,محتسب البلدية,2023-05-02,Y,,,,,1.0
165,2023,54,58,2023-05-02,H,,2023-05-02,3869000,1,Y,MBSSMALL,2023-05-10,رئيس البلدية,محتسب البلدية,2023-05-02,Y,,,,,1.0
165,2023,55,59,2023-05-02,H,,2023-05-02,3811000,1,Y,MBSSMALL,2023-05-10,رئيس البلدية,محتسب البلدية,2023-05-02,Y,,,,,1.0
165,2023,56,60,2023-05-10,H,,2023-05-10,45180000,1,Y,MBSSMALL,2023-05-24,رئيس البلدية,محتسب البلدية,2023-05-10,Y,,,,,1.0
165,2023,57,61,2023-05-10,H,,2023-05-10,10525000,1,Y,MBSSMALL,2023-05-24,رئيس البلدية,محتسب البلدية,2023-05-10,Y,,,,,1.0
165,2023,58,62,2023-05-10,H,,2023-05-10,14000000,1,Y,MBSSMALL,2023-05-26,رئيس البلدية,محتسب البلدية,2023-05-10,Y,,,,,1.0
165,2023,59,63,2023-05-10,H,,2023-05-10,37753000,1,Y,MBSSMALL,2023-05-26,رئيس البلدية,محتسب البلدية,2023-05-10,Y,,,,,1.0
165,2023,60,64,2023-05-10,H,,2023-05-10,27000000,1,Y,MBSSMALL,2023-05-26,رئيس البلدية,محتسب البلدية,2023-05-10,Y,,,,,1.0
165,2023,61,65,2023-05-10,H,,2023-05-10,45621000,1,Y,MBSSMALL,2023-05-26,رئيس البلدية,محتسب البلدية,2023-05-10,Y,,,,,1.0
165,2023,62,66,2023-05-22,H,,2023-05-22,5270000,1,Y,MBSSMALL,2023-05-31,رئيس البلدية,محتسب البلدية,2023-05-22,Y,,,,,1.0
165,2023,63,67,2023-05-22,H,,2023-05-22,10647000,1,Y,MBSSMALL,2023-06-06,رئيس البلدية,محتسب البلدية,2023-05-22,Y,,,,,1.0
165,2023,64,68,2023-05-22,H,,2023-05-22,5960000,1,Y,MBSSMALL,2023-06-06,رئيس البلدية,محتسب البلدية,2023-05-22,Y,,,,,1.0
165,2023,65,69,2023-05-31,H,,2023-05-31,10446000,1,Y,MBSSMALL,2023-06-08,رئيس البلدية,محتسب البلدية,2023-05-31,Y,,,,,1.0
165,2023,66,70,2023-05-31,H,,2023-05-31,2049000,1,Y,MBSSMALL,2023-07-04,رئيس البلدية,محتسب البلدية,2023-05-31,Y,,,,,1.0
165,2023,67,71,2023-05-31,H,,2023-05-31,1851000,1,Y,MBSSMALL,2023-07-04,رئيس البلدية,محتسب البلدية,2023-05-31,Y,,,,,1.0
165,2023,68,72,2023-05-31,H,,2023-05-31,1987000,1,Y,MBSSMALL,2023-07-04,رئيس البلدية,محتسب البلدية,2023-05-31,Y,,,,,1.0
165,2023,69,73,2023-05-31,H,,2023-05-31,1828000,1,Y,MBSSMALL,2023-07-04,رئيس البلدية,محتسب البلدية,2023-05-31,Y,,,,,1.0
165,2023,70,74,2023-05-31,H,,2023-05-31,7980000,1,Y,MBSSMALL,2023-07-04,رئيس البلدية,محتسب البلدية,2023-05-31,Y,,,,,1.0
165,2023,71,75,2023-05-31,H,,2023-05-31,12514000,1,Y,MBSSMALL,2023-07-04,رئيس البلدية,محتسب البلدية,2023-05-31,Y,,,,,1.0
165,2023,72,76,2023-05-31,H,,2023-05-31,11368000,1,Y,MBSSMALL,2023-07-04,رئيس البلدية,محتسب البلدية,2023-05-31,Y,,,,,1.0
165,2023,73,77,2023-05-31,H,,2023-05-31,3869000,1,Y,MBSSMALL,2023-07-04,رئيس البلدية,محتسب البلدية,2023-05-31,Y,,,,,1.0
165,2023,74,78,2023-05-31,H,,2023-05-31,3811000,1,Y,MBSSMALL,2023-07-04,رئيس البلدية,محتسب البلدية,2023-05-31,Y,,,,,1.0
165,2023,75,79,2023-06-03,H,,2023-06-03,2049000,1,Y,MBSSMALL,2023-07-04,رئيس البلدية,محتسب البلدية,2023-06-03,Y,,,,,1.0
165,2023,76,80,2023-06-03,H,,2023-06-03,1851000,1,Y,MBSSMALL,2023-07-04,رئيس البلدية,محتسب البلدية,2023-06-03,Y,,,,,1.0
165,2007,117,118,2007-04-30,H,,2007-06-18,90000,1,Y,MBSMONA,2007-10-22,رئيس البلدية,امين الصندوق,2007-06-18,Y,,,,,
165,2007,118,119,2007-04-30,H,,2007-06-18,300000,1,Y,MBSMONA,2007-10-22,رئيس البلدية,امين الصندوق,2007-06-18,Y,,,,,
165,2007,119,120,2007-04-30,H,,2007-06-18,820000,1,Y,MBSMONA,2007-10-22,رئيس البلدية,امين الصندوق,2007-06-18,Y,,,,,
165,2007,120,121,2007-05-15,H,,2007-06-18,195000,1,Y,MBSMONA,2007-10-24,رئيس البلدية,امين الصندوق,2007-06-18,Y,,,,,
165,2007,121,122,2007-05-15,H,,2007-06-18,48000,1,Y,MBSMONA,2007-10-24,رئيس البلدية,امين الصندوق,2007-06-18,Y,,,,,
165,2007,122,123,2007-05-15,H,,2007-06-18,322000,1,Y,MBSMONA,2007-10-24,رئيس البلدية,امين الصندوق,2007-06-18,Y,,,,,
165,2007,123,124,2007-05-15,H,,2007-06-18,1050000,1,Y,MBSMONA,2007-10-24,رئيس البلدية,امين الصندوق,2007-06-18,Y,,,,,
165,2007,124,125,2007-05-15,H,,2007-06-18,75000,1,Y,MBSMONA,2007-10-24,رئيس البلدية,امين الصندوق,2007-06-18,Y,,,,,
165,2007,125,126,2007-05-15,H,,2007-06-18,223000,1,Y,MBSMONA,2007-10-24,رئيس البلدية,امين الصندوق,2007-06-18,Y,,,,,
165,2007,126,127,2007-05-15,H,,2007-06-18,167000,1,Y,MBSMONA,2007-10-24,رئيس البلدية,امين الصندوق,2007-06-18,Y,,,,,
165,2007,127,128,2007-05-15,H,,2007-06-18,72000,1,Y,MBSMONA,2007-10-24,رئيس البلدية,امين الصندوق,2007-06-18,Y,,,,,
165,2007,128,129,2007-06-30,H,,2007-06-30,1658000,1,Y,MBSMONA,2007-10-24,رئيس البلدية,امين الصندوق,2007-06-30,Y,,,,,
165,2007,129,130,2007-06-30,H,,2007-06-30,456000,1,Y,MBSMONA,2007-10-24,رئيس البلدية,امين الصندوق,2007-06-30,Y,,,,,
165,2007,130,131,2007-06-30,H,,2007-06-30,1500000,1,Y,MBSMONA,2007-10-25,رئيس البلدية,امين الصندوق,2007-06-30,Y,,,,,
165,2007,131,132,2007-07-03,H,,2007-07-07,1500000,1,Y,MBSMONA,2007-10-25,رئيس البلدية,امين الصندوق,2007-07-07,Y,,,,,
165,2024,109,113,2024-07-12,H,,2024-07-12,33340000,1,Y,MBSSMALL,2024-07-23,رئيس البلدية,محتسب البلدية,2024-07-12,Y,,,,,1.0
165,2024,110,114,2024-07-12,H,,2024-07-12,19800000,1,Y,MBSSMALL,2024-07-23,رئيس البلدية,محتسب البلدية,2024-07-12,Y,,,,,1.0
165,2024,111,115,2024-07-12,H,,2024-07-12,35750000,1,Y,MBSSMALL,2024-07-23,رئيس البلدية,محتسب البلدية,2024-07-12,Y,,,,,1.0
165,2024,115,119,2024-07-12,H,,2024-07-12,45790000,1,Y,MBSSMALL,2024-07-24,رئيس البلدية,محتسب البلدية,2024-07-12,Y,,,,,1.0
165,2010,62,62,2010-07-13,H,,2010-07-13,2414000,1,Y,BUDGET,2010-07-13,رئيس البلدية,محتسب البلدية,2010-07-13,Y,,,,,
165,2010,63,63,2010-07-13,H,,2010-07-13,624000,1,Y,BUDGET,2010-07-13,رئيس البلدية,محتسب البلدية,2010-07-13,Y,,,,,
165,2010,64,64,2010-07-13,H,,2010-07-13,300000,1,Y,BUDGET,2010-07-13,رئيس البلدية,محتسب البلدية,2010-07-13,Y,,,,,
165,2010,65,65,2010-07-13,H,,2010-07-13,1000000,1,Y,BUDGET,2010-07-13,رئيس البلدية,محتسب البلدية,2010-07-13,Y,,,,,
165,2010,66,66,2010-07-14,H,,2010-07-14,71000,1,Y,BUDGET,2010-07-14,رئيس البلدية,محتسب البلدية,2010-07-14,Y,,,,,
165,2010,67,67,2010-07-14,H,,2010-07-14,646000,1,Y,BUDGET,2010-07-14,رئيس البلدية,محتسب البلدية,2010-07-14,Y,,,,,
165,2010,68,68,2010-07-21,H,,2010-07-21,1900000,1,Y,BUDGET,2010-07-21,رئيس البلدية,محتسب البلدية,2010-07-21,Y,,,,,
165,2010,69,69,2010-07-21,H,,2010-07-21,1664000,1,Y,BUDGET,2010-07-21,رئيس البلدية,محتسب البلدية,2010-07-21,Y,,,,,
165,2010,70,70,2010-07-21,H,,2010-07-21,624000,1,Y,BUDGET,2010-07-21,رئيس البلدية,محتسب البلدية,2010-07-21,Y,,,,,
165,2010,71,71,2010-08-05,H,,2010-08-05,2414000,1,Y,BUDGET,2010-08-05,رئيس البلدية,محتسب البلدية,2010-08-05,Y,,,,,
165,2010,72,72,2010-08-05,H,,2010-08-05,624000,1,Y,BUDGET,2010-08-05,رئيس البلدية,محتسب البلدية,2010-08-05,Y,,,,,
165,2010,73,73,2010-08-05,H,,2010-08-05,300000,1,Y,BUDGET,2010-08-05,رئيس البلدية,محتسب البلدية,2010-08-05,Y,,,,,
165,2010,74,74,2010-08-09,H,,2010-08-09,2657000,1,Y,BUDGET,2010-08-09,رئيس البلدية,محتسب البلدية,2010-08-09,Y,,,,,
165,2010,75,75,2010-08-16,H,,2010-08-16,3546000,1,Y,BUDGET,2010-08-16,رئيس البلدية,محتسب البلدية,2010-08-16,Y,,,,,
165,2010,76,76,2010-08-16,H,,2010-08-16,8258000,1,Y,BUDGET,2010-08-16,رئيس البلدية,محتسب البلدية,2010-08-16,Y,,,,,
165,2010,77,77,2010-08-16,H,,2010-08-16,14922000,1,Y,BUDGET,2010-08-16,رئيس البلدية,محتسب البلدية,2010-08-16,Y,,,,,
165,2010,78,78,2010-08-16,H,,2010-08-16,1342000,1,Y,BUDGET,2010-08-16,رئيس البلدية,محتسب البلدية,2010-08-16,Y,,,,,
165,2010,79,79,2010-08-16,H,,2010-08-16,5313000,1,Y,BUDGET,2010-08-16,رئيس البلدية,محتسب البلدية,2010-08-16,Y,,,,,
165,2010,80,80,2010-08-17,H,,2010-08-17,6666000,1,Y,BUDGET,2010-08-17,رئيس البلدية,محتسب البلدية,2010-08-17,Y,,,,,
165,2011,109,109,2011-12-01,H,,2011-12-01,2504000,1,Y,BUDGET,2011-12-01,رئيس البلدية,محتسب البلدية,2011-12-01,Y,,,,,
165,2011,110,110,2011-12-01,H,,2011-12-01,608000,1,Y,BUDGET,2011-12-01,رئيس البلدية,محتسب البلدية,2011-12-01,Y,,,,,
165,2011,111,111,2011-12-01,H,,2011-12-01,300000,1,Y,BUDGET,2011-12-01,رئيس البلدية,محتسب البلدية,2011-12-01,Y,,,,,
165,2011,112,112,2011-12-12,H,,2011-12-12,2444000,1,Y,BUDGET,2011-12-12,رئيس البلدية,محتسب البلدية,2011-12-12,Y,,,,,
165,2011,113,113,2011-12-12,H,,2011-12-12,17346000,1,Y,BUDGET,2011-12-12,رئيس البلدية,محتسب البلدية,2011-12-12,Y,,,,,
165,2011,114,114,2011-12-12,H,,2011-12-12,3037000,1,Y,BUDGET,2011-12-12,رئيس البلدية,محتسب البلدية,2011-12-12,Y,,,,,
165,2011,115,115,2011-12-22,H,,2011-12-22,750000,1,Y,BUDGET,2011-12-22,رئيس البلدية,محتسب البلدية,2011-12-22,Y,,,,,
165,2011,116,116,2011-12-22,H,,2011-12-22,1000000,1,Y,BUDGET,2011-12-22,رئيس البلدية,محتسب البلدية,2011-12-22,Y,,,,,
165,2011,117,117,2011-12-22,H,,2011-12-22,448000,1,Y,BUDGET,2011-12-22,رئيس البلدية,محتسب البلدية,2011-12-22,Y,,,,,
165,2011,118,118,2011-12-23,H,,2011-12-23,600000,1,Y,BUDGET,2011-12-23,رئيس البلدية,محتسب البلدية,2011-12-23,Y,,,,,
165,2016,194,196,2016-12-17,H,,2016-12-17,13729000,1,Y,MBSSMALL,2016-12-20,رئيس البلدية,محتسب البلدية,2016-12-17,Y,,,,,
165,2016,195,197,2016-12-17,H,,2016-12-17,7905000,1,Y,MBSSMALL,2016-12-20,رئيس البلدية,محتسب البلدية,2016-12-17,Y,,,,,
165,2016,196,198,2016-12-17,H,,2016-12-17,5405000,1,Y,MBSSMALL,2016-12-20,رئيس البلدية,محتسب البلدية,2016-12-17,Y,,,,,
165,2016,197,199,2016-12-17,H,,2016-12-17,9505000,1,Y,MBSSMALL,2016-12-20,رئيس البلدية,محتسب البلدية,2016-12-17,Y,,,,,
165,2016,198,200,2016-12-17,H,,2016-12-17,1668000,1,Y,MBSSMALL,2016-12-20,رئيس البلدية,محتسب البلدية,2016-12-17,Y,,,,,
165,2016,199,201,2016-12-17,H,,2016-12-17,2361000,1,Y,MBSSMALL,2016-12-21,رئيس البلدية,محتسب البلدية,2016-12-17,Y,,,,,
165,2016,200,202,2016-12-21,H,,2016-12-21,2901000,1,Y,MBSSMALL,2016-12-22,رئيس البلدية,محتسب البلدية,2016-12-21,Y,,,,,
165,2016,201,203,2016-12-21,H,,2016-12-21,1190000,1,Y,MBSSMALL,2016-12-23,رئيس البلدية,محتسب البلدية,2016-12-21,Y,,,,,
165,2016,202,204,2016-12-21,H,,2016-12-21,1220000,1,Y,MBSSMALL,2016-12-28,رئيس البلدية,محتسب البلدية,2016-12-21,Y,,,,,
165,2016,203,205,2016-12-21,H,,2016-12-21,1000000,1,Y,MBSSMALL,2016-12-28,رئيس البلدية,محتسب البلدية,2016-12-21,Y,,,,,
165,2016,204,206,2016-12-21,H,,2016-12-21,900000,1,Y,MBSSMALL,2016-12-28,رئيس البلدية,محتسب البلدية,2016-12-21,Y,,,,,
165,2016,205,207,2016-12-21,H,,2016-12-21,600000,1,Y,MBSSMALL,2016-12-28,رئيس البلدية,محتسب البلدية,2016-12-21,Y,,,,,
165,2016,206,208,2016-12-22,H,,2016-12-22,1079000,1,Y,MBSSMALL,2016-12-28,رئيس البلدية,محتسب البلدية,2016-12-22,Y,,,,,
165,2016,207,209,2016-12-22,H,,2016-12-22,1700000,1,Y,MBSSMALL,2016-12-28,رئيس البلدية,محتسب البلدية,2016-12-22,Y,,,,,
165,2016,208,210,2016-12-22,H,,2016-12-22,741000,1,Y,MBSSMALL,2016-12-28,رئيس البلدية,محتسب البلدية,2016-12-22,Y,,,,,
165,2016,209,211,2016-12-22,H,,2016-12-22,1542000,1,Y,MBSSMALL,2016-12-28,رئيس البلدية,محتسب البلدية,2016-12-22,Y,,,,,
165,2016,210,212,2016-12-23,H,,2016-12-23,3000000,1,Y,MBSSMALL,2016-12-29,رئيس البلدية,محتسب البلدية,2016-12-23,Y,,,,,
165,2016,211,213,2016-12-23,H,,2016-12-23,2100000,1,Y,MBSSMALL,2016-12-29,رئيس البلدية,محتسب البلدية,2016-12-23,Y,,,,,
165,2016,212,214,2016-12-26,H,,2016-12-26,709000,1,Y,MBSSMALL,2016-12-29,رئيس البلدية,محتسب البلدية,2016-12-26,Y,,,,,
165,2016,213,215,2016-12-29,H,,2016-12-29,765000,1,Y,MBSSMALL,2016-12-29,رئيس البلدية,محتسب البلدية,2016-12-29,Y,,,,,
165,2016,214,216,2016-12-29,H,,2016-12-29,1106000,1,Y,MBSSMALL,2016-12-29,رئيس البلدية,محتسب البلدية,2016-12-29,Y,,,,,
165,2016,215,217,2016-12-29,H,,2016-12-29,1685000,1,Y,MBSSMALL,2016-12-29,رئيس البلدية,محتسب البلدية,2016-12-29,Y,,,,,
165,2016,216,219,2016-12-31,H,,2016-12-31,919000,1,Y,MBSSMALL,2017-01-03,رئيس البلدية,محتسب البلدية,2016-12-31,Y,,,,,
165,2016,217,218,2016-12-31,H,,2016-12-31,1006000,1,Y,MBSSMALL,2017-01-03,رئيس البلدية,محتسب البلدية,2016-12-31,Y,,,,,
165,2016,218,223,2016-12-31,H,,2016-12-31,1575000,1,Y,MBSSMALL,2017-01-03,رئيس البلدية,محتسب البلدية,2016-12-31,Y,,,,,
165,2021,131,136,2021-11-30,H,,2021-11-30,700000,1,Y,MBSSMALL,2021-12-08,رئيس البلدية,محتسب البلدية,2021-11-30,Y,,,,,
165,2021,132,137,2021-11-30,H,,2021-11-30,500000,1,Y,MBSSMALL,2021-12-08,رئيس البلدية,محتسب البلدية,2021-11-30,Y,,,,,
165,2021,133,138,2021-11-30,H,,2021-11-30,11130000,1,Y,MBSSMALL,2021-12-08,رئيس البلدية,محتسب البلدية,2021-11-30,Y,,,,,
165,2020,67,70,2020-09-18,H,,2020-09-18,9727000,1,Y,MBSSMALL,2020-09-29,رئيس البلدية,محتسب البلدية,2020-09-18,Y,,,,,
165,2020,68,71,2020-09-18,H,,2020-09-18,4250000,1,Y,MBSSMALL,2020-09-29,رئيس البلدية,محتسب البلدية,2020-09-18,Y,,,,,
165,2020,69,72,2020-09-18,H,,2020-09-18,8180000,1,Y,MBSSMALL,2020-09-29,رئيس البلدية,محتسب البلدية,2020-09-18,Y,,,,,
165,2020,70,75,2020-09-18,H,,2020-09-18,600000,1,Y,MBSSMALL,2020-09-30,رئيس البلدية,محتسب البلدية,2020-09-18,Y,,,,,
165,2020,71,74,2020-09-18,H,,2020-09-18,1923000,1,Y,MBSSMALL,2020-09-30,رئيس البلدية,محتسب البلدية,2020-09-18,Y,,,,,
165,2020,72,76,2020-09-18,H,,2020-09-18,691000,1,Y,MBSSMALL,2020-09-30,رئيس البلدية,محتسب البلدية,2020-09-18,Y,,,,,
165,2020,73,77,2020-09-18,H,,2020-09-18,1841000,1,Y,MBSSMALL,2020-09-30,رئيس البلدية,محتسب البلدية,2020-09-18,Y,,,,,
165,2020,74,78,2020-09-18,H,,2020-09-18,2857000,1,Y,MBSSMALL,2020-09-30,رئيس البلدية,محتسب البلدية,2020-09-18,Y,,,,,
165,2020,75,79,2020-09-18,H,,2020-09-18,2025000,1,Y,MBSSMALL,2020-09-30,رئيس البلدية,محتسب البلدية,2020-09-18,Y,,,,,
165,2020,76,80,2020-09-25,H,,2020-09-25,2509000,1,Y,MBSSMALL,2020-10-01,رئيس البلدية,محتسب البلدية,2020-09-25,Y,,,,,
165,2020,77,81,2020-09-25,H,,2020-09-25,2338000,1,Y,MBSSMALL,2020-10-01,رئيس البلدية,محتسب البلدية,2020-09-25,Y,,,,,
165,2020,78,83,2020-09-25,H,,2020-09-25,610000,1,Y,MBSSMALL,2020-10-14,رئيس البلدية,محتسب البلدية,2020-09-25,Y,,,,,
165,2020,79,82,2020-09-25,H,,2020-09-25,1741000,1,Y,MBSSMALL,2020-10-14,رئيس البلدية,محتسب البلدية,2020-09-25,Y,,,,,
165,2020,80,84,2020-09-30,H,,2020-09-30,1266000,1,Y,MBSSMALL,2020-10-14,رئيس البلدية,محتسب البلدية,2020-09-30,Y,,,,,
165,2020,81,85,2020-09-30,H,,2020-09-30,899000,1,Y,MBSSMALL,2020-10-14,رئيس البلدية,محتسب البلدية,2020-09-30,Y,,,,,
165,2020,82,87,2020-09-30,H,,2020-09-30,385000,1,Y,MBSSMALL,2020-10-14,رئيس البلدية,محتسب البلدية,2020-09-30,Y,,,,,
165,2020,83,86,2020-09-30,H,,2020-09-30,1351000,1,Y,MBSSMALL,2020-10-14,رئيس البلدية,محتسب البلدية,2020-09-30,Y,,,,,
165,2020,84,88,2020-09-30,H,,2020-09-30,1865000,1,Y,MBSSMALL,2020-10-14,رئيس البلدية,محتسب البلدية,2020-09-30,Y,,,,,
165,2020,85,89,2020-09-30,H,,2020-09-30,1744000,1,Y,MBSSMALL,2020-10-14,رئيس البلدية,محتسب البلدية,2020-09-30,Y,,,,,
165,2020,86,92,2020-09-30,H,,2020-09-30,1906000,1,Y,MBSSMALL,2020-10-14,رئيس البلدية,محتسب البلدية,2020-09-30,Y,,,,,
165,2020,87,93,2020-09-30,H,,2020-09-30,1734000,1,Y,MBSSMALL,2020-10-14,رئيس البلدية,محتسب البلدية,2020-09-30,Y,,,,,
165,2020,88,94,2020-09-30,H,,2020-09-30,704000,1,Y,MBSSMALL,2020-10-15,رئيس البلدية,محتسب البلدية,2020-09-30,Y,,,,,
165,2020,89,95,2020-09-30,H,,2020-09-30,10653000,1,Y,MBSSMALL,2020-11-03,رئيس البلدية,محتسب البلدية,2020-09-30,Y,,,,,
165,2020,90,96,2020-09-30,H,,2020-09-30,3480000,1,Y,MBSSMALL,2020-11-03,رئيس البلدية,محتسب البلدية,2020-09-30,Y,,,,,
165,2020,91,97,2020-09-30,H,,2020-09-30,4016000,1,Y,MBSSMALL,2020-11-03,رئيس البلدية,محتسب البلدية,2020-09-30,Y,,,,,
165,2020,92,98,2020-09-30,H,,2020-09-30,600000,1,Y,MBSSMALL,2020-11-03,رئيس البلدية,محتسب البلدية,2020-09-30,Y,,,,,
165,2020,93,99,2020-09-30,H,,2020-09-30,6500000,1,Y,MBSSMALL,2020-11-03,رئيس البلدية,محتسب البلدية,2020-09-30,Y,,,,,
165,2020,94,100,2020-09-30,H,,2020-09-30,7302000,1,Y,MBSSMALL,2020-11-05,رئيس البلدية,محتسب البلدية,2020-09-30,Y,,,,,
165,2020,95,101,2020-11-02,H,,2020-11-02,1865000,1,Y,MBSSMALL,2020-11-05,رئيس البلدية,محتسب البلدية,2020-11-02,Y,,,,,
165,2020,96,102,2020-11-02,H,,2020-11-02,1744000,1,Y,MBSSMALL,2020-11-05,رئيس البلدية,محتسب البلدية,2020-11-02,Y,,,,,
165,2004,1,1,2004-02-04,H,,2004-02-04,1535000,1,Y,MBSMONA,2004-05-14,رئيس البلدية,امين الصندوق,2004-02-04,Y,,,,,
165,2004,2,2,2004-02-04,,,2004-02-04,396000,,N,MBSMONA,2004-05-14,رئيس البلدية,امين الصندوق,,N,خطأ  في التنسيب,2004-09-24,,,
165,2004,3,3,2004-02-07,H,,2004-02-07,2751000,1,Y,MBSMONA,2004-05-14,رئيس البلدية,امين الصندوق,2004-02-07,Y,,,,,
165,2004,4,4,2004-03-22,H,,2004-03-22,331000,1,Y,MBSMONA,2004-05-14,رئيس البلدية,امين الصندوق,2004-03-22,Y,,,,,
165,2004,5,5,2004-03-22,H,,2004-03-22,390000,1,Y,MBSMONA,2004-05-14,رئيس البلدية,امين الصندوق,2004-03-22,Y,,,,,
165,2004,6,6,2004-03-22,H,,2004-03-22,40000,1,Y,MBSMONA,2004-05-14,رئيس البلدية,امين الصندوق,2004-03-22,Y,,,,,
165,2004,7,10,2004-03-01,H,,2004-03-22,403000,1,Y,MBSMONA,2004-05-14,رئيس البلدية,امين الصندوق,2004-03-22,Y,,,,,
165,2004,8,9,2004-03-01,H,,2004-03-22,569000,1,Y,MBSMONA,2004-05-14,رئيس البلدية,امين الصندوق,2004-03-22,Y,,,,,
165,2004,9,11,2004-03-05,H,,2004-03-22,532000,1,Y,MBSMONA,2004-05-15,رئيس البلدية,امين الصندوق,2004-03-22,Y,,,,,
165,2004,10,12,2004-03-05,H,,2004-03-22,294000,1,Y,MBSMONA,2004-05-15,رئيس البلدية,امين الصندوق,2004-03-22,Y,,,,,
165,2004,11,13,2004-03-05,H,,2004-03-22,56000,1,Y,MBSMONA,2004-05-15,رئيس البلدية,امين الصندوق,2004-03-22,Y,,,,,
165,2004,12,14,2004-03-05,H,,2004-03-22,100000,1,Y,MBSMONA,2004-05-15,رئيس البلدية,امين الصندوق,2004-03-22,Y,,,,,
165,2004,13,15,2004-04-06,H,,2004-04-06,20000,1,Y,MBSMONA,2004-06-21,رئيس البلدية,امين الصندوق,2004-04-06,Y,,,,,
165,2004,14,16,2004-04-06,H,,2004-04-06,45000,1,Y,MBSMONA,2004-06-21,رئيس البلدية,امين الصندوق,2004-04-06,Y,,,,,
165,2004,15,17,2004-04-06,H,,2004-04-06,45000,1,Y,MBSMONA,2004-06-21,رئيس البلدية,امين الصندوق,2004-04-06,Y,,,,,
165,2004,16,18,2004-04-06,H,,2004-04-06,30000,1,Y,MBSMONA,2004-06-21,رئيس البلدية,امين الصندوق,2004-04-06,Y,,,,,
165,2004,17,19,2004-04-06,H,,2004-04-06,375000,1,Y,MBSMONA,2004-06-21,رئيس البلدية,امين الصندوق,2004-04-06,Y,,,,,
165,2004,18,20,2004-04-06,H,,2004-04-06,66000,1,Y,MBSMONA,2004-06-21,رئيس البلدية,امين الصندوق,2004-04-06,Y,,,,,
165,2004,19,21,2004-04-06,H,,2004-04-06,202000,1,Y,MBSMONA,2004-06-21,رئيس البلدية,امين الصندوق,2004-04-06,Y,,,,,
165,2004,20,22,2004-04-06,H,,2004-04-06,50000,1,Y,MBSMONA,2004-06-21,رئيس البلدية,امين الصندوق,2004-04-06,Y,,,,,
165,2004,21,23,2004-04-06,H,,2004-04-06,250000,1,Y,MBSMONA,2004-06-21,رئيس البلدية,امين الصندوق,2004-04-06,Y,,,,,
165,2004,22,24,2004-02-02,H,,2004-03-22,541000,1,Y,MBSMONA,2004-06-22,رئيس البلدية,امين الصندوق,2004-03-22,Y,,,,,
165,2004,23,25,2004-02-06,H,,2004-02-06,315000,1,Y,MBSMONA,2004-06-22,المجلس البلدي,امين الصندوق,2004-02-07,Y,,,,,
165,2004,24,26,2004-02-06,H,,2004-02-06,156000,1,Y,MBSMONA,2004-06-22,المجلس البلدي,امين الصندوق,2004-02-07,Y,,,,,
165,2004,25,27,2004-02-06,H,,2004-02-06,400000,1,Y,MBSMONA,2004-06-22,المجلس البلدي,امين الصندوق,2004-02-07,Y,,,,,
165,2004,26,28,2004-02-06,H,,2004-02-06,53000,1,Y,MBSMONA,2004-06-22,المجلس البلدي,امين الصندوق,2004-02-07,Y,,,,,
165,2005,184,184,2005-12-30,H,,2005-12-30,6000,1,Y,MBSMONA,2006-01-26,رئيس البلدية,امين الصندوق,2005-12-30,Y,,,,,
165,2005,185,185,2005-12-30,H,,2005-12-30,60000,1,Y,MBSMONA,2006-01-26,رئيس البلدية,امين الصندوق,2005-12-30,Y,,,,,
165,2005,186,186,2005-12-30,H,,2005-12-30,43000,1,Y,MBSMONA,2006-01-26,رئيس البلدية,امين الصندوق,2005-12-30,Y,,,,,
165,2005,187,187,2005-12-30,H,,2005-12-30,66000,1,Y,MBSMONA,2006-01-26,رئيس البلدية,امين الصندوق,2005-12-30,Y,,,,,
165,2005,188,188,2005-12-30,H,,2005-12-30,225000,1,Y,MBSMONA,2006-01-26,رئيس البلدية,امين الصندوق,2005-12-30,Y,,,,,
165,2005,189,189,2005-12-30,H,,2005-12-30,5000,1,Y,MBSMONA,2006-01-26,رئيس البلدية,امين الصندوق,2005-12-30,Y,,,,,
165,2005,190,190,2005-12-30,H,,2005-12-30,84000,1,Y,MBSMONA,2006-01-26,رئيس البلدية,امين الصندوق,2005-12-30,Y,,,,,
165,2005,191,191,2005-12-30,H,,2005-12-30,375000,1,Y,MBSMONA,2006-01-26,رئيس البلدية,امين الصندوق,2005-12-30,Y,,,,,
165,2005,192,192,2005-12-30,H,,2005-12-30,265000,1,Y,MBSMONA,2006-01-26,رئيس البلدية,امين الصندوق,2005-12-30,Y,,,,,
165,2005,193,193,2005-12-30,H,,2005-12-30,162000,1,Y,MBSMONA,2006-01-26,رئيس البلدية,امين الصندوق,2005-12-30,Y,,,,,
165,2005,194,194,2005-12-30,H,,2005-12-30,31000,1,Y,MBSMONA,2006-01-26,رئيس البلدية,امين الصندوق,2005-12-30,Y,,,,,
165,2005,195,195,2005-12-30,H,,2005-12-30,145000,1,Y,MBSMONA,2006-01-26,رئيس البلدية,امين الصندوق,2005-12-30,Y,,,,,
165,2005,196,196,2005-12-30,H,,2005-12-30,295000,1,Y,MBSMONA,2006-01-26,رئيس البلدية,امين الصندوق,2005-12-30,Y,,,,,
165,2005,197,197,2005-12-30,H,,2005-12-30,215000,1,Y,MBSMONA,2006-01-26,رئيس البلدية,امين الصندوق,2005-12-30,Y,,,,,
165,2005,198,198,2005-12-30,H,,2005-12-30,171000,1,Y,MBSMONA,2006-01-26,رئيس البلدية,امين الصندوق,2005-12-30,Y,,,,,
165,2005,199,199,2005-12-30,H,,2005-12-30,40000,1,Y,MBSMONA,2006-01-26,رئيس البلدية,امين الصندوق,2005-12-30,Y,,,,,
165,2005,200,200,2005-12-30,H,,2005-12-30,188000,1,Y,MBSMONA,2006-01-26,رئيس البلدية,امين الصندوق,2005-12-30,Y,,,,,
165,2005,201,201,2005-12-30,H,,2005-12-30,30000,1,Y,MBSMONA,2006-01-26,رئيس البلدية,امين الصندوق,2005-12-30,Y,,,,,
165,2005,202,202,2005-12-30,H,,2005-12-30,300000,1,Y,MBSMONA,2006-01-26,رئيس البلدية,امين الصندوق,2005-12-30,Y,,,,,
165,2005,203,203,2005-12-31,H,,2005-12-31,1370000,1,Y,MBSMONA,2006-01-26,رئيس البلدية,امين الصندوق,2005-12-31,Y,,,,,
165,2005,204,204,2005-12-31,H,,2005-12-31,450000,1,Y,MBSMONA,2006-01-27,رئيس البلدية,امين الصندوق,2005-12-31,Y,,,,,
165,2005,205,205,2005-12-29,H,,2005-12-29,3228000,1,Y,MBSMONA,2006-01-27,المجلس البلدي,امين الصندوق,2005-12-29,Y,,,,,
165,2005,206,206,2005-12-29,H,,2005-12-29,1380000,1,Y,MBSMONA,2006-01-30,المجلس البلدي,امين الصندوق,2005-12-29,Y,,,,,
165,2005,207,207,2005-12-29,H,,2005-12-29,3028000,1,Y,MBSMONA,2006-01-30,المجلس البلدي,امين الصندوق,2005-12-29,Y,,,,,
165,2005,208,208,2005-12-29,H,,2005-12-29,675000,1,Y,MBSMONA,2006-01-30,المجلس البلدي,امين الصندوق,2005-12-29,Y,,,,,
165,2005,209,209,2005-12-29,H,,2005-12-29,1162000,1,Y,MBSMONA,2006-01-30,المجلس البلدي,امين الصندوق,2005-12-29,Y,,,,,
165,2005,210,210,2005-12-29,H,,2005-12-29,146000,1,Y,MBSMONA,2006-01-30,المجلس البلدي,امين الصندوق,2005-12-29,Y,,,,,
165,2005,211,211,2005-12-28,H,,2005-12-29,3128000,1,Y,MBSMONA,2006-01-30,المجلس البلدي,امين الصندوق,2005-12-29,Y,,,,,
165,2019,33,33,2019-04-30,H,,2019-04-30,1883000,1,Y,MBSSMALL,2019-05-03,رئيس البلدية,محتسب البلدية,2019-04-30,Y,,,,,
165,2019,34,34,2019-04-30,H,,2019-04-30,1724000,1,Y,MBSSMALL,2019-05-03,رئيس البلدية,محتسب البلدية,2019-04-30,Y,,,,,
165,2019,35,35,2019-04-30,H,,2019-04-30,576000,1,Y,MBSSMALL,2019-05-03,رئيس البلدية,محتسب البلدية,2019-04-30,Y,,,,,
165,2019,36,36,2019-04-30,H,,2019-04-30,385000,1,Y,MBSSMALL,2019-05-03,رئيس البلدية,محتسب البلدية,2019-04-30,Y,,,,,
165,2019,37,37,2019-04-30,H,,2019-04-30,315000,1,Y,MBSSMALL,2019-05-03,رئيس البلدية,محتسب البلدية,2019-04-30,Y,,,,,
165,2019,38,38,2019-05-20,H,,2019-05-20,15895000,1,Y,MBSSMALL,2019-06-13,رئيس البلدية,محتسب البلدية,2019-05-20,Y,,,,,
165,2019,39,39,2019-05-20,H,,2019-05-20,15250000,1,Y,MBSSMALL,2019-06-13,رئيس البلدية,محتسب البلدية,2019-05-20,Y,,,,,
165,2019,40,40,2019-05-20,H,,2019-05-20,5884000,1,Y,MBSSMALL,2019-06-13,رئيس البلدية,محتسب البلدية,2019-05-20,Y,,,,,
165,2019,41,41,2019-05-20,H,,2019-05-20,16981000,1,Y,MBSSMALL,2019-06-13,رئيس البلدية,محتسب البلدية,2019-05-20,Y,,,,,
165,2019,42,42,2019-05-20,H,,2019-05-20,1007000,1,Y,MBSSMALL,2019-06-13,رئيس البلدية,محتسب البلدية,2019-05-20,Y,,,,,
165,2019,43,43,2019-05-20,H,,2019-05-20,11000000,1,Y,MBSSMALL,2019-06-13,رئيس البلدية,محتسب البلدية,2019-05-20,Y,,,,,
165,2019,44,44,2019-05-20,H,,2019-05-20,6451000,1,Y,MBSSMALL,2019-06-13,رئيس البلدية,محتسب البلدية,2019-05-20,Y,,,,,
165,2019,45,45,2019-06-03,H,,2019-06-03,15555000,1,Y,MBSSMALL,2019-06-14,رئيس البلدية,محتسب البلدية,2019-06-03,Y,,,,,
165,2019,46,46,2019-06-03,H,,2019-06-03,5044000,1,Y,MBSSMALL,2019-06-14,رئيس البلدية,محتسب البلدية,2019-06-03,Y,,,,,
165,2019,47,47,2019-06-03,H,,2019-06-03,2462000,1,Y,MBSSMALL,2019-06-14,رئيس البلدية,محتسب البلدية,2019-06-03,Y,,,,,
165,2019,48,48,2019-06-03,H,,2019-06-03,5500000,1,Y,MBSSMALL,2019-06-14,رئيس البلدية,محتسب البلدية,2019-06-03,Y,,,,,
165,2019,49,49,2019-06-03,H,,2019-06-03,1917000,1,Y,MBSSMALL,2019-06-17,رئيس البلدية,محتسب البلدية,2019-06-03,Y,,,,,
165,2019,50,50,2019-06-03,H,,2019-06-03,1729000,1,Y,MBSSMALL,2019-06-17,رئيس البلدية,محتسب البلدية,2019-06-03,Y,,,,,
165,2019,51,51,2019-06-03,H,,2019-06-03,1883000,1,Y,MBSSMALL,2019-06-17,رئيس البلدية,محتسب البلدية,2019-06-03,Y,,,,,
165,2019,52,52,2019-06-03,H,,2019-06-03,1724000,1,Y,MBSSMALL,2019-06-17,رئيس البلدية,محتسب البلدية,2019-06-03,Y,,,,,
165,2019,53,53,2019-06-03,H,,2019-06-03,592000,1,Y,MBSSMALL,2019-06-17,رئيس البلدية,محتسب البلدية,2019-06-03,Y,,,,,
165,2019,54,54,2019-06-03,H,,2019-06-03,385000,1,Y,MBSSMALL,2019-06-17,رئيس البلدية,محتسب البلدية,2019-06-03,Y,,,,,
165,2019,55,55,2019-07-01,H,,2019-07-01,1917000,1,Y,MBSSMALL,2019-07-04,رئيس البلدية,محتسب البلدية,2019-07-01,Y,,,,,
165,2019,56,56,2019-07-01,H,,2019-07-01,1729000,1,Y,MBSSMALL,2019-07-04,رئيس البلدية,محتسب البلدية,2019-07-01,Y,,,,,
165,2019,57,57,2019-07-01,H,,2019-07-01,1883000,1,Y,MBSSMALL,2019-07-04,رئيس البلدية,محتسب البلدية,2019-07-01,Y,,,,,
165,2019,58,59,2019-07-01,H,,2019-07-01,1724000,1,Y,MBSSMALL,2019-07-04,رئيس البلدية,محتسب البلدية,2019-07-01,Y,,,,,
165,2019,59,60,2019-07-01,H,,2019-07-01,544000,1,Y,MBSSMALL,2019-07-04,رئيس البلدية,محتسب البلدية,2019-07-01,Y,,,,,
165,2019,60,61,2019-07-01,H,,2019-07-01,385000,1,Y,MBSSMALL,2019-07-04,رئيس البلدية,محتسب البلدية,2019-07-01,Y,,,,,
165,2019,61,62,2019-07-01,H,,2019-07-01,338000,1,Y,MBSSMALL,2019-07-04,رئيس البلدية,محتسب البلدية,2019-07-01,Y,,,,,
165,2019,62,63,2019-07-26,H,,2019-07-26,2500000,1,Y,MBSSMALL,2019-07-29,رئيس البلدية,محتسب البلدية,2019-07-26,Y,,,,,
165,2007,217,218,2007-12-06,H,,2007-12-07,87000,1,Y,MBSMONA,2008-01-10,المجلس البلدي,امين الصندوق,2007-12-07,Y,,,,,
165,2007,132,133,2007-07-06,H,,2007-07-07,2012000,1,Y,MBSMONA,2007-11-07,المجلس البلدي,امين الصندوق,2007-07-07,Y,,,,,
165,2007,133,134,2007-07-06,H,,2007-07-07,3467000,1,Y,MBSMONA,2007-11-08,المجلس البلدي,امين الصندوق,2007-07-07,Y,,,,,
165,2007,134,135,2007-07-06,H,,2007-07-07,1225000,1,Y,MBSMONA,2007-11-08,المجلس البلدي,امين الصندوق,2007-07-07,Y,,,,,
165,2007,135,136,2007-07-06,H,,2007-07-07,960000,1,Y,MBSMONA,2007-11-08,المجلس البلدي,امين الصندوق,2007-07-07,Y,,,,,
165,2007,136,137,2007-07-06,H,,2007-07-07,255000,1,Y,MBSMONA,2007-11-08,المجلس البلدي,امين الصندوق,2007-07-07,Y,,,,,
165,2007,137,138,2007-07-06,H,,2007-07-07,150000,1,Y,MBSMONA,2007-11-08,المجلس البلدي,امين الصندوق,2007-07-07,Y,,,,,
165,2007,138,139,2007-07-06,H,,2007-07-07,424000,1,Y,MBSMONA,2007-11-08,المجلس البلدي,امين الصندوق,2007-07-07,Y,,,,,
165,2007,139,140,2007-07-06,H,,2007-07-07,726000,1,Y,MBSMONA,2007-11-08,المجلس البلدي,امين الصندوق,2007-07-07,Y,,,,,
165,2007,140,141,2007-07-06,H,,2007-07-07,200000,1,Y,MBSMONA,2007-11-08,المجلس البلدي,امين الصندوق,2007-07-07,Y,,,,,
165,2007,141,142,2007-07-06,H,,2007-07-07,330000,1,Y,MBSMONA,2007-11-08,المجلس البلدي,امين الصندوق,2007-07-07,Y,,,,,
165,2007,142,143,2007-07-06,H,,2007-07-07,13000,1,Y,MBSMONA,2007-11-08,المجلس البلدي,امين الصندوق,2007-07-07,Y,,,,,
165,2007,143,144,2007-07-07,H,,2007-07-07,1538000,1,Y,MBSMONA,2007-11-08,رئيس البلدية,امين الصندوق,2007-07-07,Y,,,,,
165,2007,144,145,2007-07-31,H,,2007-07-31,1658000,1,Y,MBSMONA,2007-11-08,رئيس البلدية,امين الصندوق,2007-07-31,Y,,,,,
165,2007,145,146,2007-07-31,H,,2007-07-31,468000,1,Y,MBSMONA,2007-11-08,رئيس البلدية,امين الصندوق,2007-07-31,Y,,,,,
165,2007,146,147,2007-07-31,H,,2007-07-31,1500000,1,Y,MBSMONA,2007-11-08,المجلس البلدي,امين الصندوق,2007-07-31,Y,,,,,
165,2007,147,148,2007-08-08,H,,2007-08-09,1976000,1,Y,MBSMONA,2007-11-08,المجلس البلدي,امين الصندوق,2007-08-09,Y,,,,,
165,2007,148,149,2007-08-08,H,,2007-08-09,2110000,1,Y,MBSMONA,2007-11-08,المجلس البلدي,امين الصندوق,2007-08-09,Y,,,,,
165,2007,149,150,2007-08-08,H,,2007-08-09,1123000,1,Y,MBSMONA,2007-11-08,المجلس البلدي,امين الصندوق,2007-08-09,Y,,,,,
165,2007,150,151,2007-08-08,H,,2007-08-09,480000,1,Y,MBSMONA,2007-11-08,المجلس البلدي,امين الصندوق,2007-08-09,Y,,,,,
165,2007,151,152,2007-08-08,H,,2007-08-09,183000,1,Y,MBSMONA,2007-11-08,المجلس البلدي,امين الصندوق,2007-08-09,Y,,,,,
165,2007,152,153,2007-08-08,H,,2007-08-09,727000,1,Y,MBSMONA,2007-11-08,المجلس البلدي,امين الصندوق,2007-08-09,Y,,,,,
165,2009,170,174,2009-12-31,H,,2009-12-31,750000,1,Y,BUDGET,2009-12-31,رئيس البلدية,محتسب البلدية,2009-12-31,Y,,,,,
165,2009,171,175,2010-01-05,,,2010-01-05,1694500,,N,BUDGET,2010-01-05,رئيس البلدية,محتسب البلدية,,N,خطأ في التاريخ,2010-01-01,,,
165,2009,172,176,2010-01-05,,,2010-01-05,878000,,N,BUDGET,2010-01-05,رئيس البلدية,محتسب البلدية,,N,خطأ في التاريخ,2010-01-01,,,
165,2009,173,177,2010-01-05,,,2010-01-05,500000,,N,BUDGET,2010-01-05,رئيس البلدية,محتسب البلدية,,N,خطأ في التاريخ,2010-01-01,,,
165,2009,174,175,2009-12-31,H,,2009-12-31,1694500,1,Y,MBSSMALL,2010-01-01,رئيس البلدية,محتسب البلدية,2009-12-31,Y,,,,,
165,2009,175,178,2009-12-31,H,,2009-12-31,500000,1,Y,BUDGET,2010-01-01,رئيس البلدية,محتسب البلدية,2009-12-31,Y,,,,,
165,2009,176,179,2009-12-31,H,,2009-12-31,878000,1,Y,BUDGET,2009-12-31,رئيس البلدية,محتسب البلدية,2009-12-31,Y,,,,,
165,2009,177,180,2009-12-31,H,,2009-12-31,200000,1,Y,BUDGET,2009-12-31,رئيس البلدية,محتسب البلدية,2009-12-31,Y,,,,,
165,2009,178,181,2009-12-31,H,,2009-12-31,2753000,1,Y,BUDGET,2009-12-31,رئيس البلدية,محتسب البلدية,2009-12-31,Y,,,,,
165,2009,179,182,2009-12-31,H,,2009-12-31,4110000,1,Y,BUDGET,2009-12-31,رئيس البلدية,محتسب البلدية,2009-12-31,Y,,,,,
165,2009,180,183,2009-12-31,H,,2009-12-31,323000,1,Y,BUDGET,2009-12-31,رئيس البلدية,محتسب البلدية,2009-12-31,Y,,,,,
165,2009,181,184,2009-12-31,H,,2009-12-31,4630000,1,Y,BUDGET,2009-12-31,رئيس البلدية,محتسب البلدية,2009-12-31,Y,,,,,
165,2010,1,1,2010-01-28,,,2010-01-28,3250000,,N,BUDGET,2010-01-28,رئيس البلدية,محتسب البلدية,,N,خطأ في المبلغ,2010-02-03,,,
165,2010,2,2,2010-02-04,H,,2010-02-04,2500000,1,Y,BUDGET,2010-02-04,رئيس البلدية,محتسب البلدية,2010-02-04,Y,,,,,
165,2010,3,3,2010-02-04,H,,2010-02-04,750000,1,Y,BUDGET,2010-02-04,رئيس البلدية,محتسب البلدية,2010-02-04,Y,,,,,
165,2010,4,4,2010-02-06,H,,2010-02-06,2414000,1,Y,BUDGET,2010-02-06,رئيس البلدية,محتسب البلدية,2010-02-06,Y,,,,,
165,2010,5,5,2010-02-06,H,,2010-02-06,624000,1,Y,BUDGET,2010-02-06,رئيس البلدية,محتسب البلدية,2010-02-06,Y,,,,,
165,2010,6,6,2010-02-06,H,,2010-02-06,300000,1,Y,BUDGET,2010-02-06,رئيس البلدية,محتسب البلدية,2010-02-06,Y,,,,,
165,2010,7,7,2010-02-06,H,,2010-02-06,375000,1,Y,BUDGET,2010-02-06,رئيس البلدية,محتسب البلدية,2010-02-06,Y,,,,,
165,2010,8,8,2010-02-06,H,,2010-02-06,986000,1,Y,BUDGET,2010-02-06,رئيس البلدية,محتسب البلدية,2010-02-06,Y,,,,,
165,2010,9,9,2010-02-06,H,,2010-02-06,2065000,1,Y,BUDGET,2010-02-06,رئيس البلدية,محتسب البلدية,2010-02-06,Y,,,,,
165,2010,10,10,2010-02-08,H,,2010-02-08,600000,1,Y,BUDGET,2010-02-08,رئيس البلدية,محتسب البلدية,2010-02-08,Y,,,,,
165,2010,11,11,2010-02-23,H,,2010-02-23,860000,1,Y,BUDGET,2010-02-23,رئيس البلدية,محتسب البلدية,2010-02-23,Y,,,,,
165,2010,12,12,2010-02-23,H,,2010-02-23,1180000,1,Y,BUDGET,2010-02-23,رئيس البلدية,محتسب البلدية,2010-02-23,Y,,,,,
165,2010,13,13,2010-02-23,H,,2010-02-23,250000,1,Y,BUDGET,2010-02-23,رئيس البلدية,محتسب البلدية,2010-02-23,Y,,,,,
165,2010,14,14,2010-02-23,H,,2010-02-23,149000,1,Y,BUDGET,2010-02-23,رئيس البلدية,محتسب البلدية,2010-02-23,Y,,,,,
165,2010,15,15,2010-02-23,H,,2010-02-23,1195000,1,Y,BUDGET,2010-02-23,رئيس البلدية,محتسب البلدية,2010-02-23,Y,,,,,
165,2010,16,16,2010-02-27,H,,2010-02-27,3000000,1,Y,BUDGET,2010-02-27,رئيس البلدية,محتسب البلدية,2010-02-27,Y,,,,,
165,2010,17,17,2010-02-27,H,,2010-02-27,2756000,1,Y,BUDGET,2010-02-27,رئيس البلدية,محتسب البلدية,2010-02-27,Y,,,,,
165,2016,123,125,2016-08-20,H,,2016-08-20,450000,1,Y,MBSSMALL,2016-08-26,رئيس البلدية,محتسب البلدية,2016-08-20,Y,,,,,
165,2016,124,126,2016-08-26,H,,2016-08-26,2755000,1,Y,MBSSMALL,2016-08-26,رئيس البلدية,محتسب البلدية,2016-08-26,Y,,,,,
165,2016,125,127,2016-08-31,H,,2016-08-31,2995000,1,Y,MBSSMALL,2016-08-31,رئيس البلدية,محتسب البلدية,2016-08-31,Y,,,,,
165,2016,126,128,2016-09-01,H,,2016-09-01,1570000,1,Y,MBSSMALL,2016-09-01,رئيس البلدية,محتسب البلدية,2016-09-01,Y,,,,,
165,2016,127,129,2016-09-01,H,,2016-09-01,977000,1,Y,MBSSMALL,2016-09-03,رئيس البلدية,محتسب البلدية,2016-09-01,Y,,,,,
165,2016,128,130,2016-09-01,H,,2016-09-01,919000,1,Y,MBSSMALL,2016-09-03,رئيس البلدية,محتسب البلدية,2016-09-01,Y,,,,,
165,2016,129,132,2016-09-01,H,,2016-09-01,1013000,1,Y,MBSSMALL,2016-09-03,رئيس البلدية,محتسب البلدية,2016-09-01,Y,,,,,
165,2016,130,131,2016-09-01,H,,2016-09-01,1172000,1,Y,MBSSMALL,2016-09-03,رئيس البلدية,محتسب البلدية,2016-09-01,Y,,,,,
165,2016,219,221,2016-12-31,H,,2016-12-31,610000,1,Y,MBSSMALL,2017-01-03,رئيس البلدية,محتسب البلدية,2016-12-31,Y,,,,,
165,2016,220,224,2016-12-31,H,,2016-12-31,784000,1,Y,MBSSMALL,2017-01-03,رئيس البلدية,محتسب البلدية,2016-12-31,Y,,,,,
165,2016,221,225,2016-12-31,H,,2016-12-31,900000,1,Y,MBSSMALL,2017-01-03,رئيس البلدية,محتسب البلدية,2016-12-31,Y,,,,,
165,2016,222,226,2016-12-31,H,,2016-12-31,135000,1,Y,MBSSMALL,2017-01-03,رئيس البلدية,محتسب البلدية,2016-12-31,Y,,,,,
165,2016,223,227,2016-12-31,H,,2016-12-31,2843000,1,Y,MBSSMALL,2017-01-05,رئيس البلدية,محتسب البلدية,2016-12-31,Y,,,,,
165,2016,224,228,2016-12-31,H,,2016-12-31,1911000,1,Y,MBSSMALL,2017-01-07,رئيس البلدية,محتسب البلدية,2016-12-31,Y,,,,,
165,2016,225,229,2016-12-31,H,,2016-12-31,739000,1,Y,MBSSMALL,2017-01-07,رئيس البلدية,محتسب البلدية,2016-12-31,Y,,,,,
165,2016,226,230,2016-12-31,H,,2016-12-31,17858000,1,Y,MBSSMALL,2017-01-20,رئيس البلدية,محتسب البلدية,2016-12-31,Y,,,,,
165,2016,227,231,2016-12-31,H,,2016-12-31,7616000,1,Y,MBSSMALL,2017-01-20,رئيس البلدية,محتسب البلدية,2016-12-31,Y,,,,,
165,2016,228,232,2016-12-31,H,,2016-12-31,4592000,1,Y,MBSSMALL,2017-01-20,رئيس البلدية,محتسب البلدية,2016-12-31,Y,,,,,
165,2016,229,233,2016-12-31,H,,2016-12-31,2242000,1,Y,MBSSMALL,2017-01-20,رئيس البلدية,محتسب البلدية,2016-12-31,Y,,,,,
165,2016,230,234,2016-12-31,H,,2016-12-31,5479000,1,Y,MBSSMALL,2017-01-20,رئيس البلدية,محتسب البلدية,2016-12-31,Y,,,,,
165,2016,231,235,2016-12-31,H,,2016-12-31,5390000,1,Y,MBSSMALL,2017-01-20,رئيس البلدية,محتسب البلدية,2016-12-31,Y,,,,,
165,2016,232,237,2016-12-31,H,,2016-12-31,1831000,1,Y,MBSSMALL,2017-01-20,رئيس البلدية,محتسب البلدية,2016-12-31,Y,,,,,
165,2016,233,236,2016-12-31,H,,2016-12-31,10000000,1,Y,MBSSMALL,2017-01-20,رئيس البلدية,محتسب البلدية,2016-12-31,Y,,,,,
165,2016,234,238,2016-12-31,H,,2016-12-31,4861000,1,Y,MBSSMALL,2017-01-20,رئيس البلدية,محتسب البلدية,2016-12-31,Y,,,,,
165,2016,235,239,2016-12-31,H,,2016-12-31,1800000,1,Y,MBSSMALL,2017-01-20,رئيس البلدية,محتسب البلدية,2016-12-31,Y,,,,,
165,2004,123,129,2004-08-20,H,,2004-08-25,200000,1,Y,MBSMONA,2004-10-22,رئيس البلدية,امين الصندوق,2004-08-25,Y,,,,,
165,2004,124,130,2004-08-20,H,,2004-08-25,10000,1,Y,MBSMONA,2004-10-22,رئيس البلدية,امين الصندوق,2004-08-25,Y,,,,,
165,2004,125,131,2004-08-20,H,,2004-08-25,22000,1,Y,MBSMONA,2004-10-22,رئيس البلدية,امين الصندوق,2004-08-25,Y,,,,,
165,2004,127,132,2004-08-25,H,,2004-08-25,1500000,1,Y,MBSMONA,2004-10-22,رئيس البلدية,امين الصندوق,2004-08-30,Y,,,,,
165,2004,128,133,2004-08-25,H,,2004-08-25,1316000,1,Y,MBSMONA,2004-10-22,رئيس البلدية,امين الصندوق,2004-08-25,Y,,,,,
165,2004,129,134,2004-08-25,H,,2004-08-25,1125000,1,Y,MBSMONA,2004-10-22,رئيس البلدية,امين الصندوق,2004-08-25,Y,,,,,
165,2004,130,135,2004-08-25,H,,2004-08-25,417000,1,Y,MBSMONA,2004-10-22,رئيس البلدية,امين الصندوق,2004-08-25,Y,,,,,
165,2004,131,136,2004-09-02,H,,2004-09-02,1535000,1,Y,MBSMONA,2004-10-25,رئيس البلدية,امين الصندوق,2004-09-02,Y,,,,,
165,2004,132,137,2004-09-02,H,,2004-09-02,390000,1,Y,MBSMONA,2004-10-25,رئيس البلدية,امين الصندوق,2004-09-02,Y,,,,,
165,2004,200,205,2004-10-06,H,,2004-10-07,1580000,1,Y,MBSMONA,2004-10-28,المجلس البلدي,امين الصندوق,2004-10-07,Y,,,,,
165,2004,201,206,2004-10-06,H,,2004-10-07,675000,1,Y,MBSMONA,2004-10-28,المجلس البلدي,امين الصندوق,2004-10-07,Y,,,,,
165,2004,202,207,2004-10-06,H,,2004-10-07,290000,1,Y,MBSMONA,2004-10-28,المجلس البلدي,امين الصندوق,2004-10-07,Y,,,,,
165,2004,203,208,2004-04-05,H,,2004-04-06,9315000,1,Y,MBSMONA,2004-10-29,المجلس البلدي,امين الصندوق,2004-04-06,Y,,,,,
165,2004,204,209,2004-02-04,H,,2004-02-04,396000,1,Y,MBSMONA,2004-10-29,رئيس البلدية,امين الصندوق,2004-02-04,Y,,,,,
165,2004,205,210,2004-03-01,H,,2004-03-01,2700000,1,Y,MBSMONA,2004-10-29,رئيس البلدية,امين الصندوق,2004-03-01,Y,,,,,
165,2004,206,211,2004-09-02,H,,2004-09-02,2700000,1,Y,MBSMONA,2004-10-29,رئيس البلدية,امين الصندوق,2004-09-02,Y,,,,,
165,2004,207,212,2004-09-02,H,,2004-09-02,2700000,1,Y,MBSMONA,2004-10-29,رئيس البلدية,امين الصندوق,2004-09-02,Y,,,,,
165,2004,208,213,2004-11-01,H,,2004-11-01,1535000,1,Y,MBSMONA,2004-11-12,رئيس البلدية,امين الصندوق,2004-11-01,Y,,,,,
165,2004,209,214,2004-11-01,H,,2004-11-01,396000,1,Y,MBSMONA,2004-11-12,رئيس البلدية,امين الصندوق,2004-11-01,Y,,,,,
165,2004,210,215,2004-11-05,H,,2004-11-06,3097000,1,Y,MBSMONA,2004-11-12,المجلس البلدي,امين الصندوق,2004-11-06,Y,,,,,
165,2004,211,216,2004-11-05,H,,2004-11-08,2120000,1,Y,MBSMONA,2004-11-12,المجلس البلدي,المجلس البلدي,2004-11-08,Y,,,,,
165,2004,212,217,2004-11-05,H,,2004-11-08,1068000,1,Y,MBSMONA,2004-11-12,المجلس البلدي,امين الصندوق,2004-11-08,Y,,,,,
165,2004,213,218,2004-11-05,H,,2004-11-08,1681000,1,Y,MBSMONA,2004-11-12,المجلس البلدي,امين الصندوق,2004-11-08,Y,,,,,
165,2004,214,219,2004-11-05,H,,2004-11-08,175000,1,Y,MBSMONA,2004-11-12,المجلس البلدي,امين الصندوق,2004-11-08,Y,,,,,
165,2004,215,220,2004-11-05,H,,2004-11-08,84000,1,Y,MBSMONA,2004-11-12,المجلس البلدي,امين الصندوق,2004-11-08,Y,,,,,
165,2004,216,221,2004-11-05,H,,2004-11-08,195000,1,Y,MBSMONA,2004-11-12,المجلس البلدي,امين الصندوق,2004-11-08,Y,,,,,
165,2004,217,222,2004-11-05,H,,2004-11-08,135000,1,Y,MBSMONA,2004-11-12,المجلس البلدي,امين الصندوق,2004-11-08,Y,,,,,
165,2004,218,223,2004-11-05,H,,2004-11-08,970000,1,Y,MBSMONA,2004-11-12,المجلس البلدي,امين الصندوق,2004-11-08,Y,,,,,
165,2004,219,224,2004-11-05,H,,2004-11-08,150000,1,Y,MBSMONA,2004-11-12,المجلس البلدي,امين الصندوق,2004-11-08,Y,,,,,
165,2004,220,225,2004-11-05,H,,2004-11-08,216000,1,Y,MBSMONA,2004-11-12,المجلس البلدي,امين الصندوق,2004-11-08,Y,,,,,
165,2004,221,226,2004-11-05,H,,2004-11-08,492000,1,Y,MBSMONA,2004-11-12,المجلس البلدي,امين الصندوق,2004-11-08,Y,,,,,
165,2010,83,83,2010-09-01,H,,2010-09-01,300000,1,Y,BUDGET,2010-09-01,رئيس البلدية,محتسب البلدية,2010-09-01,Y,,,,,
165,2010,84,84,2010-09-02,H,,2010-09-02,300000,1,Y,BUDGET,2010-09-02,رئيس البلدية,محتسب البلدية,2010-09-02,Y,,,,,
165,2010,85,85,2010-09-02,H,,2010-09-02,1100000,1,Y,BUDGET,2010-09-02,رئيس البلدية,محتسب البلدية,2010-09-02,Y,,,,,
165,2010,86,86,2010-09-02,H,,2010-09-02,2500000,1,Y,BUDGET,2010-09-02,رئيس البلدية,محتسب البلدية,2010-09-02,Y,,,,,
165,2010,87,87,2010-09-02,H,,2010-09-02,259000,1,Y,BUDGET,2010-09-02,رئيس البلدية,محتسب البلدية,2010-09-02,Y,,,,,
165,2010,88,88,2010-09-02,H,,2010-09-02,100000,1,Y,BUDGET,2010-09-02,رئيس البلدية,محتسب البلدية,2010-09-02,Y,,,,,
165,2010,89,89,2010-09-02,H,,2010-09-02,450000,1,Y,BUDGET,2010-09-02,رئيس البلدية,محتسب البلدية,2010-09-02,Y,,,,,
165,2010,90,90,2010-09-07,H,,2010-09-07,1236000,1,Y,BUDGET,2010-09-07,رئيس البلدية,محتسب البلدية,2010-09-07,Y,,,,,
165,2010,91,91,2010-09-30,H,,2010-09-30,2019000,1,Y,BUDGET,2010-09-30,رئيس البلدية,محتسب البلدية,2010-09-30,Y,,,,,
165,2010,92,92,2010-09-30,H,,2010-09-30,150000,1,Y,BUDGET,2010-09-30,رئيس البلدية,محتسب البلدية,2010-09-30,Y,,,,,
165,2004,27,29,2004-02-06,H,,2004-02-06,208000,1,Y,MBSMONA,2004-06-22,المجلس البلدي,امين الصندوق,2004-02-07,Y,,,,,
165,2004,28,30,2004-03-01,H,,2004-03-01,502000,1,Y,MBSMONA,2004-06-22,رئيس البلدية,امين الصندوق,2004-03-01,Y,,,,,
165,2004,29,31,2004-03-01,H,,2004-03-01,1033000,1,Y,MBSMONA,2004-06-22,رئيس البلدية,امين الصندوق,2004-03-01,Y,,,,,
165,2004,30,32,2004-03-01,H,,2004-03-01,348000,1,Y,MBSMONA,2004-06-22,رئيس البلدية,امين الصندوق,2004-03-01,Y,,,,,
165,2004,31,33,2004-03-03,H,,2004-03-03,2745000,1,Y,MBSMONA,2004-06-22,المجلس البلدي,امين الصندوق,2004-03-04,Y,,,,,
165,2004,32,34,2004-03-03,H,,2004-03-04,1545000,1,Y,MBSMONA,2004-06-22,المجلس البلدي,امين الصندوق,2004-03-04,Y,,,,,
165,2004,33,35,2004-03-03,H,,2004-03-04,1766000,1,Y,MBSMONA,2004-06-22,المجلس البلدي,امين الصندوق,2004-03-04,Y,,,,,
165,2004,34,36,2004-03-03,H,,2004-03-04,555000,1,Y,MBSMONA,2004-06-22,المجلس البلدي,امين الصندوق,2004-03-04,Y,,,,,
165,2004,35,37,2004-03-03,H,,2004-03-04,350000,1,Y,MBSMONA,2004-06-22,المجلس البلدي,امين الصندوق,2004-03-04,Y,,,,,
165,2004,36,38,2004-03-03,H,,2004-03-04,240000,1,Y,MBSMONA,2004-06-22,المجلس البلدي,امين الصندوق,2004-03-04,Y,,,,,
165,2004,37,39,2004-03-03,H,,2004-03-04,400000,1,Y,MBSMONA,2004-06-22,المجلس البلدي,امين الصندوق,2004-03-04,Y,,,,,
165,2004,38,40,2004-03-03,H,,2004-03-04,246000,1,Y,MBSMONA,2004-06-22,المجلس البلدي,امين الصندوق,2004-03-04,Y,,,,,
165,2004,39,41,2004-03-03,H,,2004-03-04,18000,1,Y,MBSMONA,2004-06-22,المجلس البلدي,امين الصندوق,2004-03-04,Y,,,,,
165,2004,40,42,2004-03-01,,,2004-03-04,2700000,,N,MBSMONA,2004-06-22,رئيس البلدية,امين الصندوق,,N,خطأ في المصدر وبالقيمة,2004-10-29,,,
165,2004,41,43,2004-03-05,H,,2004-03-22,300000,1,Y,MBSMONA,2004-06-23,رئيس البلدية,امين الصندوق,2004-03-22,Y,,,,,
165,2004,42,44,2004-03-05,H,,2004-03-22,300000,1,Y,MBSMONA,2004-06-23,رئيس البلدية,امين الصندوق,2004-03-22,Y,,,,,
165,2022,112,114,2022-08-31,H,,2022-08-31,1926000,1,Y,MBSSMALL,2022-11-08,رئيس البلدية,محتسب البلدية,2022-08-31,Y,,,,,
165,2022,113,115,2022-08-31,H,,2022-08-31,1804000,1,Y,MBSSMALL,2022-11-08,رئيس البلدية,محتسب البلدية,2022-08-31,Y,,,,,
165,2022,114,116,2022-08-31,H,,2022-08-31,1957000,1,Y,MBSSMALL,2022-11-08,رئيس البلدية,محتسب البلدية,2022-08-31,Y,,,,,
165,2022,115,117,2022-08-31,H,,2022-08-31,1783000,1,Y,MBSSMALL,2022-11-08,رئيس البلدية,محتسب البلدية,2022-08-31,Y,,,,,
165,2022,116,118,2022-08-31,H,,2022-08-31,5120000,1,Y,MBSSMALL,2022-11-08,رئيس البلدية,محتسب البلدية,2022-08-31,Y,,,,,
165,2022,117,119,2022-08-31,H,,2022-08-31,1919000,1,Y,MBSSMALL,2022-11-08,رئيس البلدية,محتسب البلدية,2022-08-31,Y,,,,,
165,2022,118,120,2022-08-31,H,,2022-08-31,1826000,1,Y,MBSSMALL,2022-11-08,رئيس البلدية,محتسب البلدية,2022-08-31,Y,,,,,
165,2022,119,121,2022-08-31,H,,2022-08-31,1850000,1,Y,MBSSMALL,2022-11-08,رئيس البلدية,محتسب البلدية,2022-08-31,Y,,,,,
165,2022,120,123,2022-08-31,H,,2022-08-31,1827000,1,Y,MBSSMALL,2022-11-08,رئيس البلدية,محتسب البلدية,2022-08-31,Y,,,,,
165,2022,121,124,2022-08-31,H,,2022-08-31,11428000,1,Y,MBSSMALL,2022-11-08,رئيس البلدية,محتسب البلدية,2022-08-31,Y,,,,,
165,2022,122,125,2022-08-31,H,,2022-08-31,2487000,1,Y,MBSSMALL,2022-11-08,رئيس البلدية,محتسب البلدية,2022-08-31,Y,,,,,
165,2022,123,126,2022-09-26,H,,2022-09-26,4229000,1,Y,MBSSMALL,2022-11-08,رئيس البلدية,محتسب البلدية,2022-09-26,Y,,,,,
165,2022,124,127,2022-09-26,H,,2022-09-26,2355000,1,Y,MBSSMALL,2022-11-09,رئيس البلدية,محتسب البلدية,2022-09-26,Y,,,,,
165,2022,125,128,2022-09-30,H,,2022-09-30,1926000,1,Y,MBSSMALL,2022-11-09,رئيس البلدية,محتسب البلدية,2022-09-30,Y,,,,,
165,2022,126,129,2022-09-30,H,,2022-09-30,1804000,1,Y,MBSSMALL,2022-11-09,رئيس البلدية,محتسب البلدية,2022-09-30,Y,,,,,
165,2022,127,130,2022-09-30,H,,2022-09-30,1957000,1,Y,MBSSMALL,2022-11-09,رئيس البلدية,محتسب البلدية,2022-09-30,Y,,,,,
165,2022,128,131,2022-09-30,H,,2022-09-30,1783000,1,Y,MBSSMALL,2022-11-09,رئيس البلدية,محتسب البلدية,2022-09-30,Y,,,,,
165,2022,129,132,2022-09-30,H,,2022-09-30,5632000,1,Y,MBSSMALL,2022-11-09,رئيس البلدية,محتسب البلدية,2022-09-30,Y,,,,,
165,2022,130,133,2022-09-30,H,,2022-09-30,1919000,1,Y,MBSSMALL,2022-11-09,رئيس البلدية,محتسب البلدية,2022-09-30,Y,,,,,
165,2022,131,134,2022-09-30,H,,2022-09-30,1826000,1,Y,MBSSMALL,2022-11-09,رئيس البلدية,محتسب البلدية,2022-09-30,Y,,,,,
165,2022,132,135,2022-09-30,H,,2022-09-30,1827000,1,Y,MBSSMALL,2022-11-09,رئيس البلدية,محتسب البلدية,2022-09-30,Y,,,,,
165,2022,133,136,2022-09-30,,,2022-09-30,500000,,N,MBSSMALL,2022-11-09,رئيس البلدية,محتسب البلدية,,N,خطأ  في المبلغ,2022-11-14,,,
165,2022,134,137,2022-10-06,H,,2022-10-06,3565000,1,Y,MBSSMALL,2022-11-09,رئيس البلدية,محتسب البلدية,2022-10-06,Y,,,,,
165,2022,135,138,2022-10-06,H,,2022-10-06,300000,1,Y,MBSSMALL,2022-11-10,رئيس البلدية,محتسب البلدية,2022-10-06,Y,,,,,
165,2022,136,139,2022-10-06,H,,2022-10-06,3400000,1,Y,MBSSMALL,2022-11-10,رئيس البلدية,محتسب البلدية,2022-10-06,Y,,,,,
165,2022,137,140,2022-10-06,H,,2022-10-06,3487000,1,Y,MBSSMALL,2022-11-10,رئيس البلدية,محتسب البلدية,2022-10-06,Y,,,,,
165,2022,138,141,2022-10-12,H,,2022-10-12,48640000,1,Y,MBSSMALL,2022-11-10,رئيس البلدية,محتسب البلدية,2022-10-12,Y,,,,,
165,2022,139,142,2022-10-12,H,,2022-10-12,36350000,1,Y,MBSSMALL,2022-11-10,رئيس البلدية,محتسب البلدية,2022-10-12,Y,,,,,
165,2022,140,143,2022-10-12,H,,2022-10-12,20375000,1,Y,MBSSMALL,2022-11-10,رئيس البلدية,محتسب البلدية,2022-10-12,Y,,,,,
165,2022,141,144,2022-10-12,H,,2022-10-12,42629000,1,Y,MBSSMALL,2022-11-10,رئيس البلدية,محتسب البلدية,2022-10-12,Y,,,,,
165,2022,142,145,2022-10-12,H,,2022-10-12,34970000,1,Y,MBSSMALL,2022-11-10,رئيس البلدية,محتسب البلدية,2022-10-12,Y,,,,,
165,2022,143,146,2022-10-12,H,,2022-10-12,10500000,1,Y,MBSSMALL,2022-11-10,رئيس البلدية,محتسب البلدية,2022-10-12,Y,,,,,
165,2022,144,147,2022-10-12,H,,2022-10-12,14000000,1,Y,MBSSMALL,2022-11-10,رئيس البلدية,محتسب البلدية,2022-10-12,Y,,,,,
165,2005,90,91,2005-07-04,H,,2005-07-05,5907000,1,Y,MBSMONA,2005-09-01,المجلس البلدي,امين الصندوق,2005-07-05,Y,,,,,
165,2005,91,92,2005-07-04,H,,2005-07-05,720000,1,Y,MBSMONA,2005-09-01,المجلس البلدي,امين الصندوق,2005-07-05,Y,,,,,
165,2005,223,223,2005-12-28,H,,2005-12-29,65000,1,Y,MBSMONA,2006-01-31,المجلس البلدي,امين الصندوق,2005-12-29,Y,,,,,
165,2005,224,224,2005-12-28,H,,2005-12-29,1800000,1,Y,MBSMONA,2006-01-31,المجلس البلدي,امين الصندوق,2005-12-29,Y,,,,,
165,2005,225,225,2005-12-30,H,,2005-12-30,1570000,1,Y,MBSMONA,2006-01-31,رئيس البلدية,امين الصندوق,2005-12-30,Y,,,,,
165,2005,226,226,2005-12-30,H,,2005-12-30,408000,1,Y,MBSMONA,2006-01-31,رئيس البلدية,امين الصندوق,2005-12-30,Y,,,,,
165,2005,227,227,2005-12-31,H,,2005-12-31,300000,1,Y,MBSMONA,2006-01-31,رئيس البلدية,امين الصندوق,2005-12-31,Y,,,,,
165,2005,228,228,2005-12-31,H,,2005-12-31,200000,1,Y,MBSMONA,2006-01-31,رئيس البلدية,امين الصندوق,2005-12-31,Y,,,,,
165,2005,229,229,2005-12-31,H,,2005-12-31,50000,1,Y,MBSMONA,2006-01-31,رئيس البلدية,امين الصندوق,2005-12-31,Y,,,,,
165,2004,74,76,2004-04-30,H,,2004-04-30,209000,1,Y,MBSMONA,2004-06-25,رئيس البلدية,امين الصندوق,2004-04-30,Y,,,,,
165,2004,75,77,2004-04-30,H,,2004-04-30,35000,1,Y,MBSMONA,2004-06-25,رئيس البلدية,امين الصندوق,2004-04-30,Y,,,,,
165,2004,76,78,2004-06-03,H,,2004-06-04,2739000,1,Y,MBSMONA,2004-06-25,المجلس البلدي,امين الصندوق,2004-06-04,Y,,,,,
165,2004,77,79,2004-06-03,H,,2004-06-04,1020000,1,Y,MBSMONA,2004-06-25,المجلس البلدي,امين الصندوق,2004-06-04,Y,,,,,
165,2004,78,80,2004-06-03,H,,2004-06-04,125000,1,Y,MBSMONA,2004-06-25,المجلس البلدي,امين الصندوق,2004-06-04,Y,,,,,
165,2004,79,81,2004-06-03,H,,2004-06-04,333000,1,Y,MBSMONA,2004-06-25,المجلس البلدي,امين الصندوق,2004-06-04,Y,,,,,
165,2004,80,82,2004-06-03,H,,2004-06-04,292000,1,Y,MBSMONA,2004-06-25,المجلس البلدي,امين الصندوق,2004-06-04,Y,,,,,
165,2004,81,83,2004-06-01,,,2004-06-04,2700000,,N,MBSMONA,2004-06-25,رئيس البلدية,امين الصندوق,,N,خطأ في المصدر وبالقيمة,2004-10-29,,,
165,2009,13,13,2009-02-23,H,,2009-02-23,525000,1,Y,MBSMONA,2009-01-31,رئيس البلدية,امين الصندوق,2009-02-23,Y,,,,,
165,2009,14,15,2009-02-28,H,,2009-02-28,2337000,1,Y,MBSMONA,2009-02-28,رئيس البلدية,امين الصندوق,2009-02-28,Y,,,,,
165,2009,15,16,2009-02-28,H,,2009-02-28,536000,1,Y,MBSMONA,2009-02-28,رئيس البلدية,امين الصندوق,2009-02-28,Y,,,,,
165,2009,16,17,2009-02-28,H,,2009-02-28,1700000,1,Y,MBSMONA,2009-02-28,رئيس البلدية,امين الصندوق,2009-02-28,Y,,,,,
165,2009,17,18,2009-03-02,H,,2009-03-02,550000,1,Y,MBSMONA,2009-03-02,رئيس البلدية,امين الصندوق,2009-03-02,Y,,,,,
165,2009,18,19,2009-03-10,H,,2009-03-11,2498000,1,Y,MBSMONA,2009-03-11,المجلس البلدي,امين الصندوق,2009-03-11,Y,,,,,
165,2009,19,20,2009-03-10,H,,2009-03-11,4205000,1,Y,MBSMONA,2009-03-11,المجلس البلدي,امين الصندوق,2009-03-11,Y,,,,,
165,2009,20,21,2009-03-10,H,,2009-03-11,6029000,1,Y,MBSMONA,2009-03-11,المجلس البلدي,امين الصندوق,2009-03-11,Y,,,,,
165,2009,21,22,2009-03-10,H,,2009-03-11,1528000,1,Y,MBSMONA,2009-03-11,المجلس البلدي,امين الصندوق,2009-03-11,Y,,,,,
165,2009,22,23,2009-03-02,H,,2009-03-02,248000,1,Y,MBSMONA,2009-03-11,رئيس البلدية,امين الصندوق,2009-03-02,Y,,,,,
165,2009,23,24,2009-04-08,H,,2009-04-08,6521000,1,Y,BUDGET,2009-04-27,رئيس البلدية,محتسب البلدية,2009-04-08,Y,,,,,
165,2009,24,25,2009-04-08,H,,2009-04-08,2498000,1,Y,BUDGET,2009-04-27,رئيس البلدية,محتسب البلدية,2009-04-08,Y,,,,,
165,2009,25,26,2009-04-07,H,,2009-04-07,1009000,1,Y,BUDGET,2009-04-27,رئيس البلدية,محتسب البلدية,2009-05-11,Y,,,,,
165,2009,26,27,2009-05-13,H,,2009-05-13,2522000,1,Y,BUDGET,2009-05-28,رئيس البلدية,محتسب البلدية,2009-05-13,Y,,,,,
165,2009,27,28,2009-05-13,H,,2009-05-13,7589000,1,Y,BUDGET,2009-05-28,رئيس البلدية,محتسب البلدية,2009-05-15,Y,,,,,
165,2009,28,29,2009-03-31,H,,2009-03-31,2359000,1,Y,BUDGET,2009-06-01,رئيس البلدية,محتسب البلدية,2009-03-31,Y,,,,,
165,2009,29,30,2009-03-31,H,,2009-03-31,632000,1,Y,BUDGET,2009-06-01,رئيس البلدية,محتسب البلدية,2009-03-31,Y,,,,,
165,2009,30,31,2009-04-30,H,,2009-04-30,2359000,1,Y,BUDGET,2009-06-01,رئيس البلدية,محتسب البلدية,2009-04-30,Y,,,,,
165,2009,31,32,2009-04-30,H,,2009-04-30,568000,1,Y,BUDGET,2009-06-01,رئيس البلدية,محتسب البلدية,2009-04-30,Y,,,,,
165,2009,32,33,2009-06-16,H,,2009-06-16,542000,1,Y,BUDGET,2009-06-17,رئيس البلدية,محتسب البلدية,2009-06-16,Y,,,,,
165,2009,33,34,2009-06-16,H,,2009-06-16,575000,1,Y,BUDGET,2009-06-17,رئيس البلدية,محتسب البلدية,2009-06-16,Y,,,,,
165,2009,34,35,2009-06-16,H,,2009-06-16,1514000,1,Y,BUDGET,2009-06-17,رئيس البلدية,محتسب البلدية,2009-06-16,Y,,,,,
165,2009,35,36,2009-06-16,H,,2009-06-16,875000,1,Y,BUDGET,2009-06-17,رئيس البلدية,محتسب البلدية,2009-06-16,Y,,,,,
165,2009,36,37,2009-06-19,H,,2009-06-19,1160000,1,Y,BUDGET,2009-06-19,رئيس البلدية,محتسب البلدية,2009-06-19,Y,,,,,
165,2009,37,38,2009-06-19,H,,2009-06-19,30000,1,Y,BUDGET,2009-06-19,رئيس البلدية,محتسب البلدية,2009-06-19,Y,,,,,
165,2009,38,39,2009-06-19,H,,2009-06-19,350000,1,Y,BUDGET,2009-06-19,رئيس البلدية,محتسب البلدية,2009-06-19,Y,,,,,
165,2009,39,40,2009-06-19,H,,2009-06-19,420000,1,Y,BUDGET,2009-06-19,رئيس البلدية,محتسب البلدية,2009-06-19,Y,,,,,
165,2009,40,41,2009-06-19,H,,2009-06-19,323000,1,Y,BUDGET,2009-06-19,رئيس البلدية,محتسب البلدية,2009-06-19,Y,,,,,
165,2009,41,42,2009-06-19,H,,2009-06-19,330000,1,Y,BUDGET,2009-06-19,رئيس البلدية,محتسب البلدية,2009-06-19,Y,,,,,
165,2009,42,43,2009-06-19,H,,2009-06-19,100000,1,Y,BUDGET,2009-06-19,رئيس البلدية,محتسب البلدية,2009-06-19,Y,,,,,
165,2009,43,44,2009-06-19,H,,2009-06-19,43000,1,Y,BUDGET,2009-06-19,رئيس البلدية,محتسب البلدية,2009-06-19,Y,,,,,
165,2009,44,45,2009-06-19,H,,2009-06-19,816000,1,Y,BUDGET,2009-06-19,رئيس البلدية,محتسب البلدية,2009-06-19,Y,,,,,
165,2009,45,46,2009-06-19,H,,2009-06-19,148000,1,Y,BUDGET,2009-06-19,رئيس البلدية,محتسب البلدية,2009-06-19,Y,,,,,
165,2009,46,47,2009-06-24,H,,2009-06-24,970000,1,Y,BUDGET,2009-06-24,رئيس البلدية,محتسب البلدية,2009-06-24,Y,,,,,
165,2009,47,48,2009-06-24,H,,2009-06-24,170000,1,Y,BUDGET,2009-06-24,رئيس البلدية,محتسب البلدية,2009-06-24,Y,,,,,
165,2009,48,49,2009-06-24,H,,2009-06-24,675000,1,Y,BUDGET,2009-06-24,رئيس البلدية,محتسب البلدية,2009-06-24,Y,,,,,
165,2009,49,50,2009-06-24,H,,2009-06-24,200000,1,Y,BUDGET,2009-06-24,رئيس البلدية,محتسب البلدية,2009-06-24,Y,,,,,
165,2009,50,51,2009-06-24,H,,2009-06-24,600000,1,Y,BUDGET,2009-06-24,رئيس البلدية,محتسب البلدية,2009-06-24,Y,,,,,
165,2009,51,52,2009-06-24,H,,2009-06-24,700000,1,Y,BUDGET,2009-06-24,رئيس البلدية,محتسب البلدية,2009-06-24,Y,,,,,
165,2009,52,53,2009-06-24,H,,2009-06-24,1125000,1,Y,BUDGET,2009-06-24,رئيس البلدية,محتسب البلدية,2009-06-24,Y,,,,,
165,2009,53,54,2009-06-24,H,,2009-06-24,500000,1,Y,BUDGET,2009-06-24,رئيس البلدية,محتسب البلدية,2009-06-24,Y,,,,,
165,2005,134,135,2005-09-21,H,,2005-09-30,41000,1,Y,MBSMONA,2005-10-10,رئيس البلدية,امين الصندوق,2005-09-30,Y,,,,,
165,2005,135,136,2005-09-21,H,,2005-09-30,848000,1,Y,MBSMONA,2005-10-10,رئيس البلدية,امين الصندوق,2005-09-30,Y,,,,,
165,2005,136,137,2005-09-30,H,,2005-09-30,1796000,1,Y,MBSMONA,2005-10-10,رئيس البلدية,امين الصندوق,2005-09-30,Y,,,,,
165,2005,137,138,2005-09-30,H,,2005-09-30,200000,1,Y,MBSMONA,2005-10-10,المجلس البلدي,امين الصندوق,2005-09-30,Y,,,,,
165,2005,138,139,2005-09-30,H,,2005-09-30,282000,1,Y,MBSMONA,2005-10-10,المجلس البلدي,امين الصندوق,2005-09-30,Y,,,,,
165,2005,139,140,2005-09-30,H,,2005-09-30,3204000,1,Y,MBSMONA,2005-10-10,المجلس البلدي,امين الصندوق,2005-09-30,Y,,,,,
165,2005,140,141,2005-09-30,H,,2005-09-30,2265000,1,Y,MBSMONA,2005-10-10,المجلس البلدي,امين الصندوق,2005-09-30,Y,,,,,
165,2005,141,142,2005-09-30,H,,2005-09-30,894000,1,Y,MBSMONA,2005-10-10,المجلس البلدي,امين الصندوق,2005-09-30,Y,,,,,
165,2005,142,143,2005-09-30,H,,2005-09-30,440000,1,Y,MBSMONA,2005-10-10,المجلس البلدي,امين الصندوق,2005-09-30,Y,,,,,
165,2005,143,144,2005-09-30,H,,2005-09-30,1570000,1,Y,MBSMONA,2005-10-10,رئيس البلدية,امين الصندوق,2005-09-30,Y,,,,,
165,2016,131,133,2016-09-01,H,,2016-09-01,832000,1,Y,BUDGET,2016-09-06,رئيس البلدية,محتسب البلدية,2016-09-01,Y,,,,,
165,2016,132,134,2016-09-01,H,,2016-09-01,900000,1,Y,BUDGET,2016-09-06,رئيس البلدية,محتسب البلدية,2016-09-01,Y,,,,,
165,2016,133,135,2016-09-01,H,,2016-09-01,120000,1,Y,BUDGET,2016-09-06,رئيس البلدية,محتسب البلدية,2016-09-01,Y,,,,,
165,2016,134,136,2016-09-07,H,,2016-09-07,865000,1,Y,BUDGET,2016-09-07,رئيس البلدية,محتسب البلدية,2016-09-07,Y,,,,,
165,2016,135,137,2016-09-07,H,,2016-09-07,1327000,1,Y,BUDGET,2016-09-07,رئيس البلدية,محتسب البلدية,2016-09-07,Y,,,,,
165,2016,136,138,2016-09-08,H,,2016-09-08,19185000,1,Y,BUDGET,2016-09-08,رئيس البلدية,محتسب البلدية,2016-09-08,Y,,,,,
165,2016,137,139,2016-09-08,H,,2016-09-08,1093000,1,Y,BUDGET,2016-09-08,رئيس البلدية,محتسب البلدية,2016-09-08,Y,,,,,
165,2016,138,140,2016-09-08,H,,2016-09-08,1276000,1,Y,BUDGET,2016-09-09,رئيس البلدية,محتسب البلدية,2016-09-08,Y,,,,,
165,2016,139,141,2016-09-08,H,,2016-09-08,5718000,1,Y,BUDGET,2016-09-09,رئيس البلدية,محتسب البلدية,2016-09-08,Y,,,,,
165,2016,140,142,2016-09-08,H,,2016-09-08,18337000,1,Y,BUDGET,2016-09-09,رئيس البلدية,محتسب البلدية,2016-09-08,Y,,,,,
165,2016,141,143,2016-09-08,H,,2016-09-08,1695000,1,Y,BUDGET,2016-09-09,رئيس البلدية,محتسب البلدية,2016-09-08,Y,,,,,
165,2016,142,144,2016-09-15,H,,2016-09-15,1822000,1,Y,MBSSMALL,2016-10-04,رئيس البلدية,محتسب البلدية,2016-09-15,Y,,,,,
165,2016,143,145,2016-09-28,H,,2016-09-28,2329000,1,Y,MBSSMALL,2016-10-04,رئيس البلدية,محتسب البلدية,2016-09-28,Y,,,,,
165,2016,144,146,2016-09-28,H,,2016-09-28,965000,1,Y,MBSSMALL,2016-10-04,رئيس البلدية,محتسب البلدية,2016-09-28,Y,,,,,
165,2016,145,147,2016-09-28,H,,2016-09-28,1300000,1,Y,MBSSMALL,2016-10-05,رئيس البلدية,محتسب البلدية,2016-09-28,Y,,,,,
165,2016,146,148,2016-09-28,H,,2016-09-28,550000,1,Y,MBSSMALL,2016-10-07,رئيس البلدية,محتسب البلدية,2016-09-28,Y,,,,,
165,2016,147,149,2016-09-28,H,,2016-09-28,700000,1,Y,MBSSMALL,2016-10-07,رئيس البلدية,محتسب البلدية,2016-09-28,Y,,,,,
165,2016,148,150,2016-09-28,H,,2016-09-28,2833000,1,Y,MBSSMALL,2016-10-07,رئيس البلدية,محتسب البلدية,2016-09-28,Y,,,,,
165,2016,149,151,2016-09-28,H,,2016-09-28,1365000,1,Y,MBSSMALL,2016-10-08,رئيس البلدية,محتسب البلدية,2016-09-28,Y,,,,,
165,2016,150,152,2016-09-28,H,,2016-09-28,719000,1,Y,MBSSMALL,2016-10-08,رئيس البلدية,محتسب البلدية,2016-09-28,Y,,,,,
165,2016,151,153,2016-09-28,H,,2016-09-28,2663000,1,Y,MBSSMALL,2016-10-08,رئيس البلدية,محتسب البلدية,2016-09-28,Y,,,,,
165,2016,152,154,2016-09-28,H,,2016-09-28,2134000,1,Y,MBSSMALL,2016-10-08,رئيس البلدية,محتسب البلدية,2016-09-28,Y,,,,,
165,2016,153,155,2016-09-30,H,,2016-09-30,977000,1,Y,MBSSMALL,2016-10-08,رئيس البلدية,محتسب البلدية,2016-09-30,Y,,,,,
165,2016,154,156,2016-09-30,H,,2016-09-30,919000,1,Y,MBSSMALL,2016-10-08,رئيس البلدية,محتسب البلدية,2016-09-30,Y,,,,,
165,2016,155,158,2016-09-30,H,,2016-09-30,1013000,1,Y,MBSSMALL,2016-10-08,رئيس البلدية,محتسب البلدية,2016-09-30,Y,,,,,
165,2016,156,157,2016-09-30,H,,2016-09-30,1172000,1,Y,MBSSMALL,2016-10-08,رئيس البلدية,محتسب البلدية,2016-09-30,Y,,,,,
165,2016,157,159,2016-09-30,H,,2016-09-30,728000,1,Y,MBSSMALL,2016-10-08,رئيس البلدية,محتسب البلدية,2016-09-30,Y,,,,,
165,2016,158,160,2016-09-30,H,,2016-09-30,900000,1,Y,MBSSMALL,2016-10-08,رئيس البلدية,محتسب البلدية,2016-09-30,Y,,,,,
165,2016,159,161,2016-09-30,H,,2016-09-30,128000,1,Y,MBSSMALL,2016-10-08,رئيس البلدية,محتسب البلدية,2016-09-30,Y,,,,,
165,2016,160,162,2016-09-30,H,,2016-09-30,2035000,1,Y,MBSSMALL,2016-10-10,رئيس البلدية,محتسب البلدية,2016-09-30,Y,,,,,
165,2016,161,163,2016-09-30,H,,2016-09-30,1312000,1,Y,MBSSMALL,2016-10-10,رئيس البلدية,محتسب البلدية,2016-09-30,Y,,,,,
165,2016,162,164,2016-09-30,H,,2016-09-30,2977000,1,Y,MBSSMALL,2016-10-11,رئيس البلدية,محتسب البلدية,2016-09-30,Y,,,,,
165,2016,163,165,2016-09-30,H,,2016-09-30,120000,1,Y,BUDGET,2016-10-14,رئيس البلدية,محتسب البلدية,2016-09-30,Y,,,,,
165,2016,164,166,2016-09-30,H,,2016-09-30,19143000,1,Y,MBSSMALL,2016-10-17,رئيس البلدية,محتسب البلدية,2016-09-30,Y,,,,,
165,2011,79,79,2011-09-08,H,,2011-09-08,100000,1,Y,BUDGET,2011-09-08,رئيس البلدية,محتسب البلدية,2011-09-08,Y,,,,,
165,2011,80,80,2011-09-08,H,,2011-09-08,98000,1,Y,BUDGET,2011-09-08,رئيس البلدية,محتسب البلدية,2011-09-08,Y,,,,,
165,2011,81,81,2011-09-08,H,,2011-09-08,1764000,1,Y,BUDGET,2011-09-08,رئيس البلدية,محتسب البلدية,2011-09-08,Y,,,,,
165,2011,82,82,2011-09-12,H,,2011-09-12,2003000,1,Y,BUDGET,2011-09-12,رئيس البلدية,محتسب البلدية,2011-09-12,Y,,,,,
165,2011,83,83,2011-09-13,H,,2011-09-13,2414000,1,Y,BUDGET,2011-09-13,رئيس البلدية,محتسب البلدية,2011-09-13,Y,,,,,
165,2011,84,84,2011-09-13,H,,2011-09-13,10052000,1,Y,BUDGET,2011-09-13,رئيس البلدية,محتسب البلدية,2011-09-13,Y,,,,,
165,2011,85,85,2011-09-21,H,,2011-09-21,1331000,1,Y,BUDGET,2011-09-21,رئيس البلدية,محتسب البلدية,2011-09-21,Y,,,,,
165,2011,86,86,2011-09-21,H,,2011-09-21,790000,1,Y,BUDGET,2011-09-21,رئيس البلدية,محتسب البلدية,2011-09-21,Y,,,,,
165,2011,87,87,2011-09-21,H,,2011-09-21,1130000,1,Y,BUDGET,2011-09-21,رئيس البلدية,محتسب البلدية,2011-09-21,Y,,,,,
165,2011,88,88,2011-09-21,H,,2011-09-21,750000,1,Y,BUDGET,2011-09-21,رئيس البلدية,محتسب البلدية,2011-09-21,Y,,,,,
165,2011,89,89,2011-09-22,H,,2011-09-22,1883000,1,Y,BUDGET,2011-09-22,رئيس البلدية,محتسب البلدية,2011-09-22,Y,,,,,
165,2011,90,90,2011-09-22,H,,2011-09-22,578000,1,Y,BUDGET,2011-09-22,رئيس البلدية,محتسب البلدية,2011-09-22,Y,,,,,
165,2011,91,91,2011-09-22,,,2011-09-22,1483000,,N,BUDGET,2011-09-22,رئيس البلدية,محتسب البلدية,,N,خطأ في كتابة نوع النفقة,2011-09-22,,,
165,2011,92,92,2011-09-22,H,,2011-09-22,1483000,1,Y,MBSSMALL,2011-09-22,رئيس البلدية,محتسب البلدية,2011-09-22,Y,,,,,
165,2011,93,93,2011-09-28,H,,2011-09-28,1140000,1,Y,BUDGET,2011-09-28,رئيس البلدية,محتسب البلدية,2011-09-28,Y,,,,,
165,2011,94,94,2011-09-29,H,,2011-09-29,2100000,1,Y,BUDGET,2011-09-29,رئيس البلدية,محتسب البلدية,2011-09-29,Y,,,,,
165,2011,95,95,2011-09-29,H,,2011-09-29,1650000,1,Y,BUDGET,2011-09-29,رئيس البلدية,محتسب البلدية,2011-09-29,Y,,,,,
165,2011,96,96,2011-09-29,H,,2011-09-29,2200000,1,Y,BUDGET,2011-09-29,رئيس البلدية,محتسب البلدية,2011-09-29,Y,,,,,
165,2011,97,97,2011-09-29,H,,2011-09-29,1050000,1,Y,BUDGET,2011-09-29,رئيس البلدية,محتسب البلدية,2011-09-29,Y,,,,,
165,2011,98,98,2011-09-29,H,,2011-09-29,231000,1,Y,BUDGET,2011-09-29,رئيس البلدية,محتسب البلدية,2011-09-29,Y,,,,,
165,2011,99,99,2011-09-29,H,,2011-09-29,225000,1,Y,BUDGET,2011-09-29,رئيس البلدية,محتسب البلدية,2011-09-29,Y,,,,,
165,2011,100,100,2011-09-30,H,,2011-09-30,2504000,1,Y,BUDGET,2011-09-30,رئيس البلدية,محتسب البلدية,2011-09-30,Y,,,,,
165,2011,101,101,2011-09-30,H,,2011-09-30,624000,1,Y,BUDGET,2011-09-30,رئيس البلدية,محتسب البلدية,2011-09-30,Y,,,,,
165,2011,102,102,2011-09-30,H,,2011-09-30,300000,1,Y,BUDGET,2011-09-30,رئيس البلدية,محتسب البلدية,2011-09-30,Y,,,,,
165,2010,93,93,2010-09-30,H,,2010-09-30,200000,1,Y,BUDGET,2010-09-30,رئيس البلدية,محتسب البلدية,2010-09-30,Y,,,,,
165,2010,94,94,2010-09-30,H,,2010-09-30,350000,1,Y,BUDGET,2010-09-30,رئيس البلدية,محتسب البلدية,2010-09-30,Y,,,,,
165,2010,95,95,2010-09-30,H,,2010-09-30,908000,1,Y,BUDGET,2010-09-30,رئيس البلدية,محتسب البلدية,2010-09-30,Y,,,,,
165,2010,96,96,2010-09-30,H,,2010-09-30,2520000,1,Y,BUDGET,2010-09-30,رئيس البلدية,محتسب البلدية,2010-09-30,Y,,,,,
165,2010,97,97,2010-09-30,H,,2010-09-30,1222000,1,Y,BUDGET,2010-09-30,رئيس البلدية,محتسب البلدية,2010-09-30,Y,,,,,
165,2010,98,98,2010-09-30,H,,2010-09-30,2024000,1,Y,BUDGET,2010-09-30,رئيس البلدية,محتسب البلدية,2010-09-30,Y,,,,,
165,2010,99,99,2010-09-30,H,,2010-09-30,2414000,1,Y,BUDGET,2010-09-30,رئيس البلدية,محتسب البلدية,2010-09-30,Y,,,,,
165,2010,100,100,2010-09-30,H,,2010-09-30,616000,1,Y,BUDGET,2010-09-30,رئيس البلدية,محتسب البلدية,2010-09-30,Y,,,,,
165,2010,101,101,2010-09-30,H,,2010-09-30,300000,1,Y,BUDGET,2010-09-30,رئيس البلدية,محتسب البلدية,2010-09-30,Y,,,,,
165,2010,102,102,2010-09-30,H,,2010-09-30,703000,1,Y,BUDGET,2010-09-30,رئيس البلدية,محتسب البلدية,2010-09-30,Y,,,,,
165,2010,103,103,2010-09-30,H,,2010-09-30,1068000,1,Y,BUDGET,2010-09-30,رئيس البلدية,محتسب البلدية,2010-09-30,Y,,,,,
165,2010,104,104,2010-09-30,,,2010-09-30,3405000,,N,BUDGET,2010-10-04,رئيس البلدية,محتسب البلدية,,N,خطأ في المبلغ,2010-10-04,,,
165,2010,105,105,2010-09-30,H,,2010-09-30,2195000,1,Y,MBSSMALL,2010-10-04,رئيس البلدية,محتسب البلدية,2010-09-30,Y,,,,,
165,2010,106,106,2010-09-30,H,,2010-09-30,1210000,1,Y,MBSSMALL,2010-10-04,رئيس البلدية,محتسب البلدية,2010-09-30,Y,,,,,
165,2010,107,107,2010-09-30,H,,2010-09-30,3510000,1,Y,BUDGET,2010-10-05,رئيس البلدية,محتسب البلدية,2010-09-30,Y,,,,,
165,2010,108,108,2010-09-30,,,2010-09-30,15260000,,N,BUDGET,2010-10-05,رئيس البلدية,محتسب البلدية,,N,خطأ في التنسيب,2010-10-05,,,
165,2010,109,109,2010-09-30,H,,2010-09-30,15260000,1,Y,BUDGET,2010-10-05,رئيس البلدية,محتسب البلدية,2010-09-30,Y,,,,,
165,2010,110,110,2010-09-30,H,,2010-09-30,8407000,1,Y,BUDGET,2010-10-05,رئيس البلدية,محتسب البلدية,2010-09-30,Y,,,,,
165,2010,111,111,2010-09-30,H,,2010-09-30,19200000,1,Y,BUDGET,2010-10-05,رئيس البلدية,محتسب البلدية,2010-09-30,Y,,,,,
165,2010,112,112,2010-09-30,H,,2010-09-30,19600000,1,Y,BUDGET,2010-10-05,رئيس البلدية,محتسب البلدية,2010-09-30,Y,,,,,
165,2010,113,113,2010-09-30,H,,2010-09-30,19950000,1,Y,BUDGET,2010-10-05,رئيس البلدية,محتسب البلدية,2010-09-30,Y,,,,,
165,2010,114,114,2010-09-30,H,,2010-09-30,12193000,1,Y,BUDGET,2010-10-05,رئيس البلدية,محتسب البلدية,2010-09-30,Y,,,,,
165,2010,115,115,2010-09-30,H,,2010-09-30,17729000,1,Y,BUDGET,2010-10-05,رئيس البلدية,محتسب البلدية,2010-09-30,Y,,,,,
165,2010,116,116,2010-09-30,H,,2010-09-30,5374000,1,Y,BUDGET,2010-10-05,رئيس البلدية,محتسب البلدية,2010-09-30,Y,,,,,
165,2010,117,117,2010-09-30,H,,2010-09-30,10314000,1,Y,BUDGET,2010-10-05,رئيس البلدية,محتسب البلدية,2010-09-30,Y,,,,,
165,2010,118,118,2010-09-30,H,,2010-09-30,758000,1,Y,BUDGET,2010-10-13,30/9/2010,محتسب البلدية,2010-09-30,Y,,,,,
165,2010,119,119,2010-11-01,H,,2010-11-01,2414000,1,Y,BUDGET,2010-11-01,رئيس البلدية,محتسب البلدية,2010-11-01,Y,,,,,
165,2010,120,120,2010-11-01,H,,2010-11-01,624000,1,Y,BUDGET,2010-11-01,رئيس البلدية,محتسب البلدية,2010-11-01,Y,,,,,
165,2010,121,121,2010-11-01,,,2010-11-01,300000,,N,BUDGET,2010-11-01,رئيس البلدية,محتسب البلدية,,N,خطأ في رقم الحجز,2010-12-03,,,
165,2010,122,122,2010-11-01,H,,2010-11-01,300000,1,Y,MBSSMALL,2010-12-03,رئيس البلدية,محتسب البلدية,2010-11-01,Y,,,,,
165,2010,123,123,2010-12-01,H,,2010-12-01,2414000,1,Y,MBSSMALL,2010-12-03,رئيس البلدية,محتسب البلدية,2010-12-01,Y,,,,,
165,2005,56,56,2005-06-06,H,,2005-06-07,1035000,1,Y,MBSMONA,2005-06-22,المجلس البلدي,امين الصندوق,2005-06-07,Y,,,,,
165,2005,57,57,2005-06-06,H,,2005-06-07,358000,1,Y,MBSMONA,2005-06-22,المجلس البلدي,امين الصندوق,2005-06-07,Y,,,,,
165,2005,58,58,2005-06-06,H,,2005-06-07,90000,1,Y,MBSMONA,2005-06-22,المجلس البلدي,امين الصندوق,2005-06-07,Y,,,,,
165,2005,59,59,2005-06-06,H,,2005-06-07,1695000,1,Y,MBSMONA,2005-06-22,المجلس البلدي,امين الصندوق,2005-06-07,Y,,,,,
165,2005,60,60,2005-06-06,H,,2005-06-07,114000,1,Y,MBSMONA,2005-06-22,المجلس البلدي,امين الصندوق,2005-06-07,Y,,,,,
165,2005,61,61,2005-06-06,H,,2005-06-07,45000,1,Y,MBSMONA,2005-06-22,المجلس البلدي,امين الصندوق,2005-06-07,Y,,,,,
165,2005,62,62,2005-06-07,H,,2005-06-07,2700000,1,Y,MBSMONA,2005-06-22,رئيس البلدية,امين الصندوق,2005-06-07,Y,,,,,
165,2005,63,63,2005-06-07,H,,2005-06-07,1050000,1,Y,MBSMONA,2005-06-22,رئيس البلدية,امين الصندوق,2005-06-07,Y,,,,,
165,2005,64,64,2005-06-07,H,,2005-06-07,1570000,1,Y,MBSMONA,2005-06-23,رئيس البلدية,امين الصندوق,2005-06-07,Y,,,,,
165,2005,65,65,2005-06-07,H,,2005-06-07,531000,1,Y,MBSMONA,2005-06-23,رئيس البلدية,امين الصندوق,2005-06-07,Y,,,,,
165,2005,66,66,2005-06-10,H,,2005-06-10,1788000,1,Y,MBSMONA,2005-07-14,رئيس البلدية,امين الصندوق,2005-06-10,Y,,,,,
165,2005,67,67,2005-06-10,H,,2005-06-10,419000,1,Y,MBSMONA,2005-07-14,رئيس البلدية,امين الصندوق,2005-06-10,Y,,,,,
165,2005,68,68,2005-06-10,H,,2005-06-10,70000,1,Y,MBSMONA,2005-07-14,رئيس البلدية,امين الصندوق,2005-06-10,Y,,,,,
165,2005,69,69,2005-06-10,H,,2005-06-10,6000,1,Y,MBSMONA,2005-07-14,رئيس البلدية,امين الصندوق,2005-06-10,Y,,,,,
165,2005,70,70,2005-06-10,H,,2005-06-10,585000,1,Y,MBSMONA,2005-08-29,رئيس البلدية,امين الصندوق,2005-06-10,Y,,,,,
165,2005,71,71,2005-06-10,H,,2005-06-10,275000,1,Y,MBSMONA,2005-08-29,رئيس البلدية,امين الصندوق,2005-06-10,Y,,,,,
165,2005,72,72,2005-06-10,H,,2005-06-10,110000,1,Y,MBSMONA,2005-08-29,رئيس البلدية,امين الصندوق,2005-06-10,Y,,,,,
165,2005,73,73,2005-06-30,H,,2005-07-05,121000,1,Y,MBSMONA,2005-08-29,رئيس البلدية,امين الصندوق,2005-07-05,Y,,,,,
165,2005,74,74,2005-06-30,H,,2005-07-05,225000,1,Y,MBSMONA,2005-08-29,رئيس البلدية,امين الصندوق,2005-07-05,Y,,,,,
165,2005,75,75,2005-06-30,H,,2005-07-05,200000,1,Y,MBSMONA,2005-08-29,رئيس البلدية,امين الصندوق,2005-07-05,Y,,,,,
165,2005,76,76,2005-06-30,H,,2005-07-05,1138000,1,Y,MBSMONA,2005-08-29,رئيس البلدية,امين الصندوق,2005-07-05,Y,,,,,
165,2005,77,77,2005-06-30,H,,2005-07-05,37000,1,Y,MBSMONA,2005-08-29,رئيس البلدية,امين الصندوق,2005-07-05,Y,,,,,
165,2005,78,78,2005-06-30,H,,2005-07-05,109000,1,Y,MBSMONA,2005-08-29,رئيس البلدية,امين الصندوق,2005-07-05,Y,,,,,
165,2005,79,79,2005-07-05,H,,2005-07-05,1050000,1,Y,MBSMONA,2005-08-30,رئيس البلدية,امين الصندوق,2005-07-05,Y,,,,,
165,2005,80,80,2005-06-30,H,,2005-06-30,1570000,1,Y,MBSMONA,2005-08-30,رئيس البلدية,امين الصندوق,2005-07-05,Y,,,,,
165,2005,81,81,2005-06-30,H,,2005-06-30,396000,1,Y,MBSMONA,2005-08-30,رئيس البلدية,امين الصندوق,2005-07-05,Y,,,,,
165,2005,82,82,2005-07-04,H,,2005-07-05,3055000,1,Y,MBSMONA,2005-08-31,المجلس البلدي,امين الصندوق,2005-07-05,Y,,,,,
165,2005,83,84,2005-07-04,H,,2005-07-05,2730000,1,Y,MBSMONA,2005-08-31,المجلس البلدي,امين الصندوق,2005-07-05,Y,,,,,
165,2005,230,230,2005-12-31,H,,2005-12-31,97000,1,Y,MBSSMALL,2006-02-01,رئيس البلدية,أمين الصندوق,2005-12-31,Y,,,,,
165,2006,1,1,2006-02-03,H,,2006-02-03,1856000,1,Y,MBSMONA,2006-04-23,رئيس البلدية,امين الصندوق,2006-02-03,Y,,,,,
165,2006,2,2,2006-02-03,H,,2006-02-03,354000,1,Y,MBSMONA,2006-04-23,رئيس البلدية,امين الصندوق,2006-02-03,Y,,,,,
165,2006,3,3,2006-02-03,H,,2006-02-03,1050000,1,Y,MBSMONA,2006-04-23,رئيس البلدية,امين الصندوق,2006-02-03,Y,,,,,
165,2006,4,4,2006-02-06,H,,2006-02-07,3213000,1,Y,MBSMONA,2006-04-24,المجلس البلدي,امين الصندوق,2006-02-07,Y,,,,,
165,2006,5,11,2006-02-06,H,,2006-02-07,150000,1,Y,MBSMONA,2006-04-24,المجلس البلدي,امين الصندوق,2006-02-07,Y,,,,,
165,2006,6,12,2006-02-06,H,,2006-02-07,270000,1,Y,MBSMONA,2006-04-24,المجلس البلدي,امين الصندوق,2006-02-07,Y,,,,,
165,2006,7,5,2006-02-06,H,,2006-02-07,1218000,1,Y,MBSMONA,2006-04-24,المجلس البلدي,امين الصندوق,2006-02-07,Y,,,,,
165,2006,8,6,2006-02-06,H,,2006-02-07,416000,1,Y,MBSMONA,2006-04-24,المجلس البلدي,امين الصندوق,2006-02-07,Y,,,,,
165,2006,9,7,2006-02-06,H,,2006-02-07,450000,1,Y,MBSMONA,2006-04-24,المجلس البلدي,امين الصندوق,2006-02-07,Y,,,,,
165,2006,10,8,2006-02-06,H,,2006-02-07,60000,1,Y,MBSMONA,2006-04-24,المجلس البلدي,امين الصندوق,2006-02-07,Y,,,,,
165,2006,11,9,2006-02-06,H,,2006-02-07,375000,1,Y,MBSMONA,2006-04-24,المجلس البلدي,امين الصندوق,2006-02-07,Y,,,,,
165,2006,12,13,2006-03-01,H,,2006-03-01,1636000,1,Y,MBSMONA,2006-04-24,رئيس البلدية,امين الصندوق,2006-03-01,Y,,,,,
165,2006,13,14,2006-03-01,H,,2006-03-01,294000,1,Y,MBSMONA,2006-04-24,رئيس البلدية,امين الصندوق,2006-03-01,Y,,,,,
165,2006,14,15,2006-03-03,H,,2006-03-03,3204000,1,Y,MBSMONA,2006-04-24,رئيس البلدية,امين الصندوق,2006-03-03,Y,,,,,
165,2006,15,16,2006-03-03,H,,2006-03-03,435000,1,Y,MBSMONA,2006-04-24,رئيس البلدية,امين الصندوق,2006-03-03,Y,,,,,
165,2006,16,17,2006-03-03,H,,2006-03-03,386000,1,Y,MBSMONA,2006-04-24,رئيس البلدية,امين الصندوق,2006-03-03,Y,,,,,
165,2006,17,18,2006-03-03,H,,2006-03-03,134000,1,Y,MBSMONA,2006-04-24,رئيس البلدية,امين الصندوق,2006-03-03,Y,,,,,
165,2006,18,19,2006-03-03,H,,2006-03-03,15000,1,Y,MBSMONA,2006-04-24,رئيس البلدية,امين الصندوق,2006-03-03,Y,,,,,
165,2006,19,20,2006-03-03,H,,2006-03-03,15000,1,Y,MBSMONA,2006-04-24,رئيس البلدية,امين الصندوق,2006-03-03,Y,,,,,
165,2006,20,21,2006-03-03,H,,2006-03-03,1660000,1,Y,MBSMONA,2006-04-27,رئيس البلدية,امين الصندوق,2006-03-03,Y,,,,,
165,2006,21,22,2006-03-03,H,,2006-03-03,220000,1,Y,MBSMONA,2006-04-27,رئيس البلدية,امين الصندوق,2006-03-03,Y,,,,,
165,2006,22,23,2006-03-03,H,,2006-03-03,150000,1,Y,MBSMONA,2006-04-27,رئيس البلدية,امين الصندوق,2006-03-03,Y,,,,,
165,2006,23,24,2006-03-03,H,,2006-03-03,16000,1,Y,MBSMONA,2006-04-27,رئيس البلدية,امين الصندوق,2006-03-03,Y,,,,,
165,2006,24,25,2006-03-01,H,,2006-03-01,2700000,1,Y,MBSMONA,2006-04-27,رئيس البلدية,امين الصندوق,2006-03-01,Y,,,,,
165,2006,25,26,2006-03-06,H,,2006-03-06,3197000,1,Y,MBSMONA,2006-04-27,رئيس البلدية,امين الصندوق,2006-03-06,Y,,,,,
165,2006,26,27,2006-03-06,H,,2006-03-06,1050000,1,Y,MBSMONA,2006-04-27,رئيس البلدية,امين الصندوق,2006-03-06,Y,,,,,
165,2006,27,28,2006-03-06,H,,2006-03-06,842000,1,Y,MBSMONA,2006-04-27,رئيس البلدية,امين الصندوق,2006-03-06,Y,,,,,
165,2006,28,29,2006-04-01,H,,2006-04-01,524000,1,Y,MBSMONA,2006-04-27,رئيس البلدية,امين الصندوق,2006-04-01,Y,,,,,
165,2006,29,30,2006-04-01,H,,2006-04-01,1112000,1,Y,MBSMONA,2006-04-27,رئيس البلدية,امين الصندوق,2006-04-01,Y,,,,,
165,2023,229,240,2023-12-29,H,,2023-12-29,14000000,1,Y,MBSSMALL,2024-01-25,رئيس البلدية,محتسب البلدية,2023-12-29,Y,,,,,1.0
165,2024,6,7,2024-01-31,H,,2024-01-31,13080000,1,Y,MBSSMALL,2024-02-29,رئيس البلدية,محتسب البلدية,2024-01-31,Y,,,,,1.0
165,2024,7,8,2024-01-31,H,,2024-01-31,11820000,1,Y,MBSSMALL,2024-02-29,رئيس البلدية,محتسب البلدية,2024-01-31,Y,,,,,1.0
165,2024,8,9,2024-01-31,H,,2024-01-31,12000000,1,Y,MBSSMALL,2024-02-29,رئيس البلدية,محتسب البلدية,2024-01-31,Y,,,,,1.0
165,2024,9,10,2024-01-31,H,,2024-01-31,12000000,1,Y,MBSSMALL,2024-02-29,رئيس البلدية,محتسب البلدية,2024-01-31,Y,,,,,1.0
165,2024,10,11,2024-02-29,H,,2024-02-29,2049000,1,Y,MBSSMALL,2024-02-29,رئيس البلدية,محتسب البلدية,2024-02-29,Y,,,,,1.0
165,2024,11,12,2024-02-29,H,,2024-02-29,1851000,1,Y,MBSSMALL,2024-02-29,رئيس البلدية,محتسب البلدية,2024-02-29,Y,,,,,1.0
165,2024,12,13,2024-02-29,H,,2024-02-29,2039000,1,Y,MBSSMALL,2024-02-29,رئيس البلدية,محتسب البلدية,2024-02-29,Y,,,,,1.0
165,2024,13,14,2024-02-29,H,,2024-02-29,1880000,1,Y,MBSSMALL,2024-02-29,رئيس البلدية,محتسب البلدية,2024-02-29,Y,,,,,1.0
165,2024,14,15,2024-02-29,H,,2024-02-29,23850000,1,Y,MBSSMALL,2024-02-29,رئيس البلدية,محتسب البلدية,2024-02-29,Y,,,,,1.0
165,2024,15,16,2024-02-29,H,,2024-02-29,13080000,1,Y,MBSSMALL,2024-02-29,رئيس البلدية,محتسب البلدية,2024-02-29,Y,,,,,1.0
165,2024,16,17,2024-02-29,H,,2024-02-29,11820000,1,Y,MBSSMALL,2024-02-29,رئيس البلدية,محتسب البلدية,2024-02-29,Y,,,,,1.0
165,2024,17,18,2024-02-29,H,,2024-02-29,12000000,1,Y,MBSSMALL,2024-02-29,رئيس البلدية,محتسب البلدية,2024-02-29,Y,,,,,1.0
165,2024,18,19,2024-02-29,H,,2024-02-29,12000000,1,Y,MBSSMALL,2024-02-29,رئيس البلدية,محتسب البلدية,2024-02-29,Y,,,,,1.0
165,2024,24,25,2024-03-21,H,,2024-03-21,38400000,1,Y,MBSSMALL,2024-04-03,رئيس البلدية,محتسب البلدية,2024-03-21,Y,,,,,1.0
165,2024,25,26,2024-03-21,H,,2024-03-21,30800000,1,Y,MBSSMALL,2024-04-03,رئيس البلدية,محتسب البلدية,2024-03-21,Y,,,,,1.0
165,2024,26,27,2024-03-21,H,,2024-03-21,35640000,1,Y,MBSSMALL,2024-04-03,رئيس البلدية,محتسب البلدية,2024-03-21,Y,,,,,1.0
165,2024,27,28,2024-03-21,H,,2024-03-21,49500000,1,Y,MBSSMALL,2024-04-03,رئيس البلدية,محتسب البلدية,2024-03-21,Y,,,,,1.0
165,2024,28,29,2024-03-21,H,,2024-03-21,45000000,1,Y,MBSSMALL,2024-04-03,رئيس البلدية,محتسب البلدية,2024-03-21,Y,,,,,1.0
165,2024,29,30,2024-03-21,H,,2024-03-21,34920000,1,Y,MBSSMALL,2024-04-03,رئيس البلدية,محتسب البلدية,2024-03-21,Y,,,,,1.0
165,2024,45,46,2024-04-02,H,,2024-04-02,23850000,1,Y,MBSSMALL,2024-04-23,رئيس البلدية,محتسب البلدية,2024-04-02,Y,,,,,1.0
165,2024,46,47,2024-04-02,H,,2024-04-02,17440000,1,Y,MBSSMALL,2024-04-23,رئيس البلدية,محتسب البلدية,2024-04-02,Y,,,,,1.0
165,2024,47,48,2024-04-02,H,,2024-04-02,16320000,1,Y,MBSSMALL,2024-04-23,رئيس البلدية,محتسب البلدية,2024-04-02,Y,,,,,1.0
165,2024,48,49,2024-04-02,H,,2024-04-02,12000000,1,Y,MBSSMALL,2024-04-23,رئيس البلدية,محتسب البلدية,2024-04-02,Y,,,,,1.0
165,2024,49,50,2024-04-02,H,,2024-04-02,12000000,1,Y,MBSSMALL,2024-04-23,رئيس البلدية,محتسب البلدية,2024-04-20,Y,,,,,1.0
165,2024,50,51,2024-04-02,H,,2024-04-02,13080000,1,Y,MBSSMALL,2024-04-23,رئيس البلدية,محتسب البلدية,2024-04-02,Y,,,,,1.0
165,2024,51,52,2024-04-02,H,,2024-04-02,11820000,1,Y,MBSSMALL,2024-04-23,رئيس البلدية,محتسب البلدية,2024-04-02,Y,,,,,1.0
165,2024,52,53,2024-05-02,H,,2024-05-02,2049000,1,Y,MBSSMALL,2024-05-09,رئيس البلدية,محتسب البلدية,2024-05-02,Y,,,,,1.0
165,2017,108,110,2017-07-31,H,,2017-07-31,2811000,1,Y,MBSSMALL,2017-08-19,رئيس البلدية,محتسب البلدية,2017-07-31,Y,,,,,
165,2017,109,111,2017-07-31,H,,2017-07-31,2329000,1,Y,MBSSMALL,2017-08-19,رئيس البلدية,محتسب البلدية,2017-07-31,Y,,,,,
165,2017,110,112,2017-08-19,H,,2017-08-19,2768000,1,Y,MBSSMALL,2017-08-21,رئيس البلدية,محتسب البلدية,2017-08-19,Y,,,,,
165,2018,206,206,2018-12-31,H,,2018-12-31,1733000,1,Y,MBSSMALL,2019-01-03,رئيس البلدية,محتسب البلدية,2018-12-31,Y,,,,,
165,2018,207,208,2018-12-31,H,,2018-12-31,640000,1,Y,MBSSMALL,2019-01-03,رئيس البلدية,محتسب البلدية,2018-12-31,Y,,,,,
165,2018,208,209,2018-12-31,H,,2018-12-31,385000,1,Y,MBSSMALL,2019-01-03,رئيس البلدية,محتسب البلدية,2018-12-31,Y,,,,,
165,2018,209,210,2018-12-31,H,,2018-12-31,158000,1,Y,MBSSMALL,2019-01-03,رئيس البلدية,محتسب البلدية,2018-12-31,Y,,,,,
165,2018,210,211,2018-12-31,H,,2018-12-31,975000,1,Y,MBSSMALL,2019-01-04,رئيس البلدية,محتسب البلدية,2018-12-31,Y,,,,,
165,2018,211,212,2018-12-31,H,,2018-12-31,19601000,1,Y,MBSSMALL,2019-01-24,رئيس البلدية,محتسب البلدية,2018-12-31,Y,,,,,
165,2018,212,213,2018-12-31,H,,2018-12-31,10724000,1,Y,MBSSMALL,2019-01-24,رئيس البلدية,محتسب البلدية,2018-12-31,Y,,,,,
165,2018,213,214,2018-12-31,H,,2018-12-31,302000,1,Y,MBSSMALL,2019-01-24,رئيس البلدية,محتسب البلدية,2018-12-31,Y,,,,,
165,2018,214,215,2018-12-31,H,,2018-12-31,17910000,1,Y,MBSSMALL,2019-01-24,رئيس البلدية,محتسب البلدية,2018-12-31,Y,,,,,
165,2018,215,216,2018-12-31,,,2018-12-31,10400000,,N,MBSSMALL,2019-01-24,رئيس البلدية,محتسب البلدية,,N,خطأ,2019-02-06,,,
165,2019,1,1,2019-02-22,H,,2019-02-22,15348000,1,Y,MBSSMALL,2019-02-25,رئيس البلدية,محتسب البلدية,2019-02-22,Y,,,,,
165,2019,2,2,2019-02-22,H,,2019-02-22,8799000,1,Y,MBSSMALL,2019-02-25,رئيس البلدية,محتسب البلدية,2019-02-22,Y,,,,,
165,2019,3,3,2019-02-22,H,,2019-02-22,1311000,1,Y,MBSSMALL,2019-02-25,رئيس البلدية,محتسب البلدية,2019-02-22,Y,,,,,
165,2019,4,4,2019-02-22,H,,2019-02-22,5500000,1,Y,MBSSMALL,2019-02-25,رئيس البلدية,محتسب البلدية,2019-02-22,Y,,,,,
165,2019,5,5,2019-02-22,H,,2019-02-22,900000,1,Y,MBSSMALL,2019-02-25,رئيس البلدية,محتسب البلدية,2019-02-22,Y,,,,,
165,2019,6,6,2019-02-22,H,,2019-02-22,10400000,1,Y,MBSSMALL,2019-03-05,رئيس البلدية,محتسب البلدية,2019-02-22,Y,,,,,
165,2019,7,7,2019-02-22,H,,2019-02-22,5649000,1,Y,MBSSMALL,2019-03-05,رئيس البلدية,محتسب البلدية,2019-02-22,Y,,,,,
165,2019,8,8,2019-02-25,H,,2019-02-25,1917000,1,Y,MBSSMALL,2019-03-05,رئيس البلدية,محتسب البلدية,2019-02-25,Y,,,,,
165,2019,9,9,2019-02-25,H,,2019-02-25,1729000,1,Y,MBSSMALL,2019-03-05,رئيس البلدية,محتسب البلدية,2019-02-25,Y,,,,,
165,2019,10,10,2019-02-25,H,,2019-02-25,1883000,1,Y,MBSSMALL,2019-03-05,رئيس البلدية,محتسب البلدية,2019-02-25,Y,,,,,
165,2019,11,11,2019-02-25,H,,2019-02-25,1724000,1,Y,MBSSMALL,2019-03-05,رئيس البلدية,محتسب البلدية,2019-02-25,Y,,,,,
165,2019,12,12,2019-02-25,H,,2019-02-25,640000,1,Y,MBSSMALL,2019-03-05,رئيس البلدية,محتسب البلدية,2019-02-25,Y,,,,,
165,2019,13,13,2019-02-25,H,,2019-02-25,385000,1,Y,MBSSMALL,2019-03-05,رئيس البلدية,محتسب البلدية,2019-02-25,Y,,,,,
165,2019,14,14,2019-02-28,H,,2019-02-28,1917000,1,Y,MBSSMALL,2019-03-05,رئيس البلدية,محتسب البلدية,2019-02-28,Y,,,,,
165,2019,15,15,2019-02-28,H,,2019-02-28,1729000,1,Y,MBSSMALL,2019-03-05,رئيس البلدية,محتسب البلدية,2019-02-28,Y,,,,,
165,2019,16,16,2019-02-28,H,,2019-02-28,1883000,1,Y,MBSSMALL,2019-03-05,رئيس البلدية,محتسب البلدية,2019-02-28,Y,,,,,
165,2019,17,17,2019-02-28,H,,2019-02-28,1724000,1,Y,MBSSMALL,2019-03-05,رئيس البلدية,محتسب البلدية,2019-02-28,Y,,,,,
165,2019,18,18,2019-03-04,H,,2019-03-04,608000,1,Y,MBSSMALL,2019-03-05,رئيس البلدية,محتسب البلدية,2019-03-04,Y,,,,,
165,2019,19,19,2019-03-04,H,,2019-03-04,385000,1,Y,MBSSMALL,2019-03-05,رئيس البلدية,محتسب البلدية,2019-03-04,Y,,,,,
165,2019,20,20,2019-03-04,H,,2019-03-04,420000,1,Y,MBSSMALL,2019-03-05,رئيس البلدية,محتسب البلدية,2019-03-04,Y,,,,,
165,2019,21,21,2019-03-20,H,,2019-03-20,14425000,1,Y,MBSSMALL,2019-04-04,رئيس البلدية,محتسب البلدية,2019-03-20,Y,,,,,
165,2019,22,22,2019-03-20,H,,2019-03-20,2488000,1,Y,MBSSMALL,2019-04-04,رئيس البلدية,محتسب البلدية,2019-03-20,Y,,,,,
165,2019,23,23,2019-03-20,H,,2019-03-20,2253000,1,Y,MBSSMALL,2019-04-04,رئيس البلدية,محتسب البلدية,2019-03-20,Y,,,,,
165,2019,24,24,2019-03-20,H,,2019-03-20,5500000,1,Y,MBSSMALL,2019-04-04,رئيس البلدية,محتسب البلدية,2019-03-20,Y,,,,,
165,2019,25,25,2019-04-01,H,,2019-04-01,1917000,1,Y,MBSSMALL,2019-04-04,رئيس البلدية,محتسب البلدية,2019-04-01,Y,,,,,
165,2019,26,26,2019-04-01,H,,2019-04-01,1729000,1,Y,MBSSMALL,2019-04-04,رئيس البلدية,محتسب البلدية,2019-04-01,Y,,,,,
165,2019,27,27,2019-04-01,H,,2019-04-01,1883000,1,Y,MBSSMALL,2019-04-04,رئيس البلدية,محتسب البلدية,2019-04-01,Y,,,,,
165,2019,28,28,2019-04-01,H,,2019-04-01,1724000,1,Y,MBSSMALL,2019-04-04,رئيس البلدية,محتسب البلدية,2019-04-01,Y,,,,,
165,2019,29,29,2019-04-01,H,,2019-04-01,640000,1,Y,MBSSMALL,2019-04-04,رئيس البلدية,محتسب البلدية,2019-04-01,Y,,,,,
165,2019,30,30,2019-04-01,H,,2019-04-01,385000,1,Y,MBSSMALL,2019-04-04,رئيس البلدية,محتسب البلدية,2019-04-01,Y,,,,,
165,2019,31,31,2019-04-30,H,,2019-04-30,1917000,1,Y,MBSSMALL,2019-05-03,رئيس البلدية,محتسب البلدية,2019-04-30,Y,,,,,
165,2019,32,32,2019-04-30,H,,2019-04-30,1729000,1,Y,MBSSMALL,2019-05-03,رئيس البلدية,محتسب البلدية,2019-04-30,Y,,,,,
165,2014,18,18,2014-04-01,H,,2014-04-01,1040000,1,Y,MBSSMALL,2014-04-01,رئيس البلدية,محتسب البلدية,2014-04-01,Y,,,,,
165,2014,19,19,2014-04-01,H,,2014-04-01,2221000,1,Y,MBSSMALL,2014-04-01,رئيس البلدية,محتسب البلدية,2014-04-01,Y,,,,,
165,2014,20,20,2014-04-01,H,,2014-04-01,624000,1,Y,BUDGET,2014-04-01,رئيس البلدية,محتسب البلدية,2014-04-01,Y,,,,,
165,2014,21,21,2014-04-01,H,,2014-04-01,1100000,1,Y,BUDGET,2014-04-01,رئيس البلدية,محتسب البلدية,2014-04-01,Y,,,,,
165,2014,22,22,2014-04-01,H,,2014-04-01,100000,1,Y,BUDGET,2014-04-01,رئيس البلدية,محتسب البلدية,2014-04-01,Y,,,,,
165,2014,23,23,2014-04-08,H,,2014-04-08,2998000,1,Y,BUDGET,2014-04-08,رئيس البلدية,محتسب البلدية,2014-04-08,Y,,,,,
165,2014,24,24,2014-04-14,H,,2014-04-14,920000,1,Y,BUDGET,2014-04-14,رئيس البلدية,محتسب البلدية,2014-04-14,Y,,,,,
165,2014,25,25,2014-04-14,H,,2014-04-14,17951000,1,Y,BUDGET,2014-04-14,رئيس البلدية,محتسب البلدية,2014-04-14,Y,,,,,
165,2014,26,26,2014-04-14,H,,2014-04-14,8168000,1,Y,BUDGET,2014-04-14,رئيس البلدية,محتسب البلدية,2014-04-14,Y,,,,,
165,2014,27,27,2014-04-14,H,,2014-04-14,2850000,1,Y,BUDGET,2014-04-14,رئيس البلدية,محتسب البلدية,2014-04-14,Y,,,,,
165,2014,28,28,2014-04-14,H,,2014-04-14,130000,1,Y,BUDGET,2014-04-14,رئيس البلدية,محتسب البلدية,2014-04-14,Y,,,,,
165,2014,29,29,2014-04-14,H,,2014-04-14,5699000,1,Y,BUDGET,2014-04-14,رئيس البلدية,محتسب البلدية,2014-04-14,Y,,,,,
165,2014,30,30,2014-04-30,H,,2014-04-30,1040000,1,Y,BUDGET,2014-04-30,رئيس البلدية,محتسب البلدية,2014-04-30,Y,,,,,
165,2011,103,103,2011-09-30,H,,2011-09-30,2414000,1,Y,BUDGET,2011-09-30,رئيس البلدية,محتسب البلدية,2011-09-30,Y,,,,,
165,2011,104,104,2011-09-30,H,,2011-09-30,8194000,1,Y,BUDGET,2011-09-30,رئيس البلدية,محتسب البلدية,2011-09-30,Y,,,,,
165,2011,105,105,2011-11-01,H,,2011-11-01,2504000,1,Y,BUDGET,2011-11-01,رئيس البلدية,محتسب البلدية,2011-11-01,Y,,,,,
165,2011,106,106,2011-11-01,,,2011-11-01,624000,,N,BUDGET,2011-11-01,رئيس البلدية,محتسب البلدية,,N,خطأ في التنسيب,2011-11-01,,,
165,2011,107,107,2011-11-01,H,,2011-11-01,624000,1,Y,BUDGET,2011-11-01,رئيس البلدية,محتسب البلدية,2011-11-01,Y,,,,,
165,2010,81,81,2010-09-01,H,,2010-09-01,2414000,1,Y,BUDGET,2010-09-01,رئيس البلدية,محتسب البلدية,2010-09-01,Y,,,,,
165,2010,82,82,2010-09-01,H,,2010-09-01,624000,1,Y,BUDGET,2010-09-01,رئيس البلدية,محتسب البلدية,2010-09-01,Y,,,,,
165,2015,160,160,2015-12-01,H,,2015-12-01,1100000,1,Y,MBSSMALL,2015-12-02,رئيس البلدية,محتسب البلدية,2015-12-01,Y,,,,,
165,2015,161,161,2015-12-01,H,,2015-12-01,100000,1,Y,MBSSMALL,2015-12-02,رئيس البلدية,محتسب البلدية,2015-12-01,Y,,,,,
165,2015,162,162,2015-12-07,H,,2015-12-07,1290000,1,Y,MBSSMALL,2015-12-07,رئيس البلدية,محتسب البلدية,2015-12-07,Y,,,,,
165,2015,163,163,2015-12-07,H,,2015-12-07,2020000,1,Y,MBSSMALL,2015-12-07,رئيس البلدية,محتسب البلدية,2015-12-07,Y,,,,,
165,2015,164,164,2015-12-11,H,,2015-12-11,1004000,1,Y,MBSSMALL,2015-12-11,رئيس البلدية,محتسب البلدية,2015-12-11,Y,,,,,
165,2015,165,165,2015-12-22,H,,2015-12-22,900000,1,Y,MBSSMALL,2015-12-22,رئيس البلدية,محتسب البلدية,2015-12-22,Y,,,,,
165,2015,166,166,2015-12-22,H,,2015-12-22,13661000,1,Y,MBSSMALL,2015-12-22,رئيس البلدية,محتسب البلدية,2015-12-22,Y,,,,,
165,2015,167,167,2015-12-22,H,,2015-12-22,2453000,1,Y,MBSSMALL,2015-12-22,رئيس البلدية,محتسب البلدية,2015-12-22,Y,,,,,
165,2015,168,168,2015-12-22,H,,2015-12-22,5573000,1,Y,MBSSMALL,2015-12-22,رئيس البلدية,محتسب البلدية,2015-12-22,Y,,,,,
165,2015,169,169,2015-12-22,H,,2015-12-22,6793000,1,Y,MBSSMALL,2015-12-22,رئيس البلدية,محتسب البلدية,2015-12-22,Y,,,,,
165,2015,170,170,2015-12-24,H,,2015-12-24,1500000,1,Y,MBSSMALL,2015-12-24,رئيس البلدية,محتسب البلدية,2015-12-24,Y,,,,,
165,2015,171,171,2015-12-24,H,,2015-12-24,2700000,1,Y,MBSSMALL,2015-12-24,رئيس البلدية,محتسب البلدية,2015-12-24,Y,,,,,
165,2015,172,172,2015-12-24,H,,2015-12-24,1659000,1,Y,MBSSMALL,2015-12-24,رئيس البلدية,محتسب البلدية,2015-12-24,Y,,,,,
165,2015,173,173,2015-12-26,H,,2015-12-26,2783000,1,Y,MBSSMALL,2015-12-26,رئيس البلدية,محتسب البلدية,2015-12-26,Y,,,,,
165,2015,174,174,2015-12-26,H,,2015-12-26,145000,1,Y,MBSSMALL,2015-12-26,رئيس البلدية,محتسب البلدية,2015-12-26,Y,,,,,
165,2015,175,175,2015-12-29,H,,2015-12-29,1900000,1,Y,MBSSMALL,2015-12-29,رئيس البلدية,محتسب البلدية,2015-12-29,Y,,,,,
165,2015,176,176,2015-12-29,H,,2015-12-29,1005000,1,Y,MBSSMALL,2015-12-29,رئيس البلدية,محتسب البلدية,2015-12-29,Y,,,,,
165,2015,177,177,2015-12-29,H,,2015-12-29,700000,1,Y,MBSSMALL,2015-12-29,رئيس البلدية,محتسب البلدية,2015-12-29,Y,,,,,
165,2015,178,178,2015-12-30,H,,2015-12-30,1752000,1,Y,MBSSMALL,2015-12-30,رئيس البلدية,محتسب البلدية,2015-12-30,Y,,,,,
165,2015,179,179,2015-12-30,H,,2015-12-30,44000,1,Y,MBSSMALL,2015-12-30,رئيس البلدية,محتسب البلدية,2015-12-30,Y,,,,,
165,2015,180,180,2015-12-30,H,,2015-12-30,540000,1,Y,MBSSMALL,2015-12-30,رئيس البلدية,محتسب البلدية,2015-12-30,Y,,,,,
165,2015,181,181,2015-12-30,H,,2015-12-30,1800000,1,Y,MBSSMALL,2015-12-30,رئيس البلدية,محتسب البلدية,2015-12-30,Y,,,,,
165,2015,182,182,2015-12-30,H,,2015-12-30,113000,1,Y,MBSSMALL,2015-12-30,رئيس البلدية,محتسب البلدية,2015-12-30,Y,,,,,
165,2015,183,183,2015-12-30,H,,2015-12-30,1166000,1,Y,MBSSMALL,2015-12-30,رئيس البلدية,محتسب البلدية,2015-12-30,Y,,,,,
165,2015,184,184,2015-12-31,H,,2015-12-31,1067000,1,Y,MBSSMALL,2015-12-31,رئيس البلدية,محتسب البلدية,2015-12-31,Y,,,,,
165,2015,185,185,2015-12-31,H,,2015-12-31,2221000,1,Y,MBSSMALL,2015-12-31,رئيس البلدية,محتسب البلدية,2015-12-31,Y,,,,,
165,2015,186,186,2015-12-31,H,,2015-12-31,624000,1,Y,MBSSMALL,2015-12-31,رئيس البلدية,محتسب البلدية,2015-12-31,Y,,,,,
165,2015,187,187,2015-12-31,H,,2015-12-31,1100000,1,Y,MBSSMALL,2015-12-31,رئيس البلدية,محتسب البلدية,2015-12-31,Y,,,,,
165,2015,188,188,2015-12-31,H,,2015-12-31,100000,1,Y,MBSSMALL,2015-12-31,رئيس البلدية,محتسب البلدية,2015-12-31,Y,,,,,
165,2015,189,189,2015-12-31,H,,2015-12-31,1472000,1,Y,MBSSMALL,2016-01-04,رئيس البلدية,محتسب البلدية,2015-12-31,Y,,,,,
165,2015,190,190,2015-12-31,H,,2015-12-31,900000,1,Y,MBSSMALL,2016-01-14,رئيس البلدية,محتسب البلدية,2015-12-31,Y,,,,,
165,2015,191,191,2015-12-31,H,,2015-12-31,15644000,1,Y,MBSSMALL,2016-01-14,رئيس البلدية,محتسب البلدية,2015-12-31,Y,,,,,
165,2015,192,192,2015-12-31,H,,2015-12-31,5402000,1,Y,MBSSMALL,2016-01-14,رئيس البلدية,محتسب البلدية,2015-12-31,Y,,,,,
165,2016,1,1,2016-02-12,H,,2016-02-12,930000,1,Y,MBSSMALL,2016-02-20,رئيس البلدية,محتسب البلدية,2016-02-12,Y,,,,,
165,2016,2,2,2016-02-12,H,,2016-02-12,17294000,1,Y,MBSSMALL,2016-02-20,رئيس البلدية,محتسب البلدية,2016-02-12,Y,,,,,
165,2016,3,3,2016-02-12,H,,2016-02-12,8895000,1,Y,MBSSMALL,2016-02-25,رئيس البلدية,محتسب البلدية,2016-02-12,Y,,,,,
165,2016,4,4,2016-02-12,H,,2016-02-12,17264000,1,Y,MBSSMALL,2016-02-25,رئيس البلدية,محتسب البلدية,2016-02-12,Y,,,,,
165,2016,5,5,2016-02-12,H,,2016-02-12,13697000,1,Y,MBSSMALL,2016-02-25,رئيس البلدية,محتسب البلدية,2016-02-12,Y,,,,,
165,2016,6,6,2016-02-12,H,,2016-02-12,6143000,1,Y,MBSSMALL,2016-02-25,رئيس البلدية,محتسب البلدية,2016-02-12,Y,,,,,
165,2016,7,7,2016-02-12,H,,2016-02-12,19290000,1,Y,MBSSMALL,2016-02-25,رئيس البلدية,محتسب البلدية,2016-02-12,Y,,,,,
165,2007,46,46,2007-02-12,H,,2007-02-13,2162000,1,Y,MBSMONA,2007-02-20,المجلس البلدي,امين الصندوق,2007-02-13,Y,,,,,
165,2007,47,47,2007-01-31,H,,2007-01-31,1636000,1,Y,MBSMONA,2007-02-21,رئيس البلدية,امين الصندوق,2007-01-31,Y,,,,,
165,2007,48,48,2007-01-31,H,,2007-01-31,348000,1,Y,MBSMONA,2007-02-21,رئيس البلدية,امين الصندوق,2007-01-31,Y,,,,,
165,2007,49,49,2007-02-13,H,,2007-02-13,1500000,1,Y,MBSMONA,2007-02-21,رئيس البلدية,امين الصندوق,2007-02-13,Y,,,,,
165,2007,50,50,2007-02-28,H,,2007-02-28,3000000,1,Y,MBSMONA,2007-02-28,رئيس البلدية,امين الصندوق,2007-02-28,Y,,,,,
165,2007,51,51,2007-03-01,H,,2007-03-01,2700000,1,Y,MBSMONA,2007-03-02,رئيس البلدية,امين الصندوق,2007-03-01,Y,,,,,
165,2007,52,52,2007-03-01,H,,2007-03-01,1636000,1,Y,MBSMONA,2007-03-14,رئيس البلدية,امين الصندوق,2007-03-01,Y,,,,,
165,2007,53,53,2007-03-01,H,,2007-03-01,420000,1,Y,MBSMONA,2007-03-14,رئيس البلدية,امين الصندوق,2007-03-01,Y,,,,,
165,2007,54,54,2007-03-01,H,,2007-03-01,1500000,1,Y,MBSMONA,2007-03-14,رئيس البلدية,امين الصندوق,2007-03-01,Y,,,,,
165,2007,55,55,2007-03-08,H,,2007-03-09,3216000,1,Y,MBSMONA,2007-03-14,المجلس البلدي,امين الصندوق,2007-03-09,Y,,,,,
165,2007,56,57,2007-03-08,,,2007-03-09,4274000,,N,MBSMONA,2007-03-14,المجلس البلدي,امين الصندوق,,N,خطأ في القيمة,2007-06-28,,,
165,2005,84,85,2005-07-04,H,,2005-07-05,3743000,1,Y,MBSMONA,2005-08-31,المجلس البلدي,امين الصندوق,2005-07-05,Y,,,,,
165,2005,85,86,2005-07-04,H,,2005-07-05,210000,1,Y,MBSMONA,2005-08-31,المجلس البلدي,امين الصندوق,2005-07-05,Y,,,,,
165,2005,86,87,2005-07-04,H,,2005-07-05,3400000,1,Y,MBSMONA,2005-08-31,المجلس البلدي,امين الصندوق,2005-07-05,Y,,,,,
165,2005,87,88,2005-07-04,H,,2005-07-05,2025000,1,Y,MBSMONA,2005-08-31,المجلس البلدي,امين الصندوق,2005-07-05,Y,,,,,
165,2005,88,89,2005-07-04,H,,2005-07-05,330000,1,Y,MBSMONA,2005-08-31,المجلس البلدي,امين الصندوق,2005-07-05,Y,,,,,
165,2005,89,90,2005-07-04,H,,2005-07-05,1215000,1,Y,MBSMONA,2005-09-01,المجلس البلدي,امين الصندوق,2005-07-05,Y,,,,,
165,2011,119,119,2011-12-23,H,,2011-12-23,1428000,1,Y,MBSSMALL,2011-12-23,رئيس البلدية,محتسب البلدية,2011-12-23,Y,,,,,
165,2011,120,120,2011-12-29,H,,2011-12-29,1289000,1,Y,BUDGET,2011-12-29,رئيس البلدية,محتسب البلدية,2011-12-29,Y,,,,,
165,2011,121,121,2011-12-31,H,,2011-12-31,1613000,1,Y,BUDGET,2011-12-31,رئيس البلدية,محتسب البلدية,2011-12-31,Y,,,,,
165,2011,122,122,2011-12-31,H,,2011-12-31,792000,1,Y,BUDGET,2011-12-31,رئيس البلدية,محتسب البلدية,2011-12-31,Y,,,,,
165,2011,123,123,2011-12-31,H,,2011-12-31,624000,1,Y,BUDGET,2011-12-31,رئيس البلدية,محتسب البلدية,2011-12-31,Y,,,,,
165,2011,124,124,2011-12-31,H,,2011-12-31,300000,1,Y,BUDGET,2011-12-31,رئيس البلدية,محتسب البلدية,2011-12-31,Y,,,,,
165,2011,125,125,2011-12-31,H,,2011-12-31,689000,1,Y,BUDGET,2011-12-31,رئيس البلدية,محتسب البلدية,2011-12-31,Y,,,,,
165,2011,126,126,2011-12-31,H,,2011-12-31,200000,1,Y,BUDGET,2011-12-31,رئيس البلدية,محتسب البلدية,2011-12-31,Y,,,,,
165,2011,127,127,2011-12-31,H,,2011-12-31,2378000,1,Y,BUDGET,2011-12-31,رئيس البلدية,محتسب البلدية,2011-12-31,Y,,,,,
165,2011,128,128,2011-12-31,H,,2011-12-31,6959000,1,Y,BUDGET,2011-12-31,رئيس البلدية,محتسب البلدية,2011-12-31,Y,,,,,
165,2011,129,129,2011-12-31,H,,2011-12-31,3750000,1,Y,BUDGET,2011-12-31,رئيس البلدية,محتسب البلدية,2011-12-31,Y,,,,,
165,2012,1,1,2012-02-07,H,,2012-02-07,2528000,1,Y,BUDGET,2012-02-07,رئيس البلدية,محتسب البلدية,2012-02-07,Y,,,,,
165,2012,2,2,2012-02-07,H,,2012-02-07,608000,1,Y,BUDGET,2012-02-07,رئيس البلدية,محتسب البلدية,2012-02-07,Y,,,,,
165,2012,3,3,2012-02-07,H,,2012-02-07,300000,1,Y,BUDGET,2012-02-07,رئيس البلدية,محتسب البلدية,2012-02-07,Y,,,,,
165,2012,4,4,2012-03-01,H,,2012-03-01,2528000,1,Y,BUDGET,2012-03-01,رئيس البلدية,محتسب البلدية,2012-03-01,Y,,,,,
165,2012,5,5,2012-03-01,H,,2012-03-01,600000,1,Y,BUDGET,2012-03-01,رئيس البلدية,محتسب البلدية,2012-03-01,Y,,,,,
165,2012,6,6,2012-03-01,H,,2012-03-01,300000,1,Y,BUDGET,2012-03-01,رئيس البلدية,محتسب البلدية,2012-03-01,Y,,,,,
165,2012,7,7,2012-03-11,H,,2012-03-11,7194000,1,Y,BUDGET,2012-03-12,رئيس البلدية,محتسب البلدية,2012-03-11,Y,,,,,
165,2012,8,8,2012-03-11,H,,2012-03-11,17518000,1,Y,BUDGET,2012-03-12,رئيس البلدية,محتسب البلدية,2012-03-11,Y,,,,,
165,2012,9,9,2012-03-11,H,,2012-03-11,12050000,1,Y,BUDGET,2012-03-12,رئيس البلدية,محتسب البلدية,2012-03-11,Y,,,,,
165,2012,10,10,2012-03-11,H,,2012-03-11,18496000,1,Y,BUDGET,2012-03-12,رئيس البلدية,محتسب البلدية,2012-03-11,Y,,,,,
165,2012,11,11,2012-03-11,H,,2012-03-11,4702000,1,Y,BUDGET,2012-03-12,رئيس البلدية,محتسب البلدية,2012-03-11,Y,,,,,
165,2012,12,12,2012-03-11,H,,2012-03-11,7200000,1,Y,BUDGET,2012-03-12,رئيس البلدية,محتسب البلدية,2012-03-11,Y,,,,,
165,2012,13,13,2012-03-11,H,,2012-03-11,4000000,1,Y,BUDGET,2012-03-12,رئيس البلدية,محتسب البلدية,2012-03-11,Y,,,,,
165,2012,14,14,2012-03-11,H,,2012-03-11,5787000,1,Y,BUDGET,2012-03-12,رئيس البلدية,محتسب البلدية,2012-03-11,Y,,,,,
165,2012,15,15,2012-03-11,H,,2012-03-11,4170000,1,Y,BUDGET,2012-03-12,رئيس البلدية,محتسب البلدية,2012-03-11,Y,,,,,
165,2012,16,16,2012-03-12,H,,2012-03-12,4895000,1,Y,BUDGET,2012-03-12,رئيس البلدية,محتسب البلدية,2012-03-12,Y,,,,,
165,2012,17,17,2012-04-04,H,,2012-04-04,2528000,1,Y,BUDGET,2012-04-04,رئيس البلدية,محتسب البلدية,2012-04-04,Y,,,,,
165,2012,18,18,2012-04-05,H,,2012-04-05,632000,1,Y,BUDGET,2012-04-05,رئيس البلدية,محتسب البلدية,2012-04-05,Y,,,,,
165,2012,19,19,2012-04-05,H,,2012-04-05,300000,1,Y,BUDGET,2012-04-05,رئيس البلدية,محتسب البلدية,2012-04-05,Y,,,,,
165,2012,20,20,2012-04-05,H,,2012-04-05,1500000,1,Y,BUDGET,2012-04-05,رئيس البلدية,محتسب البلدية,2012-04-05,Y,,,,,
165,2012,21,21,2012-04-05,H,,2012-04-05,1700000,1,Y,BUDGET,2012-04-05,رئيس البلدية,محتسب البلدية,2012-04-05,Y,,,,,
165,2012,22,22,2012-04-05,H,,2012-04-05,450000,1,Y,BUDGET,2012-04-05,رئيس البلدية,محتسب البلدية,2012-04-05,Y,,,,,
165,2012,23,23,2012-05-02,H,,2012-05-02,2528000,1,Y,BUDGET,2012-05-02,رئيس البلدية,محتسب البلدية,2012-05-02,Y,,,,,
165,2012,24,24,2012-05-02,H,,2012-05-02,584000,1,Y,BUDGET,2012-05-02,رئيس البلدية,محتسب البلدية,2012-05-02,Y,,,,,
165,2012,25,25,2012-05-02,H,,2012-05-02,300000,1,Y,BUDGET,2012-05-02,رئيس البلدية,محتسب البلدية,2012-05-02,Y,,,,,
165,2012,26,26,2012-05-03,H,,2012-05-03,834000,1,Y,BUDGET,2012-05-03,رئيس البلدية,محتسب البلدية,2012-05-03,Y,,,,,
165,2012,27,27,2012-05-03,H,,2012-05-03,660000,1,Y,BUDGET,2012-05-03,رئيس البلدية,محتسب البلدية,2012-05-03,Y,,,,,
165,2012,28,28,2012-05-22,H,,2012-05-22,1083000,1,Y,BUDGET,2012-05-22,رئيس البلدية,محتسب البلدية,2012-05-22,Y,,,,,
165,2012,121,122,2012-12-12,H,,2012-12-12,11966000,1,Y,BUDGET,2012-12-12,رئيس البلدية,محتسب البلدية,2012-12-12,Y,,,,,
165,2012,122,123,2012-12-12,H,,2012-12-12,10694000,1,Y,BUDGET,2012-12-12,رئيس البلدية,محتسب البلدية,2012-12-12,Y,,,,,
165,2012,123,124,2012-12-12,H,,2012-12-12,6345000,1,Y,BUDGET,2012-12-12,رئيس البلدية,محتسب البلدية,2012-12-12,Y,,,,,
165,2012,124,125,2012-12-12,H,,2012-12-12,4000000,1,Y,BUDGET,2012-12-13,رئيس البلدية,محتسب البلدية,2012-12-12,Y,,,,,
165,2012,125,126,2012-12-20,H,,2012-12-20,110000,1,Y,BUDGET,2012-12-20,رئيس البلدية,محتسب البلدية,2012-12-20,Y,,,,,
165,2012,126,127,2012-12-20,H,,2012-12-20,1793000,1,Y,BUDGET,2012-12-20,رئيس البلدية,محتسب البلدية,2012-12-20,Y,,,,,
165,2012,127,128,2012-12-20,H,,2012-12-20,150000,1,Y,BUDGET,2012-12-20,رئيس البلدية,محتسب البلدية,2012-12-20,Y,,,,,
165,2012,128,129,2012-12-20,H,,2012-12-20,2145000,1,Y,BUDGET,2012-12-20,رئيس البلدية,محتسب البلدية,2012-12-20,Y,,,,,
165,2012,129,132,2012-12-20,H,,2012-12-20,1721000,1,Y,MBSSMALL,2012-12-27,رئيس البلدية,محتسب البلدية,2012-12-20,Y,,,,,
165,2012,130,133,2012-12-20,H,,2012-12-20,550000,1,Y,MBSSMALL,2012-12-27,رئيس البلدية,محتسب البلدية,2012-12-20,Y,,,,,
165,2012,131,134,2012-12-20,H,,2012-12-20,700000,1,Y,MBSSMALL,2012-12-27,رئيس البلدية,محتسب البلدية,2012-12-20,Y,,,,,
165,2012,132,135,2012-12-20,H,,2012-12-20,54000,1,Y,BUDGET,2012-12-28,رئيس البلدية,محتسب البلدية,2012-12-20,Y,,,,,
165,2012,133,136,2012-12-20,H,,2012-12-20,1509000,1,Y,BUDGET,2012-12-28,رئيس البلدية,محتسب البلدية,2012-12-20,Y,,,,,
165,2012,134,137,2012-12-20,H,,2012-12-20,1837000,1,Y,BUDGET,2012-12-28,رئيس البلدية,محتسب البلدية,2012-12-20,Y,,,,,
165,2024,53,54,2024-05-02,H,,2024-05-02,1917000,1,Y,MBSSMALL,2024-05-09,رئيس البلدية,محتسب البلدية,2024-05-02,Y,,,,,1.0
165,2024,54,56,2024-05-02,H,,2024-05-02,2039000,1,Y,MBSSMALL,2024-05-09,رئيس البلدية,محتسب البلدية,2024-05-02,Y,,,,,1.0
165,2024,55,57,2024-05-02,H,,2024-05-02,1880000,1,Y,MBSSMALL,2024-05-09,رئيس البلدية,محتسب البلدية,2024-05-02,Y,,,,,1.0
165,2024,56,58,2024-05-02,H,,2024-05-02,22950000,1,Y,MBSSMALL,2024-05-09,رئيس البلدية,محتسب البلدية,2024-05-02,Y,,,,,1.0
165,2024,57,59,2024-05-02,H,,2024-05-02,17440000,1,Y,MBSSMALL,2024-05-09,رئيس البلدية,محتسب البلدية,2024-05-02,Y,,,,,1.0
165,2024,58,60,2024-05-02,H,,2024-05-02,16320000,1,Y,MBSSMALL,2024-05-09,رئيس البلدية,محتسب البلدية,2024-05-02,Y,,,,,1.0
165,2024,59,62,2024-05-02,H,,2024-05-02,16000000,1,Y,MBSSMALL,2024-05-09,رئيس البلدية,محتسب البلدية,2024-05-02,Y,,,,,1.0
165,2024,60,63,2024-05-02,H,,2024-05-02,16000000,1,Y,MBSSMALL,2024-05-09,رئيس البلدية,محتسب البلدية,2024-05-02,Y,,,,,1.0
165,2024,61,64,2024-05-16,H,,2024-05-16,7295000,1,Y,MBSSMALL,2024-06-11,رئيس البلدية,محتسب البلدية,2024-05-16,Y,,,,,1.0
165,2024,66,69,2024-05-31,H,,2024-05-31,2049000,1,Y,MBSSMALL,2024-06-12,رئيس البلدية,محتسب البلدية,2024-05-31,Y,,,,,1.0
165,2024,67,70,2024-05-31,H,,2024-05-31,1917000,1,Y,MBSSMALL,2024-06-12,رئيس البلدية,محتسب البلدية,2024-05-31,Y,,,,,1.0
165,2024,68,72,2024-05-31,H,,2024-05-31,2039000,1,Y,MBSSMALL,2024-06-12,رئيس البلدية,محتسب البلدية,2024-05-31,Y,,,,,1.0
165,2024,69,73,2024-05-31,H,,2024-05-31,1880000,1,Y,MBSSMALL,2024-06-12,رئيس البلدية,محتسب البلدية,2024-05-31,Y,,,,,1.0
165,2024,70,74,2024-05-31,H,,2024-05-31,24750000,1,Y,MBSSMALL,2024-06-13,رئيس البلدية,محتسب البلدية,2024-05-31,Y,,,,,1.0
165,2024,71,75,2024-05-31,H,,2024-05-31,17440000,1,Y,MBSSMALL,2024-06-14,رئيس البلدية,محتسب البلدية,2024-05-31,Y,,,,,1.0
165,2024,72,76,2024-05-31,H,,2024-05-31,16320000,1,Y,MBSSMALL,2024-06-14,رئيس البلدية,محتسب البلدية,2024-05-31,Y,,,,,1.0
165,2024,73,77,2024-05-31,H,,2024-05-31,16000000,1,Y,MBSSMALL,2024-06-14,رئيس البلدية,محتسب البلدية,2024-05-31,Y,,,,,1.0
165,2024,74,78,2024-05-31,H,,2024-05-31,16000000,1,Y,MBSSMALL,2024-06-14,رئيس البلدية,محتسب البلدية,2024-05-31,Y,,,,,1.0
165,2024,75,79,2024-05-31,H,,2024-05-31,15000000,1,Y,MBSSMALL,2024-06-19,رئيس البلدية,محتسب البلدية,2024-05-31,Y,,,,,1.0
165,2024,76,80,2024-05-31,H,,2024-05-31,15000000,1,Y,MBSSMALL,2024-06-19,رئيس البلدية,محتسب البلدية,2024-05-31,Y,,,,,1.0
165,2024,77,81,2024-06-19,H,,2024-06-19,11664000,1,Y,MBSSMALL,2024-06-19,رئيس البلدية,محتسب البلدية,2024-06-19,Y,,,,,1.0
165,2024,79,83,2024-06-19,H,,2024-06-19,6300000,1,Y,MBSSMALL,2024-06-20,رئيس البلدية,محتسب البلدية,2024-06-19,Y,,,,,1.0
165,2024,131,135,2024-07-12,H,,2024-07-12,46354000,1,Y,MBSSMALL,2024-07-25,رئيس البلدية,محتسب البلدية,2024-07-12,Y,,,,,1.0
165,2024,132,136,2024-07-12,H,,2024-07-12,36449000,1,Y,MBSSMALL,2024-07-25,رئيس البلدية,محتسب البلدية,2024-07-12,Y,,,,,1.0
165,2024,133,137,2024-07-12,H,,2024-07-12,24932000,1,Y,MBSSMALL,2024-07-25,رئيس البلدية,محتسب البلدية,2024-07-12,Y,,,,,1.0
165,2024,134,138,2024-07-12,H,,2024-07-12,29048000,1,Y,MBSSMALL,2024-07-25,رئيس البلدية,محتسب البلدية,2024-07-12,Y,,,,,1.0
165,2024,135,139,2024-07-12,H,,2024-07-12,35790000,1,Y,MBSSMALL,2024-07-25,رئيس البلدية,محتسب البلدية,2024-07-12,Y,,,,,1.0
165,2024,153,158,2024-07-31,H,,2024-07-31,10000000,1,Y,MBSSMALL,2024-10-02,رئيس البلدية,محتسب البلدية,2024-07-31,Y,,,,,1.0
165,2024,156,161,2024-09-09,H,,2024-09-09,2049000,1,Y,MBSSMALL,2024-10-09,رئيس البلدية,محتسب البلدية,2024-09-09,Y,,,,,1.0
165,2024,157,162,2024-09-09,H,,2024-09-09,1917000,1,Y,MBSSMALL,2024-10-09,رئيس البلدية,محتسب البلدية,2024-09-09,Y,,,,,1.0
165,2024,158,163,2024-09-09,H,,2024-09-09,2039000,1,Y,MBSSMALL,2024-10-09,رئيس البلدية,محتسب البلدية,2024-09-09,Y,,,,,1.0
165,2024,159,164,2024-09-09,H,,2024-09-09,1880000,1,Y,MBSSMALL,2024-10-09,رئيس البلدية,محتسب البلدية,2024-09-09,Y,,,,,1.0
165,2024,160,157,2024-07-31,H,,2024-07-31,7120000,1,Y,MBSSMALL,2024-10-09,رئيس البلدية,محتسب البلدية,2024-07-31,Y,,,,,1.0
165,2024,161,165,2024-09-09,H,,2024-09-09,25650000,1,Y,MBSSMALL,2024-10-09,رئيس البلدية,محتسب البلدية,2024-09-09,Y,,,,,1.0
165,2024,162,166,2024-09-09,H,,2024-09-09,17440000,1,Y,MBSSMALL,2024-10-09,رئيس البلدية,محتسب البلدية,2024-09-09,Y,,,,,1.0
165,2024,163,167,2024-09-09,H,,2024-09-09,16320000,1,Y,MBSSMALL,2024-10-09,رئيس البلدية,محتسب البلدية,2024-09-09,Y,,,,,1.0
165,2024,164,168,2024-09-09,H,,2024-09-09,16000000,1,Y,MBSSMALL,2024-10-09,رئيس البلدية,محتسب البلدية,2024-09-09,Y,,,,,1.0
165,2024,165,169,2024-09-09,H,,2024-09-09,16000000,1,Y,MBSSMALL,2024-10-09,رئيس البلدية,محتسب البلدية,2024-09-09,Y,,,,,1.0
165,2024,166,170,2024-09-09,H,,2024-09-09,5160000,1,Y,MBSSMALL,2024-10-09,رئيس البلدية,محتسب البلدية,2024-09-09,Y,,,,,1.0
165,2021,134,139,2021-12-10,H,,2021-12-10,44220000,1,Y,MBSSMALL,2021-12-13,رئيس البلدية,محتسب البلدية,2021-12-10,Y,,,,,
165,2021,135,140,2021-12-10,H,,2021-12-10,6995000,1,Y,MBSSMALL,2021-12-13,رئيس البلدية,محتسب البلدية,2021-12-10,Y,,,,,
165,2021,136,141,2021-12-10,H,,2021-12-10,44262000,1,Y,MBSSMALL,2021-12-17,رئيس البلدية,محتسب البلدية,2021-12-10,Y,,,,,
165,2021,137,142,2021-12-10,H,,2021-12-10,14977000,1,Y,MBSSMALL,2021-12-17,رئيس البلدية,محتسب البلدية,2021-12-10,Y,,,,,
165,2021,138,143,2021-12-10,H,,2021-12-10,14000000,1,Y,MBSSMALL,2021-12-17,رئيس البلدية,محتسب البلدية,2021-12-10,Y,,,,,
165,2021,139,144,2021-12-02,H,,2021-12-02,9114000,1,Y,MBSSMALL,2021-12-22,رئيس البلدية,محتسب البلدية,2021-12-02,Y,,,,,
165,2021,140,145,2021-12-16,H,,2021-12-16,675000,1,Y,MBSSMALL,2021-12-22,رئيس البلدية,محتسب البلدية,2021-12-16,Y,,,,,
165,2021,141,146,2021-12-20,H,,2021-12-20,11875000,1,Y,MBSSMALL,2021-12-22,رئيس البلدية,محتسب البلدية,2021-12-20,Y,,,,,
165,2021,142,147,2021-12-21,H,,2021-12-21,580000,1,Y,MBSSMALL,2021-12-27,رئيس البلدية,محتسب البلدية,2021-12-21,Y,,,,,
165,2021,143,148,2021-12-27,H,,2021-12-27,2190000,1,Y,MBSSMALL,2022-01-13,رئيس البلدية,محتسب البلدية,2021-12-27,Y,,,,,
165,2021,144,149,2021-12-27,H,,2021-12-27,9514000,1,Y,MBSSMALL,2022-01-13,رئيس البلدية,محتسب البلدية,2021-12-27,Y,,,,,
165,2021,145,150,2021-12-30,H,,2021-12-30,4469000,1,Y,MBSSMALL,2022-01-14,رئيس البلدية,محتسب البلدية,2021-12-30,Y,,,,,
165,2021,146,151,2021-12-30,H,,2021-12-30,11420000,1,Y,MBSSMALL,2022-01-14,رئيس البلدية,محتسب البلدية,2021-12-30,Y,,,,,
165,2021,147,152,2021-12-30,H,,2021-12-30,2509000,1,Y,MBSSMALL,2022-01-17,رئيس البلدية,محتسب البلدية,2021-12-30,Y,,,,,
165,2021,148,153,2021-12-30,H,,2021-12-30,1926000,1,Y,MBSSMALL,2022-01-17,رئيس البلدية,محتسب البلدية,2021-12-30,Y,,,,,
165,2021,149,154,2021-12-30,H,,2021-12-30,1744000,1,Y,MBSSMALL,2022-01-17,رئيس البلدية,محتسب البلدية,2021-12-30,Y,,,,,
165,2021,150,155,2021-12-30,H,,2021-12-30,1906000,1,Y,MBSSMALL,2022-01-17,رئيس البلدية,محتسب البلدية,2021-12-30,Y,,,,,
165,2005,126,127,2005-05-05,H,,2005-05-05,75000,1,Y,MBSMONA,2005-09-20,رئيس البلدية,امين الصندوق,2005-05-05,Y,,,,,
165,2005,127,128,2005-05-05,H,,2005-05-05,30000,1,Y,MBSMONA,2005-09-20,رئيس البلدية,امين الصندوق,2005-05-05,Y,,,,,
165,2005,128,129,2005-05-05,H,,2005-05-05,40000,1,Y,MBSMONA,2005-09-20,رئيس البلدية,امين الصندوق,2005-05-05,Y,,,,,
165,2005,129,130,2005-05-05,H,,2005-05-05,193000,1,Y,MBSMONA,2005-09-20,رئيس البلدية,امين الصندوق,2005-05-05,Y,,,,,
165,2005,130,131,2005-05-05,H,,2005-05-05,32000,1,Y,MBSMONA,2005-09-20,رئيس البلدية,امين الصندوق,2005-05-05,Y,,,,,
165,2005,131,132,2005-05-05,H,,2005-05-05,196000,1,Y,MBSMONA,2005-09-20,رئيس البلدية,امين الصندوق,2005-05-05,Y,,,,,
165,2005,132,133,2005-05-05,H,,2005-05-05,749000,1,Y,MBSMONA,2005-09-20,رئيس البلدية,امين الصندوق,2005-05-05,Y,,,,,
165,2005,133,134,2005-09-21,H,,2005-09-30,60000,1,Y,MBSMONA,2005-10-10,رئيس البلدية,امين الصندوق,2005-09-30,Y,,,,,
165,2005,212,212,2005-12-28,H,,2005-12-29,1255000,1,Y,MBSMONA,2006-01-30,المجلس البلدي,امين الصندوق,2005-12-29,Y,,,,,
165,2005,213,213,2005-12-28,H,,2005-12-29,432000,1,Y,MBSMONA,2006-01-30,المجلس البلدي,امين الصندوق,2005-12-29,Y,,,,,
165,2005,214,214,2005-12-28,H,,2005-12-29,150000,1,Y,MBSMONA,2006-01-30,المجلس البلدي,امين الصندوق,2005-12-29,Y,,,,,
165,2005,215,215,2005-12-28,H,,2005-12-29,513000,1,Y,MBSMONA,2006-01-30,المجلس البلدي,امين الصندوق,2005-12-29,Y,,,,,
165,2005,216,216,2005-12-28,H,,2005-12-29,750000,1,Y,MBSMONA,2006-01-31,المجلس البلدي,امين الصندوق,2005-12-29,Y,,,,,
165,2005,217,217,2005-12-28,H,,2005-12-29,42000,1,Y,MBSMONA,2006-01-31,المجلس البلدي,امين الصندوق,2005-12-29,Y,,,,,
165,2005,218,218,2005-12-28,H,,2005-12-29,113000,1,Y,MBSMONA,2006-01-31,المجلس البلدي,امين الصندوق,2005-12-29,Y,,,,,
165,2005,219,219,2005-12-28,H,,2005-12-29,1447000,1,Y,MBSMONA,2006-01-31,المجلس البلدي,امين الصندوق,2005-12-29,Y,,,,,
165,2005,220,220,2005-12-28,H,,2005-12-29,871000,1,Y,MBSMONA,2006-01-31,المجلس البلدي,امين الصندوق,2005-12-29,Y,,,,,
165,2005,221,221,2005-12-28,H,,2005-12-29,2766000,1,Y,MBSMONA,2006-01-31,المجلس البلدي,امين الصندوق,2005-12-29,Y,,,,,
165,2005,222,222,2005-12-28,H,,2005-12-29,160000,1,Y,MBSMONA,2006-01-31,المجلس البلدي,امين الصندوق,2005-12-29,Y,,,,,
165,2007,98,99,2007-05-31,H,,2007-05-31,1658000,1,Y,MBSMONA,2007-06-22,رئيس البلدية,امين الصندوق,2007-05-31,Y,,,,,
165,2007,99,100,2007-05-31,H,,2007-05-31,474000,1,Y,MBSMONA,2007-06-22,رئيس البلدية,امين الصندوق,2007-05-31,Y,,,,,
165,2007,100,101,2007-05-31,H,,2007-05-31,1500000,1,Y,MBSMONA,2007-06-22,رئيس البلدية,امين الصندوق,2007-05-31,Y,,,,,
165,2007,101,102,2007-06-08,H,,2007-06-09,1988000,1,Y,MBSMONA,2007-06-25,المجلس البلدي,امين الصندوق,2007-06-09,Y,,,,,
165,2007,102,103,2007-06-08,H,,2007-06-09,3840000,1,Y,MBSMONA,2007-06-25,المجلس البلدي,امين الصندوق,2007-06-09,Y,,,,,
165,2007,103,104,2007-06-08,H,,2007-06-09,2596000,1,Y,MBSMONA,2007-06-25,المجلس البلدي,امين الصندوق,2007-06-09,Y,,,,,
165,2007,104,105,2007-06-08,H,,2007-06-09,3840000,1,Y,MBSMONA,2007-06-25,المجلس البلدي,امين الصندوق,2007-06-09,Y,,,,,
165,2007,105,106,2007-06-08,H,,2007-06-09,1486000,1,Y,MBSMONA,2007-06-25,المجلس البلدي,امين الصندوق,2007-06-09,Y,,,,,
165,2007,106,107,2007-06-08,H,,2007-06-09,331000,1,Y,MBSMONA,2007-06-25,المجلس البلدي,امين الصندوق,2007-06-09,Y,,,,,
165,2007,107,108,2007-06-08,H,,2007-06-09,1089000,1,Y,MBSMONA,2007-06-25,المجلس البلدي,امين الصندوق,2007-06-09,Y,,,,,
165,2007,108,109,2007-06-08,H,,2007-06-09,60000,1,Y,MBSMONA,2007-06-25,المجلس البلدي,امين الصندوق,2007-06-09,Y,,,,,
165,2007,109,110,2007-06-08,H,,2007-06-09,7000,1,Y,MBSMONA,2007-06-25,المجلس البلدي,امين الصندوق,2007-06-09,Y,,,,,
165,2007,110,111,2007-06-08,H,,2007-06-09,6100000,1,Y,MBSMONA,2007-06-25,المجلس البلدي,امين الصندوق,2007-06-25,Y,,,,,
165,2007,111,112,2007-06-08,H,,2007-06-25,6300000,1,Y,MBSMONA,2007-06-25,المجلس البلدي,امين الصندوق,2007-06-25,Y,,,,,
165,2007,112,113,2007-03-08,H,,2007-03-09,2544000,1,Y,MBSMONA,2007-06-28,المجلس البلدي,امين الصندوق,2007-03-09,Y,,,,,
165,2007,113,114,2007-03-08,H,,2007-03-09,921000,1,Y,MBSMONA,2007-06-28,المجلس البلدي,امين الصندوق,2007-03-09,Y,,,,,
165,2007,114,115,2007-04-30,H,,2007-06-18,225000,1,Y,MBSMONA,2007-10-22,رئيس البلدية,امين الصندوق,2007-06-18,Y,,,,,
165,2007,115,116,2007-04-30,H,,2007-06-18,91000,1,Y,MBSMONA,2007-10-22,رئيس البلدية,امين الصندوق,2007-06-18,Y,,,,,
165,2007,116,117,2007-04-30,H,,2007-06-18,420000,1,Y,MBSMONA,2007-10-22,رئيس البلدية,امين الصندوق,2007-06-18,Y,,,,,
165,2009,102,106,2009-09-10,H,,2009-09-10,300000,1,Y,BUDGET,2009-09-11,رئيس البلدية,محتسب البلدية,2009-09-10,Y,,,,,
165,2009,103,107,2009-09-10,H,,2009-09-10,750000,1,Y,BUDGET,2009-09-11,رئيس البلدية,محتسب البلدية,2009-09-10,Y,,,,,
165,2009,104,108,2009-09-17,H,,2009-09-17,2732000,1,Y,BUDGET,2009-09-17,رئيس البلدية,محتسب البلدية,2009-09-17,Y,,,,,
165,2009,105,109,2009-09-17,H,,2009-09-17,19695000,1,Y,BUDGET,2009-09-17,رئيس البلدية,محتسب البلدية,2009-09-17,Y,,,,,
165,2009,106,110,2009-09-17,H,,2009-09-17,6570000,1,Y,BUDGET,2009-09-17,رئيس البلدية,محتسب البلدية,2009-09-17,Y,,,,,
165,2009,107,111,2009-09-17,H,,2009-09-17,17777000,1,Y,BUDGET,2009-09-17,رئيس البلدية,محتسب البلدية,2009-09-17,Y,,,,,
165,2009,108,112,2009-09-19,H,,2009-09-19,19080000,1,Y,BUDGET,2009-09-19,رئيس البلدية,محتسب البلدية,2009-09-19,Y,,,,,
165,2009,109,113,2009-09-19,H,,2009-09-19,10434000,1,Y,BUDGET,2009-09-19,رئيس البلدية,محتسب البلدية,2009-09-19,Y,,,,,
165,2009,110,114,2009-09-19,H,,2009-09-19,1387000,1,Y,BUDGET,2009-09-19,رئيس البلدية,محتسب البلدية,2009-09-19,Y,,,,,
165,2009,111,115,2009-09-23,H,,2009-09-23,204000,1,Y,BUDGET,2009-09-23,رئيس البلدية,محتسب البلدية,2009-09-23,Y,,,,,
165,2009,112,116,2009-09-23,H,,2009-09-23,803000,1,Y,BUDGET,2009-09-23,رئيس البلدية,محتسب البلدية,2009-09-23,Y,,,,,
165,2009,113,117,2009-09-23,H,,2009-09-23,633000,1,Y,BUDGET,2009-09-23,رئيس البلدية,محتسب البلدية,2009-09-23,Y,,,,,
165,2009,114,118,2009-10-02,H,,2009-10-02,2359000,1,Y,BUDGET,2009-10-02,رئيس البلدية,محتسب البلدية,2009-10-02,Y,,,,,
165,2009,115,119,2009-10-03,H,,2009-10-03,616000,1,Y,BUDGET,2009-10-03,رئيس البلدية,محتسب البلدية,2009-10-03,Y,,,,,
165,2009,116,120,2009-10-03,H,,2009-10-03,300000,1,Y,BUDGET,2009-10-03,رئيس البلدية,محتسب البلدية,2009-10-03,Y,,,,,
165,2009,117,121,2009-10-03,H,,2009-10-03,750000,1,Y,BUDGET,2009-10-03,رئيس البلدية,محتسب البلدية,2009-10-03,Y,,,,,
165,2009,118,122,2009-10-13,H,,2009-10-13,814000,1,Y,BUDGET,2009-10-13,رئيس البلدية,محتسب البلدية,2009-10-13,Y,,,,,
165,2009,119,123,2009-10-14,H,,2009-10-14,146000,1,Y,BUDGET,2009-10-14,رئيس البلدية,محتسب البلدية,2009-10-14,Y,,,,,
165,2009,120,124,2009-10-14,H,,2009-10-14,1500000,1,Y,BUDGET,2009-10-14,رئيس البلدية,محتسب البلدية,2009-10-14,Y,,,,,
165,2009,121,125,2009-10-15,H,,2009-10-15,2732000,1,Y,BUDGET,2009-10-15,رئيس البلدية,محتسب البلدية,2009-10-15,Y,,,,,
165,2007,57,58,2007-03-08,H,,2007-03-09,2901000,1,Y,MBSMONA,2007-03-21,المجلس البلدي,امين الصندوق,2007-03-09,Y,,,,,
165,2007,58,59,2007-03-08,H,,2007-03-09,1306000,1,Y,MBSMONA,2007-03-21,المجلس البلدي,امين الصندوق,2007-03-09,Y,,,,,
165,2007,59,60,2007-03-08,H,,2007-03-09,363000,1,Y,MBSMONA,2007-03-21,المجلس البلدي,امين الصندوق,2007-03-09,Y,,,,,
165,2007,60,61,2007-03-08,H,,2007-03-09,192000,1,Y,MBSMONA,2007-03-21,المجلس البلدي,امين الصندوق,2007-03-09,Y,,,,,
165,2007,61,62,2007-03-08,H,,2007-03-09,38000,1,Y,MBSMONA,2007-03-21,المجلس البلدي,امين الصندوق,2007-03-09,Y,,,,,
165,2007,62,63,2007-03-08,H,,2007-03-09,1080000,1,Y,MBSMONA,2007-03-21,المجلس البلدي,امين الصندوق,2007-03-09,Y,,,,,
165,2007,63,64,2007-03-08,H,,2007-03-09,1050000,1,Y,MBSMONA,2007-03-21,المجلس البلدي,امين الصندوق,2007-03-09,Y,,,,,
165,2007,64,65,2007-03-08,H,,2007-03-09,90000,1,Y,MBSMONA,2007-03-21,المجلس البلدي,امين الصندوق,2007-03-09,Y,,,,,
165,2007,65,66,2007-03-08,H,,2007-03-09,209000,1,Y,MBSMONA,2007-03-21,المجلس البلدي,امين الصندوق,2007-03-09,Y,,,,,
165,2007,66,67,2007-03-08,H,,2007-03-09,10000,1,Y,MBSMONA,2007-03-21,المجلس البلدي,امين الصندوق,2007-03-09,Y,,,,,
165,2007,67,68,2007-03-19,H,,2007-03-19,656000,1,Y,MBSMONA,2007-04-04,رئيس البلدية,امين الصندوق,2007-03-19,Y,,,,,
165,2007,68,69,2007-03-19,H,,2007-03-19,687000,1,Y,MBSMONA,2007-04-04,رئيس البلدية,امين الصندوق,2007-03-19,Y,,,,,
165,2007,69,70,2007-03-19,H,,2007-03-19,2750000,1,Y,MBSMONA,2007-04-05,رئيس البلدية,امين الصندوق,2007-03-19,Y,,,,,
165,2007,70,71,2007-04-12,H,,2007-04-13,2900000,1,Y,MBSMONA,2007-04-10,المجلس البلدي,امين الصندوق,2007-04-13,Y,,,,,
165,2007,71,72,2007-04-12,H,,2007-04-13,2500000,1,Y,MBSMONA,2007-04-10,المجلس البلدي,امين الصندوق,2007-04-13,Y,,,,,
165,2007,72,73,2007-03-31,H,,2007-03-31,1490000,1,Y,MBSMONA,2007-04-11,رئيس البلدية,امين الصندوق,2007-03-31,Y,,,,,
165,2007,73,74,2007-03-31,H,,2007-03-31,300000,1,Y,MBSMONA,2007-04-11,رئيس البلدية,امين الصندوق,2007-03-31,Y,,,,,
165,2007,74,75,2007-05-10,H,,2007-05-11,1952000,1,Y,MBSMONA,2007-05-18,المجلس البلدي,امين الصندوق,2007-05-11,Y,,,,,
165,2007,75,76,2007-05-10,H,,2007-05-11,2780000,1,Y,MBSMONA,2007-05-18,المجلس البلدي,امين الصندوق,2007-05-11,Y,,,,,
165,2007,76,77,2007-05-10,H,,2007-05-11,2514000,1,Y,MBSMONA,2007-05-18,المجلس البلدي,امين الصندوق,2007-05-11,Y,,,,,
165,2007,77,78,2007-05-10,H,,2007-05-11,1920000,1,Y,MBSMONA,2007-05-18,المجلس البلدي,امين الصندوق,2007-05-11,Y,,,,,
165,2007,78,79,2007-05-10,H,,2007-05-11,305000,1,Y,MBSMONA,2007-05-18,المجلس البلدي,امين الصندوق,2007-05-11,Y,,,,,
165,2017,28,28,2017-03-24,H,,2017-03-24,2340000,1,Y,MBSSMALL,2017-03-30,رئيس البلدية,محتسب البلدية,2017-03-24,Y,,,,,
165,2017,29,29,2017-03-24,H,,2017-03-24,17233000,1,Y,MBSSMALL,2017-03-30,رئيس البلدية,محتسب البلدية,2017-03-24,Y,,,,,
165,2017,30,30,2017-03-24,H,,2017-03-24,18000000,1,Y,MBSSMALL,2017-03-30,رئيس البلدية,محتسب البلدية,2017-03-24,Y,,,,,
165,2017,31,31,2017-03-24,H,,2017-03-24,353000,1,Y,MBSSMALL,2017-03-30,رئيس البلدية,محتسب البلدية,2017-03-24,Y,,,,,
165,2017,32,34,2017-03-31,H,,2017-03-31,919000,1,Y,MBSSMALL,2017-04-01,رئيس البلدية,محتسب البلدية,2017-03-31,Y,,,,,
165,2017,33,32,2017-03-31,H,,2017-03-31,1006000,1,Y,MBSSMALL,2017-04-01,رئيس البلدية,محتسب البلدية,2017-03-31,Y,,,,,
165,2017,34,36,2017-03-31,H,,2017-03-31,1013000,1,Y,MBSSMALL,2017-04-01,رئيس البلدية,محتسب البلدية,2017-03-31,Y,,,,,
165,2017,35,35,2017-03-31,H,,2017-03-31,1172000,1,Y,MBSSMALL,2017-04-01,رئيس البلدية,محتسب البلدية,2017-03-31,Y,,,,,
165,2017,36,37,2017-03-31,H,,2017-03-31,832000,1,Y,MBSSMALL,2017-04-01,رئيس البلدية,محتسب البلدية,2017-03-31,Y,,,,,
165,2017,37,38,2017-03-31,H,,2017-03-31,900000,1,Y,MBSSMALL,2017-04-01,رئيس البلدية,محتسب البلدية,2017-03-31,Y,,,,,
165,2017,210,212,2017-12-20,H,,2017-12-20,1030000,1,Y,MBSSMALL,2017-12-29,رئيس البلدية,محتسب البلدية,2017-12-20,Y,,,,,
165,2017,211,213,2017-12-20,H,,2017-12-20,675000,1,Y,MBSSMALL,2017-12-29,رئيس البلدية,محتسب البلدية,2017-12-20,Y,,,,,
165,2017,212,214,2017-12-22,H,,2017-12-22,1155000,1,Y,MBSSMALL,2017-12-29,رئيس البلدية,محتسب البلدية,2017-12-22,Y,,,,,
165,2017,213,215,2017-12-22,H,,2017-12-22,2800000,1,Y,MBSSMALL,2017-12-29,رئيس البلدية,محتسب البلدية,2017-12-22,Y,,,,,
165,2017,214,216,2017-12-22,H,,2017-12-22,2000000,1,Y,MBSSMALL,2017-12-29,رئيس البلدية,محتسب البلدية,2017-12-22,Y,,,,,
165,2017,215,217,2017-12-27,H,,2017-12-27,1770000,1,Y,MBSSMALL,2017-12-29,رئيس البلدية,محتسب البلدية,2017-12-27,Y,,,,,
165,2016,13,13,2016-02-15,H,,2016-02-15,608000,1,Y,MBSSMALL,2016-03-03,رئيس البلدية,محتسب البلدية,2016-02-15,Y,,,,,
165,2016,14,14,2016-02-15,H,,2016-02-15,1100000,1,Y,MBSSMALL,2016-03-03,رئيس البلدية,محتسب البلدية,2016-02-15,Y,,,,,
165,2016,15,15,2016-02-15,H,,2016-02-15,100000,1,Y,MBSSMALL,2016-03-03,رئيس البلدية,محتسب البلدية,2016-02-15,Y,,,,,
165,2016,28,28,2016-03-19,H,,2016-03-19,19342000,1,Y,MBSSMALL,2016-03-21,رئيس البلدية,محتسب البلدية,2016-03-19,Y,,,,,
165,2016,29,29,2016-03-19,H,,2016-03-19,18819000,1,Y,MBSSMALL,2016-03-21,رئيس البلدية,محتسب البلدية,2016-03-19,Y,,,,,
165,2016,30,30,2016-03-19,H,,2016-03-19,2490000,1,Y,MBSSMALL,2016-03-21,رئيس البلدية,محتسب البلدية,2016-03-19,Y,,,,,
165,2016,31,31,2016-03-19,H,,2016-03-19,4230000,1,Y,MBSSMALL,2016-03-21,رئيس البلدية,محتسب البلدية,2016-03-19,Y,,,,,
165,2016,32,32,2016-03-19,H,,2016-03-19,12785000,1,Y,MBSSMALL,2016-03-21,رئيس البلدية,محتسب البلدية,2016-03-19,Y,,,,,
165,2016,33,33,2016-03-19,H,,2016-03-19,300000,1,Y,MBSSMALL,2016-03-21,رئيس البلدية,محتسب البلدية,2016-03-19,Y,,,,,
165,2016,43,43,2016-04-11,H,,2016-04-11,17116000,1,Y,MBSSMALL,2016-04-11,رئيس البلدية,محتسب البلدية,2016-04-11,Y,,,,,
165,2016,44,44,2016-04-11,H,,2016-04-11,18899000,1,Y,MBSSMALL,2016-04-11,رئيس البلدية,محتسب البلدية,2016-04-11,Y,,,,,
165,2016,45,45,2016-04-11,H,,2016-04-11,17778000,1,Y,MBSSMALL,2016-04-11,رئيس البلدية,محتسب البلدية,2016-04-11,Y,,,,,
165,2016,46,46,2016-04-11,H,,2016-04-11,17280000,1,Y,MBSSMALL,2016-04-11,رئيس البلدية,محتسب البلدية,2016-04-11,Y,,,,,
165,2017,38,39,2017-03-31,H,,2017-03-31,120000,1,Y,MBSSMALL,2017-04-01,رئيس البلدية,محتسب البلدية,2017-03-31,Y,,,,,
165,2017,39,40,2017-04-27,H,,2017-04-27,2654000,1,Y,MBSSMALL,2017-04-27,رئيس البلدية,محتسب البلدية,2017-04-27,Y,,,,,
165,2017,40,41,2017-04-27,H,,2017-04-27,900000,1,Y,MBSSMALL,2017-04-27,رئيس البلدية,محتسب البلدية,2017-04-27,Y,,,,,
165,2017,41,43,2017-05-02,H,,2017-05-02,919000,1,Y,MBSSMALL,2017-05-02,رئيس البلدية,محتسب البلدية,2017-05-02,Y,,,,,
165,2017,42,42,2017-05-02,H,,2017-05-02,1006000,1,Y,MBSSMALL,2017-05-02,رئيس البلدية,محتسب البلدية,2017-05-02,Y,,,,,
165,2017,43,45,2017-05-02,H,,2017-05-02,1013000,1,Y,BUDGET,2017-05-02,رئيس البلدية,محتسب البلدية,2017-05-02,Y,,,,,
165,2017,44,44,2017-05-02,H,,2017-05-02,1172000,1,Y,BUDGET,2017-05-02,رئيس البلدية,محتسب البلدية,2017-05-02,Y,,,,,
165,2017,45,46,2017-05-02,H,,2017-05-02,736000,1,Y,MBSSMALL,2017-05-03,رئيس البلدية,محتسب البلدية,2017-05-02,Y,,,,,
165,2012,135,138,2012-12-20,H,,2012-12-20,1837000,1,Y,BUDGET,2012-12-28,رئيس البلدية,محتسب البلدية,2012-12-20,Y,,,,,
165,2012,136,139,2012-12-20,H,,2012-12-20,1750000,1,Y,BUDGET,2012-12-28,رئيس البلدية,محتسب البلدية,2012-12-20,Y,,,,,
165,2012,137,140,2012-12-20,H,,2012-12-20,1837000,1,Y,BUDGET,2012-12-28,رئيس البلدية,محتسب البلدية,2012-12-20,Y,,,,,
165,2012,138,141,2012-12-20,H,,2012-12-20,502000,1,Y,BUDGET,2012-12-28,رئيس البلدية,محتسب البلدية,2012-12-20,Y,,,,,
165,2012,139,142,2012-12-20,H,,2012-12-20,140000,1,Y,BUDGET,2012-12-28,رئيس البلدية,محتسب البلدية,2012-12-20,Y,,,,,
165,2012,140,143,2012-12-21,H,,2012-12-21,2723000,1,Y,BUDGET,2012-12-28,رئيس البلدية,محتسب البلدية,2012-12-21,Y,,,,,
165,2012,141,144,2012-12-22,H,,2012-12-22,2370000,1,Y,BUDGET,2012-12-28,رئيس البلدية,محتسب البلدية,2012-12-22,Y,,,,,
165,2012,142,145,2012-12-22,H,,2012-12-22,1117000,1,Y,BUDGET,2012-12-28,رئيس البلدية,محتسب البلدية,2012-12-22,Y,,,,,
165,2012,143,146,2012-12-22,H,,2012-12-22,130000,1,Y,BUDGET,2012-12-28,رئيس البلدية,محتسب البلدية,2012-12-22,Y,,,,,
165,2012,144,147,2012-12-24,H,,2012-12-24,2389000,1,Y,BUDGET,2012-12-28,رئيس البلدية,محتسب البلدية,2012-12-24,Y,,,,,
165,2012,145,148,2012-12-24,H,,2012-12-24,628000,1,Y,BUDGET,2012-12-28,رئيس البلدية,محتسب البلدية,2012-12-24,Y,,,,,
165,2012,146,149,2012-12-24,H,,2012-12-24,859000,1,Y,BUDGET,2012-12-29,رئيس البلدية,محتسب البلدية,2012-12-24,Y,,,,,
165,2012,147,150,2012-12-28,H,,2012-12-28,1186000,1,Y,BUDGET,2012-12-29,رئيس البلدية,محتسب البلدية,2012-12-28,Y,,,,,
165,2012,148,151,2012-12-28,H,,2012-12-28,1435000,1,Y,BUDGET,2012-12-31,رئيس البلدية,محتسب البلدية,2012-12-28,Y,,,,,
165,2012,149,152,2012-12-31,H,,2012-12-31,1012000,1,Y,BUDGET,2012-12-31,رئيس البلدية,محتسب البلدية,2012-12-31,Y,,,,,
165,2012,150,153,2012-12-31,H,,2012-12-31,2167000,1,Y,BUDGET,2012-12-31,رئيس البلدية,محتسب البلدية,2012-12-31,Y,,,,,
165,2012,151,154,2012-12-31,H,,2012-12-31,616000,1,Y,BUDGET,2012-12-31,رئيس البلدية,محتسب البلدية,2012-12-31,Y,,,,,
165,2012,152,155,2012-12-31,H,,2012-12-31,300000,1,Y,BUDGET,2012-12-31,رئيس البلدية,محتسب البلدية,2012-12-31,Y,,,,,
165,2012,153,156,2012-12-31,H,,2012-12-31,2750000,1,Y,BUDGET,2012-12-31,رئيس البلدية,محتسب البلدية,2012-12-31,Y,,,,,
165,2012,154,157,2012-12-31,H,,2012-12-31,1722000,1,Y,BUDGET,2012-12-31,رئيس البلدية,محتسب البلدية,2012-12-31,Y,,,,,
165,2012,155,158,2012-12-31,H,,2012-12-31,1450000,1,Y,BUDGET,2012-12-31,رئيس البلدية,محتسب البلدية,2012-12-31,Y,,,,,
165,2012,156,159,2012-12-31,H,,2012-12-31,255000,1,Y,BUDGET,2012-12-31,رئيس البلدية,محتسب البلدية,2012-12-31,Y,,,,,
165,2023,118,126,2023-08-23,H,,2023-08-23,11125000,1,Y,MBSSMALL,2023-10-26,رئيس البلدية,محتسب البلدية,2023-08-23,Y,,,,,1.0
165,2023,127,134,2023-08-31,,,2023-08-31,12187000,,N,MBSSMALL,2023-10-30,رئيس البلدية,محتسب البلدية,,N,خطأ في التوقيفات,2023-10-30,,,1.0
165,2023,128,135,2023-08-31,,,2023-08-31,11089000,,N,MBSSMALL,2023-10-30,رئيس البلدية,محتسب البلدية,,N,خطأ في التوقيفات,2023-10-30,,,1.0
165,2023,129,136,2023-08-31,,,2023-08-31,3889000,,N,MBSSMALL,2023-10-30,رئيس البلدية,محتسب البلدية,,N,خطأ في التوقيفات,2023-10-30,,,1.0
165,2023,136,146,2023-07-31,H,,2023-07-31,3869000,1,Y,MBSSMALL,2023-10-30,رئيس البلدية,محتسب البلدية,2023-07-31,Y,,,,,1.0
165,2023,137,147,2023-08-31,H,,2023-08-31,12187000,1,Y,MBSSMALL,2023-10-30,رئيس البلدية,محتسب البلدية,2023-08-31,Y,,,,,1.0
165,2023,138,148,2023-08-31,H,,2023-08-31,11089000,1,Y,MBSSMALL,2023-10-30,رئيس البلدية,محتسب البلدية,2023-08-31,Y,,,,,1.0
165,2023,139,149,2023-08-31,H,,2023-08-31,3869000,1,Y,MBSSMALL,2023-10-30,رئيس البلدية,محتسب البلدية,2023-08-31,Y,,,,,1.0
165,2023,140,150,2023-08-31,H,,2023-08-31,3811000,1,Y,MBSSMALL,2023-10-30,رئيس البلدية,محتسب البلدية,2023-08-31,Y,,,,,1.0
165,2023,141,151,2023-10-02,H,,2023-10-02,12187000,1,Y,MBSSMALL,2023-10-30,رئيس البلدية,محتسب البلدية,2023-10-02,Y,,,,,1.0
165,2023,142,152,2023-10-02,H,,2023-10-02,11089000,1,Y,MBSSMALL,2023-10-30,رئيس البلدية,محتسب البلدية,2023-10-02,Y,,,,,1.0
165,2023,143,153,2023-10-02,H,,2023-10-02,3869000,1,Y,MBSSMALL,2023-10-30,رئيس البلدية,محتسب البلدية,2023-10-02,Y,,,,,1.0
165,2023,144,154,2023-10-02,H,,2023-10-02,3811000,1,Y,MBSSMALL,2023-10-30,رئيس البلدية,محتسب البلدية,2023-10-02,Y,,,,,1.0
165,2023,148,158,2023-10-18,H,,2023-10-18,4557000,1,Y,MBSSMALL,2023-10-31,رئيس البلدية,محتسب البلدية,2023-10-18,Y,,,,,1.0
165,2023,149,159,2023-10-18,H,,2023-10-18,11068000,1,Y,MBSSMALL,2023-10-31,رئيس البلدية,محتسب البلدية,2023-10-18,Y,,,,,1.0
165,2023,151,161,2023-10-18,H,,2023-10-18,29350000,1,Y,MBSSMALL,2023-10-31,رئيس البلدية,محتسب البلدية,2023-10-18,Y,,,,,1.0
165,2023,152,162,2023-10-18,H,,2023-10-18,31800000,1,Y,MBSSMALL,2023-10-31,رئيس البلدية,محتسب البلدية,2023-10-18,Y,,,,,1.0
165,2023,153,163,2023-10-18,H,,2023-10-18,29575000,1,Y,MBSSMALL,2023-10-31,رئيس البلدية,محتسب البلدية,2023-10-18,Y,,,,,1.0
165,2023,154,164,2023-10-18,H,,2023-10-18,27725000,1,Y,MBSSMALL,2023-10-31,رئيس البلدية,محتسب البلدية,2023-10-18,Y,,,,,1.0
165,2023,155,165,2023-10-18,H,,2023-10-18,27150000,1,Y,MBSSMALL,2023-10-31,رئيس البلدية,محتسب البلدية,2023-10-18,Y,,,,,1.0
165,2023,156,166,2023-10-18,H,,2023-10-18,31350000,1,Y,MBSSMALL,2023-10-31,رئيس البلدية,محتسب البلدية,2023-10-18,Y,,,,,1.0
165,2023,157,167,2023-10-18,H,,2023-10-18,21400000,1,Y,MBSSMALL,2023-10-31,رئيس البلدية,محتسب البلدية,2023-10-18,Y,,,,,1.0
165,2023,158,168,2023-10-18,H,,2023-10-18,31150000,1,Y,MBSSMALL,2023-10-31,رئيس البلدية,محتسب البلدية,2023-10-18,Y,,,,,1.0
165,2023,183,194,2023-11-30,H,,2023-11-30,25650000,1,Y,MBSSMALL,2023-12-26,رئيس البلدية,محتسب البلدية,2023-11-30,Y,,,,,1.0
165,2023,184,195,2023-11-30,H,,2023-11-30,12187000,1,Y,MBSSMALL,2023-12-26,رئيس البلدية,محتسب البلدية,2023-11-30,Y,,,,,1.0
165,2023,185,196,2023-11-30,H,,2023-11-30,11089000,1,Y,MBSSMALL,2023-12-26,رئيس البلدية,محتسب البلدية,2023-11-30,Y,,,,,1.0
165,2023,186,197,2023-11-30,H,,2023-11-30,11240000,1,Y,MBSSMALL,2023-12-26,رئيس البلدية,محتسب البلدية,2023-11-30,Y,,,,,1.0
165,2023,187,198,2023-11-30,H,,2023-11-30,11070000,1,Y,MBSSMALL,2023-12-26,رئيس البلدية,محتسب البلدية,2023-11-30,Y,,,,,1.0
165,2023,198,209,2023-12-13,H,,2023-12-13,27000000,1,Y,MBSSMALL,2023-12-29,رئيس البلدية,محتسب البلدية,2023-12-13,Y,,,,,1.0
165,2023,199,210,2023-12-13,H,,2023-12-13,25000000,1,Y,MBSSMALL,2023-12-29,رئيس البلدية,محتسب البلدية,2023-12-13,Y,,,,,1.0
165,2023,204,215,2023-12-13,H,,2023-12-13,22500000,1,Y,MBSSMALL,2023-12-29,رئيس البلدية,محتسب البلدية,2023-12-13,Y,,,,,1.0
165,2023,205,216,2023-12-13,H,,2023-12-13,35500000,1,Y,MBSSMALL,2023-12-29,رئيس البلدية,محتسب البلدية,2023-12-13,Y,,,,,1.0
165,2023,228,239,2023-12-29,H,,2023-12-29,44500000,1,Y,MBSSMALL,2024-01-25,رئيس البلدية,محتسب البلدية,2023-12-29,Y,,,,,1.0
165,2021,151,156,2021-12-30,H,,2021-12-30,1734000,1,Y,MBSSMALL,2022-01-17,رئيس البلدية,محتسب البلدية,2021-12-30,Y,,,,,
165,2021,152,157,2021-12-30,H,,2021-12-30,2016000,1,Y,MBSSMALL,2022-01-17,رئيس البلدية,محتسب البلدية,2021-12-30,Y,,,,,
165,2021,153,158,2021-12-30,H,,2021-12-30,500000,1,Y,MBSSMALL,2022-01-17,رئيس البلدية,محتسب البلدية,2021-12-30,Y,,,,,
165,2021,154,159,2021-12-30,H,,2021-12-30,2110000,1,Y,MBSSMALL,2022-01-19,رئيس البلدية,محتسب البلدية,2021-12-30,Y,,,,,
165,2021,155,160,2021-12-30,H,,2021-12-30,1900000,1,Y,MBSSMALL,2022-01-19,رئيس البلدية,محتسب البلدية,2021-12-30,Y,,,,,
165,2021,156,161,2021-12-30,H,,2021-12-30,1890000,1,Y,MBSSMALL,2022-01-19,رئيس البلدية,محتسب البلدية,2021-12-30,Y,,,,,
165,2021,157,162,2021-12-30,H,,2021-12-30,1000000,1,Y,MBSSMALL,2022-01-19,رئيس البلدية,محتسب البلدية,2021-12-30,Y,,,,,
165,2021,158,163,2021-12-30,H,,2021-12-30,11900000,1,Y,MBSSMALL,2022-01-27,رئيس البلدية,محتسب البلدية,2021-12-30,Y,,,,,
165,2021,159,164,2021-12-30,H,,2021-12-30,26880000,1,Y,MBSSMALL,2022-01-28,رئيس البلدية,محتسب البلدية,2021-12-30,Y,,,,,
165,2021,160,165,2021-12-30,H,,2021-12-30,10795000,1,Y,MBSSMALL,2022-01-28,رئيس البلدية,محتسب البلدية,2021-12-30,Y,,,,,
165,2021,161,166,2021-12-30,H,,2021-12-30,48215000,1,Y,MBSSMALL,2022-01-28,رئيس البلدية,محتسب البلدية,2021-12-30,Y,,,,,
165,2021,162,167,2021-12-30,H,,2021-12-30,10782000,1,Y,MBSSMALL,2022-01-28,رئيس البلدية,محتسب البلدية,2021-12-30,Y,,,,,
165,2007,79,80,2007-05-10,H,,2007-05-11,390000,1,Y,MBSMONA,2007-05-18,المجلس البلدي,امين الصندوق,2007-05-11,Y,,,,,
165,2007,80,81,2007-05-10,H,,2007-05-11,495000,1,Y,MBSMONA,2007-05-18,المجلس البلدي,امين الصندوق,2007-05-11,Y,,,,,
165,2007,81,82,2007-05-10,H,,2007-05-11,726000,1,Y,MBSMONA,2007-05-18,المجلس البلدي,امين الصندوق,2007-05-11,Y,,,,,
165,2007,82,83,2007-05-10,H,,2007-05-11,31000,1,Y,MBSMONA,2007-05-18,المجلس البلدي,امين الصندوق,2007-05-11,Y,,,,,
165,2007,83,84,2007-05-10,H,,2007-05-11,60000,1,Y,MBSMONA,2007-05-18,المجلس البلدي,امين الصندوق,2007-05-11,Y,,,,,
165,2007,84,85,2007-04-02,H,,2007-04-02,1658000,1,Y,MBSMONA,2007-05-21,رئيس البلدية,امين الصندوق,2007-04-02,Y,,,,,
165,2007,85,86,2007-04-02,H,,2007-04-02,450000,1,Y,MBSMONA,2007-05-21,رئيس البلدية,امين الصندوق,2007-04-02,Y,,,,,
165,2007,86,87,2007-04-02,H,,2007-04-02,1500000,1,Y,MBSMONA,2007-05-21,رئيس البلدية,امين الصندوق,2007-04-02,Y,,,,,
165,2007,87,88,2007-04-12,H,,2007-04-13,2260000,1,Y,MBSMONA,2007-05-21,المجلس البلدي,امين الصندوق,2007-04-13,Y,,,,,
165,2007,88,89,2007-04-12,H,,2007-04-13,1916000,1,Y,MBSMONA,2007-05-21,المجلس البلدي,امين الصندوق,2007-04-13,Y,,,,,
165,2007,89,90,2007-04-12,H,,2007-04-13,1380000,1,Y,MBSMONA,2007-05-21,المجلس البلدي,امين الصندوق,2007-04-13,Y,,,,,
165,2007,90,91,2007-04-12,H,,2007-04-13,2332000,1,Y,MBSMONA,2007-05-21,المجلس البلدي,امين الصندوق,2007-04-13,Y,,,,,
165,2007,91,92,2007-04-12,H,,2007-04-13,133000,1,Y,MBSMONA,2007-05-21,المجلس البلدي,امين الصندوق,2007-04-13,Y,,,,,
165,2007,92,93,2007-04-12,H,,2007-04-13,90000,1,Y,MBSMONA,2007-05-21,المجلس البلدي,امين الصندوق,2007-04-13,Y,,,,,
165,2007,93,94,2007-04-12,H,,2007-04-13,148000,1,Y,MBSMONA,2007-05-21,المجلس البلدي,امين الصندوق,2007-04-13,Y,,,,,
165,2007,94,95,2007-04-30,H,,2007-04-30,1658000,1,Y,MBSMONA,2007-05-21,رئيس البلدية,امين الصندوق,2007-04-30,Y,,,,,
165,2007,95,96,2007-04-30,H,,2007-04-30,438000,1,Y,MBSMONA,2007-05-21,رئيس البلدية,امين الصندوق,2007-04-30,Y,,,,,
165,2007,96,97,2007-04-30,H,,2007-04-30,1500000,1,Y,MBSMONA,2007-05-21,رئيس البلدية,امين الصندوق,2007-04-30,Y,,,,,
165,2007,97,98,2007-04-30,H,,2007-04-30,450000,1,Y,MBSMONA,2007-05-22,رئيس البلدية,امين الصندوق,2007-04-30,Y,,,,,
165,2006,59,60,2006-05-31,H,,2006-05-31,402000,1,Y,MBSMONA,2006-07-25,رئيس البلدية,امين الصندوق,2006-05-31,Y,,,,,
165,2006,60,61,2006-06-01,H,,2006-06-01,1050000,1,Y,MBSMONA,2006-07-25,رئيس البلدية,امين الصندوق,2006-06-01,Y,,,,,
165,2006,61,62,2006-06-24,H,,2006-06-24,2700000,1,Y,MBSMONA,2006-07-25,رئيس البلدية,امين الصندوق,2006-06-24,Y,,,,,
165,2006,62,63,2006-06-24,H,,2006-06-24,3204000,1,Y,MBSMONA,2006-07-27,المجلس البلدي,امين الصندوق,2006-06-24,Y,,,,,
165,2006,63,64,2006-06-23,H,,2006-06-24,3086000,1,Y,MBSMONA,2006-07-27,المجلس البلدي,امين الصندوق,2006-06-24,Y,,,,,
165,2006,64,65,2006-06-23,H,,2006-06-24,2310000,1,Y,MBSMONA,2006-07-27,المجلس البلدي,امين الصندوق,2006-06-24,Y,,,,,
165,2006,65,66,2006-06-23,H,,2006-06-24,30000,1,Y,MBSMONA,2006-07-27,المجلس البلدي,امين الصندوق,2006-06-24,Y,,,,,
165,2006,66,67,2006-06-23,H,,2006-06-24,600000,1,Y,MBSMONA,2006-07-27,المجلس البلدي,امين الصندوق,2006-06-24,Y,,,,,
165,2006,67,68,2006-06-23,H,,2006-06-24,2178000,1,Y,MBSMONA,2006-07-27,المجلس البلدي,امين الصندوق,2006-06-24,Y,,,,,
165,2007,173,174,2007-09-29,H,,2007-09-29,450000,1,Y,MBSMONA,2007-11-14,رئيس البلدية,امين الصندوق,2007-09-29,Y,,,,,
165,2007,174,175,2007-09-29,H,,2007-09-29,1500000,1,Y,MBSMONA,2007-11-14,رئيس البلدية,امين الصندوق,2007-09-29,Y,,,,,
165,2007,175,176,2007-10-04,H,,2007-10-05,2143000,1,Y,MBSMONA,2007-12-10,المجلس البلدي,امين الصندوق,2007-10-05,Y,,,,,
165,2007,176,177,2007-10-04,H,,2007-10-05,755000,1,Y,MBSMONA,2007-12-10,المجلس البلدي,امين الصندوق,2007-10-05,Y,,,,,
165,2007,177,178,2007-10-04,H,,2007-10-05,170000,1,Y,MBSMONA,2007-12-10,المجلس البلدي,امين الصندوق,2007-10-05,Y,,,,,
165,2007,178,179,2007-10-04,H,,2007-10-05,21000,1,Y,MBSMONA,2007-12-11,المجلس البلدي,امين الصندوق,2007-10-05,Y,,,,,
165,2007,179,180,2007-11-02,H,,2007-11-02,1658000,1,Y,MBSMONA,2008-01-03,رئيس البلدية,امين الصندوق,2007-11-02,Y,,,,,
165,2007,180,181,2007-11-02,H,,2007-11-02,444000,1,Y,MBSMONA,2008-01-03,رئيس البلدية,امين الصندوق,2007-11-02,Y,,,,,
165,2007,181,182,2007-11-02,H,,2007-11-02,1500000,1,Y,MBSMONA,2008-01-03,رئيس البلدية,امين الصندوق,2007-11-02,Y,,,,,
165,2007,182,183,2007-11-02,H,,2007-11-02,2167000,1,Y,MBSMONA,2008-01-03,المجلس البلدي,امين الصندوق,2007-11-02,Y,,,,,
165,2007,183,184,2007-11-01,H,,2007-11-02,1474000,1,Y,MBSMONA,2008-01-03,المجلس البلدي,امين الصندوق,2007-11-02,Y,,,,,
165,2007,184,185,2007-11-01,H,,2007-11-02,163000,1,Y,MBSMONA,2008-01-03,المجلس البلدي,امين الصندوق,2007-11-02,Y,,,,,
165,2007,185,186,2007-11-01,H,,2007-11-02,657000,1,Y,MBSMONA,2008-01-03,المجلس البلدي,امين الصندوق,2007-11-02,Y,,,,,
165,2007,186,187,2007-11-01,H,,2007-11-02,588000,1,Y,MBSMONA,2008-01-03,المجلس البلدي,امين الصندوق,2007-11-02,Y,,,,,
165,2007,187,188,2007-11-01,H,,2007-11-02,594000,1,Y,MBSMONA,2008-01-03,المجلس البلدي,امين الصندوق,2007-11-02,Y,,,,,
165,2004,43,45,2004-03-05,H,,2004-03-22,2324000,1,Y,MBSMONA,2004-06-23,رئيس البلدية,امين الصندوق,2004-03-22,Y,,,,,
165,2004,44,46,2004-03-05,H,,2004-03-25,525000,1,Y,MBSMONA,2004-06-23,رئيس البلدية,امين الصندوق,2004-03-25,Y,,,,,
165,2004,45,47,2004-04-01,H,,2004-04-01,1535000,1,Y,MBSMONA,2004-06-23,رئيس البلدية,امين الصندوق,2004-04-01,Y,,,,,
165,2004,46,48,2004-04-01,H,,2004-04-01,366000,1,Y,MBSMONA,2004-06-23,رئيس البلدية,امين الصندوق,2004-04-01,Y,,,,,
165,2007,218,219,2007-12-06,H,,2007-12-07,1008000,1,Y,MBSMONA,2008-01-10,المجلس البلدي,امين الصندوق,2007-12-07,Y,,,,,
165,2007,219,220,2007-12-28,H,,2007-12-28,2179000,1,Y,MBSMONA,2008-12-28,المجلس البلدي,امين الصندوق,2007-12-28,Y,,,,,
165,2007,220,221,2007-12-27,H,,2007-12-28,969000,1,Y,MBSMONA,2008-12-28,المجلس البلدي,امين الصندوق,2007-12-28,Y,,,,,
165,2007,221,222,2007-12-27,H,,2007-12-28,508000,1,Y,MBSMONA,2008-12-28,المجلس البلدي,امين الصندوق,2007-12-28,Y,,,,,
165,2007,222,223,2007-12-27,H,,2007-12-28,366000,1,Y,MBSMONA,2008-12-28,المجلس البلدي,امين الصندوق,2007-12-28,Y,,,,,
165,2007,223,224,2007-12-27,H,,2007-12-28,127000,1,Y,MBSMONA,2008-12-28,المجلس البلدي,امين الصندوق,2007-12-28,Y,,,,,
165,2007,224,225,2007-12-27,H,,2007-12-28,23000,1,Y,MBSMONA,2008-12-28,المجلس البلدي,امين الصندوق,2007-12-28,Y,,,,,
165,2007,225,226,2007-12-27,H,,2007-12-28,6042000,1,Y,MBSMONA,2008-12-28,المجلس البلدي,امين الصندوق,2007-12-28,Y,,,,,
165,2007,226,227,2007-12-27,H,,2007-12-28,1000000,1,Y,MBSMONA,2008-12-28,المجلس البلدي,امين الصندوق,2007-12-28,Y,,,,,
165,2007,227,228,2007-12-27,H,,2007-12-28,1415000,1,Y,MBSMONA,2008-12-28,المجلس البلدي,امين الصندوق,2007-12-28,Y,,,,,
165,2007,228,229,2007-12-27,H,,2007-12-28,406000,1,Y,MBSMONA,2008-12-28,المجلس البلدي,المجلس البلدي,2007-12-28,Y,,,,,
165,2007,229,230,2007-12-27,H,,2007-12-28,250000,1,Y,MBSMONA,2008-12-28,المجلس البلدي,امين الصندوق,2007-12-28,Y,,,,,
165,2007,230,231,2007-10-11,H,,2007-12-28,1575000,1,Y,MBSMONA,2008-12-30,رئيس البلدية,امين الصندوق,2007-12-28,Y,,,,,
165,2007,231,232,2007-12-27,H,,2007-12-27,230000,1,Y,MBSMONA,2008-12-30,رئيس البلدية,امين الصندوق,2007-12-27,Y,,,,,
165,2007,232,233,2007-12-27,H,,2007-12-28,150000,1,Y,MBSMONA,2008-12-30,رئيس البلدية,امين الصندوق,2007-12-28,Y,,,,,
165,2007,233,234,2007-12-31,H,,2007-12-31,2497000,1,Y,MBSMONA,2008-12-30,رئيس البلدية,امين الصندوق,2007-12-31,Y,,,,,
165,2007,234,235,2007-12-31,H,,2007-12-31,559000,1,Y,MBSMONA,2008-12-30,رئيس البلدية,امين الصندوق,2007-12-31,Y,,,,,
165,2007,235,237,2007-12-31,H,,2007-12-31,97000,1,Y,MBSMONA,2008-12-31,رئيس البلدية,امين الصندوق,2007-12-31,Y,,,,,
165,2007,236,238,2007-12-31,H,,2007-12-31,1162000,1,Y,MBSMONA,2008-12-31,رئيس البلدية,امين الصندوق,2007-12-31,Y,,,,,
165,2007,237,239,2007-12-31,H,,2007-12-31,75000,1,Y,MBSMONA,2008-12-31,رئيس البلدية,امين الصندوق,2007-12-31,Y,,,,,
165,2007,238,240,2007-12-31,H,,2007-12-31,1948000,1,Y,MBSMONA,2008-12-31,رئيس البلدية,امين الصندوق,2007-12-31,Y,,,,,
165,2007,239,241,2007-12-31,H,,2007-12-31,2400000,1,Y,MBSMONA,2008-12-31,رئيس البلدية,امين الصندوق,2007-12-31,Y,,,,,
165,2007,240,242,2007-12-31,H,,2007-12-31,245000,1,Y,MBSMONA,2008-12-31,رئيس البلدية,امين الصندوق,2007-12-31,Y,,,,,
165,2007,241,243,2007-12-31,H,,2007-12-31,756000,1,Y,MBSMONA,2009-01-01,رئيس البلدية,امين الصندوق,2007-12-31,Y,,,,,
165,2007,242,244,2007-12-31,H,,2007-12-31,173000,1,Y,MBSMONA,2009-01-01,رئيس البلدية,امين الصندوق,2007-12-31,Y,,,,,
165,2007,243,245,2007-12-31,H,,2007-12-31,30000,1,Y,MBSMONA,2009-01-01,رئيس البلدية,امين الصندوق,2007-12-31,Y,,,,,
165,2007,244,246,2007-12-31,H,,2007-12-31,60000,1,Y,MBSMONA,2009-01-01,رئيس البلدية,امين الصندوق,2007-12-31,Y,,,,,
165,2007,245,247,2007-12-31,H,,2007-12-31,30000,1,Y,MBSMONA,2009-01-01,رئيس البلدية,امين الصندوق,2007-12-31,Y,,,,,
165,2007,246,248,2007-12-31,H,,2007-12-31,35000,1,Y,MBSMONA,2009-01-04,رئيس البلدية,امين الصندوق,2007-12-31,Y,,,,,
165,2007,247,249,2007-12-31,H,,2007-12-31,88000,1,Y,MBSMONA,2009-01-04,رئيس البلدية,امين الصندوق,2007-12-31,Y,,,,,
165,2007,248,250,2007-12-31,H,,2007-12-31,140000,1,Y,MBSMONA,2009-01-04,رئيس البلدية,امين الصندوق,2007-12-31,Y,,,,,
165,2007,249,251,2007-12-31,H,,2007-12-31,309000,1,Y,MBSMONA,2009-01-04,رئيس البلدية,امين الصندوق,2007-12-31,Y,,,,,
165,2007,250,252,2007-12-31,H,,2007-12-31,630000,1,Y,MBSMONA,2009-01-04,رئيس البلدية,امين الصندوق,2007-12-31,Y,,,,,
165,2007,251,253,2007-12-31,H,,2007-12-31,13000,1,Y,MBSMONA,2007-12-30,رئيس البلدية,امين الصندوق,2007-12-31,Y,,,,,
165,2007,252,254,2007-12-31,H,,2007-12-31,975000,1,Y,MBSMONA,2007-12-30,رئيس البلدية,امين الصندوق,2007-12-31,Y,,,,,
165,2007,253,255,2007-12-31,H,,2007-12-31,135000,1,Y,MBSMONA,2007-12-30,رئيس البلدية,امين الصندوق,2007-12-31,Y,,,,,
165,2007,254,256,2007-12-31,H,,2007-12-31,175000,1,Y,MBSMONA,2007-12-30,رئيس البلدية,امين الصندوق,2007-12-31,Y,,,,,
165,2007,255,257,2007-12-31,H,,2007-12-31,975000,1,Y,MBSMONA,2007-12-30,رئيس البلدية,امين الصندوق,2007-12-31,Y,,,,,
165,2007,256,258,2007-12-31,H,,2007-12-31,350000,1,Y,MBSMONA,2007-12-30,رئيس البلدية,امين الصندوق,2007-12-31,Y,,,,,
165,2007,257,259,2007-12-31,H,,2007-12-31,728000,1,Y,MBSMONA,2007-12-30,رئيس البلدية,امين الصندوق,2007-12-31,Y,,,,,
165,2007,258,260,2007-12-31,H,,2007-12-31,667000,1,Y,MBSMONA,2007-12-30,رئيس البلدية,امين الصندوق,2007-12-31,Y,,,,,
165,2020,137,143,2020-12-31,H,,2020-12-31,7500000,1,Y,MBSSMALL,2021-03-02,رئيس البلدية,محتسب البلدية,2020-12-31,Y,,,,,
165,2020,138,144,2020-12-31,H,,2020-12-31,13200000,1,Y,MBSSMALL,2021-03-02,رئيس البلدية,محتسب البلدية,2020-12-31,Y,,,,,
165,2020,139,145,2020-12-31,H,,2020-12-31,3858000,1,Y,MBSSMALL,2021-03-02,رئيس البلدية,محتسب البلدية,2020-12-31,Y,,,,,
165,2020,140,146,2020-12-31,H,,2020-12-31,650000,1,Y,MBSSMALL,2021-03-02,رئيس البلدية,محتسب البلدية,2020-12-31,Y,,,,,
165,2020,141,147,2020-12-31,H,,2020-12-31,14200000,1,Y,MBSSMALL,2021-03-02,رئيس البلدية,محتسب البلدية,2020-12-31,Y,,,,,
165,2021,1,1,2021-01-12,H,,2021-01-12,2850000,1,Y,MBSSMALL,2021-03-24,رئيس البلدية,محتسب البلدية,2021-01-12,Y,,,,,
165,2021,2,2,2021-01-21,H,,2021-01-21,3000000,1,Y,MBSSMALL,2021-03-24,رئيس البلدية,محتسب البلدية,2021-01-21,Y,,,,,
165,2021,3,7,2021-01-31,H,,2021-01-31,528000,1,Y,MBSSMALL,2021-03-24,رئيس البلدية,محتسب البلدية,2021-01-31,Y,,,,,
165,2021,4,3,2021-01-31,H,,2021-01-31,1926000,1,Y,MBSSMALL,2021-03-24,رئيس البلدية,محتسب البلدية,2021-01-31,Y,,,,,
165,2021,5,4,2021-01-31,H,,2021-01-31,1744000,1,Y,MBSSMALL,2021-03-24,رئيس البلدية,محتسب البلدية,2021-01-31,Y,,,,,
165,2021,6,5,2021-01-31,H,,2021-01-31,1906000,1,Y,MBSSMALL,2021-03-24,رئيس البلدية,محتسب البلدية,2021-01-31,Y,,,,,
165,2021,7,6,2021-01-31,H,,2021-01-31,1734000,1,Y,MBSSMALL,2021-03-24,رئيس البلدية,محتسب البلدية,2021-01-31,Y,,,,,
165,2021,8,8,2021-02-10,H,,2021-02-10,3000000,1,Y,MBSSMALL,2021-03-26,رئيس البلدية,محتسب البلدية,2021-02-10,Y,,,,,
165,2021,9,9,2021-03-01,H,,2021-03-01,1926000,1,Y,MBSSMALL,2021-03-26,رئيس البلدية,محتسب البلدية,2021-03-01,Y,,,,,
165,2021,10,10,2021-03-01,H,,2021-03-01,1744000,1,Y,MBSSMALL,2021-03-26,رئيس البلدية,محتسب البلدية,2021-03-01,Y,,,,,
165,2021,11,11,2021-03-01,H,,2021-03-01,1906000,1,Y,MBSSMALL,2021-03-26,رئيس البلدية,محتسب البلدية,2021-03-01,Y,,,,,
165,2021,12,12,2021-03-01,H,,2021-03-01,1734000,1,Y,MBSSMALL,2021-03-26,رئيس البلدية,محتسب البلدية,2021-03-01,Y,,,,,
165,2021,13,13,2021-03-01,H,,2021-03-01,608000,1,Y,MBSSMALL,2021-03-29,رئيس البلدية,محتسب البلدية,2021-03-01,Y,,,,,
165,2017,46,47,2017-05-02,H,,2017-05-02,900000,1,Y,MBSSMALL,2017-05-03,رئيس البلدية,محتسب البلدية,2017-05-02,Y,,,,,
165,2017,47,48,2017-05-02,H,,2017-05-02,158000,1,Y,MBSSMALL,2017-05-03,رئيس البلدية,محتسب البلدية,2017-05-02,Y,,,,,
165,2007,153,154,2007-08-08,H,,2007-08-09,502000,1,Y,MBSMONA,2007-11-08,المجلس البلدي,امين الصندوق,2007-08-09,Y,,,,,
165,2007,154,155,2007-08-08,H,,2007-08-09,363000,1,Y,MBSMONA,2007-11-08,المجلس البلدي,امين الصندوق,2007-08-09,Y,,,,,
165,2007,155,156,2007-08-08,H,,2007-08-09,120000,1,Y,MBSMONA,2007-11-08,المجلس البلدي,امين الصندوق,2007-08-09,Y,,,,,
165,2007,156,157,2007-08-08,H,,2007-08-09,600000,1,Y,MBSMONA,2007-11-08,المجلس البلدي,امين الصندوق,2007-08-09,Y,,,,,
165,2007,157,158,2007-08-08,H,,2007-08-09,263000,1,Y,MBSMONA,2007-11-08,المجلس البلدي,امين الصندوق,2007-08-09,Y,,,,,
165,2007,158,159,2007-08-08,H,,2007-08-09,65000,1,Y,MBSMONA,2007-11-08,المجلس البلدي,امين الصندوق,2007-08-09,Y,,,,,
165,2007,159,160,2007-09-01,H,,2007-09-01,1658000,1,Y,MBSMONA,2007-11-08,رئيس البلدية,امين الصندوق,2007-09-01,Y,,,,,
165,2007,160,161,2007-09-01,H,,2007-09-01,414000,1,Y,MBSMONA,2007-11-08,رئيس البلدية,امين الصندوق,2007-09-01,Y,,,,,
165,2007,161,162,2007-09-01,H,,2007-09-01,1500000,1,Y,MBSMONA,2007-11-08,المجلس البلدي,امين الصندوق,2007-09-01,Y,,,,,
165,2007,162,163,2007-09-05,H,,2007-09-06,2119000,1,Y,MBSMONA,2007-11-13,المجلس البلدي,امين الصندوق,2007-09-06,Y,,,,,
165,2007,294,296,2007-12-31,H,,2007-12-31,165000,1,Y,MBSMONA,2007-12-12,رئيس البلدية,امين الصندوق,2007-12-31,Y,,,,,
165,2007,295,297,2007-12-31,H,,2007-12-31,112000,1,Y,MBSMONA,2007-12-12,رئيس البلدية,امين الصندوق,2007-12-31,Y,,,,,
165,2007,296,298,2007-12-31,H,,2007-12-31,150000,1,Y,MBSMONA,2007-12-12,رئيس البلدية,امين الصندوق,2007-12-31,Y,,,,,
165,2007,297,299,2007-12-31,H,,2007-12-31,93000,1,Y,MBSMONA,2007-12-12,رئيس البلدية,امين الصندوق,2007-12-31,Y,,,,,
165,2007,298,300,2007-12-31,H,,2007-12-31,40000,1,Y,MBSMONA,2007-12-12,رئيس البلدية,امين الصندوق,2007-12-31,Y,,,,,
165,2008,1,1,2008-01-31,H,,2008-01-31,2157000,1,Y,MBSMONA,2008-02-11,رئيس البلدية,امين الصندوق,2008-01-31,Y,,,,,
165,2008,2,2,2008-01-31,H,,2008-01-31,462000,1,Y,MBSMONA,2008-02-11,رئيس البلدية,امين الصندوق,2008-01-31,Y,,,,,
165,2008,3,3,2008-02-08,H,,2008-02-09,2095000,1,Y,MBSMONA,2008-02-11,المجلس البلدي,امين الصندوق,2008-02-10,Y,,,,,
165,2008,4,4,2008-01-31,H,,2008-01-31,1500000,1,Y,MBSMONA,2008-02-11,رئيس البلدية,امين الصندوق,2008-01-31,Y,,,,,
165,2008,13,13,2008-01-31,H,,2008-01-31,783000,1,Y,MBSMONA,2008-02-20,رئيس البلدية,امين الصندوق,2008-01-31,Y,,,,,
165,2008,14,14,2008-01-31,H,,2008-01-31,458000,1,Y,MBSMONA,2008-02-20,رئيس البلدية,امين الصندوق,2008-02-12,Y,,,,,
165,2008,15,15,2008-01-31,H,,2008-01-31,1010000,1,Y,MBSMONA,2008-02-20,رئيس البلدية,امين الصندوق,2008-02-19,Y,,,,,
165,2008,16,16,2008-01-31,H,,2008-01-31,200000,1,Y,MBSMONA,2008-02-21,رئيس البلدية,امين الصندوق,2008-01-31,Y,,,,,
165,2008,17,17,2008-01-31,H,,2008-01-31,120000,1,Y,MBSMONA,2008-02-21,رئيس البلدية,امين الصندوق,2008-01-31,Y,,,,,
165,2008,18,18,2008-01-31,H,,2008-01-31,110000,1,Y,MBSMONA,2008-02-21,رئيس البلدية,امين الصندوق,2008-01-31,Y,,,,,
165,2008,19,19,2008-02-20,H,,2008-02-21,424000,1,Y,MBSMONA,2008-02-21,رئيس البلدية,امين الصندوق,2008-02-21,Y,,,,,
165,2008,37,38,2008-03-31,H,,2008-03-31,1737000,1,Y,MBSMONA,2008-04-01,رئيس البلدية,امين الصندوق,2008-03-31,Y,,,,,
165,2008,38,39,2008-03-31,H,,2008-03-31,432000,1,Y,MBSMONA,2008-04-02,رئيس البلدية,امين الصندوق,2008-03-31,Y,,,,,
165,2008,39,40,2008-03-31,H,,2008-03-31,1500000,1,Y,MBSMONA,2008-04-02,رئيس البلدية,امين الصندوق,2008-03-31,Y,,,,,
165,2008,40,41,2008-04-04,H,,2008-04-05,32835000,1,Y,MBSMONA,2008-05-08,المجلس البلدي,رئيس البلدية,2008-04-05,Y,,,,,
165,2008,41,42,2008-04-04,H,,2008-04-05,2143000,1,Y,MBSMONA,2008-05-08,المجلس البلدي,رئيس البلدية,2008-04-05,Y,,,,,
165,2008,42,43,2008-04-04,H,,2008-04-05,1608000,1,Y,MBSMONA,2008-05-08,المجلس البلدي,رئيس البلدية,2008-04-05,Y,,,,,
165,2008,43,44,2008-04-30,H,,2008-04-30,1500000,1,Y,MBSMONA,2008-05-14,رئيس البلدية,امين الصندوق,2008-04-30,Y,,,,,
165,2008,65,66,2008-07-07,H,,2008-07-08,15000000,1,Y,MBSMONA,2008-09-25,المجلس البلدي,رئيس البلدية,2008-07-08,Y,,,,,
165,2008,66,67,2008-07-07,H,,2008-07-08,300000,1,Y,MBSMONA,2008-09-25,المجلس البلدي,رئيس البلدية,2008-07-08,Y,,,,,
165,2008,67,68,2008-05-02,H,,2008-05-02,1162000,1,Y,MBSMONA,2008-09-25,رئيس البلدية,امين الصندوق,2008-05-02,Y,,,,,
165,2013,103,103,2013-09-30,H,,2013-09-30,78000,1,Y,BUDGET,2013-10-09,رئيس البلدية,محتسب البلدية,2013-09-30,Y,,,,,
165,2013,104,104,2013-09-30,H,,2013-09-30,113000,1,Y,MBSSMALL,2013-10-09,رئيس البلدية,محتسب البلدية,2013-09-30,Y,,,,,
165,2013,105,105,2013-09-30,H,,2013-09-30,1784000,1,Y,BUDGET,2013-10-14,رئيس البلدية,محتسب البلدية,2013-09-30,Y,,,,,
165,2013,106,106,2013-09-30,H,,2013-09-30,11952000,1,Y,BUDGET,2013-10-14,رئيس البلدية,محتسب البلدية,2013-09-30,Y,,,,,
165,2013,107,107,2013-09-30,H,,2013-09-30,12885000,1,Y,BUDGET,2013-10-14,رئيس البلدية,محتسب البلدية,2013-09-30,Y,,,,,
165,2013,108,108,2013-09-30,H,,2013-09-30,17389000,1,Y,BUDGET,2013-10-14,رئيس البلدية,محتسب البلدية,2013-09-30,Y,,,,,
165,2011,108,108,2011-11-01,H,,2011-11-01,300000,1,Y,BUDGET,2011-11-01,رئيس البلدية,محتسب البلدية,2011-11-01,Y,,,,,
165,2012,91,92,2012-09-29,H,,2012-09-29,300000,1,Y,BUDGET,2012-10-02,رئيس البلدية,محتسب البلدية,2012-09-29,Y,,,,,
165,2012,92,93,2012-09-29,H,,2012-09-29,2359000,1,Y,BUDGET,2012-10-02,رئيس البلدية,محتسب البلدية,2012-09-29,Y,,,,,
165,2012,93,94,2012-09-29,H,,2012-09-29,2466000,1,Y,BUDGET,2012-10-02,رئيس البلدية,محتسب البلدية,2012-09-29,Y,,,,,
165,2012,94,95,2012-09-29,H,,2012-09-29,1440000,1,Y,BUDGET,2012-10-05,رئيس البلدية,محتسب البلدية,2012-09-29,Y,,,,,
165,2012,95,96,2012-09-29,H,,2012-09-29,2283000,1,Y,BUDGET,2012-10-09,رئيس البلدية,محتسب البلدية,2012-09-29,Y,,,,,
165,2012,96,97,2012-09-29,H,,2012-09-29,590000,1,Y,BUDGET,2012-10-09,رئيس البلدية,محتسب البلدية,2012-09-29,Y,,,,,
165,2012,97,98,2012-09-29,H,,2012-09-29,2433000,1,Y,BUDGET,2012-10-09,رئيس البلدية,محتسب البلدية,2012-09-29,Y,,,,,
165,2012,98,99,2012-09-29,H,,2012-09-29,15999000,1,Y,BUDGET,2012-10-09,رئيس البلدية,محتسب البلدية,2012-09-29,Y,,,,,
165,2012,99,100,2012-09-29,H,,2012-09-29,16800000,1,Y,BUDGET,2012-10-09,رئيس البلدية,محتسب البلدية,2012-09-29,Y,,,,,
165,2012,100,101,2012-09-29,H,,2012-09-29,609000,1,Y,BUDGET,2012-10-09,رئيس البلدية,محتسب البلدية,2012-09-29,Y,,,,,
165,2012,101,102,2012-09-29,H,,2012-09-29,563000,1,Y,BUDGET,2012-10-09,رئيس البلدية,محتسب البلدية,2012-09-29,Y,,,,,
165,2012,102,103,2012-09-29,H,,2012-09-29,3800000,1,Y,BUDGET,2012-10-09,رئيس البلدية,محتسب البلدية,2012-09-29,Y,,,,,
165,2012,103,104,2012-11-01,H,,2012-11-01,2528000,1,Y,BUDGET,2012-11-01,رئيس البلدية,محتسب البلدية,2012-11-01,Y,,,,,
165,2012,104,105,2012-11-01,H,,2012-11-01,616000,1,Y,BUDGET,2012-11-01,رئيس البلدية,محتسب البلدية,2012-11-01,Y,,,,,
165,2016,236,240,2016-12-31,H,,2016-12-31,1250000,1,Y,MBSSMALL,2017-01-20,رئيس البلدية,محتسب البلدية,2016-12-31,Y,,,,,
165,2016,237,241,2016-12-31,H,,2016-12-31,4450000,1,Y,MBSSMALL,2017-01-20,رئيس البلدية,محتسب البلدية,2016-12-31,Y,,,,,
165,2017,1,1,2017-01-14,H,,2017-01-14,2782000,1,Y,MBSSMALL,2017-02-01,رئيس البلدية,محتسب البلدية,2017-01-14,Y,,,,,
165,2017,2,2,2017-01-30,H,,2017-01-30,2550000,1,Y,MBSSMALL,2017-02-01,رئيس البلدية,محتسب البلدية,2017-01-30,Y,,,,,
165,2017,3,3,2017-01-30,H,,2017-01-30,1125000,1,Y,MBSSMALL,2017-02-01,رئيس البلدية,محتسب البلدية,2017-01-30,Y,,,,,
165,2017,4,4,2017-01-30,H,,2017-01-30,745000,1,Y,MBSSMALL,2017-02-02,رئيس البلدية,محتسب البلدية,2017-01-30,Y,,,,,
165,2017,5,5,2017-01-30,H,,2017-01-30,2124000,1,Y,MBSSMALL,2017-02-02,رئيس البلدية,محتسب البلدية,2017-01-30,Y,,,,,
165,2017,6,7,2017-01-31,H,,2017-01-31,919000,1,Y,BUDGET,2017-02-04,رئيس البلدية,محتسب البلدية,2017-01-31,Y,,,,,
165,2017,7,6,2017-01-31,H,,2017-01-31,1006000,1,Y,BUDGET,2017-02-04,رئيس البلدية,محتسب البلدية,2017-01-31,Y,,,,,
165,2017,8,9,2017-01-31,H,,2017-01-31,1013000,1,Y,BUDGET,2017-02-04,رئيس البلدية,محتسب البلدية,2017-01-31,Y,,,,,
165,2017,9,8,2017-01-31,H,,2017-01-31,1172000,1,Y,MBSSMALL,2017-02-04,رئيس البلدية,محتسب البلدية,2017-01-31,Y,,,,,
165,2017,10,10,2017-01-31,H,,2017-01-31,784000,1,Y,BUDGET,2017-02-06,رئيس البلدية,محتسب البلدية,2017-01-31,Y,,,,,
165,2017,11,11,2017-01-31,H,,2017-01-31,900000,1,Y,BUDGET,2017-02-06,رئيس البلدية,محتسب البلدية,2017-01-31,Y,,,,,
165,2017,12,12,2017-01-31,H,,2017-01-31,173000,1,Y,MBSSMALL,2017-02-06,رئيس البلدية,محتسب البلدية,2017-01-31,Y,,,,,
165,2017,13,14,2017-02-28,H,,2017-02-28,919000,1,Y,MBSSMALL,2017-02-28,رئيس البلدية,محتسب البلدية,2017-02-28,Y,,,,,
165,2017,14,13,2017-02-28,H,,2017-02-28,1006000,1,Y,MBSSMALL,2017-02-28,رئيس البلدية,محتسب البلدية,2017-02-28,Y,,,,,
165,2017,15,16,2017-02-28,H,,2017-02-28,1013000,1,Y,MBSSMALL,2017-02-28,رئيس البلدية,محتسب البلدية,2017-02-28,Y,,,,,
165,2017,16,15,2017-02-28,H,,2017-02-28,1172000,1,Y,MBSSMALL,2017-02-28,رئيس البلدية,محتسب البلدية,2017-02-28,Y,,,,,
165,2017,17,17,2017-02-28,H,,2017-02-28,760000,1,Y,MBSSMALL,2017-02-28,رئيس البلدية,محتسب البلدية,2017-02-28,Y,,,,,
165,2017,18,18,2017-02-28,H,,2017-02-28,900000,1,Y,MBSSMALL,2017-02-28,رئيس البلدية,محتسب البلدية,2017-02-28,Y,,,,,
165,2017,19,19,2017-02-28,H,,2017-02-28,158000,1,Y,MBSSMALL,2017-02-28,رئيس البلدية,محتسب البلدية,2017-02-28,Y,,,,,
165,2017,20,20,2017-03-06,H,,2017-03-06,17988000,1,Y,MBSSMALL,2017-03-06,رئيس البلدية,محتسب البلدية,2017-03-06,Y,,,,,
165,2017,21,21,2017-03-06,H,,2017-03-06,4338000,1,Y,MBSSMALL,2017-03-06,رئيس البلدية,محتسب البلدية,2017-03-06,Y,,,,,
165,2017,22,22,2017-03-01,H,,2017-03-01,18295000,1,Y,MBSSMALL,2017-03-06,رئيس البلدية,محتسب البلدية,2017-03-01,Y,,,,,
165,2017,23,23,2017-03-01,H,,2017-03-01,19800000,1,Y,MBSSMALL,2017-03-07,رئيس البلدية,محتسب البلدية,2017-03-01,Y,,,,,
165,2017,24,24,2017-03-01,H,,2017-03-01,11000000,1,Y,MBSSMALL,2017-03-07,رئيس البلدية,محتسب البلدية,2017-03-01,Y,,,,,
165,2017,25,25,2017-03-01,H,,2017-03-01,2899000,1,Y,MBSSMALL,2017-03-07,رئيس البلدية,محتسب البلدية,2017-03-01,Y,,,,,
165,2017,26,26,2017-03-01,H,,2017-03-01,7896000,1,Y,MBSSMALL,2017-03-07,رئيس البلدية,محتسب البلدية,2017-03-01,Y,,,,,
165,2017,27,27,2017-03-24,H,,2017-03-24,18594000,1,Y,MBSSMALL,2017-03-30,رئيس البلدية,محتسب البلدية,2017-03-24,Y,,,,,
165,2006,244,245,2006-12-22,H,,2006-12-23,3204000,1,Y,MBSMONA,2007-01-23,المجلس البلدي,امين الصندوق,2006-12-23,Y,,,,,
165,2006,245,246,2006-12-22,H,,2006-12-23,2548000,1,Y,MBSMONA,2007-01-23,المجلس البلدي,امين الصندوق,2006-12-23,Y,,,,,
165,2006,246,247,2006-12-22,H,,2006-12-23,500000,1,Y,MBSMONA,2007-01-23,المجلس البلدي,امين الصندوق,2006-12-23,Y,,,,,
165,2006,247,248,2006-12-22,H,,2006-12-23,950000,1,Y,MBSMONA,2007-01-23,المجلس البلدي,امين الصندوق,2006-12-23,Y,,,,,
165,2006,248,249,2006-12-22,H,,2006-12-23,3000000,1,Y,MBSMONA,2007-01-23,المجلس البلدي,امين الصندوق,2006-12-23,Y,,,,,
165,2006,249,250,2006-12-22,H,,2006-12-23,1838000,1,Y,MBSMONA,2007-01-23,المجلس البلدي,امين الصندوق,2006-12-23,Y,,,,,
165,2006,250,251,2006-12-22,H,,2006-12-23,3000000,1,Y,MBSMONA,2007-01-23,المجلس البلدي,امين الصندوق,2006-12-23,Y,,,,,
165,2006,251,252,2006-12-22,H,,2006-12-23,1500000,1,Y,MBSMONA,2007-01-23,المجلس البلدي,امين الصندوق,2006-12-23,Y,,,,,
165,2006,252,253,2006-12-22,H,,2006-12-23,200000,1,Y,MBSMONA,2007-01-23,المجلس البلدي,امين الصندوق,2006-12-23,Y,,,,,
165,2006,253,254,2006-12-22,H,,2006-12-23,650000,1,Y,MBSMONA,2007-01-23,المجلس البلدي,امين الصندوق,2006-12-23,Y,,,,,
165,2006,254,255,2006-12-22,H,,2006-12-23,1800000,1,Y,MBSMONA,2007-01-23,المجلس البلدي,امين الصندوق,2006-12-23,Y,,,,,
165,2006,255,256,2006-12-30,H,,2006-12-30,2536000,1,Y,MBSMONA,2007-01-24,المجلس البلدي,امين الصندوق,2006-12-30,Y,,,,,
165,2006,256,257,2006-12-30,H,,2006-12-30,794000,1,Y,MBSMONA,2007-01-24,المجلس البلدي,امين الصندوق,2006-12-30,Y,,,,,
165,2006,257,258,2006-12-30,H,,2006-12-30,1726000,1,Y,MBSMONA,2007-01-24,المجلس البلدي,امين الصندوق,2006-12-30,Y,,,,,
165,2006,258,259,2006-12-30,H,,2006-12-30,2153000,1,Y,MBSMONA,2007-01-24,المجلس البلدي,امين الصندوق,2006-12-30,Y,,,,,
165,2006,259,260,2006-12-30,H,,2006-12-30,233000,1,Y,MBSMONA,2007-01-24,المجلس البلدي,امين الصندوق,2006-12-30,Y,,,,,
165,2006,260,261,2006-12-30,H,,2006-12-30,458000,1,Y,MBSMONA,2007-01-24,المجلس البلدي,امين الصندوق,2006-12-30,Y,,,,,
165,2006,261,262,2006-12-30,H,,2006-12-30,30000,1,Y,MBSMONA,2007-01-24,المجلس البلدي,امين الصندوق,2006-12-30,Y,,,,,
165,2006,262,263,2006-12-30,H,,2006-12-30,15000,1,Y,MBSMONA,2007-01-24,المجلس البلدي,امين الصندوق,2006-12-30,Y,,,,,
165,2006,263,264,2006-12-30,H,,2006-12-30,12000,1,Y,MBSMONA,2007-01-24,المجلس البلدي,امين الصندوق,2006-12-30,Y,,,,,
165,2006,264,265,2006-12-30,H,,2006-12-30,1713000,1,Y,MBSMONA,2007-01-24,المجلس البلدي,امين الصندوق,2006-12-30,Y,,,,,
165,2006,265,266,2006-12-30,H,,2006-12-30,504000,1,Y,MBSMONA,2007-01-24,المجلس البلدي,امين الصندوق,2006-12-30,Y,,,,,
165,2006,266,267,2006-12-30,H,,2006-12-30,3000000,1,Y,MBSMONA,2007-01-24,المجلس البلدي,امين الصندوق,2006-12-30,Y,,,,,
165,2006,267,268,2006-12-30,H,,2006-12-30,9000000,1,Y,MBSMONA,2007-01-24,المجلس البلدي,امين الصندوق,2006-12-30,Y,,,,,
165,2006,268,269,2006-10-01,H,,2006-10-01,1000000,1,Y,MBSMONA,2007-01-25,رئيس البلدية,امين الصندوق,2006-10-01,Y,,,,,
165,2006,269,270,2006-12-30,H,,2006-12-30,600000,1,Y,MBSMONA,2007-01-25,رئيس البلدية,امين الصندوق,2006-12-30,Y,,,,,
165,2006,270,271,2006-12-30,H,,2006-12-30,1600000,1,Y,MBSMONA,2007-01-25,رئيس البلدية,امين الصندوق,2006-12-30,Y,,,,,
165,2006,271,272,2006-12-30,H,,2006-12-30,270000,1,Y,MBSMONA,2007-01-25,رئيس البلدية,امين الصندوق,2006-12-30,Y,,,,,
165,2006,272,273,2006-12-30,H,,2006-12-30,500000,1,Y,MBSMONA,2007-01-26,رئيس البلدية,امين الصندوق,2006-12-30,Y,,,,,
165,2004,47,49,2004-04-05,H,,2004-04-06,2763000,1,Y,MBSMONA,2004-06-23,المجلس البلدي,امين الصندوق,2004-04-06,Y,,,,,
165,2004,48,50,2004-04-05,H,,2004-04-06,2185000,1,Y,MBSMONA,2004-06-23,المجلس البلدي,امين الصندوق,2004-04-06,Y,,,,,
165,2004,49,51,2004-04-05,H,,2004-04-06,860000,1,Y,MBSMONA,2004-06-23,المجلس البلدي,امين الصندوق,2004-04-06,Y,,,,,
165,2004,50,52,2004-04-05,H,,2004-04-06,775000,1,Y,MBSMONA,2004-06-23,المجلس البلدي,امين الصندوق,2004-04-06,Y,,,,,
165,2004,51,53,2004-04-05,H,,2004-04-06,1887000,1,Y,MBSMONA,2004-06-23,المجلس البلدي,امين الصندوق,2004-04-06,Y,,,,,
165,2004,52,54,2004-04-05,H,,2004-04-06,21000,1,Y,MBSMONA,2004-06-23,المجلس البلدي,امين الصندوق,2004-04-06,Y,,,,,
165,2004,53,55,2004-04-05,,,2004-04-06,9135000,,N,MBSMONA,2004-06-23,المجلس البلدي,امين الصندوق,,N,خطا في القيمة,2004-10-29,,,
165,2004,54,56,2004-04-07,H,,2004-04-07,783000,1,Y,MBSMONA,2004-06-23,رئيس البلدية,امين الصندوق,2004-04-07,Y,,,,,
165,2004,55,57,2004-04-27,H,,2004-04-28,1573000,1,Y,MBSMONA,2004-06-23,رئيس البلدية,امين الصندوق,2004-04-28,Y,,,,,
165,2004,56,58,2004-04-29,H,,2004-04-29,582000,1,Y,MBSMONA,2004-06-24,رئيس البلدية,امين الصندوق,2004-04-29,Y,,,,,
165,2004,57,59,2004-04-29,H,,2004-04-29,1088000,1,Y,MBSMONA,2004-06-24,رئيس البلدية,امين الصندوق,2004-04-29,Y,,,,,
165,2004,58,60,2004-04-29,H,,2004-04-29,89000,1,Y,MBSMONA,2004-06-24,رئيس البلدية,امين الصندوق,2004-04-29,Y,,,,,
165,2004,59,61,2004-04-29,H,,2004-04-29,857000,1,Y,MBSMONA,2004-06-24,رئيس البلدية,امين الصندوق,2004-04-29,Y,,,,,
165,2004,60,62,2004-04-30,H,,2004-04-30,2715000,1,Y,MBSMONA,2004-06-24,رئيس البلدية,امين الصندوق,2004-04-30,Y,,,,,
165,2004,61,63,2004-04-30,H,,2004-04-30,1200000,1,Y,MBSMONA,2004-06-24,رئيس البلدية,امين الصندوق,2004-04-30,Y,,,,,
165,2004,62,64,2004-04-30,H,,2004-04-30,1455000,1,Y,MBSMONA,2004-06-24,رئيس البلدية,امين الصندوق,2004-04-30,Y,,,,,
165,2004,63,65,2004-04-30,H,,2004-04-30,200000,1,Y,MBSMONA,2004-06-24,رئيس البلدية,امين الصندوق,2004-04-30,Y,,,,,
165,2004,64,66,2004-04-30,H,,2004-04-30,306000,1,Y,MBSMONA,2004-06-24,رئيس البلدية,امين الصندوق,2004-04-30,Y,,,,,
165,2004,65,67,2004-04-30,H,,2004-04-30,693000,1,Y,MBSMONA,2004-06-24,رئيس البلدية,امين الصندوق,2004-04-30,Y,,,,,
165,2004,66,68,2004-04-30,H,,2004-04-30,26000,1,Y,MBSMONA,2004-06-24,رئيس البلدية,امين الصندوق,2004-04-30,Y,,,,,
165,2004,133,138,2004-09-10,H,,2004-09-13,3073000,1,Y,MBSMONA,2004-10-25,المجلس البلدي,امين الصندوق,2004-09-13,Y,,,,,
165,2004,134,139,2004-09-10,H,,2004-09-14,3370000,1,Y,MBSMONA,2004-10-25,المجلس البلدي,امين الصندوق,2004-09-14,Y,,,,,
165,2004,135,140,2004-09-10,H,,2004-09-14,180000,1,Y,MBSMONA,2004-10-25,المجلس البلدي,امين الصندوق,2004-09-14,Y,,,,,
165,2004,136,141,2004-09-10,H,,2004-09-14,347000,1,Y,MBSMONA,2004-10-25,المجلس البلدي,امين الصندوق,2004-09-14,Y,,,,,
165,2004,137,142,2004-09-10,H,,2004-09-14,2616000,1,Y,MBSMONA,2004-10-25,المجلس البلدي,امين الصندوق,2004-09-14,Y,,,,,
165,2004,138,143,2004-09-10,H,,2004-09-14,1217000,1,Y,MBSMONA,2004-10-25,المجلس البلدي,امين الصندوق,2004-09-14,Y,,,,,
165,2004,139,144,2004-09-10,H,,2004-09-14,990000,1,Y,MBSMONA,2004-10-25,المجلس البلدي,امين الصندوق,2004-09-14,Y,,,,,
165,2008,88,92,2008-09-03,H,,2008-09-04,3000000,1,Y,MBSMONA,2008-09-03,المجلس البلدي,امين الصندوق,2008-09-04,Y,,,,,
165,2008,89,70,2008-09-15,H,,2008-09-15,1098000,1,Y,MBSMONA,2008-09-15,رئيس البلدية,امين الصندوق,2008-09-15,Y,,,,,
165,2008,90,71,2008-09-15,H,,2008-09-15,189000,1,Y,MBSMONA,2008-09-15,رئيس البلدية,امين الصندوق,2008-09-15,Y,,,,,
165,2008,91,72,2008-09-15,H,,2008-09-15,22000,1,Y,MBSMONA,2008-09-15,رئيس البلدية,امين الصندوق,2008-09-15,Y,,,,,
165,2008,92,93,2008-09-15,H,,2008-09-15,945000,1,Y,MBSMONA,2008-09-15,رئيس البلدية,امين الصندوق,2008-09-15,Y,,,,,
165,2008,93,94,2008-09-30,H,,2008-09-30,1737000,1,Y,MBSMONA,2008-10-01,رئيس البلدية,امين الصندوق,2008-09-30,Y,,,,,
165,2008,94,95,2008-09-30,H,,2008-09-30,624000,1,Y,MBSMONA,2008-10-01,رئيس البلدية,امين الصندوق,2008-09-30,Y,,,,,
165,2008,95,96,2008-09-30,H,,2008-09-30,1500000,1,Y,MBSMONA,2008-10-01,رئيس البلدية,امين الصندوق,2008-09-30,Y,,,,,
165,2008,96,97,2008-09-30,H,,2008-09-30,600000,1,Y,MBSMONA,2008-09-30,رئيس البلدية,امين الصندوق,2008-09-30,Y,,,,,
165,2008,97,98,2008-09-30,H,,2008-09-30,3000000,1,Y,MBSMONA,2008-09-30,رئيس البلدية,امين الصندوق,2008-09-30,Y,,,,,
165,2008,98,99,2008-09-30,H,,2008-09-30,1000000,1,Y,MBSMONA,2008-09-30,رئيس البلدية,امين الصندوق,2008-09-30,Y,,,,,
165,2008,99,100,2008-09-30,H,,2008-09-30,2036000,1,Y,MBSMONA,2008-09-30,رئيس البلدية,امين الصندوق,2008-09-30,Y,,,,,
165,2008,100,101,2008-09-30,H,,2008-09-30,1703000,1,Y,MBSMONA,2008-10-04,رئيس البلدية,امين الصندوق,2008-09-30,Y,,,,,
165,2008,101,102,2008-09-30,H,,2008-09-30,739000,1,Y,MBSMONA,2008-10-04,رئيس البلدية,امين الصندوق,2008-09-30,Y,,,,,
165,2008,102,103,2008-09-30,H,,2008-09-30,2281000,1,Y,MBSMONA,2008-10-04,رئيس البلدية,امين الصندوق,2008-09-30,Y,,,,,
165,2008,103,104,2008-09-30,H,,2008-09-30,2546000,1,Y,MBSMONA,2008-10-04,رئيس البلدية,امين الصندوق,2008-09-30,Y,,,,,
165,2008,104,105,2008-09-30,H,,2008-09-30,1600000,1,Y,MBSMONA,2008-10-04,المجلس البلدي,امين الصندوق,2008-09-30,Y,,,,,
165,2008,105,106,2008-09-30,H,,2008-09-30,2673000,1,Y,MBSMONA,2008-10-04,المجلس البلدي,امين الصندوق,2008-09-30,Y,,,,,
165,2008,106,107,2008-09-30,H,,2008-09-30,5067000,1,Y,MBSMONA,2008-11-24,المجلس البلدي,امين الصندوق,2008-09-30,Y,,,,,
165,2008,107,108,2008-09-30,H,,2008-09-30,11880000,1,Y,MBSMONA,2008-11-24,المجلس البلدي,امين الصندوق,2008-09-30,Y,,,,,
165,2008,108,109,2008-09-30,H,,2008-09-30,6000000,1,Y,MBSMONA,2008-09-30,المجلس البلدي,امين الصندوق,2008-09-30,Y,,,,,
165,2008,109,110,2008-10-31,H,,2008-10-31,1737000,1,Y,MBSMONA,2008-12-01,رئيس البلدية,امين الصندوق,2008-10-31,Y,,,,,
165,2008,110,111,2008-10-31,H,,2008-10-31,1168000,1,Y,MBSMONA,2008-12-01,رئيس البلدية,امين الصندوق,2008-10-31,Y,,,,,
165,2008,111,112,2008-10-31,H,,2008-10-31,1700000,1,Y,MBSMONA,2008-12-01,رئيس البلدية,امين الصندوق,2008-10-31,Y,,,,,
165,2008,112,113,2008-11-13,H,,2008-11-14,2564000,1,Y,MBSMONA,2008-12-02,المجلس البلدي,امين الصندوق,2008-11-14,Y,,,,,
165,2008,113,114,2008-11-13,H,,2008-11-14,4544000,1,Y,MBSMONA,2008-12-02,المجلس البلدي,امين الصندوق,2008-11-14,Y,,,,,
165,2008,114,115,2008-11-13,H,,2008-11-14,1326000,1,Y,MBSMONA,2008-12-02,المجلس البلدي,امين الصندوق,2008-11-14,Y,,,,,
165,2008,115,116,2008-11-14,H,,2008-11-14,572000,1,Y,MBSMONA,2008-11-14,رئيس البلدية,امين الصندوق,2008-11-14,Y,,,,,
165,2008,116,117,2008-11-30,H,,2008-11-30,1334000,1,Y,MBSMONA,2008-11-16,رئيس البلدية,امين الصندوق,2008-11-30,Y,,,,,
165,2008,117,118,2008-11-30,H,,2008-11-30,1700000,1,Y,MBSMONA,2008-11-16,رئيس البلدية,امين الصندوق,2008-11-30,Y,,,,,
165,2008,118,119,2008-11-30,H,,2008-11-30,1737000,1,Y,MBSMONA,2008-11-16,رئيس البلدية,امين الصندوق,2008-11-30,Y,,,,,
165,2008,119,120,2008-11-30,H,,2008-11-30,1216000,1,Y,MBSMONA,2008-11-16,رئيس البلدية,امين الصندوق,2008-11-30,Y,,,,,
165,2014,31,32,2014-04-30,H,,2014-04-30,2221000,1,Y,BUDGET,2014-04-30,رئيس البلدية,محتسب البلدية,2014-04-30,Y,,,,,
165,2014,32,33,2014-04-30,H,,2014-04-30,600000,1,Y,BUDGET,2014-04-30,رئيس البلدية,محتسب البلدية,2014-04-30,Y,,,,,
165,2014,33,34,2014-04-30,H,,2014-04-30,1100000,1,Y,BUDGET,2014-04-30,رئيس البلدية,محتسب البلدية,2014-04-30,Y,,,,,
165,2014,34,35,2014-04-30,H,,2014-04-30,100000,1,Y,BUDGET,2014-04-30,رئيس البلدية,محتسب البلدية,2014-04-30,Y,,,,,
165,2014,35,36,2014-05-27,H,,2014-05-27,864000,1,Y,BUDGET,2014-05-27,رئيس البلدية,محتسب البلدية,2014-05-27,Y,,,,,
165,2014,36,37,2014-05-27,H,,2014-05-27,19025000,1,Y,BUDGET,2014-05-27,رئيس البلدية,محتسب البلدية,2014-05-27,Y,,,,,
165,2014,37,39,2014-05-27,H,,2014-05-27,745000,1,Y,BUDGET,2014-05-27,رئيس البلدية,محتسب البلدية,2014-05-27,Y,,,,,
165,2014,38,38,2014-05-27,H,,2014-05-27,15035000,1,Y,BUDGET,2014-05-27,رئيس البلدية,محتسب البلدية,2014-05-27,Y,,,,,
165,2014,39,40,2014-05-27,H,,2014-05-27,1505000,1,Y,BUDGET,2014-06-04,رئيس البلدية,محتسب البلدية,2014-05-27,Y,,,,,
165,2014,40,41,2014-06-04,H,,2014-06-04,1040000,1,Y,BUDGET,2014-06-04,رئيس البلدية,محتسب البلدية,2014-06-04,Y,,,,,
165,2014,41,42,2014-06-04,H,,2014-06-04,2221000,1,Y,BUDGET,2014-06-04,رئيس البلدية,محتسب البلدية,2014-06-04,Y,,,,,
165,2014,42,43,2014-06-04,H,,2014-06-04,624000,1,Y,BUDGET,2014-06-04,رئيس البلدية,محتسب البلدية,2014-06-04,Y,,,,,
165,2014,43,44,2014-06-04,H,,2014-06-04,1100000,1,Y,BUDGET,2014-06-04,رئيس البلدية,محتسب البلدية,2014-06-04,Y,,,,,
165,2014,44,45,2014-06-04,H,,2014-06-04,100000,1,Y,BUDGET,2014-06-04,رئيس البلدية,محتسب البلدية,2014-06-04,Y,,,,,
165,2014,45,46,2014-06-04,H,,2014-06-04,1820000,1,Y,BUDGET,2014-06-04,رئيس البلدية,محتسب البلدية,2014-06-04,Y,,,,,
165,2014,46,47,2014-06-07,H,,2014-06-07,920000,1,Y,BUDGET,2014-06-07,رئيس البلدية,محتسب البلدية,2014-06-07,Y,,,,,
165,2014,47,48,2014-06-07,H,,2014-06-07,19464000,1,Y,BUDGET,2014-06-07,رئيس البلدية,محتسب البلدية,2014-06-07,Y,,,,,
165,2014,48,49,2014-06-07,H,,2014-06-07,5556000,1,Y,BUDGET,2014-06-07,رئيس البلدية,محتسب البلدية,2014-06-07,Y,,,,,
165,2014,49,51,2014-06-07,H,,2014-06-07,2510000,1,Y,BUDGET,2014-06-07,رئيس البلدية,محتسب البلدية,2014-06-07,Y,,,,,
165,2020,97,103,2020-11-02,H,,2020-11-02,1906000,1,Y,MBSSMALL,2020-11-05,رئيس البلدية,محتسب البلدية,2020-11-02,Y,,,,,
165,2020,98,104,2020-11-02,H,,2020-11-02,1734000,1,Y,MBSSMALL,2020-11-05,رئيس البلدية,محتسب البلدية,2020-11-02,Y,,,,,
165,2020,99,105,2020-11-02,H,,2020-11-02,672000,1,Y,MBSSMALL,2020-11-05,رئيس البلدية,محتسب البلدية,2020-11-02,Y,,,,,
165,2020,100,106,2020-11-12,H,,2020-11-12,1767000,1,Y,MBSSMALL,2020-11-13,رئيس البلدية,محتسب البلدية,2020-11-12,Y,,,,,
165,2020,101,107,2020-11-30,H,,2020-11-30,1860000,1,Y,MBSSMALL,2020-12-14,رئيس البلدية,محتسب البلدية,2020-11-30,Y,,,,,
165,2020,102,108,2020-11-30,H,,2020-11-30,1744000,1,Y,MBSSMALL,2020-12-14,رئيس البلدية,محتسب البلدية,2020-11-30,Y,,,,,
165,2020,103,109,2020-11-30,H,,2020-11-30,1906000,1,Y,MBSSMALL,2020-12-14,رئيس البلدية,محتسب البلدية,2020-11-30,Y,,,,,
165,2020,104,110,2020-11-30,H,,2020-11-30,1734000,1,Y,MBSSMALL,2020-12-14,رئيس البلدية,محتسب البلدية,2020-11-30,Y,,,,,
165,2020,105,111,2020-11-30,H,,2020-11-30,640000,1,Y,MBSSMALL,2020-12-14,رئيس البلدية,محتسب البلدية,2020-11-30,Y,,,,,
165,2020,106,112,2020-12-03,H,,2020-12-03,1964000,1,Y,MBSSMALL,2020-12-15,رئيس البلدية,محتسب البلدية,2020-12-03,Y,,,,,
165,2020,107,113,2020-12-16,H,,2020-12-16,11103000,1,Y,MBSSMALL,2020-12-18,رئيس البلدية,محتسب البلدية,2020-12-16,Y,,,,,
165,2020,108,114,2020-12-16,H,,2020-12-16,10300000,1,Y,MBSSMALL,2020-12-18,رئيس البلدية,محتسب البلدية,2020-12-16,Y,,,,,
165,2020,109,115,2020-12-16,H,,2020-12-16,7950000,1,Y,MBSSMALL,2020-12-18,رئيس البلدية,محتسب البلدية,2020-12-16,Y,,,,,
165,2020,110,116,2020-12-16,H,,2020-12-16,10769000,1,Y,MBSSMALL,2020-12-18,رئيس البلدية,محتسب البلدية,2020-12-16,Y,,,,,
165,2020,111,117,2020-12-16,H,,2020-12-16,13000000,1,Y,MBSSMALL,2020-12-18,رئيس البلدية,محتسب البلدية,2020-12-16,Y,,,,,
165,2020,112,118,2020-12-17,H,,2020-12-17,675000,1,Y,MBSSMALL,2020-12-23,رئيس البلدية,محتسب البلدية,2020-12-17,Y,,,,,
165,2020,113,119,2020-02-17,H,,2020-02-17,629000,1,Y,MBSSMALL,2020-12-23,رئيس البلدية,محتسب البلدية,2020-12-17,Y,,,,,
165,2020,114,120,2020-12-17,H,,2020-12-17,2144000,1,Y,MBSSMALL,2020-12-23,رئيس البلدية,محتسب البلدية,2020-12-17,Y,,,,,
165,2020,115,121,2020-12-31,H,,2020-12-31,240000,1,Y,MBSSMALL,2021-01-04,رئيس البلدية,محتسب البلدية,2020-12-31,Y,,,,,
165,2020,116,122,2020-12-31,H,,2020-12-31,2640000,1,Y,MBSSMALL,2021-01-04,رئيس البلدية,محتسب البلدية,2020-12-31,Y,,,,,
165,2020,117,123,2020-12-31,H,,2020-12-31,2580000,1,Y,MBSSMALL,2021-01-05,رئيس البلدية,محتسب البلدية,2020-12-31,Y,,,,,
165,2020,118,124,2020-12-31,H,,2020-12-31,1683000,1,Y,MBSSMALL,2021-01-05,رئيس البلدية,محتسب البلدية,2020-12-31,Y,,,,,
165,2020,119,125,2020-12-31,H,,2020-12-31,1926000,1,Y,MBSSMALL,2021-01-05,رئيس البلدية,محتسب البلدية,2020-12-31,Y,,,,,
165,2020,120,126,2020-12-31,H,,2020-12-31,1744000,1,Y,MBSSMALL,2021-01-05,رئيس البلدية,محتسب البلدية,2020-12-31,Y,,,,,
165,2020,121,127,2020-12-31,H,,2020-12-31,1906000,1,Y,MBSSMALL,2021-01-05,رئيس البلدية,محتسب البلدية,2020-12-31,Y,,,,,
165,2020,122,128,2020-12-31,H,,2020-12-31,1734000,1,Y,MBSSMALL,2021-01-05,رئيس البلدية,محتسب البلدية,2020-12-31,Y,,,,,
165,2020,123,129,2020-12-31,H,,2020-12-31,704000,1,Y,MBSSMALL,2021-01-05,رئيس البلدية,محتسب البلدية,2020-12-31,Y,,,,,
165,2020,124,131,2020-12-31,H,,2020-12-31,540000,1,Y,MBSSMALL,2021-01-08,رئيس البلدية,محتسب البلدية,2020-12-31,Y,,,,,
165,2020,125,130,2020-12-31,H,,2020-12-31,1742000,1,Y,MBSSMALL,2021-01-08,رئيس البلدية,محتسب البلدية,2020-12-31,Y,,,,,
165,2020,126,132,2020-12-31,H,,2020-12-31,3000000,1,Y,MBSSMALL,2021-02-24,رئيس البلدية,محتسب البلدية,2020-12-31,Y,,,,,
165,2020,127,133,2020-12-31,H,,2020-12-31,2700000,1,Y,MBSSMALL,2021-02-24,رئيس البلدية,محتسب البلدية,2020-12-31,Y,,,,,
165,2020,128,134,2020-12-31,H,,2020-12-31,3000000,1,Y,MBSSMALL,2021-03-01,رئيس البلدية,محتسب البلدية,2020-12-31,Y,,,,,
165,2020,129,135,2020-12-31,H,,2020-12-31,3000000,1,Y,MBSSMALL,2021-03-01,رئيس البلدية,محتسب البلدية,2020-12-31,Y,,,,,
165,2020,130,136,2020-12-31,H,,2020-12-31,2850000,1,Y,MBSSMALL,2021-03-01,رئيس البلدية,محتسب البلدية,2020-12-31,Y,,,,,
165,2020,131,137,2020-12-31,H,,2020-12-31,2700000,1,Y,MBSSMALL,2021-03-01,رئيس البلدية,محتسب البلدية,2020-12-31,Y,,,,,
165,2020,132,138,2020-12-31,H,,2020-12-31,2850000,1,Y,MBSSMALL,2021-03-01,رئيس البلدية,محتسب البلدية,2020-12-31,Y,,,,,
165,2020,133,139,2020-12-31,H,,2020-12-31,16433000,1,Y,MBSSMALL,2021-03-02,رئيس البلدية,محتسب البلدية,2020-12-31,Y,,,,,
165,2020,134,140,2020-12-31,H,,2020-12-31,11460000,1,Y,MBSSMALL,2021-03-02,رئيس البلدية,محتسب البلدية,2020-12-31,Y,,,,,
165,2020,135,141,2020-12-31,H,,2020-12-31,2304000,1,Y,MBSSMALL,2021-03-02,رئيس البلدية,محتسب البلدية,2020-12-31,Y,,,,,
165,2012,105,106,2012-11-01,H,,2012-11-01,300000,1,Y,BUDGET,2012-11-01,رئيس البلدية,محتسب البلدية,2012-11-01,Y,,,,,
165,2012,106,107,2012-11-09,H,,2012-11-09,2356000,1,Y,BUDGET,2012-11-09,رئيس البلدية,محتسب البلدية,2012-11-09,Y,,,,,
165,2012,107,108,2012-11-09,H,,2012-11-09,18707000,1,Y,BUDGET,2012-11-09,رئيس البلدية,محتسب البلدية,2012-11-09,Y,,,,,
165,2012,108,109,2012-11-10,H,,2012-11-10,14931000,1,Y,BUDGET,2012-11-10,رئيس البلدية,محتسب البلدية,2012-11-10,Y,,,,,
165,2012,109,110,2012-11-10,H,,2012-11-10,8921000,1,Y,BUDGET,2012-11-10,رئيس البلدية,محتسب البلدية,2012-11-10,Y,,,,,
165,2012,110,111,2012-11-10,H,,2012-11-10,5868000,1,Y,BUDGET,2012-11-10,رئيس البلدية,محتسب البلدية,2012-11-10,Y,,,,,
165,2012,111,112,2012-11-10,H,,2012-11-10,1170000,1,Y,BUDGET,2012-11-10,رئيس البلدية,محتسب البلدية,2012-11-10,Y,,,,,
165,2012,112,113,2012-11-12,H,,2012-11-12,2171000,1,Y,BUDGET,2012-11-12,رئيس البلدية,محتسب البلدية,2012-11-12,Y,,,,,
165,2012,113,114,2012-11-12,H,,2012-11-12,550000,1,Y,BUDGET,2012-11-12,رئيس البلدية,محتسب البلدية,2012-11-12,Y,,,,,
165,2012,115,116,2012-12-03,H,,2012-12-03,1013000,1,Y,BUDGET,2012-12-03,رئيس البلدية,محتسب البلدية,2012-12-03,Y,,,,,
165,2012,116,117,2012-12-03,H,,2012-12-03,2167000,1,Y,BUDGET,2012-12-03,رئيس البلدية,محتسب البلدية,2012-12-03,Y,,,,,
165,2012,117,118,2012-12-03,H,,2012-12-03,616000,1,Y,BUDGET,2012-12-03,رئيس البلدية,محتسب البلدية,2012-12-03,Y,,,,,
165,2012,118,119,2012-12-03,H,,2012-12-03,300000,1,Y,BUDGET,2012-12-03,رئيس البلدية,محتسب البلدية,2012-12-03,Y,,,,,
165,2012,119,120,2012-12-12,H,,2012-12-12,2542000,1,Y,BUDGET,2012-12-12,رئيس البلدية,محتسب البلدية,2012-12-12,Y,,,,,
165,2012,120,121,2012-12-12,H,,2012-12-12,17396000,1,Y,BUDGET,2012-12-12,رئيس البلدية,محتسب البلدية,2012-12-12,Y,,,,,
165,2016,165,167,2016-09-30,H,,2016-09-30,5858000,1,Y,MBSSMALL,2016-10-17,رئيس البلدية,محتسب البلدية,2016-09-30,Y,,,,,
165,2016,166,168,2016-09-30,H,,2016-09-30,3264000,1,Y,MBSSMALL,2016-10-18,رئيس البلدية,محتسب البلدية,2016-09-30,Y,,,,,
165,2016,167,169,2016-09-30,H,,2016-09-30,14373000,1,Y,MBSSMALL,2016-10-18,رئيس البلدية,محتسب البلدية,2016-09-30,Y,,,,,
165,2016,168,170,2016-09-30,H,,2016-09-30,12000000,1,Y,MBSSMALL,2016-10-18,رئيس البلدية,محتسب البلدية,2016-09-30,Y,,,,,
165,2016,169,171,2016-09-30,H,,2016-09-30,1070000,1,Y,MBSSMALL,2016-10-18,رئيس البلدية,محتسب البلدية,2016-09-30,Y,,,,,
165,2016,170,172,2016-09-30,H,,2016-09-30,11511000,1,Y,MBSSMALL,2016-10-18,رئيس البلدية,محتسب البلدية,2016-09-30,Y,,,,,
165,2016,171,174,2016-10-31,H,,2016-10-31,919000,1,Y,MBSSMALL,2016-11-02,رئيس البلدية,محتسب البلدية,2016-10-31,Y,,,,,
165,2016,172,173,2016-10-31,H,,2016-10-31,977000,1,Y,MBSSMALL,2016-11-02,رئيس البلدية,محتسب البلدية,2016-10-31,Y,,,,,
165,2016,173,176,2016-10-31,H,,2016-10-31,1013000,1,Y,MBSSMALL,2016-11-02,رئيس البلدية,محتسب البلدية,2016-10-31,Y,,,,,
165,2016,174,175,2016-10-31,H,,2016-10-31,1172000,1,Y,MBSSMALL,2016-11-02,رئيس البلدية,محتسب البلدية,2016-10-31,Y,,,,,
165,2016,175,177,2016-10-31,H,,2016-10-31,832000,1,Y,BUDGET,2016-11-03,رئيس البلدية,محتسب البلدية,2016-10-31,Y,,,,,
165,2016,176,178,2016-10-31,H,,2016-10-31,900000,1,Y,BUDGET,2016-11-03,رئيس البلدية,محتسب البلدية,2016-10-31,Y,,,,,
165,2016,177,179,2016-10-31,H,,2016-10-31,173000,1,Y,MBSSMALL,2016-11-03,رئيس البلدية,محتسب البلدية,2016-10-31,Y,,,,,
165,2016,178,180,2016-11-18,H,,2016-11-18,19099000,1,Y,MBSSMALL,2016-11-21,رئيس البلدية,محتسب البلدية,2016-11-18,Y,,,,,
165,2016,179,181,2016-11-18,H,,2016-11-18,5700000,1,Y,MBSSMALL,2016-11-21,رئيس البلدية,محتسب البلدية,2016-11-18,Y,,,,,
165,2016,180,182,2016-11-18,H,,2016-11-18,19038000,1,Y,MBSSMALL,2016-11-21,رئيس البلدية,محتسب البلدية,2016-11-18,Y,,,,,
165,2016,181,183,2016-11-18,H,,2016-11-18,19440000,1,Y,MBSSMALL,2016-11-21,رئيس البلدية,محتسب البلدية,2016-11-18,Y,,,,,
165,2016,182,184,2016-11-18,H,,2016-11-18,894000,1,Y,MBSSMALL,2016-11-21,رئيس البلدية,محتسب البلدية,2016-11-18,Y,,,,,
165,2016,183,185,2016-11-25,H,,2016-11-25,1220000,1,Y,MBSSMALL,2016-11-29,رئيس البلدية,محتسب البلدية,2016-11-25,Y,,,,,
165,2016,184,187,2016-12-01,H,,2016-12-01,919000,1,Y,MBSSMALL,2016-12-03,رئيس البلدية,محتسب البلدية,2016-12-01,Y,,,,,
165,2016,185,186,2016-12-01,H,,2016-12-01,992000,1,Y,MBSSMALL,2016-12-03,رئيس البلدية,محتسب البلدية,2016-12-01,Y,,,,,
165,2016,186,189,2016-12-01,H,,2016-12-01,1013000,1,Y,MBSSMALL,2016-12-03,رئيس البلدية,محتسب البلدية,2016-12-01,Y,,,,,
165,2016,187,188,2016-12-01,H,,2016-12-01,1172000,1,Y,MBSSMALL,2016-12-03,رئيس البلدية,محتسب البلدية,2016-12-01,Y,,,,,
165,2016,188,190,2016-12-01,H,,2016-12-01,808000,1,Y,MBSSMALL,2016-12-03,رئيس البلدية,محتسب البلدية,2016-12-01,Y,,,,,
165,2016,189,191,2016-12-01,H,,2016-12-01,900000,1,Y,MBSSMALL,2016-12-03,رئيس البلدية,محتسب البلدية,2016-12-01,Y,,,,,
165,2016,190,192,2016-12-01,H,,2016-12-01,150000,1,Y,MBSSMALL,2016-12-03,رئيس البلدية,محتسب البلدية,2016-12-01,Y,,,,,
165,2016,191,193,2016-12-01,H,,2016-12-01,1275000,1,Y,BUDGET,2016-12-05,رئيس البلدية,محتسب البلدية,2016-12-01,Y,,,,,
165,2016,192,194,2016-12-01,H,,2016-12-01,2977000,1,Y,BUDGET,2016-12-05,رئيس البلدية,محتسب البلدية,2016-12-01,Y,,,,,
165,2016,193,195,2016-12-05,H,,2016-12-05,2996000,1,Y,BUDGET,2016-12-05,رئيس البلدية,محتسب البلدية,2016-12-05,Y,,,,,
165,2006,172,173,2006-09-30,H,,2006-10-10,2250000,1,Y,MBSMONA,2006-11-07,رئيس البلدية,امين الصندوق,2006-10-10,Y,,,,,
165,2006,173,174,2006-09-30,H,,2006-10-10,252000,1,Y,MBSMONA,2006-11-08,رئيس البلدية,امين الصندوق,2006-10-10,Y,,,,,
165,2006,174,175,2006-09-30,H,,2006-10-10,105000,1,Y,MBSMONA,2006-11-08,رئيس البلدية,امين الصندوق,2006-10-10,Y,,,,,
165,2006,175,176,2006-09-30,H,,2006-10-10,47000,1,Y,MBSMONA,2006-11-08,رئيس البلدية,امين الصندوق,2006-10-10,Y,,,,,
165,2006,176,177,2006-09-30,H,,2006-10-10,12000,1,Y,MBSMONA,2006-11-08,رئيس البلدية,امين الصندوق,2006-10-10,Y,,,,,
165,2006,177,178,2006-09-30,H,,2006-10-10,135000,1,Y,MBSMONA,2006-11-08,رئيس البلدية,امين الصندوق,2006-10-10,Y,,,,,
165,2006,178,179,2006-09-30,H,,2006-10-10,405000,1,Y,MBSMONA,2006-11-08,رئيس البلدية,امين الصندوق,2006-10-10,Y,,,,,
165,2006,179,180,2006-09-30,H,,2006-10-10,15000,1,Y,MBSMONA,2006-11-08,رئيس البلدية,امين الصندوق,2006-10-10,Y,,,,,
165,2006,180,181,2006-09-30,H,,2006-10-10,80000,1,Y,MBSMONA,2006-11-08,رئيس البلدية,امين الصندوق,2006-10-10,Y,,,,,
165,2006,181,182,2006-09-30,H,,2006-10-10,100000,1,Y,MBSMONA,2006-11-08,رئيس البلدية,امين الصندوق,2006-10-10,Y,,,,,
165,2006,182,183,2006-09-30,H,,2006-10-10,145000,1,Y,MBSMONA,2006-11-08,رئيس البلدية,امين الصندوق,2006-10-10,Y,,,,,
165,2006,183,184,2006-09-30,H,,2006-10-10,26000,1,Y,MBSMONA,2006-11-08,رئيس البلدية,امين الصندوق,2006-10-10,Y,,,,,
165,2006,184,185,2006-09-30,H,,2006-10-10,108000,1,Y,MBSMONA,2006-11-08,رئيس البلدية,امين الصندوق,2006-10-10,Y,,,,,
165,2006,185,186,2006-09-30,H,,2006-10-10,12000,1,Y,MBSMONA,2006-11-08,رئيس البلدية,امين الصندوق,2006-10-10,Y,,,,,
165,2006,273,274,2006-12-30,H,,2006-12-30,390000,1,Y,MBSMONA,2007-02-01,رئيس البلدية,امين الصندوق,2006-12-30,Y,,,,,
165,2006,274,275,2006-12-30,H,,2006-12-30,942000,1,Y,MBSMONA,2007-02-01,رئيس البلدية,امين الصندوق,2006-12-30,Y,,,,,
165,2006,275,276,2006-12-30,H,,2006-12-30,265000,1,Y,MBSMONA,2007-02-01,رئيس البلدية,امين الصندوق,2006-12-30,Y,,,,,
165,2006,276,277,2006-12-30,H,,2006-12-30,120000,1,Y,MBSMONA,2007-02-01,رئيس البلدية,امين الصندوق,2006-12-30,Y,,,,,
165,2006,277,279,2006-12-30,H,,2006-12-30,756500,1,Y,MBSMONA,2007-02-03,رئيس البلدية,امين الصندوق,2006-12-30,Y,,,,,
165,2006,278,280,2006-12-30,H,,2006-12-30,73500,1,Y,MBSMONA,2007-02-03,رئيس البلدية,امين الصندوق,2006-12-30,Y,,,,,
165,2006,279,281,2006-12-30,H,,2006-12-30,68000,1,Y,MBSMONA,2007-02-03,رئيس البلدية,امين الصندوق,2006-12-30,Y,,,,,
165,2006,280,282,2006-12-30,H,,2006-12-30,38000,1,Y,MBSMONA,2007-02-03,رئيس البلدية,امين الصندوق,2006-12-30,Y,,,,,
165,2006,281,283,2006-12-30,H,,2006-12-30,300000,1,Y,MBSMONA,2007-02-03,رئيس البلدية,امين الصندوق,2006-12-30,Y,,,,,
165,2006,282,284,2006-12-30,H,,2006-12-30,120000,1,Y,MBSMONA,2007-02-03,رئيس البلدية,امين الصندوق,2006-12-30,Y,,,,,
165,2006,283,285,2006-12-30,H,,2006-12-30,30000,1,Y,MBSMONA,2007-02-03,رئيس البلدية,امين الصندوق,2006-12-30,Y,,,,,
165,2006,284,287,2006-12-30,H,,2006-12-30,250000,1,Y,MBSMONA,2007-02-03,رئيس البلدية,امين الصندوق,2006-12-30,Y,,,,,
165,2006,285,288,2006-12-30,H,,2006-12-30,200000,1,Y,MBSMONA,2007-02-03,رئيس البلدية,امين الصندوق,2006-12-30,Y,,,,,
165,2006,286,289,2006-12-30,H,,2006-12-30,22000,1,Y,MBSMONA,2007-02-03,رئيس البلدية,امين الصندوق,2006-12-30,Y,,,,,
165,2010,124,124,2010-12-01,H,,2010-12-01,600000,1,Y,MBSSMALL,2010-12-03,رئيس البلدية,محتسب البلدية,2010-12-01,Y,,,,,
165,2010,125,125,2010-12-01,H,,2010-12-01,300000,1,Y,MBSSMALL,2010-12-03,رئيس البلدية,محتسب البلدية,2010-12-01,Y,,,,,
165,2010,126,126,2010-12-08,H,,2010-12-08,1495000,1,Y,BUDGET,2010-12-08,رئيس البلدية,محتسب البلدية,2010-12-08,Y,,,,,
165,2010,127,127,2010-12-08,H,,2010-12-08,2641000,1,Y,BUDGET,2010-12-08,رئيس البلدية,محتسب البلدية,2010-12-08,Y,,,,,
165,2010,128,128,2010-12-08,H,,2010-12-08,3582000,1,Y,BUDGET,2010-12-08,رئيس البلدية,محتسب البلدية,2010-12-08,Y,,,,,
165,2010,129,129,2010-12-08,H,,2010-12-08,18966000,1,Y,BUDGET,2010-12-08,رئيس البلدية,محتسب البلدية,2010-12-08,Y,,,,,
165,2010,130,130,2010-12-08,H,,2010-12-08,18604000,1,Y,BUDGET,2010-12-08,رئيس البلدية,محتسب البلدية,2010-12-08,Y,,,,,
165,2010,131,131,2010-12-08,H,,2010-12-08,19198000,1,Y,BUDGET,2010-12-08,رئيس البلدية,محتسب البلدية,2010-12-08,Y,,,,,
165,2010,132,132,2010-12-08,H,,2010-12-08,19808000,1,Y,BUDGET,2010-12-08,رئيس البلدية,محتسب البلدية,2010-12-08,Y,,,,,
165,2010,133,133,2010-12-08,H,,2010-12-08,585000,1,Y,BUDGET,2010-12-08,رئيس البلدية,محتسب البلدية,2010-12-08,Y,,,,,
165,2010,134,134,2010-12-08,H,,2010-12-08,5540000,1,Y,BUDGET,2010-12-08,رئيس البلدية,محتسب البلدية,2010-12-08,Y,,,,,
165,2010,135,135,2010-12-08,H,,2010-12-08,1427000,1,Y,BUDGET,2010-12-08,رئيس البلدية,محتسب البلدية,2010-12-08,Y,,,,,
165,2010,136,136,2010-12-14,H,,2010-12-14,10171000,1,Y,BUDGET,2010-12-14,رئيس البلدية,محتسب البلدية,2010-12-14,Y,,,,,
165,2010,137,137,2010-12-14,H,,2010-12-14,8819000,1,Y,BUDGET,2010-12-14,رئيس البلدية,محتسب البلدية,2010-12-14,Y,,,,,
165,2010,138,138,2010-12-14,H,,2010-12-14,6344000,1,Y,BUDGET,2010-12-14,رئيس البلدية,محتسب البلدية,2010-12-14,Y,,,,,
165,2010,139,139,2010-12-14,H,,2010-12-14,5388000,1,Y,BUDGET,2010-12-14,رئيس البلدية,محتسب البلدية,2010-12-14,Y,,,,,
165,2010,140,140,2010-11-15,H,,2010-11-15,1752000,1,Y,BUDGET,2010-12-22,رئيس البلدية,محتسب البلدية,2010-11-15,Y,,,,,
165,2010,141,141,2010-12-23,H,,2010-12-23,1697000,1,Y,BUDGET,2010-12-23,رئيس البلدية,محتسب البلدية,2010-12-23,Y,,,,,
165,2010,142,142,2010-12-24,H,,2010-12-24,1533000,1,Y,BUDGET,2010-12-24,رئيس البلدية,محتسب البلدية,2010-12-24,Y,,,,,
165,2010,143,143,2010-12-24,H,,2010-12-24,1338000,1,Y,BUDGET,2010-12-24,رئيس البلدية,محتسب البلدية,2010-12-24,Y,,,,,
165,2010,144,144,2010-12-27,H,,2010-12-27,421000,1,Y,BUDGET,2010-12-27,رئيس البلدية,محتسب البلدية,2010-12-27,Y,,,,,
165,2010,145,145,2010-12-27,H,,2010-12-27,1000000,1,Y,BUDGET,2010-12-27,رئيس البلدية,محتسب البلدية,2010-12-27,Y,,,,,
165,2009,93,97,2009-08-14,H,,2009-08-14,2747000,1,Y,BUDGET,2009-08-24,رئيس البلدية,محتسب البلدية,2009-08-17,Y,,,,,
165,2009,94,98,2009-08-24,H,,2009-08-24,18037000,1,Y,BUDGET,2009-08-24,رئيس البلدية,محتسب البلدية,2009-08-24,Y,,,,,
165,2009,95,99,2009-08-24,H,,2009-08-24,19036000,1,Y,BUDGET,2009-08-24,رئيس البلدية,محتسب البلدية,2009-08-24,Y,,,,,
165,2009,96,100,2009-08-24,H,,2009-08-24,12522000,1,Y,BUDGET,2009-08-24,رئيس البلدية,محتسب البلدية,2009-08-24,Y,,,,,
165,2009,97,101,2009-08-24,H,,2009-08-24,9815000,1,Y,BUDGET,2009-08-25,رئيس البلدية,محتسب البلدية,2009-08-24,Y,,,,,
165,2009,98,102,2009-08-24,H,,2009-08-24,739000,1,Y,BUDGET,2009-08-25,رئيس البلدية,محتسب البلدية,2009-08-24,Y,,,,,
165,2009,99,103,2009-08-24,H,,2009-08-24,187000,1,Y,BUDGET,2009-08-25,رئيس البلدية,محتسب البلدية,2009-08-24,Y,,,,,
165,2009,100,104,2009-09-10,H,,2009-09-10,2359000,1,Y,BUDGET,2009-09-11,رئيس البلدية,محتسب البلدية,2009-09-10,Y,,,,,
165,2009,101,105,2009-09-10,H,,2009-09-10,640000,1,Y,BUDGET,2009-09-11,رئيس البلدية,محتسب البلدية,2009-09-10,Y,,,,,
165,2012,157,160,2012-12-31,H,,2012-12-31,1000,1,Y,MBSSMALL,2013-01-04,رئيس البلدية,محتسب البلدية,2012-12-31,Y,,,,,
165,2013,1,1,2013-02-07,H,,2013-02-07,2997000,1,Y,BUDGET,2013-02-25,رئيس البلدية,محتسب البلدية,2013-02-07,Y,,,,,
165,2013,2,2,2013-02-07,H,,2013-02-07,600000,1,Y,BUDGET,2013-02-25,رئيس البلدية,محتسب البلدية,2013-02-07,Y,,,,,
165,2013,3,3,2013-02-07,H,,2013-02-07,3843000,1,Y,BUDGET,2013-02-25,رئيس البلدية,محتسب البلدية,2013-02-07,Y,,,,,
165,2013,4,4,2013-02-20,H,,2013-02-20,1316000,1,Y,BUDGET,2013-02-25,رئيس البلدية,محتسب البلدية,2013-02-20,Y,,,,,
165,2013,5,5,2013-02-20,H,,2013-02-20,838000,1,Y,BUDGET,2013-02-25,رئيس البلدية,محتسب البلدية,2013-02-20,Y,,,,,
165,2013,6,6,2013-02-20,H,,2013-02-20,21000,1,Y,BUDGET,2013-02-27,رئيس البلدية,محتسب البلدية,2013-02-20,Y,,,,,
165,2013,7,7,2013-02-26,H,,2013-02-26,84000,1,Y,BUDGET,2013-02-27,رئيس البلدية,محتسب البلدية,2013-02-26,Y,,,,,
165,2013,8,8,2013-02-26,H,,2013-02-26,33000,1,Y,BUDGET,2013-02-27,رئيس البلدية,محتسب البلدية,2013-02-26,Y,,,,,
165,2013,9,9,2013-05-02,H,,2013-05-02,1013000,1,Y,BUDGET,2013-05-30,رئيس البلدية,محتسب البلدية,2013-05-02,Y,,,,,
165,2013,10,10,2013-05-02,H,,2013-05-02,2167000,1,Y,BUDGET,2013-05-30,رئيس البلدية,محتسب البلدية,2013-05-02,Y,,,,,
165,2013,11,11,2013-05-02,H,,2013-05-02,552000,1,Y,BUDGET,2013-05-30,رئيس البلدية,محتسب البلدية,2013-05-02,Y,,,,,
165,2013,12,12,2013-05-02,H,,2013-05-02,1040000,1,Y,BUDGET,2013-05-30,رئيس البلدية,محتسب البلدية,2013-05-02,Y,,,,,
165,2013,13,13,2013-05-02,H,,2013-05-02,2167000,1,Y,BUDGET,2013-05-30,رئيس البلدية,محتسب البلدية,2013-05-02,Y,,,,,
165,2008,120,121,2008-11-30,H,,2008-11-30,1085000,1,Y,MBSMONA,2008-11-29,رئيس البلدية,امين الصندوق,2008-11-30,Y,,,,,
165,2008,121,122,2008-11-30,H,,2008-11-30,1114000,1,Y,MBSMONA,2008-11-30,رئيس البلدية,امين الصندوق,2008-11-30,Y,,,,,
165,2008,122,123,2008-12-16,H,,2008-12-16,480000,1,Y,MBSMONA,2008-12-17,رئيس البلدية,امين الصندوق,2008-12-16,Y,,,,,
165,2008,123,124,2008-12-11,H,,2008-12-12,2576000,1,Y,MBSMONA,2008-12-17,المجلس البلدي,امين الصندوق,2008-12-12,Y,,,,,
165,2008,124,125,2008-12-18,H,,2008-12-18,675000,1,Y,MBSMONA,2008-12-18,رئيس البلدية,امين الصندوق,2008-12-18,Y,,,,,
165,2008,125,126,2008-12-22,H,,2008-12-22,750000,1,Y,MBSMONA,2008-12-12,رئيس البلدية,امين الصندوق,2008-12-22,Y,,,,,
165,2008,126,127,2008-11-21,H,,2008-11-21,120000,1,Y,MBSMONA,2008-11-21,رئيس البلدية,امين الصندوق,2008-11-21,Y,,,,,
165,2008,127,128,2008-12-11,,,2008-12-12,2576000,,N,MBSMONA,2008-12-12,المجلس البلدي,امين الصندوق,,N,مكرر,2008-12-31,,,
165,2008,128,129,2008-12-11,H,,2008-12-12,6627000,1,Y,MBSMONA,2008-12-15,المجلس البلدي,امين الصندوق,2008-12-12,Y,,,,,
165,2006,30,31,2006-04-01,H,,2006-04-01,1050000,1,Y,MBSMONA,2006-04-27,رئيس البلدية,امين الصندوق,2006-04-01,Y,,,,,
165,2006,31,32,2006-04-06,H,,2006-04-07,3204000,1,Y,MBSMONA,2006-05-03,المجلس البلدي,امين الصندوق,2006-04-07,Y,,,,,
165,2006,32,33,2006-04-07,H,,2006-04-07,4290000,1,Y,MBSMONA,2006-05-03,رئيس البلدية,امين الصندوق,2006-04-07,Y,,,,,
165,2006,33,34,2006-04-07,H,,2006-04-07,6967000,1,Y,MBSMONA,2006-05-03,رئيس البلدية,امين الصندوق,2006-04-07,Y,,,,,
165,2006,34,35,2006-04-07,H,,2006-04-07,1575000,1,Y,MBSMONA,2006-05-03,رئيس البلدية,امين الصندوق,2006-04-07,Y,,,,,
165,2006,35,36,2006-04-07,H,,2006-04-07,840000,1,Y,MBSMONA,2006-05-03,رئيس البلدية,امين الصندوق,2006-04-07,Y,,,,,
165,2006,36,37,2006-04-07,H,,2006-04-07,2143000,1,Y,MBSMONA,2006-05-03,رئيس البلدية,امين الصندوق,2006-04-07,Y,,,,,
165,2006,37,38,2006-04-07,H,,2006-04-07,375000,1,Y,MBSMONA,2006-05-03,رئيس البلدية,امين الصندوق,2006-04-07,Y,,,,,
165,2006,38,39,2006-04-07,H,,2006-04-07,810000,1,Y,MBSMONA,2006-05-04,رئيس البلدية,امين الصندوق,2006-04-07,Y,,,,,
165,2006,39,40,2006-04-07,H,,2006-04-07,196000,1,Y,MBSMONA,2006-05-04,رئيس البلدية,امين الصندوق,2006-04-07,Y,,,,,
165,2006,40,41,2006-04-07,H,,2006-04-07,396000,1,Y,MBSMONA,2006-05-04,رئيس البلدية,امين الصندوق,2006-04-07,Y,,,,,
165,2006,41,42,2006-04-07,H,,2006-04-07,350000,1,Y,MBSMONA,2006-05-04,رئيس البلدية,امين الصندوق,2006-04-07,Y,,,,,
165,2006,42,43,2006-04-07,H,,2006-04-07,438000,1,Y,MBSMONA,2006-05-04,رئيس البلدية,امين الصندوق,2006-04-07,Y,,,,,
165,2006,43,44,2006-04-07,H,,2006-04-07,345000,1,Y,MBSMONA,2006-05-04,رئيس البلدية,امين الصندوق,2006-04-07,Y,,,,,
165,2006,44,45,2006-04-07,H,,2006-04-07,414000,1,Y,MBSMONA,2006-05-04,رئيس البلدية,امين الصندوق,2006-04-07,Y,,,,,
165,2006,45,46,2006-05-02,H,,2006-05-02,1636000,1,Y,MBSMONA,2006-07-24,رئيس البلدية,امين الصندوق,2006-05-02,Y,,,,,
165,2006,46,47,2006-05-02,H,,2006-05-02,360000,1,Y,MBSMONA,2006-07-24,رئيس البلدية,امين الصندوق,2006-05-02,Y,,,,,
165,2006,47,48,2006-05-02,H,,2006-05-02,1050000,1,Y,MBSMONA,2006-07-24,رئيس البلدية,امين الصندوق,2006-05-02,Y,,,,,
165,2006,48,49,2006-05-09,H,,2006-05-09,3228000,1,Y,MBSMONA,2006-07-24,المجلس البلدي,امين الصندوق,2006-05-09,Y,,,,,
165,2006,49,50,2006-05-09,H,,2006-05-09,2391000,1,Y,MBSMONA,2006-07-25,المجلس البلدي,امين الصندوق,2006-05-09,Y,,,,,
165,2006,50,51,2006-05-09,H,,2006-05-09,1585000,1,Y,MBSMONA,2006-07-25,المجلس البلدي,امين الصندوق,2006-05-09,Y,,,,,
165,2006,51,52,2006-05-09,H,,2006-05-09,180000,1,Y,MBSMONA,2006-07-25,المجلس البلدي,امين الصندوق,2006-05-09,Y,,,,,
165,2006,52,53,2006-05-09,H,,2006-05-09,1535000,1,Y,MBSMONA,2006-07-25,المجلس البلدي,امين الصندوق,2006-05-09,Y,,,,,
165,2006,53,54,2006-05-09,H,,2006-05-09,840000,1,Y,MBSMONA,2006-07-25,المجلس البلدي,امين الصندوق,2006-05-09,Y,,,,,
165,2006,54,55,2006-05-09,H,,2006-05-09,402000,1,Y,MBSMONA,2006-07-25,المجلس البلدي,امين الصندوق,2006-05-09,Y,,,,,
165,2006,55,56,2006-05-09,H,,2006-05-09,1040000,1,Y,MBSMONA,2006-07-25,المجلس البلدي,امين الصندوق,2006-05-09,Y,,,,,
165,2006,56,57,2006-05-09,H,,2006-05-09,28000,1,Y,MBSMONA,2006-07-25,المجلس البلدي,امين الصندوق,2006-05-09,Y,,,,,
165,2006,57,58,2006-05-09,H,,2006-05-09,8000,1,Y,MBSMONA,2006-07-25,المجلس البلدي,امين الصندوق,2006-05-09,Y,,,,,
165,2006,58,59,2006-05-31,H,,2006-05-31,1636000,1,Y,MBSMONA,2006-07-25,رئيس البلدية,امين الصندوق,2006-05-31,Y,,,,,
165,2005,92,93,2005-07-04,H,,2005-07-05,246000,1,Y,MBSMONA,2005-09-01,المجلس البلدي,امين الصندوق,2005-07-05,Y,,,,,
165,2005,93,94,2005-07-04,H,,2005-07-05,260000,1,Y,MBSMONA,2005-09-01,المجلس البلدي,امين الصندوق,2005-07-05,Y,,,,,
165,2005,94,95,2005-07-04,H,,2005-07-05,540000,1,Y,MBSMONA,2005-09-01,المجلس البلدي,امين الصندوق,2005-07-05,Y,,,,,
165,2005,95,96,2005-07-04,H,,2005-07-05,135000,1,Y,MBSMONA,2005-09-01,المجلس البلدي,امين الصندوق,2005-07-05,Y,,,,,
165,2005,96,97,2005-06-30,H,,2005-07-05,989000,1,Y,MBSMONA,2005-09-01,رئيس البلدية,امين الصندوق,2005-07-05,Y,,,,,
165,2012,63,64,2012-09-12,H,,2012-09-12,100000,1,Y,BUDGET,2012-09-12,رئيس البلدية,محتسب البلدية,2012-09-12,Y,,,,,
165,2012,64,65,2012-09-12,H,,2012-09-12,423000,1,Y,BUDGET,2012-09-12,رئيس البلدية,محتسب البلدية,2012-09-12,Y,,,,,
165,2012,65,66,2012-09-12,H,,2012-09-12,1500000,1,Y,BUDGET,2012-09-12,رئيس البلدية,محتسب البلدية,2012-09-12,Y,,,,,
165,2012,66,67,2012-09-12,H,,2012-09-12,1500000,1,Y,BUDGET,2012-09-12,رئيس البلدية,محتسب البلدية,2012-09-12,Y,,,,,
165,2012,67,68,2012-09-12,H,,2012-09-12,100000,1,Y,BUDGET,2012-09-12,رئيس البلدية,محتسب البلدية,2012-09-12,Y,,,,,
165,2012,68,69,2012-09-13,H,,2012-09-13,1723000,1,Y,BUDGET,2012-09-13,رئيس البلدية,محتسب البلدية,2012-09-13,Y,,,,,
165,2012,69,70,2012-09-13,H,,2012-09-13,1100000,1,Y,BUDGET,2012-09-13,رئيس البلدية,محتسب البلدية,2012-09-13,Y,,,,,
165,2012,70,71,2012-09-13,H,,2012-09-13,825000,1,Y,BUDGET,2012-09-13,رئيس البلدية,محتسب البلدية,2012-09-13,Y,,,,,
165,2012,71,72,2012-09-14,H,,2012-09-14,1738000,1,Y,BUDGET,2012-09-14,رئيس البلدية,محتسب البلدية,2012-09-14,Y,,,,,
165,2012,72,73,2012-09-14,H,,2012-09-14,660000,1,Y,BUDGET,2012-09-14,رئيس البلدية,محتسب البلدية,2012-09-14,Y,,,,,
165,2012,73,74,2012-09-14,H,,2012-09-14,1105000,1,Y,BUDGET,2012-09-14,رئيس البلدية,محتسب البلدية,2012-09-14,Y,,,,,
165,2012,74,75,2012-09-14,H,,2012-09-14,1551000,1,Y,BUDGET,2012-09-14,رئيس البلدية,محتسب البلدية,2012-09-14,Y,,,,,
165,2012,75,76,2012-09-14,H,,2012-09-14,100000,1,Y,BUDGET,2012-09-14,رئيس البلدية,محتسب البلدية,2012-09-14,Y,,,,,
165,2012,76,77,2012-09-17,H,,2012-09-17,650000,1,Y,BUDGET,2012-09-18,رئيس البلدية,محتسب البلدية,2012-09-17,Y,,,,,
165,2012,77,78,2012-09-17,H,,2012-09-17,1444000,1,Y,BUDGET,2012-09-18,رئيس البلدية,محتسب البلدية,2012-09-17,Y,,,,,
165,2012,78,79,2012-09-17,H,,2012-09-17,1161000,1,Y,BUDGET,2012-09-18,رئيس البلدية,محتسب البلدية,2012-09-17,Y,,,,,
165,2009,122,126,2009-10-15,H,,2009-10-15,17125000,1,Y,BUDGET,2009-10-15,رئيس البلدية,محتسب البلدية,2009-10-15,Y,,,,,
165,2009,123,127,2009-10-15,H,,2009-10-15,16590000,1,Y,BUDGET,2009-10-15,رئيس البلدية,محتسب البلدية,2009-10-15,Y,,,,,
165,2009,124,128,2009-10-15,H,,2009-10-15,18000000,1,Y,BUDGET,2009-10-15,رئيس البلدية,محتسب البلدية,2009-10-15,Y,,,,,
165,2009,125,129,2009-10-15,H,,2009-10-15,4385000,1,Y,BUDGET,2009-10-15,رئيس البلدية,محتسب البلدية,2009-10-15,Y,,,,,
165,2009,126,130,2009-10-21,H,,2009-10-21,447000,1,Y,BUDGET,2009-10-21,رئيس البلدية,محتسب البلدية,2009-10-21,Y,,,,,
165,2009,127,131,2009-10-21,H,,2009-10-21,279000,1,Y,BUDGET,2009-10-21,رئيس البلدية,محتسب البلدية,2009-10-21,Y,,,,,
165,2009,128,132,2009-10-22,H,,2009-10-22,535000,1,Y,BUDGET,2009-10-22,رئيس البلدية,محتسب البلدية,2009-10-22,Y,,,,,
165,2009,129,133,2009-10-22,H,,2009-10-22,415000,1,Y,BUDGET,2009-10-22,رئيس البلدية,محتسب البلدية,2009-10-22,Y,,,,,
165,2009,130,134,2009-10-24,H,,2009-10-24,632000,1,Y,BUDGET,2009-10-24,رئيس البلدية,محتسب البلدية,2009-10-24,Y,,,,,
165,2009,131,135,2009-11-03,H,,2009-11-03,2359000,1,Y,BUDGET,2009-11-03,رئيس البلدية,محتسب البلدية,2009-11-03,Y,,,,,
165,2009,132,136,2009-11-03,H,,2009-11-03,656000,1,Y,BUDGET,2009-11-03,رئيس البلدية,محتسب البلدية,2009-11-03,Y,,,,,
165,2009,133,137,2009-11-03,H,,2009-11-03,300000,1,Y,BUDGET,2009-11-03,رئيس البلدية,محتسب البلدية,2009-11-03,Y,,,,,
165,2009,134,138,2009-11-03,H,,2009-11-03,750000,1,Y,BUDGET,2009-11-03,رئيس البلدية,محتسب البلدية,2009-11-03,Y,,,,,
165,2009,140,144,2009-11-26,H,,2009-11-26,758000,1,Y,BUDGET,2009-11-26,رئيس البلدية,محتسب البلدية,2009-11-26,Y,,,,,
165,2009,141,145,2009-11-26,H,,2009-11-26,376000,1,Y,BUDGET,2009-11-26,رئيس البلدية,محتسب البلدية,2009-11-26,Y,,,,,
165,2009,142,146,2009-11-26,H,,2009-11-26,210000,1,Y,BUDGET,2009-11-26,رئيس البلدية,محتسب البلدية,2009-11-26,Y,,,,,
165,2009,143,147,2009-12-01,H,,2009-12-01,2359000,1,Y,BUDGET,2009-12-01,رئيس البلدية,محتسب البلدية,2009-12-01,Y,,,,,
165,2009,144,148,2009-12-01,H,,2009-12-01,600000,1,Y,BUDGET,2009-12-01,رئيس البلدية,محتسب البلدية,2009-12-01,Y,,,,,
165,2009,145,149,2009-12-01,H,,2009-12-01,300000,1,Y,BUDGET,2009-12-01,رئيس البلدية,محتسب البلدية,2009-12-01,Y,,,,,
165,2009,146,150,2009-12-01,H,,2009-12-01,750000,1,Y,BUDGET,2009-12-01,رئيس البلدية,محتسب البلدية,2009-12-01,Y,,,,,
165,2009,147,151,2009-12-05,H,,2009-12-05,459000,1,Y,BUDGET,2009-12-05,رئيس البلدية,محتسب البلدية,2009-12-05,Y,,,,,
165,2009,148,152,2009-12-05,H,,2009-12-05,1158000,1,Y,BUDGET,2009-12-05,رئيس البلدية,محتسب البلدية,2009-12-05,Y,,,,,
165,2007,259,261,2007-12-31,H,,2007-12-31,234000,1,Y,MBSMONA,2007-12-30,رئيس البلدية,امين الصندوق,2007-12-31,Y,,,,,
165,2007,260,262,2007-12-31,H,,2007-12-31,36000,1,Y,MBSMONA,2007-12-30,رئيس البلدية,امين الصندوق,2007-12-31,Y,,,,,
165,2007,261,263,2007-12-31,H,,2007-12-31,173000,1,Y,MBSMONA,2007-12-30,رئيس البلدية,امين الصندوق,2007-12-31,Y,,,,,
165,2007,262,264,2007-12-31,H,,2007-12-31,68000,1,Y,MBSMONA,2007-12-30,رئيس البلدية,امين الصندوق,2007-12-31,Y,,,,,
165,2007,263,265,2007-12-31,H,,2007-12-31,90000,1,Y,MBSMONA,2007-12-30,رئيس البلدية,امين الصندوق,2007-12-31,Y,,,,,
165,2007,264,266,2007-12-31,H,,2007-12-31,150000,1,Y,MBSMONA,2007-12-30,رئيس البلدية,امين الصندوق,2007-12-31,Y,,,,,
165,2007,265,267,2007-12-31,H,,2007-12-31,200000,1,Y,MBSMONA,2007-12-30,رئيس البلدية,امين الصندوق,2007-12-31,Y,,,,,
165,2007,266,268,2007-12-31,H,,2007-12-31,94000,1,Y,MBSMONA,2007-12-30,رئيس البلدية,امين الصندوق,2007-12-31,Y,,,,,
165,2007,267,269,2007-12-31,H,,2007-12-31,75000,1,Y,MBSMONA,2007-12-30,رئيس البلدية,امين الصندوق,2007-12-31,Y,,,,,
165,2007,268,270,2007-12-31,H,,2007-12-31,140000,1,Y,MBSMONA,2007-12-30,رئيس البلدية,امين الصندوق,2007-12-31,Y,,,,,
165,2007,269,271,2007-12-31,H,,2007-12-31,595000,1,Y,MBSMONA,2007-12-30,رئيس البلدية,امين الصندوق,2007-12-31,Y,,,,,
165,2007,270,272,2007-12-31,H,,2007-12-31,74000,1,Y,MBSMONA,2007-12-30,رئيس البلدية,امين الصندوق,2007-12-31,Y,,,,,
165,2007,271,273,2007-12-31,H,,2007-12-31,35000,1,Y,MBSMONA,2007-12-30,رئيس البلدية,امين الصندوق,2007-12-31,Y,,,,,
165,2007,272,274,2007-12-31,H,,2007-12-31,15000,1,Y,MBSMONA,2007-12-30,رئيس البلدية,امين الصندوق,2007-12-31,Y,,,,,
165,2007,273,275,2007-12-31,H,,2007-12-31,47000,1,Y,MBSMONA,2007-12-30,رئيس البلدية,امين الصندوق,2007-12-31,Y,,,,,
165,2007,274,276,2007-12-31,H,,2007-12-31,60000,1,Y,MBSMONA,2007-12-30,رئيس البلدية,امين الصندوق,2007-12-31,Y,,,,,
165,2007,275,277,2007-12-31,H,,2007-12-31,100000,1,Y,MBSMONA,2007-12-30,رئيس البلدية,امين الصندوق,2007-12-31,Y,,,,,
165,2007,276,278,2007-12-31,H,,2007-12-31,250000,1,Y,MBSMONA,2007-12-30,رئيس البلدية,امين الصندوق,2007-12-31,Y,,,,,
165,2007,277,279,2007-12-31,H,,2007-12-31,500000,1,Y,MBSMONA,2007-12-30,رئيس البلدية,امين الصندوق,2007-12-31,Y,,,,,
165,2007,278,280,2007-12-31,H,,2007-12-31,460000,1,Y,MBSMONA,2007-12-30,رئيس البلدية,امين الصندوق,2007-12-31,Y,,,,,
165,2007,279,281,2007-12-31,H,,2007-12-31,500000,1,Y,MBSMONA,2007-12-30,رئيس البلدية,امين الصندوق,2007-12-31,Y,,,,,
165,2007,280,282,2007-12-31,H,,2007-12-31,300000,1,Y,MBSMONA,2007-12-30,رئيس البلدية,امين الصندوق,2007-12-31,Y,,,,,
165,2007,281,283,2007-12-31,H,,2007-12-31,783000,1,Y,MBSMONA,2007-12-01,رئيس البلدية,امين الصندوق,2007-12-31,Y,,,,,
165,2007,282,284,2007-12-31,H,,2007-12-31,783000,1,Y,MBSMONA,2007-12-01,رئيس البلدية,امين الصندوق,2007-12-31,Y,,,,,
165,2007,283,285,2007-12-31,H,,2007-12-31,200000,1,Y,MBSMONA,2007-12-12,رئيس البلدية,امين الصندوق,2007-12-31,Y,,,,,
165,2007,284,286,2007-12-31,H,,2007-12-31,580000,1,Y,MBSMONA,2007-12-12,رئيس البلدية,امين الصندوق,2007-12-31,Y,,,,,
165,2007,285,287,2007-12-31,H,,2007-12-31,389000,1,Y,MBSMONA,2007-12-12,رئيس البلدية,امين الصندوق,2007-12-31,Y,,,,,
165,2007,286,288,2007-12-31,H,,2007-12-31,195000,1,Y,MBSMONA,2007-12-12,رئيس البلدية,امين الصندوق,2007-12-31,Y,,,,,
165,2007,287,289,2007-12-31,H,,2007-12-31,35000,1,Y,MBSMONA,2007-12-12,رئيس البلدية,امين الصندوق,2007-12-31,Y,,,,,
165,2007,288,290,2007-12-31,H,,2007-12-31,274000,1,Y,MBSMONA,2007-12-12,رئيس البلدية,امين الصندوق,2007-12-31,Y,,,,,
165,2017,111,113,2017-08-19,H,,2017-08-19,1550000,1,Y,MBSSMALL,2017-08-21,رئيس البلدية,محتسب البلدية,2017-08-19,Y,,,,,
165,2017,112,114,2017-08-19,H,,2017-08-19,3000000,1,Y,MBSSMALL,2017-08-22,رئيس البلدية,محتسب البلدية,2017-08-19,Y,,,,,
165,2017,113,115,2017-08-19,H,,2017-08-19,1900000,1,Y,MBSSMALL,2017-08-24,رئيس البلدية,محتسب البلدية,2017-08-19,Y,,,,,
165,2017,114,116,2017-08-25,H,,2017-08-25,1672000,1,Y,MBSSMALL,2017-09-12,رئيس البلدية,محتسب البلدية,2017-08-25,Y,,,,,
165,2017,115,117,2017-08-31,H,,2017-08-31,1006000,1,Y,MBSSMALL,2017-09-12,رئيس البلدية,محتسب البلدية,2017-08-31,Y,,,,,
165,2017,116,118,2017-08-31,H,,2017-08-31,919000,1,Y,MBSSMALL,2017-09-12,رئيس البلدية,محتسب البلدية,2017-08-31,Y,,,,,
165,2017,117,120,2017-08-31,H,,2017-08-31,1013000,1,Y,MBSSMALL,2017-09-12,رئيس البلدية,محتسب البلدية,2017-08-31,Y,,,,,
165,2006,186,187,2006-09-30,H,,2006-10-10,231000,1,Y,MBSMONA,2006-11-08,رئيس البلدية,امين الصندوق,2006-10-10,Y,,,,,
165,2006,187,188,2006-09-30,H,,2006-10-10,265000,1,Y,MBSMONA,2006-11-08,رئيس البلدية,امين الصندوق,2006-10-10,Y,,,,,
165,2006,188,189,2006-12-15,H,,2006-12-15,1064000,1,Y,MBSMONA,2007-01-15,رئيس البلدية,امين الصندوق,2006-12-15,Y,,,,,
165,2006,189,190,2006-12-30,H,,2006-12-30,2087000,1,Y,MBSMONA,2007-01-15,رئيس البلدية,امين الصندوق,2006-12-30,Y,,,,,
165,2006,190,191,2006-12-30,H,,2006-12-30,310000,1,Y,MBSMONA,2007-01-15,رئيس البلدية,امين الصندوق,2006-12-30,Y,,,,,
165,2006,191,192,2006-12-30,H,,2006-12-30,141000,1,Y,MBSMONA,2007-01-16,رئيس البلدية,امين الصندوق,2006-12-30,Y,,,,,
165,2006,192,193,2006-12-30,H,,2006-12-30,429000,1,Y,MBSMONA,2007-01-16,رئيس البلدية,امين الصندوق,2006-12-30,Y,,,,,
165,2006,193,194,2006-12-30,H,,2006-12-30,230000,1,Y,MBSMONA,2007-01-16,رئيس البلدية,امين الصندوق,2006-12-30,Y,,,,,
165,2006,194,195,2006-12-30,H,,2006-12-30,40000,1,Y,MBSMONA,2007-01-16,رئيس البلدية,امين الصندوق,2006-12-30,Y,,,,,
165,2006,195,196,2006-12-30,H,,2006-12-30,1265000,1,Y,MBSMONA,2007-01-16,رئيس البلدية,امين الصندوق,2006-12-30,Y,,,,,
165,2006,196,197,2006-12-30,H,,2006-12-30,176000,1,Y,MBSMONA,2007-01-16,رئيس البلدية,امين الصندوق,2006-12-30,Y,,,,,
165,2006,197,198,2006-12-30,H,,2006-12-30,36000,1,Y,MBSMONA,2007-01-16,رئيس البلدية,امين الصندوق,2006-12-30,Y,,,,,
165,2006,198,199,2006-12-30,H,,2006-12-30,130000,1,Y,MBSMONA,2007-01-16,رئيس البلدية,امين الصندوق,2006-12-30,Y,,,,,
165,2006,199,200,2006-12-30,H,,2006-12-30,203000,1,Y,MBSMONA,2007-01-16,رئيس البلدية,امين الصندوق,2006-12-30,Y,,,,,
165,2006,200,201,2006-12-30,H,,2006-12-30,75000,1,Y,MBSMONA,2007-01-16,رئيس البلدية,امين الصندوق,2006-12-30,Y,,,,,
165,2006,201,202,2006-12-30,H,,2006-12-30,173000,1,Y,MBSMONA,2007-01-16,رئيس البلدية,امين الصندوق,2006-12-30,Y,,,,,
165,2006,202,203,2006-12-30,H,,2006-12-30,7000,1,Y,MBSMONA,2007-01-16,رئيس البلدية,امين الصندوق,2006-12-30,Y,,,,,
165,2006,203,204,2006-12-30,H,,2006-12-30,35000,1,Y,MBSMONA,2007-01-16,رئيس البلدية,امين الصندوق,2006-12-30,Y,,,,,
165,2006,204,205,2006-12-30,H,,2006-12-30,40000,1,Y,MBSMONA,2007-01-16,رئيس البلدية,امين الصندوق,2006-12-30,Y,,,,,
165,2006,205,206,2006-12-30,H,,2006-12-30,20000,1,Y,MBSMONA,2007-01-16,رئيس البلدية,امين الصندوق,2006-12-30,Y,,,,,
165,2006,206,207,2006-10-31,H,,2006-10-31,1636000,1,Y,MBSMONA,2007-01-17,رئيس البلدية,امين الصندوق,2006-10-31,Y,,,,,
165,2006,207,208,2006-10-31,H,,2006-10-31,468000,1,Y,MBSMONA,2007-01-17,رئيس البلدية,امين الصندوق,2006-10-31,Y,,,,,
165,2006,208,209,2006-10-31,H,,2006-10-31,1050000,1,Y,MBSMONA,2007-01-17,رئيس البلدية,امين الصندوق,2006-10-31,Y,,,,,
165,2006,209,210,2006-12-01,H,,2006-12-01,2700000,1,Y,MBSMONA,2007-01-17,رئيس البلدية,امين الصندوق,2006-12-01,Y,,,,,
165,2006,210,211,2006-11-30,H,,2006-11-30,1050000,1,Y,MBSMONA,2007-01-18,رئيس البلدية,امين الصندوق,2006-11-30,Y,,,,,
165,2006,211,212,2006-12-30,H,,2006-12-30,1050000,1,Y,MBSMONA,2007-01-18,رئيس البلدية,امين الصندوق,2006-12-30,Y,,,,,
165,2006,212,213,2006-11-30,H,,2006-11-30,1636000,1,Y,MBSMONA,2007-01-18,رئيس البلدية,امين الصندوق,2006-11-30,Y,,,,,
165,2006,213,214,2006-12-30,H,,2006-12-30,1636000,1,Y,MBSMONA,2007-01-18,رئيس البلدية,امين الصندوق,2006-12-30,Y,,,,,
165,2006,214,215,2006-11-30,H,,2006-11-30,444000,1,Y,MBSMONA,2007-01-18,رئيس البلدية,امين الصندوق,2006-11-30,Y,,,,,
165,2016,8,8,2016-02-12,H,,2016-02-12,942000,1,Y,MBSSMALL,2016-02-25,رئيس البلدية,محتسب البلدية,2016-02-12,Y,,,,,
165,2016,9,9,2016-02-12,H,,2016-02-12,4628000,1,Y,MBSSMALL,2016-02-25,رئيس البلدية,محتسب البلدية,2016-02-12,Y,,,,,
165,2016,10,10,2016-02-12,H,,2016-02-12,1800000,1,Y,MBSSMALL,2016-02-25,رئيس البلدية,محتسب البلدية,2016-02-12,Y,,,,,
165,2016,11,11,2016-02-15,H,,2016-02-15,1003000,1,Y,MBSSMALL,2016-03-01,رئيس البلدية,محتسب البلدية,2016-02-15,Y,,,,,
165,2016,12,12,2016-02-15,H,,2016-02-15,2097000,1,Y,MBSSMALL,2016-03-03,رئيس البلدية,محتسب البلدية,2016-02-15,Y,,,,,
165,2016,16,16,2016-03-04,H,,2016-03-04,984000,1,Y,MBSSMALL,2016-03-05,رئيس البلدية,محتسب البلدية,2016-03-04,Y,,,,,
165,2016,17,17,2016-03-04,H,,2016-03-04,2185000,1,Y,MBSSMALL,2016-03-05,رئيس البلدية,محتسب البلدية,2016-03-04,Y,,,,,
165,2016,18,18,2016-03-04,H,,2016-03-04,608000,1,Y,MBSSMALL,2016-03-05,رئيس البلدية,محتسب البلدية,2016-03-04,Y,,,,,
165,2016,19,19,2016-03-05,H,,2016-03-05,1100000,1,Y,MBSSMALL,2016-03-05,رئيس البلدية,محتسب البلدية,2016-03-05,Y,,,,,
165,2016,20,20,2016-03-05,H,,2016-03-05,100000,1,Y,MBSSMALL,2016-03-05,رئيس البلدية,محتسب البلدية,2016-03-05,Y,,,,,
165,2016,21,21,2016-03-07,H,,2016-03-07,2090000,1,Y,MBSSMALL,2016-03-07,رئيس البلدية,محتسب البلدية,2016-03-07,Y,,,,,
165,2016,22,22,2016-03-07,H,,2016-03-07,1936000,1,Y,MBSSMALL,2016-03-07,رئيس البلدية,محتسب البلدية,2016-03-07,Y,,,,,
165,2016,23,23,2016-03-07,H,,2016-03-07,900000,1,Y,MBSSMALL,2016-03-07,رئيس البلدية,محتسب البلدية,2016-03-07,Y,,,,,
165,2016,24,24,2016-03-07,H,,2016-03-07,1140000,1,Y,MBSSMALL,2016-03-07,رئيس البلدية,محتسب البلدية,2016-03-07,Y,,,,,
165,2016,25,25,2016-03-07,H,,2016-03-07,1625000,1,Y,MBSSMALL,2016-03-07,رئيس البلدية,محتسب البلدية,2016-03-07,Y,,,,,
165,2016,26,26,2016-03-10,H,,2016-03-10,1500000,1,Y,MBSSMALL,2016-03-10,رئيس البلدية,محتسب البلدية,2016-03-10,Y,,,,,
165,2016,27,27,2016-03-19,H,,2016-03-19,900000,1,Y,MBSSMALL,2016-03-21,رئيس البلدية,محتسب البلدية,2016-03-19,Y,,,,,
165,2016,34,34,2016-03-19,H,,2016-03-19,19200000,1,Y,MBSSMALL,2016-03-21,رئيس البلدية,محتسب البلدية,2016-03-19,Y,,,,,
165,2016,35,35,2016-03-19,H,,2016-03-19,3721000,1,Y,MBSSMALL,2016-03-21,رئيس البلدية,محتسب البلدية,2016-03-19,Y,,,,,
165,2016,36,37,2016-04-01,H,,2016-04-01,589000,1,Y,MBSSMALL,2016-04-07,رئيس البلدية,محتسب البلدية,2016-04-01,Y,,,,,
165,2016,37,36,2016-04-01,H,,2016-04-01,977000,1,Y,MBSSMALL,2016-04-07,رئيس البلدية,محتسب البلدية,2016-04-01,Y,,,,,
165,2016,38,39,2016-04-01,H,,2016-04-01,1172000,1,Y,MBSSMALL,2016-04-07,رئيس البلدية,محتسب البلدية,2016-04-01,Y,,,,,
165,2016,39,38,2016-04-01,H,,2016-04-01,1013000,1,Y,MBSSMALL,2016-04-07,رئيس البلدية,محتسب البلدية,2016-04-01,Y,,,,,
165,2016,40,40,2016-04-01,H,,2016-04-01,808000,1,Y,MBSSMALL,2016-04-07,رئيس البلدية,محتسب البلدية,2016-04-01,Y,,,,,
165,2016,41,41,2016-04-01,H,,2016-04-01,1200000,1,Y,MBSSMALL,2016-04-07,رئيس البلدية,محتسب البلدية,2016-04-01,Y,,,,,
165,2016,42,42,2016-04-01,H,,2016-04-01,120000,1,Y,MBSSMALL,2016-04-07,رئيس البلدية,محتسب البلدية,2016-04-01,Y,,,,,
165,2016,47,47,2016-04-11,H,,2016-04-11,14250000,1,Y,MBSSMALL,2016-04-12,رئيس البلدية,محتسب البلدية,2016-04-11,Y,,,,,
165,2016,48,48,2016-04-11,H,,2016-04-11,6460000,1,Y,MBSSMALL,2016-04-12,رئيس البلدية,محتسب البلدية,2016-04-11,Y,,,,,
165,2016,49,49,2016-04-23,H,,2016-04-23,2258000,1,Y,MBSSMALL,2016-04-23,رئيس البلدية,محتسب البلدية,2016-04-23,Y,,,,,
165,2016,50,50,2016-04-23,H,,2016-04-23,1572000,1,Y,MBSSMALL,2016-04-23,رئيس البلدية,محتسب البلدية,2016-04-23,Y,,,,,
165,2013,14,14,2013-05-02,,,2013-05-02,608000,,N,BUDGET,2013-05-30,رئيس البلدية,محتسب البلدية,,N,خطأ في التاريخ,2013-05-31,,,
165,2013,15,15,2013-05-02,H,,2013-05-02,608000,1,Y,MBSSMALL,2013-05-31,رئيس البلدية,محتسب البلدية,2013-05-02,Y,,,,,
165,2013,16,16,2013-05-02,H,,2013-05-02,1040000,1,Y,MBSSMALL,2013-05-31,رئيس البلدية,محتسب البلدية,2013-05-02,Y,,,,,
165,2013,17,17,2013-05-02,H,,2013-05-02,2167000,1,Y,MBSSMALL,2013-05-31,رئيس البلدية,محتسب البلدية,2013-05-02,Y,,,,,
165,2013,18,18,2013-05-02,H,,2013-05-02,616000,1,Y,MBSSMALL,2013-05-31,رئيس البلدية,محتسب البلدية,2013-05-02,Y,,,,,
165,2013,19,19,2013-05-02,H,,2013-05-02,300000,1,Y,MBSSMALL,2013-05-31,رئيس البلدية,محتسب البلدية,2013-05-02,Y,,,,,
165,2013,20,20,2013-05-18,H,,2013-05-18,1500000,1,Y,MBSSMALL,2013-05-31,رئيس البلدية,محتسب البلدية,2013-05-18,Y,,,,,
165,2013,21,21,2013-05-18,H,,2013-05-18,7200000,1,Y,BUDGET,2013-06-01,رئيس البلدية,محتسب البلدية,2013-05-18,Y,,,,,
165,2013,22,22,2013-05-18,H,,2013-05-18,3406000,1,Y,BUDGET,2013-06-01,رئيس البلدية,محتسب البلدية,2013-05-18,Y,,,,,
165,2013,23,23,2013-05-18,H,,2013-05-18,4630000,1,Y,BUDGET,2013-06-01,رئيس البلدية,محتسب البلدية,2013-05-18,Y,,,,,
165,2013,24,24,2013-06-03,H,,2013-06-03,11660000,1,Y,BUDGET,2013-06-03,رئيس البلدية,محتسب البلدية,2013-06-03,Y,,,,,
165,2013,25,25,2013-06-03,H,,2013-06-03,920000,1,Y,BUDGET,2013-06-03,رئيس البلدية,محتسب البلدية,2013-06-03,Y,,,,,
165,2013,26,26,2013-06-03,H,,2013-06-03,3000000,1,Y,BUDGET,2013-06-03,رئيس البلدية,محتسب البلدية,2013-06-03,Y,,,,,
165,2013,27,27,2013-06-03,H,,2013-06-03,2909000,1,Y,BUDGET,2013-06-03,رئيس البلدية,محتسب البلدية,2013-06-03,Y,,,,,
165,2013,28,28,2013-06-03,H,,2013-06-03,1870000,1,Y,BUDGET,2013-06-03,رئيس البلدية,محتسب البلدية,2013-06-03,Y,,,,,
165,2013,29,29,2013-06-03,H,,2013-06-03,1900000,1,Y,BUDGET,2013-06-03,رئيس البلدية,محتسب البلدية,2013-06-03,Y,,,,,
165,2013,30,30,2013-06-03,H,,2013-06-03,1040000,1,Y,BUDGET,2013-06-03,رئيس البلدية,محتسب البلدية,2013-06-03,Y,,,,,
165,2013,31,31,2013-06-03,H,,2013-06-03,2167000,1,Y,BUDGET,2013-06-03,رئيس البلدية,محتسب البلدية,2013-06-03,Y,,,,,
165,2013,32,32,2013-06-03,H,,2013-06-03,608000,1,Y,BUDGET,2013-06-03,رئيس البلدية,محتسب البلدية,2013-06-03,Y,,,,,
165,2013,33,33,2013-06-03,H,,2013-06-03,1100000,1,Y,BUDGET,2013-06-03,رئيس البلدية,محتسب البلدية,2013-06-03,Y,,,,,
165,2013,34,34,2013-06-22,H,,2013-06-22,864000,1,Y,BUDGET,2013-06-22,رئيس البلدية,محتسب البلدية,2013-06-22,Y,,,,,
165,2013,35,35,2013-06-22,H,,2013-06-22,18524000,1,Y,BUDGET,2013-06-22,رئيس البلدية,محتسب البلدية,2013-06-22,Y,,,,,
165,2013,36,36,2013-06-22,H,,2013-06-22,17706000,1,Y,BUDGET,2013-06-22,رئيس البلدية,محتسب البلدية,2013-06-22,Y,,,,,
165,2013,37,37,2013-06-22,H,,2013-06-22,3434000,1,Y,BUDGET,2013-06-22,رئيس البلدية,محتسب البلدية,2013-06-22,Y,,,,,
165,2013,38,38,2013-06-22,H,,2013-06-22,5700000,1,Y,BUDGET,2013-06-22,رئيس البلدية,محتسب البلدية,2013-06-22,Y,,,,,
165,2013,39,39,2013-06-22,H,,2013-06-22,26250000,1,Y,BUDGET,2013-06-22,رئيس البلدية,محتسب البلدية,2013-06-22,Y,,,,,
165,2013,40,40,2013-06-25,H,,2013-06-25,1000000,1,Y,BUDGET,2013-06-25,رئيس البلدية,محتسب البلدية,2013-06-25,Y,,,,,
165,2013,41,41,2013-06-29,H,,2013-06-29,1560000,1,Y,BUDGET,2013-06-29,رئيس البلدية,محتسب البلدية,2013-06-29,Y,,,,,
165,2012,29,29,2012-05-22,H,,2012-05-22,87000,1,Y,BUDGET,2012-05-22,رئيس البلدية,محتسب البلدية,2012-05-22,Y,,,,,
165,2012,30,30,2012-05-22,H,,2012-05-22,225000,1,Y,BUDGET,2012-05-22,رئيس البلدية,محتسب البلدية,2012-05-22,Y,,,,,
165,2012,31,31,2012-05-22,H,,2012-05-22,389000,1,Y,BUDGET,2012-05-22,رئيس البلدية,محتسب البلدية,2012-05-22,Y,,,,,
165,2012,32,32,2012-05-23,H,,2012-05-23,660000,1,Y,BUDGET,2012-05-23,رئيس البلدية,محتسب البلدية,2012-05-23,Y,,,,,
165,2012,33,33,2012-05-23,H,,2012-05-23,869000,1,Y,BUDGET,2012-05-23,رئيس البلدية,محتسب البلدية,2012-05-23,Y,,,,,
165,2012,34,34,2012-05-23,H,,2012-05-23,182000,1,Y,BUDGET,2012-05-23,رئيس البلدية,محتسب البلدية,2012-05-23,Y,,,,,
165,2012,35,35,2012-05-23,H,,2012-05-23,857000,1,Y,BUDGET,2012-05-23,رئيس البلدية,محتسب البلدية,2012-05-23,Y,,,,,
165,2012,36,36,2012-05-23,H,,2012-05-23,2409000,1,Y,BUDGET,2012-05-23,رئيس البلدية,محتسب البلدية,2012-05-23,Y,,,,,
165,2012,37,37,2012-05-23,H,,2012-05-23,1731000,1,Y,BUDGET,2012-05-23,رئيس البلدية,محتسب البلدية,2012-05-23,Y,,,,,
165,2012,38,38,2012-08-24,H,,2012-08-24,9724000,1,Y,BUDGET,2012-08-24,رئيس البلدية,محتسب البلدية,2012-08-24,Y,,,,,
165,2012,39,39,2012-08-24,H,,2012-08-24,15227000,1,Y,BUDGET,2012-08-24,رئيس البلدية,محتسب البلدية,2012-08-24,Y,,,,,
165,2012,40,40,2012-08-24,H,,2012-08-24,17822000,1,Y,BUDGET,2012-08-24,رئيس البلدية,محتسب البلدية,2012-08-24,Y,,,,,
165,2012,41,41,2012-08-24,H,,2012-08-24,2042000,1,Y,BUDGET,2012-08-24,رئيس البلدية,محتسب البلدية,2012-08-24,Y,,,,,
165,2012,42,42,2012-08-24,H,,2012-08-24,3413000,1,Y,BUDGET,2012-08-24,رئيس البلدية,محتسب البلدية,2012-08-24,Y,,,,,
165,2012,43,43,2012-08-24,H,,2012-08-24,9014000,1,Y,BUDGET,2012-08-24,رئيس البلدية,محتسب البلدية,2012-08-29,Y,,,,,
165,2012,44,44,2012-08-24,H,,2012-08-24,3300000,1,Y,BUDGET,2012-08-24,رئيس البلدية,محتسب البلدية,2012-08-24,Y,,,,,
165,2012,45,46,2012-08-24,H,,2012-08-24,2190000,1,Y,BUDGET,2012-08-24,رئيس البلدية,محتسب البلدية,2012-08-24,Y,,,,,
165,2012,46,47,2012-08-24,H,,2012-08-24,2746000,1,Y,BUDGET,2012-08-24,رئيس البلدية,محتسب البلدية,2012-08-24,Y,,,,,
165,2012,47,48,2012-08-30,H,,2012-08-30,2528000,1,Y,BUDGET,2012-08-30,رئيس البلدية,محتسب البلدية,2012-08-30,Y,,,,,
165,2012,48,49,2012-08-30,H,,2012-08-30,624000,1,Y,BUDGET,2012-08-30,رئيس البلدية,محتسب البلدية,2012-08-30,Y,,,,,
165,2012,49,50,2012-08-30,H,,2012-08-30,300000,1,Y,BUDGET,2012-08-30,رئيس البلدية,محتسب البلدية,2012-08-30,Y,,,,,
165,2012,50,51,2012-08-31,H,,2012-08-31,2528000,1,Y,BUDGET,2012-08-31,رئيس البلدية,محتسب البلدية,2012-08-31,Y,,,,,
165,2012,51,52,2012-08-31,H,,2012-08-31,624000,1,Y,BUDGET,2012-08-31,رئيس البلدية,محتسب البلدية,2012-08-31,Y,,,,,
165,2012,52,53,2012-08-31,H,,2012-08-31,300000,1,Y,BUDGET,2012-08-31,رئيس البلدية,محتسب البلدية,2012-08-31,Y,,,,,
165,2012,53,54,2012-08-31,H,,2012-08-31,2528000,1,Y,BUDGET,2012-08-31,رئيس البلدية,محتسب البلدية,2012-08-31,Y,,,,,
165,2012,54,55,2012-08-31,H,,2012-08-31,624000,1,Y,BUDGET,2012-08-31,رئيس البلدية,محتسب البلدية,2012-08-31,Y,,,,,
165,2012,55,56,2012-08-31,H,,2012-08-31,300000,1,Y,BUDGET,2012-08-31,رئيس البلدية,محتسب البلدية,2012-08-31,Y,,,,,
165,2012,56,57,2012-09-03,H,,2012-09-03,2528000,1,Y,BUDGET,2012-09-03,رئيس البلدية,محتسب البلدية,2012-09-03,Y,,,,,
165,2012,57,58,2012-09-03,H,,2012-09-03,616000,1,Y,BUDGET,2012-09-03,رئيس البلدية,محتسب البلدية,2012-09-03,Y,,,,,
165,2012,58,59,2012-09-03,H,,2012-09-03,300000,1,Y,BUDGET,2012-09-03,رئيس البلدية,محتسب البلدية,2012-09-03,Y,,,,,
165,2012,59,60,2012-09-03,H,,2012-09-03,1900000,1,Y,BUDGET,2012-09-03,رئيس البلدية,محتسب البلدية,2012-09-03,Y,,,,,
165,2012,79,80,2012-09-21,H,,2012-09-21,4859000,1,Y,BUDGET,2012-09-21,رئيس البلدية,محتسب البلدية,2012-09-21,Y,,,,,
165,2012,80,81,2012-09-21,H,,2012-09-21,16951000,1,Y,BUDGET,2012-09-21,رئيس البلدية,محتسب البلدية,2012-09-21,Y,,,,,
165,2012,81,82,2012-09-22,H,,2012-09-22,10968000,1,Y,BUDGET,2012-09-22,رئيس البلدية,محتسب البلدية,2012-09-22,Y,,,,,
165,2012,82,83,2012-09-22,H,,2012-09-22,809000,1,Y,BUDGET,2012-09-22,رئيس البلدية,محتسب البلدية,2012-09-22,Y,,,,,
165,2012,83,84,2012-09-22,H,,2012-09-22,3089000,1,Y,BUDGET,2012-09-22,رئيس البلدية,محتسب البلدية,2012-09-22,Y,,,,,
165,2012,84,85,2012-09-27,H,,2012-09-27,788000,1,Y,BUDGET,2012-09-27,رئيس البلدية,محتسب البلدية,2012-09-27,Y,,,,,
165,2012,85,86,2012-09-27,H,,2012-09-27,800000,1,Y,BUDGET,2012-09-27,رئيس البلدية,محتسب البلدية,2012-09-27,Y,,,,,
165,2012,86,87,2012-09-27,H,,2012-09-27,1000000,1,Y,BUDGET,2012-09-28,رئيس البلدية,محتسب البلدية,2012-09-27,Y,,,,,
165,2012,87,88,2012-09-29,H,,2012-09-29,2465000,1,Y,BUDGET,2012-10-01,رئيس البلدية,محتسب البلدية,2012-09-29,Y,,,,,
165,2012,88,89,2012-09-29,H,,2012-09-29,2430000,1,Y,BUDGET,2012-10-01,رئيس البلدية,محتسب البلدية,2012-09-29,Y,,,,,
165,2012,89,90,2012-09-29,H,,2012-09-29,2528000,1,Y,BUDGET,2012-10-02,رئيس البلدية,محتسب البلدية,2012-09-29,Y,,,,,
165,2012,90,91,2012-09-29,H,,2012-09-29,616000,1,Y,BUDGET,2012-10-02,رئيس البلدية,محتسب البلدية,2012-09-29,Y,,,,,
165,2010,146,146,2010-12-27,H,,2010-12-27,420000,1,Y,BUDGET,2010-12-27,رئيس البلدية,محتسب البلدية,2010-12-27,Y,,,,,
165,2010,147,147,2010-12-27,H,,2010-12-27,135000,1,Y,BUDGET,2010-12-27,رئيس البلدية,محتسب البلدية,2010-12-27,Y,,,,,
165,2010,148,148,2010-12-27,H,,2010-12-27,900000,1,Y,BUDGET,2010-12-27,رئيس البلدية,محتسب البلدية,2010-12-27,Y,,,,,
165,2010,149,149,2010-12-28,H,,2010-12-28,1258000,1,Y,BUDGET,2010-12-28,رئيس البلدية,محتسب البلدية,2010-12-28,Y,,,,,
165,2010,150,150,2010-12-28,H,,2010-12-28,1350000,1,Y,BUDGET,2010-12-28,رئيس البلدية,محتسب البلدية,2010-12-28,Y,,,,,
165,2010,151,151,2010-12-28,H,,2010-12-28,700000,1,Y,BUDGET,2010-12-28,رئيس البلدية,محتسب البلدية,2010-12-28,Y,,,,,
165,2010,152,152,2010-12-29,H,,2010-12-29,2414000,1,Y,BUDGET,2010-12-29,رئيس البلدية,محتسب البلدية,2010-12-29,Y,,,,,
165,2010,153,153,2010-12-29,H,,2010-12-29,624000,1,Y,BUDGET,2010-12-29,رئيس البلدية,محتسب البلدية,2010-12-29,Y,,,,,
165,2010,154,154,2010-12-29,H,,2010-12-29,300000,1,Y,BUDGET,2010-12-29,رئيس البلدية,محتسب البلدية,2010-12-29,Y,,,,,
165,2010,155,155,2010-12-29,H,,2010-12-29,1800000,1,Y,BUDGET,2010-12-29,رئيس البلدية,محتسب البلدية,2010-12-29,Y,,,,,
165,2010,156,156,2010-12-29,H,,2010-12-29,7962000,1,Y,BUDGET,2010-12-29,رئيس البلدية,محتسب البلدية,2010-12-29,Y,,,,,
165,2015,54,54,2015-06-29,H,,2015-06-29,5308000,1,Y,MBSSMALL,2015-07-28,رئيس البلدية,محتسب البلدية,2015-06-29,Y,,,,,
165,2015,55,55,2015-06-29,H,,2015-06-29,8446000,1,Y,MBSSMALL,2015-07-28,رئيس البلدية,محتسب البلدية,2015-06-29,Y,,,,,
165,2015,56,56,2015-06-29,H,,2015-06-29,2272000,1,Y,MBSSMALL,2015-07-28,رئيس البلدية,محتسب البلدية,2015-06-29,Y,,,,,
165,2015,57,57,2015-06-30,,,2015-06-30,1067000,,N,MBSSMALL,2015-07-30,رئيس البلدية,محتسب البلدية,,N,خطأ في التاريخ,2015-07-30,,,
165,2015,58,58,2015-07-14,H,,2015-07-14,1067000,1,Y,MBSSMALL,2015-07-30,رئيس البلدية,محتسب البلدية,2015-07-14,Y,,,,,
165,2015,59,59,2015-07-14,H,,2015-07-14,2221000,1,Y,MBSSMALL,2015-07-30,رئيس البلدية,محتسب البلدية,2015-07-14,Y,,,,,
165,2015,60,60,2015-07-14,H,,2015-07-14,624000,1,Y,MBSSMALL,2015-07-30,رئيس البلدية,محتسب البلدية,2015-07-14,Y,,,,,
165,2015,61,61,2015-07-14,H,,2015-07-14,1100000,1,Y,MBSSMALL,2015-07-30,رئيس البلدية,محتسب البلدية,2015-07-14,Y,,,,,
165,2015,62,62,2015-07-14,H,,2015-07-14,100000,1,Y,MBSSMALL,2015-07-30,رئيس البلدية,محتسب البلدية,2015-07-14,Y,,,,,
165,2015,63,63,2015-07-14,H,,2015-07-14,1385000,1,Y,MBSSMALL,2015-07-30,رئيس البلدية,محتسب البلدية,2015-07-14,Y,,,,,
165,2015,64,64,2015-07-14,H,,2015-07-14,1570000,1,Y,MBSSMALL,2015-07-30,رئيس البلدية,محتسب البلدية,2015-07-14,Y,,,,,
165,2015,65,65,2015-07-24,H,,2015-07-24,1839000,1,Y,MBSSMALL,2015-07-31,رئيس البلدية,محتسب البلدية,2015-07-24,Y,,,,,
165,2015,66,66,2015-07-24,H,,2015-07-24,1860000,1,Y,MBSSMALL,2015-08-01,رئيس البلدية,محتسب البلدية,2015-07-24,Y,,,,,
165,2013,43,43,2013-07-06,H,,2013-07-06,1040000,1,Y,BUDGET,2013-07-06,رئيس البلدية,محتسب البلدية,2013-07-06,Y,,,,,
165,2013,44,44,2013-07-06,H,,2013-07-06,2167000,1,Y,BUDGET,2013-07-06,رئيس البلدية,محتسب البلدية,2013-07-06,Y,,,,,
165,2013,45,45,2013-07-06,H,,2013-07-06,616000,1,Y,BUDGET,2013-07-06,رئيس البلدية,محتسب البلدية,2013-07-06,Y,,,,,
165,2013,46,46,2013-07-06,H,,2013-07-06,1100000,1,Y,BUDGET,2013-07-06,رئيس البلدية,محتسب البلدية,2013-07-06,Y,,,,,
165,2013,47,47,2013-07-06,H,,2013-07-06,1500000,1,Y,BUDGET,2013-07-06,رئيس البلدية,محتسب البلدية,2013-07-06,Y,,,,,
165,2013,48,48,2013-07-12,H,,2013-07-12,9800000,1,Y,BUDGET,2013-07-12,رئيس البلدية,محتسب البلدية,2013-07-12,Y,,,,,
165,2013,49,49,2013-07-12,H,,2013-07-12,1548000,1,Y,BUDGET,2013-07-12,رئيس البلدية,محتسب البلدية,2013-07-12,Y,,,,,
165,2013,50,50,2013-07-17,H,,2013-07-17,920000,1,Y,BUDGET,2013-07-17,رئيس البلدية,محتسب البلدية,2013-07-17,Y,,,,,
165,2013,51,51,2013-07-17,H,,2013-07-17,19629000,1,Y,BUDGET,2013-07-17,رئيس البلدية,محتسب البلدية,2013-07-17,Y,,,,,
165,2013,52,52,2013-07-17,H,,2013-07-17,19385000,1,Y,BUDGET,2013-07-17,رئيس البلدية,محتسب البلدية,2013-07-17,Y,,,,,
165,2013,53,53,2013-07-17,H,,2013-07-17,2831000,1,Y,BUDGET,2013-07-17,رئيس البلدية,محتسب البلدية,2013-07-17,Y,,,,,
165,2013,54,54,2013-07-17,H,,2013-07-17,1941000,1,Y,BUDGET,2013-07-17,رئيس البلدية,محتسب البلدية,2013-07-17,Y,,,,,
165,2013,55,55,2013-07-29,H,,2013-07-29,626000,1,Y,BUDGET,2013-07-29,رئيس البلدية,محتسب البلدية,2013-07-29,Y,,,,,
165,2013,56,56,2013-07-30,H,,2013-07-30,840000,1,Y,BUDGET,2013-07-30,رئيس البلدية,محتسب البلدية,2013-07-30,Y,,,,,
165,2013,57,57,2013-07-30,H,,2013-07-30,1501000,1,Y,BUDGET,2013-07-30,رئيس البلدية,محتسب البلدية,2013-07-30,Y,,,,,
165,2013,58,58,2013-07-30,H,,2013-07-30,1088000,1,Y,BUDGET,2013-07-30,رئيس البلدية,محتسب البلدية,2013-07-30,Y,,,,,
165,2013,59,59,2013-07-30,H,,2013-07-30,3000000,1,Y,BUDGET,2013-07-30,رئيس البلدية,محتسب البلدية,2013-07-30,Y,,,,,
165,2013,60,60,2013-08-07,H,,2013-08-07,1040000,1,Y,BUDGET,2013-08-07,رئيس البلدية,محتسب البلدية,2013-08-07,Y,,,,,
165,2013,61,61,2013-08-07,H,,2013-08-07,2167000,1,Y,BUDGET,2013-08-07,رئيس البلدية,محتسب البلدية,2013-08-07,Y,,,,,
165,2013,62,62,2013-08-07,H,,2013-08-07,624000,1,Y,BUDGET,2013-08-07,رئيس البلدية,محتسب البلدية,2013-08-07,Y,,,,,
165,2013,63,63,2013-08-07,H,,2013-08-07,1100000,1,Y,BUDGET,2013-08-07,رئيس البلدية,محتسب البلدية,2013-08-07,Y,,,,,
165,2013,64,64,2013-08-07,H,,2013-08-07,100000,1,Y,BUDGET,2013-08-07,رئيس البلدية,محتسب البلدية,2013-08-07,Y,,,,,
165,2013,65,65,2013-08-07,H,,2013-08-07,1903000,1,Y,BUDGET,2013-08-07,رئيس البلدية,محتسب البلدية,2013-08-07,Y,,,,,
165,2021,14,14,2021-03-31,H,,2021-03-31,1926000,1,Y,MBSSMALL,2021-03-30,رئيس البلدية,محتسب البلدية,2021-03-31,Y,,,,,
165,2021,15,15,2021-03-31,H,,2021-03-31,1744000,1,Y,MBSSMALL,2021-03-30,رئيس البلدية,محتسب البلدية,2021-03-31,Y,,,,,
165,2021,16,16,2021-03-31,H,,2021-03-31,1906000,1,Y,MBSSMALL,2021-03-30,رئيس البلدية,محتسب البلدية,2021-03-31,Y,,,,,
165,2021,17,17,2021-03-31,H,,2021-03-31,1734000,1,Y,MBSSMALL,2021-03-30,رئيس البلدية,محتسب البلدية,2021-03-31,Y,,,,,
165,2021,18,18,2021-03-31,H,,2021-03-31,704000,1,Y,MBSSMALL,2021-03-30,رئيس البلدية,محتسب البلدية,2021-03-31,Y,,,,,
165,2021,19,19,2021-05-04,H,,2021-05-04,1926000,1,Y,MBSSMALL,2021-04-29,رئيس البلدية,محتسب البلدية,2021-05-04,Y,,,,,
165,2021,20,20,2021-05-04,H,,2021-05-04,1744000,1,Y,MBSSMALL,2021-04-29,رئيس البلدية,محتسب البلدية,2021-05-04,Y,,,,,
165,2021,21,21,2021-05-04,H,,2021-05-04,1906000,1,Y,MBSSMALL,2021-04-29,رئيس البلدية,محتسب البلدية,2021-05-04,Y,,,,,
165,2021,22,22,2021-05-04,H,,2021-05-04,1734000,1,Y,MBSSMALL,2021-04-29,رئيس البلدية,محتسب البلدية,2021-05-04,Y,,,,,
165,2021,23,23,2021-05-04,H,,2021-05-04,608000,1,Y,MBSSMALL,2021-04-29,رئيس البلدية,محتسب البلدية,2021-05-04,Y,,,,,
165,2021,24,24,2021-05-04,H,,2021-05-04,1651000,1,Y,MBSSMALL,2021-05-31,رئيس البلدية,محتسب البلدية,2021-05-04,Y,,,,,
165,2021,25,25,2021-05-04,H,,2021-05-04,3000000,1,Y,MBSSMALL,2021-05-31,رئيس البلدية,محتسب البلدية,2021-05-04,Y,,,,,
165,2021,26,26,2021-05-04,H,,2021-05-04,2381000,1,Y,MBSSMALL,2021-05-31,رئيس البلدية,محتسب البلدية,2021-05-04,Y,,,,,
165,2004,140,145,2004-09-10,H,,2004-09-14,3053000,1,Y,MBSMONA,2004-10-25,المجلس البلدي,امين الصندوق,2004-09-14,Y,,,,,
165,2004,141,146,2004-09-10,H,,2004-09-14,1455000,1,Y,MBSMONA,2004-10-25,المجلس البلدي,امين الصندوق,2004-09-14,Y,,,,,
165,2004,142,147,2004-09-10,H,,2004-09-14,143000,1,Y,MBSMONA,2004-10-26,المجلس البلدي,امين الصندوق,2004-09-14,Y,,,,,
165,2004,143,148,2004-09-10,H,,2004-09-14,435000,1,Y,MBSMONA,2004-10-26,المجلس البلدي,امين الصندوق,2004-09-14,Y,,,,,
165,2004,144,149,2004-09-10,H,,2004-09-14,601000,1,Y,MBSMONA,2004-10-26,المجلس البلدي,امين الصندوق,2004-09-14,Y,,,,,
165,2004,145,150,2004-09-10,H,,2004-09-14,750000,1,Y,MBSMONA,2004-10-26,المجلس البلدي,امين الصندوق,2004-09-14,Y,,,,,
165,2004,146,151,2004-09-10,H,,2004-09-14,27000,1,Y,MBSMONA,2004-10-26,المجلس البلدي,امين الصندوق,2004-09-14,Y,,,,,
165,2004,147,152,2004-09-10,H,,2004-09-14,735000,1,Y,MBSMONA,2004-10-26,المجلس البلدي,امين الصندوق,2004-09-14,Y,,,,,
165,2004,148,153,2004-09-10,H,,2004-09-14,361000,1,Y,MBSMONA,2004-10-26,المجلس البلدي,امين الصندوق,2004-09-14,Y,,,,,
165,2004,149,154,2004-09-10,H,,2004-09-14,5711000,1,Y,MBSMONA,2004-10-26,المجلس البلدي,امين الصندوق,2004-09-14,Y,,,,,
165,2004,150,155,2004-09-10,H,,2004-09-14,1495000,1,Y,MBSMONA,2004-10-26,المجلس البلدي,امين الصندوق,2004-09-14,Y,,,,,
165,2004,151,156,2004-09-10,H,,2004-09-14,300000,1,Y,MBSMONA,2004-10-26,المجلس البلدي,امين الصندوق,2004-09-14,Y,,,,,
165,2004,152,157,2004-09-10,H,,2004-09-14,797000,1,Y,MBSMONA,2004-10-26,المجلس البلدي,امين الصندوق,2004-09-14,Y,,,,,
165,2004,153,158,2004-09-10,H,,2004-09-14,311000,1,Y,MBSMONA,2004-10-26,المجلس البلدي,امين الصندوق,2004-09-14,Y,,,,,
165,2004,154,159,2004-09-10,H,,2004-09-14,41000,1,Y,MBSMONA,2004-10-26,المجلس البلدي,امين الصندوق,2004-09-14,Y,,,,,
165,2004,155,160,2004-09-10,H,,2004-09-14,308000,1,Y,MBSMONA,2004-10-26,المجلس البلدي,امين الصندوق,2004-09-14,Y,,,,,
165,2004,156,161,2004-09-10,H,,2004-09-14,7096000,1,Y,MBSMONA,2004-10-26,المجلس البلدي,امين الصندوق,2004-09-14,Y,,,,,
165,2004,157,162,2004-09-10,H,,2004-09-14,288000,1,Y,MBSMONA,2004-10-26,المجلس البلدي,امين الصندوق,2004-09-14,Y,,,,,
165,2004,158,163,2004-09-10,H,,2004-09-14,132000,1,Y,MBSMONA,2004-10-26,المجلس البلدي,امين الصندوق,2004-09-14,Y,,,,,
165,2004,159,164,2004-09-10,H,,2004-09-14,2400000,1,Y,MBSMONA,2004-10-26,المجلس البلدي,امين الصندوق,2004-09-14,Y,,,,,
165,2004,160,165,2004-09-10,H,,2004-09-14,1598000,1,Y,MBSMONA,2004-10-26,المجلس البلدي,امين الصندوق,2004-09-14,Y,,,,,
165,2004,161,166,2004-09-10,H,,2004-09-14,435000,1,Y,MBSMONA,2004-10-26,المجلس البلدي,امين الصندوق,2004-09-14,Y,,,,,
165,2004,162,167,2004-09-10,H,,2004-09-14,1527000,1,Y,MBSMONA,2004-10-26,المجلس البلدي,امين الصندوق,2004-09-14,Y,,,,,
165,2004,163,168,2004-09-10,H,,2004-09-14,2344000,1,Y,MBSMONA,2004-10-26,المجلس البلدي,امين الصندوق,2004-09-14,Y,,,,,
165,2004,164,169,2004-09-10,H,,2004-09-14,138000,1,Y,MBSMONA,2004-10-26,المجلس البلدي,امين الصندوق,2004-09-14,Y,,,,,
165,2004,165,170,2004-09-10,H,,2004-09-14,113000,1,Y,MBSMONA,2004-10-26,المجلس البلدي,امين الصندوق,2004-09-14,Y,,,,,
165,2004,166,171,2004-09-10,H,,2004-09-14,34000,1,Y,MBSMONA,2004-10-26,المجلس البلدي,امين الصندوق,2004-09-14,Y,,,,,
165,2004,167,172,2004-09-10,H,,2004-09-14,196000,1,Y,MBSMONA,2004-10-26,المجلس البلدي,امين الصندوق,2004-09-14,Y,,,,,
165,2004,168,173,2004-09-10,H,,2004-09-14,810000,1,Y,MBSMONA,2004-10-26,المجلس البلدي,امين الصندوق,2004-09-14,Y,,,,,
165,2004,169,174,2004-09-10,H,,2004-09-14,300000,1,Y,MBSMONA,2004-10-26,المجلس البلدي,امين الصندوق,2004-09-14,Y,,,,,
165,2004,170,175,2004-09-10,H,,2004-09-14,222000,1,Y,MBSMONA,2004-10-26,المجلس البلدي,امين الصندوق,2004-09-14,Y,,,,,
165,2004,171,176,2004-09-10,H,,2004-09-14,168000,1,Y,MBSMONA,2004-10-26,المجلس البلدي,امين الصندوق,2004-09-14,Y,,,,,
165,2004,172,177,2004-09-10,H,,2004-09-14,410000,1,Y,MBSMONA,2004-10-27,المجلس البلدي,امين الصندوق,2004-09-14,Y,,,,,
165,2004,173,178,2004-09-10,H,,2004-09-14,120000,1,Y,MBSMONA,2004-10-27,المجلس البلدي,امين الصندوق,2004-09-14,Y,,,,,
165,2004,174,179,2004-09-10,H,,2004-09-14,203000,1,Y,MBSMONA,2004-10-27,المجلس البلدي,امين الصندوق,2004-09-14,Y,,,,,
165,2004,175,180,2004-09-10,H,,2004-09-14,445000,1,Y,MBSMONA,2004-10-27,المجلس البلدي,امين الصندوق,2004-09-14,Y,,,,,
165,2004,176,181,2004-09-10,H,,2004-09-14,1035000,1,Y,MBSMONA,2004-10-27,المجلس البلدي,امين الصندوق,2004-09-14,Y,,,,,
165,2004,177,182,2004-09-10,H,,2004-09-14,630000,1,Y,MBSMONA,2004-10-27,المجلس البلدي,امين الصندوق,2004-09-14,Y,,,,,
165,2004,178,183,2004-09-10,H,,2004-09-14,1800000,1,Y,MBSMONA,2004-10-27,المجلس البلدي,امين الصندوق,2004-09-14,Y,,,,,
165,2004,179,184,2004-09-10,H,,2004-09-10,1050000,1,Y,MBSMONA,2004-10-27,المجلس البلدي,امين الصندوق,2004-09-14,Y,,,,,
165,2022,182,187,2022-12-23,H,,2022-12-23,200000,1,Y,MBSSMALL,2023-01-05,رئيس البلدية,محتسب البلدية,2022-12-23,Y,,,,,
165,2022,183,186,2022-12-23,H,,2022-12-23,7200000,1,Y,MBSSMALL,2023-01-05,رئيس البلدية,محتسب البلدية,2022-12-23,Y,,,,,
165,2022,184,188,2022-12-23,H,,2022-12-23,3065000,1,Y,MBSSMALL,2023-01-05,رئيس البلدية,محتسب البلدية,2022-12-23,Y,,,,,
165,2022,185,189,2022-12-23,H,,2022-12-23,1878000,1,Y,MBSSMALL,2023-01-05,رئيس البلدية,محتسب البلدية,2022-12-23,Y,,,,,
165,2022,186,190,2022-12-30,H,,2022-12-30,1179000,1,Y,MBSSMALL,2023-01-05,رئيس البلدية,محتسب البلدية,2022-12-30,Y,,,,,
165,2016,51,51,2016-04-25,H,,2016-04-25,2250000,1,Y,MBSSMALL,2016-04-25,رئيس البلدية,محتسب البلدية,2016-04-25,Y,,,,,
165,2019,134,136,2019-10-11,H,,2019-10-11,2710000,1,Y,MBSSMALL,2019-11-05,رئيس البلدية,محتسب البلدية,2019-10-11,Y,,,,,
165,2019,135,137,2019-10-31,H,,2019-10-31,1917000,1,Y,MBSSMALL,2019-11-05,رئيس البلدية,محتسب البلدية,2019-10-31,Y,,,,,
165,2019,136,138,2019-10-31,H,,2019-10-31,1729000,1,Y,MBSSMALL,2019-11-05,رئيس البلدية,محتسب البلدية,2019-10-31,Y,,,,,
165,2019,137,139,2019-10-31,H,,2019-10-31,1883000,1,Y,MBSSMALL,2019-11-05,رئيس البلدية,محتسب البلدية,2019-10-31,Y,,,,,
165,2019,138,140,2019-10-31,H,,2019-10-31,1724000,1,Y,MBSSMALL,2019-11-05,رئيس البلدية,محتسب البلدية,2019-10-31,Y,,,,,
165,2019,139,141,2019-10-31,H,,2019-10-31,728000,1,Y,MBSSMALL,2019-11-05,رئيس البلدية,محتسب البلدية,2019-10-31,Y,,,,,
165,2019,140,142,2019-10-31,H,,2019-10-31,385000,1,Y,MBSSMALL,2019-11-05,رئيس البلدية,محتسب البلدية,2019-10-31,Y,,,,,
165,2019,141,143,2019-10-31,H,,2019-10-31,2710000,1,Y,MBSSMALL,2019-11-05,رئيس البلدية,محتسب البلدية,2019-10-31,Y,,,,,
165,2019,142,144,2019-12-02,H,,2019-12-02,1917000,1,Y,MBSSMALL,2019-12-05,رئيس البلدية,محتسب البلدية,2019-12-02,Y,,,,,
165,2019,143,145,2019-12-02,H,,2019-12-02,1729000,1,Y,MBSSMALL,2019-12-05,رئيس البلدية,محتسب البلدية,2019-12-02,Y,,,,,
165,2019,144,146,2019-12-02,H,,2019-12-02,1883000,1,Y,MBSSMALL,2019-12-05,رئيس البلدية,محتسب البلدية,2019-12-02,Y,,,,,
165,2019,145,147,2019-12-02,H,,2019-12-02,1724000,1,Y,MBSSMALL,2019-12-05,رئيس البلدية,محتسب البلدية,2019-12-02,Y,,,,,
165,2019,146,148,2019-12-02,H,,2019-12-02,600000,1,Y,MBSSMALL,2019-12-05,رئيس البلدية,محتسب البلدية,2019-12-02,Y,,,,,
165,2019,147,149,2019-12-02,H,,2019-12-02,385000,1,Y,MBSSMALL,2019-12-05,رئيس البلدية,محتسب البلدية,2019-12-02,Y,,,,,
165,2019,148,150,2019-12-02,H,,2019-12-02,2040000,1,Y,MBSSMALL,2019-12-05,رئيس البلدية,محتسب البلدية,2019-12-02,Y,,,,,
165,2019,149,151,2019-12-02,H,,2019-12-02,350000,1,Y,MBSSMALL,2019-12-06,رئيس البلدية,محتسب البلدية,2019-12-02,Y,,,,,
165,2019,150,152,2019-12-02,H,,2019-12-02,2176000,1,Y,MBSSMALL,2019-12-06,رئيس البلدية,محتسب البلدية,2019-12-02,Y,,,,,
165,2019,151,153,2019-12-03,H,,2019-12-03,394000,1,Y,MBSSMALL,2019-12-12,رئيس البلدية,محتسب البلدية,2019-12-03,Y,,,,,
165,2019,152,154,2019-12-13,H,,2019-12-13,16110000,1,Y,MBSSMALL,2019-12-18,رئيس البلدية,محتسب البلدية,2019-12-13,Y,,,,,
165,2019,153,155,2019-12-13,H,,2019-12-13,14766000,1,Y,MBSSMALL,2019-12-18,رئيس البلدية,محتسب البلدية,2019-12-13,Y,,,,,
165,2019,154,156,2019-12-13,H,,2019-12-13,13905000,1,Y,MBSSMALL,2019-12-18,رئيس البلدية,محتسب البلدية,2019-12-13,Y,,,,,
165,2019,155,157,2019-12-13,H,,2019-12-13,2740000,1,Y,MBSSMALL,2019-12-18,رئيس البلدية,محتسب البلدية,2019-12-13,Y,,,,,
165,2019,156,158,2019-12-13,H,,2019-12-13,1233000,1,Y,MBSSMALL,2019-12-18,رئيس البلدية,محتسب البلدية,2019-12-13,Y,,,,,
165,2019,157,159,2019-12-13,H,,2019-12-13,9000000,1,Y,MBSSMALL,2019-12-18,رئيس البلدية,محتسب البلدية,2019-12-13,Y,,,,,
165,2019,158,160,2019-12-13,H,,2019-12-13,3832000,1,Y,MBSSMALL,2019-12-18,رئيس البلدية,محتسب البلدية,2019-12-13,Y,,,,,
165,2019,159,161,2019-12-13,H,,2019-12-13,675000,1,Y,MBSSMALL,2019-12-18,رئيس البلدية,محتسب البلدية,2019-12-13,Y,,,,,
165,2019,160,162,2019-12-13,H,,2019-12-13,1470000,1,Y,MBSSMALL,2019-12-18,رئيس البلدية,محتسب البلدية,2019-12-13,Y,,,,,
165,2019,161,163,2019-12-13,H,,2019-12-13,444000,1,Y,MBSSMALL,2019-12-31,رئيس البلدية,محتسب البلدية,2019-12-13,Y,,,,,
165,2019,162,164,2019-12-20,H,,2019-12-20,927000,1,Y,MBSSMALL,2019-12-31,رئيس البلدية,محتسب البلدية,2019-12-20,Y,,,,,
165,2019,163,165,2019-12-26,H,,2019-12-26,805000,1,Y,MBSSMALL,2019-12-31,رئيس البلدية,محتسب البلدية,2019-12-26,Y,,,,,
165,2019,164,166,2019-12-31,H,,2019-12-31,823000,1,Y,MBSSMALL,2020-01-07,رئيس البلدية,محتسب البلدية,2019-12-31,Y,,,,,
165,2019,165,167,2019-12-31,H,,2019-12-31,2452000,1,Y,MBSSMALL,2020-01-07,رئيس البلدية,محتسب البلدية,2019-12-31,Y,,,,,
165,2019,166,168,2019-12-31,H,,2019-12-31,972000,1,Y,MBSSMALL,2020-01-07,رئيس البلدية,محتسب البلدية,2019-12-31,Y,,,,,
165,2019,167,169,2019-12-31,H,,2019-12-31,690000,1,Y,MBSSMALL,2020-01-13,رئيس البلدية,محتسب البلدية,2019-12-31,Y,,,,,
165,2019,168,170,2019-12-31,H,,2019-12-31,1865000,1,Y,MBSSMALL,2020-01-13,رئيس البلدية,محتسب البلدية,2019-12-31,Y,,,,,
165,2019,169,171,2019-12-31,H,,2019-12-31,1690000,1,Y,MBSSMALL,2020-01-13,رئيس البلدية,محتسب البلدية,2019-12-31,Y,,,,,
165,2019,170,172,2019-12-31,H,,2019-12-31,1857000,1,Y,MBSSMALL,2020-01-13,رئيس البلدية,محتسب البلدية,2019-12-31,Y,,,,,
165,2019,171,173,2019-12-31,H,,2019-12-31,1685000,1,Y,MBSSMALL,2020-01-13,رئيس البلدية,محتسب البلدية,2019-12-31,Y,,,,,
165,2019,172,174,2019-12-31,H,,2019-12-31,672000,1,Y,MBSSMALL,2020-01-13,رئيس البلدية,محتسب البلدية,2019-12-31,Y,,,,,
165,2019,173,175,2019-12-31,H,,2019-12-31,385000,1,Y,MBSSMALL,2020-01-13,رئيس البلدية,محتسب البلدية,2019-12-31,Y,,,,,
165,2017,48,49,2017-05-04,H,,2017-05-04,2923000,1,Y,MBSSMALL,2017-05-04,رئيس البلدية,محتسب البلدية,2017-05-04,Y,,,,,
165,2017,49,50,2017-05-04,H,,2017-05-04,1712000,1,Y,MBSSMALL,2017-05-04,رئيس البلدية,محتسب البلدية,2017-05-04,Y,,,,,
165,2017,50,51,2017-05-05,H,,2017-05-05,2816000,1,Y,MBSSMALL,2017-05-05,رئيس البلدية,محتسب البلدية,2017-05-05,Y,,,,,
165,2017,51,52,2017-05-05,H,,2017-05-05,1850000,1,Y,MBSSMALL,2017-05-10,رئيس البلدية,محتسب البلدية,2017-05-05,Y,,,,,
165,2017,52,53,2017-05-10,H,,2017-05-10,19378000,1,Y,MBSSMALL,2017-05-18,رئيس البلدية,محتسب البلدية,2017-05-10,Y,,,,,
165,2017,53,54,2017-05-10,H,,2017-05-10,19735000,1,Y,MBSSMALL,2017-05-18,رئيس البلدية,محتسب البلدية,2017-05-10,Y,,,,,
165,2017,54,55,2017-05-10,H,,2017-05-10,8462000,1,Y,MBSSMALL,2017-05-18,رئيس البلدية,محتسب البلدية,2017-05-10,Y,,,,,
165,2017,55,56,2017-05-10,H,,2017-05-10,5580000,1,Y,MBSSMALL,2017-05-18,رئيس البلدية,محتسب البلدية,2017-05-10,Y,,,,,
165,2017,56,57,2017-05-10,H,,2017-05-10,18000000,1,Y,MBSSMALL,2017-05-18,رئيس البلدية,محتسب البلدية,2017-05-10,Y,,,,,
165,2017,57,58,2017-05-10,H,,2017-05-10,18000000,1,Y,MBSSMALL,2017-05-18,رئيس البلدية,محتسب البلدية,2017-05-10,Y,,,,,
165,2017,58,59,2017-05-10,H,,2017-05-10,4237000,1,Y,MBSSMALL,2017-05-18,رئيس البلدية,محتسب البلدية,2017-05-10,Y,,,,,
165,2017,59,61,2017-05-10,H,,2017-05-10,5000000,1,Y,MBSSMALL,2017-05-18,رئيس البلدية,محتسب البلدية,2017-05-10,Y,,,,,
165,2017,60,60,2017-05-10,H,,2017-05-10,11000000,1,Y,MBSSMALL,2017-05-18,رئيس البلدية,محتسب البلدية,2017-05-10,Y,,,,,
165,2017,61,62,2017-05-10,H,,2017-05-10,6785000,1,Y,MBSSMALL,2017-05-19,رئيس البلدية,محتسب البلدية,2017-05-10,Y,,,,,
165,2017,62,63,2017-05-10,H,,2017-05-10,3750000,1,Y,MBSSMALL,2017-05-19,رئيس البلدية,محتسب البلدية,2017-05-10,Y,,,,,
165,2017,63,65,2017-05-31,H,,2017-05-31,919000,1,Y,MBSSMALL,2017-06-02,رئيس البلدية,محتسب البلدية,2017-05-31,Y,,,,,
165,2017,64,64,2017-05-31,H,,2017-05-31,1006000,1,Y,MBSSMALL,2017-06-02,رئيس البلدية,محتسب البلدية,2017-05-31,Y,,,,,
165,2012,60,61,2012-09-12,H,,2012-09-12,1000000,1,Y,BUDGET,2012-09-12,رئيس البلدية,محتسب البلدية,2012-09-12,Y,,,,,
165,2012,61,62,2012-09-12,H,,2012-09-12,300000,1,Y,BUDGET,2012-09-12,رئيس البلدية,محتسب البلدية,2012-09-12,Y,,,,,
165,2012,62,63,2012-09-12,H,,2012-09-12,2976000,1,Y,BUDGET,2012-09-12,رئيس البلدية,محتسب البلدية,2012-09-12,Y,,,,,
165,2017,81,82,2017-07-01,H,,2017-07-01,784000,1,Y,MBSSMALL,2017-07-17,رئيس البلدية,محتسب البلدية,2017-07-01,Y,,,,,
165,2017,82,83,2017-07-01,H,,2017-07-01,900000,1,Y,MBSSMALL,2017-07-17,رئيس البلدية,محتسب البلدية,2017-07-01,Y,,,,,
165,2017,83,84,2017-07-01,H,,2017-07-01,158000,1,Y,MBSSMALL,2017-07-17,رئيس البلدية,محتسب البلدية,2017-07-01,Y,,,,,
165,2017,84,85,2017-07-11,H,,2017-07-11,2625000,1,Y,MBSSMALL,2017-07-17,رئيس البلدية,محتسب البلدية,2017-07-11,Y,,,,,
165,2017,85,86,2017-06-25,H,,2017-06-25,19829000,1,Y,MBSSMALL,2017-08-12,رئيس البلدية,محتسب البلدية,2017-06-25,Y,,,,,
165,2017,86,87,2017-06-25,H,,2017-06-25,17232000,1,Y,MBSSMALL,2017-08-12,رئيس البلدية,محتسب البلدية,2017-06-25,Y,,,,,
165,2017,87,88,2017-06-25,H,,2017-06-25,14419000,1,Y,MBSSMALL,2017-08-12,رئيس البلدية,محتسب البلدية,2017-06-25,Y,,,,,
165,2017,88,89,2017-06-25,H,,2017-06-25,17504000,1,Y,MBSSMALL,2017-08-12,رئيس البلدية,محتسب البلدية,2017-06-25,Y,,,,,
165,2017,89,90,2017-06-25,H,,2017-06-25,2331000,1,Y,MBSSMALL,2017-08-12,رئيس البلدية,محتسب البلدية,2017-06-25,Y,,,,,
165,2017,154,157,2017-09-29,H,,2017-09-29,705000,1,Y,MBSSMALL,2017-10-23,رئيس البلدية,محتسب البلدية,2017-09-29,Y,,,,,
165,2017,155,156,2017-09-29,H,,2017-09-29,784000,1,Y,MBSSMALL,2017-10-23,رئيس البلدية,محتسب البلدية,2017-09-29,Y,,,,,
165,2017,156,159,2017-09-29,H,,2017-09-29,791000,1,Y,MBSSMALL,2017-10-23,رئيس البلدية,محتسب البلدية,2017-09-29,Y,,,,,
165,2017,157,158,2017-09-29,H,,2017-09-29,950000,1,Y,MBSSMALL,2017-10-23,رئيس البلدية,محتسب البلدية,2017-09-29,Y,,,,,
165,2017,158,160,2017-09-29,H,,2017-09-29,536000,1,Y,MBSSMALL,2017-10-23,رئيس البلدية,محتسب البلدية,2017-09-29,Y,,,,,
165,2017,159,161,2017-09-29,H,,2017-09-29,900000,1,Y,MBSSMALL,2017-10-23,رئيس البلدية,محتسب البلدية,2017-09-29,Y,,,,,
165,2017,160,162,2017-09-29,H,,2017-09-29,128000,1,Y,MBSSMALL,2017-10-23,رئيس البلدية,محتسب البلدية,2017-09-29,Y,,,,,
165,2017,162,164,2017-09-29,H,,2017-09-29,1549000,1,Y,MBSSMALL,2017-10-25,رئيس البلدية,محتسب البلدية,2017-09-29,Y,,,,,
165,2017,163,165,2017-09-29,H,,2017-09-29,1322000,1,Y,MBSSMALL,2017-10-25,رئيس البلدية,محتسب البلدية,2017-09-29,Y,,,,,
165,2017,164,166,2017-09-30,H,,2017-09-30,1500000,1,Y,MBSSMALL,2017-10-30,رئيس البلدية,محتسب البلدية,2017-09-30,Y,,,,,
165,2017,165,167,2017-09-30,H,,2017-09-30,2953000,1,Y,MBSSMALL,2017-10-30,رئيس البلدية,محتسب البلدية,2017-09-30,Y,,,,,
165,2017,166,168,2017-09-29,H,,2017-09-29,3000000,1,Y,MBSSMALL,2017-10-31,رئيس البلدية,محتسب البلدية,2017-09-29,Y,,,,,
165,2017,167,169,2017-09-29,H,,2017-09-29,18598000,1,Y,MBSSMALL,2017-11-09,رئيس البلدية,محتسب البلدية,2017-09-29,Y,,,,,
165,2017,168,170,2017-09-29,H,,2017-09-29,3328000,1,Y,MBSSMALL,2017-11-09,رئيس البلدية,محتسب البلدية,2017-09-29,Y,,,,,
165,2017,169,171,2017-09-29,H,,2017-09-29,1459000,1,Y,MBSSMALL,2017-11-09,رئيس البلدية,محتسب البلدية,2017-09-29,Y,,,,,
165,2017,170,172,2017-09-29,H,,2017-09-29,2490000,1,Y,MBSSMALL,2017-11-09,رئيس البلدية,محتسب البلدية,2017-09-29,Y,,,,,
165,2017,171,173,2017-09-29,H,,2017-09-29,18000000,1,Y,MBSSMALL,2017-11-09,رئيس البلدية,محتسب البلدية,2017-09-29,Y,,,,,
165,2017,172,174,2017-09-29,H,,2017-09-29,16617000,1,Y,MBSSMALL,2017-11-10,رئيس البلدية,محتسب البلدية,2017-09-29,Y,,,,,
165,2017,173,175,2017-09-29,H,,2017-09-29,1800000,1,Y,MBSSMALL,2017-11-10,رئيس البلدية,محتسب البلدية,2017-09-29,Y,,,,,
165,2017,174,176,2017-09-29,H,,2017-09-29,525000,1,Y,MBSSMALL,2017-11-10,رئيس البلدية,محتسب البلدية,2017-09-29,Y,,,,,
165,2017,175,177,2017-09-29,H,,2017-09-29,1000000,1,Y,MBSSMALL,2017-11-10,رئيس البلدية,محتسب البلدية,2017-09-29,Y,,,,,
165,2017,176,179,2017-10-31,H,,2017-10-31,705000,1,Y,MBSSMALL,2017-11-14,رئيس البلدية,محتسب البلدية,2017-10-31,Y,,,,,
165,2017,177,178,2017-10-31,H,,2017-10-31,784000,1,Y,MBSSMALL,2017-11-14,رئيس البلدية,محتسب البلدية,2017-10-31,Y,,,,,
165,2017,178,181,2017-10-31,H,,2017-10-31,791000,1,Y,MBSSMALL,2017-11-14,رئيس البلدية,محتسب البلدية,2017-10-31,Y,,,,,
165,2017,179,180,2017-10-31,H,,2017-10-31,950000,1,Y,MBSSMALL,2017-11-14,رئيس البلدية,محتسب البلدية,2017-10-31,Y,,,,,
165,2017,180,182,2017-10-31,H,,2017-10-31,704000,1,Y,MBSSMALL,2017-11-14,رئيس البلدية,محتسب البلدية,2017-10-31,Y,,,,,
165,2017,181,183,2017-10-31,H,,2017-10-31,158000,1,Y,MBSSMALL,2017-11-15,رئيس البلدية,محتسب البلدية,2017-10-31,Y,,,,,
165,2017,182,184,2017-10-31,H,,2017-10-31,330000,1,Y,MBSSMALL,2017-11-24,رئيس البلدية,محتسب البلدية,2017-10-31,Y,,,,,
165,2017,183,185,2017-10-31,H,,2017-10-31,2080000,1,Y,MBSSMALL,2017-11-24,رئيس البلدية,محتسب البلدية,2017-10-31,Y,,,,,
165,2024,23,24,2024-03-21,H,,2024-03-21,23000000,1,Y,MBSSMALL,2024-04-02,رئيس البلدية,محتسب البلدية,2024-03-21,Y,,,,,1.0
165,2024,31,32,2024-03-21,H,,2024-03-21,37630000,1,Y,MBSSMALL,2024-04-04,رئيس البلدية,محتسب البلدية,2024-03-21,Y,,,,,1.0
165,2024,32,33,2024-03-21,H,,2024-03-21,42100000,1,Y,MBSSMALL,2024-04-04,رئيس البلدية,محتسب البلدية,2024-03-21,Y,,,,,1.0
165,2024,33,34,2024-03-21,H,,2024-03-21,48330000,1,Y,MBSSMALL,2024-04-04,رئيس البلدية,محتسب البلدية,2024-03-21,Y,,,,,1.0
165,2024,34,35,2024-03-21,H,,2024-03-21,14000000,1,Y,MBSSMALL,2024-04-04,رئيس البلدية,محتسب البلدية,2024-03-21,Y,,,,,1.0
165,2024,35,36,2024-03-21,H,,2024-03-21,45900000,1,Y,MBSSMALL,2024-04-04,رئيس البلدية,محتسب البلدية,2024-03-21,Y,,,,,1.0
165,2024,36,37,2024-03-21,H,,2024-03-21,38500000,1,Y,MBSSMALL,2024-04-04,رئيس البلدية,محتسب البلدية,2024-03-21,Y,,,,,1.0
165,2024,37,38,2024-03-21,H,,2024-03-21,38197000,1,Y,MBSSMALL,2024-04-04,رئيس البلدية,محتسب البلدية,2024-03-21,Y,,,,,1.0
165,2024,38,39,2024-03-21,H,,2024-03-21,49710000,1,Y,MBSSMALL,2024-04-04,رئيس البلدية,محتسب البلدية,2024-03-21,Y,,,,,1.0
165,2024,39,40,2024-03-21,H,,2024-03-21,38174000,1,Y,MBSSMALL,2024-04-04,رئيس البلدية,محتسب البلدية,2024-03-21,Y,,,,,1.0
165,2024,40,41,2024-03-21,H,,2024-03-21,40582000,1,Y,MBSSMALL,2024-04-04,رئيس البلدية,محتسب البلدية,2024-03-21,Y,,,,,1.0
165,2024,81,85,2024-07-01,H,,2024-07-01,2049000,1,Y,MBSSMALL,2024-07-19,رئيس البلدية,محتسب البلدية,2024-07-01,Y,,,,,1.0
165,2024,82,86,2024-07-01,H,,2024-07-01,1917000,1,Y,MBSSMALL,2024-07-19,رئيس البلدية,محتسب البلدية,2024-07-01,Y,,,,,1.0
165,2024,83,87,2024-07-01,H,,2024-07-01,2039000,1,Y,MBSSMALL,2024-07-19,رئيس البلدية,محتسب البلدية,2024-07-01,Y,,,,,1.0
165,2024,84,88,2024-07-01,H,,2024-07-01,1880000,1,Y,MBSSMALL,2024-07-19,رئيس البلدية,محتسب البلدية,2024-07-01,Y,,,,,1.0
165,2024,85,89,2024-07-01,H,,2024-07-01,22950000,1,Y,MBSSMALL,2024-07-19,رئيس البلدية,محتسب البلدية,2024-07-01,Y,,,,,1.0
165,2013,66,66,2013-08-07,H,,2013-08-07,418000,1,Y,BUDGET,2013-08-07,رئيس البلدية,محتسب البلدية,2013-08-07,Y,,,,,
165,2013,67,67,2013-08-07,H,,2013-08-07,2699000,1,Y,BUDGET,2013-08-07,رئيس البلدية,محتسب البلدية,2013-08-07,Y,,,,,
165,2013,68,68,2013-08-19,H,,2013-08-19,2159000,1,Y,BUDGET,2013-08-20,رئيس البلدية,محتسب البلدية,2013-08-19,Y,,,,,
165,2013,69,69,2013-08-27,H,,2013-08-27,892000,1,Y,BUDGET,2013-08-27,رئيس البلدية,محتسب البلدية,2013-08-27,Y,,,,,
165,2013,70,70,2013-08-27,H,,2013-08-27,19831000,1,Y,BUDGET,2013-08-27,رئيس البلدية,محتسب البلدية,2013-08-27,Y,,,,,
165,2013,71,71,2013-08-27,H,,2013-08-27,19830000,1,Y,BUDGET,2013-08-27,رئيس البلدية,محتسب البلدية,2013-08-27,Y,,,,,
165,2013,72,72,2013-08-27,H,,2013-08-27,774000,1,Y,BUDGET,2013-08-27,رئيس البلدية,محتسب البلدية,2013-08-27,Y,,,,,
165,2013,73,73,2013-08-29,H,,2013-08-29,1313000,1,Y,BUDGET,2013-08-29,رئيس البلدية,محتسب البلدية,2013-08-29,Y,,,,,
165,2013,74,74,2013-08-29,H,,2013-08-29,1189000,1,Y,BUDGET,2013-08-29,رئيس البلدية,محتسب البلدية,2013-08-29,Y,,,,,
165,2013,75,75,2013-08-31,H,,2013-08-31,1709000,1,Y,BUDGET,2013-08-31,رئيس البلدية,محتسب البلدية,2013-08-31,Y,,,,,
165,2013,76,76,2013-09-02,H,,2013-09-02,1040000,1,Y,BUDGET,2013-09-02,رئيس البلدية,محتسب البلدية,2013-09-02,Y,,,,,
165,2013,77,77,2013-09-02,H,,2013-09-02,2167000,1,Y,BUDGET,2013-09-02,رئيس البلدية,محتسب البلدية,2013-09-02,Y,,,,,
165,2013,78,78,2013-09-02,H,,2013-09-02,608000,1,Y,BUDGET,2013-09-02,رئيس البلدية,محتسب البلدية,2013-09-02,Y,,,,,
165,2013,79,79,2013-09-02,H,,2013-09-02,1100000,1,Y,BUDGET,2013-09-02,رئيس البلدية,محتسب البلدية,2013-09-02,Y,,,,,
165,2013,80,80,2013-09-02,H,,2013-09-02,100000,1,Y,BUDGET,2013-09-02,رئيس البلدية,محتسب البلدية,2013-09-02,Y,,,,,
165,2013,81,81,2013-09-04,H,,2013-09-04,2450000,1,Y,BUDGET,2013-09-04,رئيس البلدية,محتسب البلدية,2013-09-04,Y,,,,,
165,2013,82,82,2013-09-05,H,,2013-09-05,1532000,1,Y,BUDGET,2013-09-05,رئيس البلدية,محتسب البلدية,2013-09-05,Y,,,,,
165,2013,83,83,2013-09-05,H,,2013-09-05,2350000,1,Y,BUDGET,2013-09-05,رئيس البلدية,محتسب البلدية,2013-09-05,Y,,,,,
165,2013,84,84,2013-09-07,H,,2013-09-07,2545000,1,Y,BUDGET,2013-09-07,رئيس البلدية,محتسب البلدية,2013-09-07,Y,,,,,
165,2013,85,85,2013-09-07,H,,2013-09-07,2042000,1,Y,BUDGET,2013-09-07,رئيس البلدية,محتسب البلدية,2013-09-07,Y,,,,,
165,2013,86,86,2013-09-18,H,,2013-09-18,500000,1,Y,BUDGET,2013-09-18,رئيس البلدية,محتسب البلدية,2013-09-18,Y,,,,,
165,2013,87,87,2013-09-18,H,,2013-09-18,700000,1,Y,BUDGET,2013-09-18,رئيس البلدية,محتسب البلدية,2013-09-18,Y,,,,,
165,2013,88,88,2013-09-27,H,,2013-09-27,1458000,1,Y,BUDGET,2013-09-27,رئيس البلدية,محتسب البلدية,2013-09-27,Y,,,,,
165,2013,89,89,2013-09-27,H,,2013-09-27,631000,1,Y,BUDGET,2013-09-27,رئيس البلدية,محتسب البلدية,2013-09-27,Y,,,,,
165,2013,90,90,2013-09-28,H,,2013-09-28,2677000,1,Y,BUDGET,2013-09-28,رئيس البلدية,محتسب البلدية,2013-09-28,Y,,,,,
165,2013,91,91,2013-09-28,H,,2013-09-28,1780000,1,Y,BUDGET,2013-09-28,رئيس البلدية,محتسب البلدية,2013-09-28,Y,,,,,
165,2013,92,92,2013-09-28,H,,2013-09-28,2608000,1,Y,BUDGET,2013-09-28,رئيس البلدية,محتسب البلدية,2013-09-28,Y,,,,,
165,2013,93,93,2013-09-28,H,,2013-09-28,1175000,1,Y,BUDGET,2013-09-28,رئيس البلدية,محتسب البلدية,2013-09-28,Y,,,,,
165,2013,94,94,2013-09-28,H,,2013-09-28,1359000,1,Y,BUDGET,2013-09-28,رئيس البلدية,محتسب البلدية,2013-09-28,Y,,,,,
165,2013,95,95,2013-09-30,H,,2013-09-30,1560000,1,Y,BUDGET,2013-09-30,رئيس البلدية,محتسب البلدية,2013-09-30,Y,,,,,
165,2013,96,96,2013-09-30,H,,2013-09-30,951000,1,Y,BUDGET,2013-09-30,رئيس البلدية,محتسب البلدية,2013-09-30,Y,,,,,
165,2013,97,97,2013-09-30,H,,2013-09-30,1040000,1,Y,BUDGET,2013-10-01,رئيس البلدية,محتسب البلدية,2013-09-30,Y,,,,,
165,2013,98,98,2013-09-30,H,,2013-09-30,2167000,1,Y,BUDGET,2013-10-01,رئيس البلدية,محتسب البلدية,2013-09-30,Y,,,,,
165,2013,99,99,2013-09-30,H,,2013-09-30,624000,1,Y,BUDGET,2013-10-01,رئيس البلدية,محتسب البلدية,2013-09-30,Y,,,,,
165,2013,100,100,2013-09-30,H,,2013-09-30,1100000,1,Y,BUDGET,2013-10-01,رئيس البلدية,محتسب البلدية,2013-09-30,Y,,,,,
165,2013,101,101,2013-09-30,H,,2013-09-30,100000,1,Y,BUDGET,2013-10-01,رئيس البلدية,محتسب البلدية,2013-09-30,Y,,,,,
165,2013,102,102,2013-09-30,H,,2013-09-30,1657000,1,Y,BUDGET,2013-10-04,رئيس البلدية,محتسب البلدية,2013-09-30,Y,,,,,
165,2007,188,189,2007-11-01,H,,2007-11-02,400000,1,Y,MBSMONA,2008-01-03,المجلس البلدي,امين الصندوق,2007-11-02,Y,,,,,
165,2007,189,190,2007-11-01,H,,2007-11-02,240000,1,Y,MBSMONA,2008-01-03,المجلس البلدي,امين الصندوق,2007-11-02,Y,,,,,
165,2007,190,191,2007-11-01,H,,2007-11-02,186000,1,Y,MBSMONA,2008-01-03,المجلس البلدي,امين الصندوق,2007-11-02,Y,,,,,
165,2007,191,192,2007-11-01,H,,2007-11-02,7050000,1,Y,MBSMONA,2008-01-03,المجلس البلدي,امين الصندوق,2007-11-02,Y,,,,,
165,2007,192,194,2007-11-30,H,,2007-11-30,1658000,1,Y,MBSMONA,2008-01-05,رئيس البلدية,امين الصندوق,2007-11-30,Y,,,,,
165,2007,193,195,2007-11-30,H,,2007-11-30,330000,1,Y,MBSMONA,2008-01-05,رئيس البلدية,امين الصندوق,2007-11-30,Y,,,,,
165,2007,194,193,2007-12-27,H,,2007-12-28,5681000,1,Y,MBSMONA,2008-01-05,المجلس البلدي,امين الصندوق,2007-12-28,Y,,,,,
165,2007,195,196,2007-12-27,H,,2007-12-28,440000,1,Y,MBSMONA,2008-01-05,المجلس البلدي,امين الصندوق,2007-12-28,Y,,,,,
165,2007,196,197,2007-12-27,H,,2007-12-28,317000,1,Y,MBSMONA,2008-01-05,المجلس البلدي,امين الصندوق,2007-12-28,Y,,,,,
165,2007,197,198,2007-12-27,H,,2007-12-28,687000,1,Y,MBSMONA,2008-01-05,المجلس البلدي,امين الصندوق,2007-12-28,Y,,,,,
165,2007,198,199,2007-12-27,H,,2007-12-28,28000,1,Y,MBSMONA,2008-01-05,المجلس البلدي,امين الصندوق,2007-12-28,Y,,,,,
165,2007,199,200,2007-12-27,H,,2007-12-28,17000,1,Y,MBSMONA,2008-01-05,المجلس البلدي,امين الصندوق,2007-12-28,Y,,,,,
165,2007,200,201,2007-11-30,H,,2007-11-30,1500000,1,Y,MBSMONA,2008-01-07,رئيس البلدية,امين الصندوق,2007-11-30,Y,,,,,
165,2007,201,202,2007-12-28,H,,2007-12-28,1658000,1,Y,MBSMONA,2008-01-07,رئيس البلدية,امين الصندوق,2007-12-28,Y,,,,,
165,2007,202,203,2007-12-28,H,,2007-12-28,312000,1,Y,MBSMONA,2008-01-07,رئيس البلدية,امين الصندوق,2007-12-28,Y,,,,,
165,2007,203,204,2007-12-28,H,,2007-12-28,1500000,1,Y,MBSMONA,2008-01-07,رئيس البلدية,امين الصندوق,2007-12-28,Y,,,,,
165,2007,204,205,2007-12-06,H,,2007-12-07,2151000,1,Y,MBSMONA,2008-01-08,المجلس البلدي,امين الصندوق,2007-12-07,Y,,,,,
165,2007,205,209,2007-12-06,H,,2007-12-07,10000,1,Y,MBSMONA,2008-01-08,المجلس البلدي,امين الصندوق,2007-12-07,Y,,,,,
165,2007,206,206,2007-12-06,H,,2007-12-07,708000,1,Y,MBSMONA,2008-01-08,المجلس البلدي,امين الصندوق,2007-12-07,Y,,,,,
165,2007,207,207,2007-12-06,H,,2007-12-07,183000,1,Y,MBSMONA,2008-01-08,المجلس البلدي,امين الصندوق,2007-12-07,Y,,,,,
165,2007,208,208,2007-12-06,H,,2007-12-07,380000,1,Y,MBSMONA,2008-01-08,المجلس البلدي,امين الصندوق,2007-12-07,Y,,,,,
165,2007,209,210,2007-12-06,H,,2007-12-07,1050000,1,Y,MBSMONA,2008-01-08,المجلس البلدي,امين الصندوق,2007-12-07,Y,,,,,
165,2020,136,142,2020-12-31,H,,2020-12-31,6750000,1,Y,MBSSMALL,2021-03-02,رئيس البلدية,محتسب البلدية,2020-12-31,Y,,,,,
165,2018,32,32,2018-03-28,H,,2018-03-28,7295000,1,Y,MBSSMALL,2018-04-11,رئيس البلدية,محتسب البلدية,2018-03-28,Y,,,,,
165,2018,33,33,2018-03-28,H,,2018-03-28,784000,1,Y,MBSSMALL,2018-04-12,رئيس البلدية,محتسب البلدية,2018-03-28,Y,,,,,
165,2018,34,34,2018-03-28,H,,2018-03-28,705000,1,Y,MBSSMALL,2018-04-12,رئيس البلدية,محتسب البلدية,2018-03-28,Y,,,,,
165,2018,35,36,2018-03-28,H,,2018-03-28,816000,1,Y,MBSSMALL,2018-04-12,رئيس البلدية,محتسب البلدية,2018-03-28,Y,,,,,
165,2018,36,35,2018-03-28,H,,2018-03-28,975000,1,Y,MBSSMALL,2018-04-12,رئيس البلدية,محتسب البلدية,2018-03-28,Y,,,,,
165,2018,37,37,2018-03-28,H,,2018-03-28,672000,1,Y,MBSSMALL,2018-04-12,رئيس البلدية,محتسب البلدية,2018-03-28,Y,,,,,
165,2018,38,38,2018-04-03,H,,2018-04-03,385000,1,Y,MBSSMALL,2018-04-12,رئيس البلدية,محتسب البلدية,2018-04-03,Y,,,,,
165,2018,39,39,2018-04-03,H,,2018-04-03,180000,1,Y,MBSSMALL,2018-04-12,رئيس البلدية,محتسب البلدية,2018-04-03,Y,,,,,
165,2018,40,40,2018-04-25,H,,2018-04-25,16740000,1,Y,MBSSMALL,2018-04-25,رئيس البلدية,محتسب البلدية,2018-04-25,Y,,,,,
165,2018,41,41,2018-04-25,H,,2018-04-25,5960000,1,Y,MBSSMALL,2018-04-25,رئيس البلدية,محتسب البلدية,2018-04-25,Y,,,,,
165,2018,42,42,2018-04-25,H,,2018-04-25,1622000,1,Y,MBSSMALL,2018-04-25,رئيس البلدية,محتسب البلدية,2018-04-25,Y,,,,,
165,2018,43,43,2018-04-25,H,,2018-04-25,1508000,1,Y,MBSSMALL,2018-04-25,رئيس البلدية,محتسب البلدية,2018-04-25,Y,,,,,
165,2018,44,44,2018-04-25,H,,2018-04-25,5130000,1,Y,MBSSMALL,2018-04-25,رئيس البلدية,محتسب البلدية,2018-04-25,Y,,,,,
165,2018,45,45,2018-04-25,H,,2018-04-25,18000000,1,Y,MBSSMALL,2018-04-25,رئيس البلدية,محتسب البلدية,2018-04-25,Y,,,,,
165,2018,46,46,2018-05-02,H,,2018-05-02,784000,1,Y,MBSSMALL,2018-05-02,رئيس البلدية,محتسب البلدية,2018-05-02,Y,,,,,
165,2018,47,47,2018-05-02,H,,2018-05-02,731000,1,Y,MBSSMALL,2018-05-02,رئيس البلدية,محتسب البلدية,2018-05-02,Y,,,,,
165,2018,48,49,2018-05-02,H,,2018-05-02,816000,1,Y,MBSSMALL,2018-05-02,رئيس البلدية,محتسب البلدية,2018-05-02,Y,,,,,
165,2018,49,48,2018-05-02,H,,2018-05-02,975000,1,Y,MBSSMALL,2018-05-02,رئيس البلدية,محتسب البلدية,2018-05-02,Y,,,,,
165,2018,50,50,2018-05-02,H,,2018-05-02,608000,1,Y,MBSSMALL,2018-05-02,رئيس البلدية,محتسب البلدية,2018-05-02,Y,,,,,
165,2018,51,51,2018-05-02,H,,2018-05-02,385000,1,Y,MBSSMALL,2018-05-02,رئيس البلدية,محتسب البلدية,2018-05-31,Y,,,,,
165,2018,52,52,2018-05-23,H,,2018-05-23,2970000,1,Y,MBSSMALL,2018-05-23,رئيس البلدية,محتسب البلدية,2018-05-23,Y,,,,,
165,2018,53,53,2018-05-23,H,,2018-05-23,2610000,1,Y,MBSSMALL,2018-05-23,رئيس البلدية,محتسب البلدية,2018-05-23,Y,,,,,
165,2018,54,54,2018-05-23,H,,2018-05-23,2100000,1,Y,MBSSMALL,2018-05-23,رئيس البلدية,محتسب البلدية,2018-05-23,Y,,,,,
165,2018,55,55,2018-05-23,H,,2018-05-23,2960000,1,Y,MBSSMALL,2018-05-23,رئيس البلدية,محتسب البلدية,2018-05-23,Y,,,,,
165,2018,56,56,2018-05-30,H,,2018-05-30,18258000,1,Y,MBSSMALL,2018-06-07,رئيس البلدية,محتسب البلدية,2018-05-30,Y,,,,,
165,2018,57,57,2018-05-30,H,,2018-05-30,3059000,1,Y,MBSSMALL,2018-06-07,رئيس البلدية,محتسب البلدية,2018-05-30,Y,,,,,
165,2018,58,58,2018-05-30,H,,2018-05-30,2967000,1,Y,MBSSMALL,2018-06-07,رئيس البلدية,محتسب البلدية,2018-05-30,Y,,,,,
165,2018,59,59,2018-05-30,H,,2018-05-30,2939000,1,Y,MBSSMALL,2018-06-07,رئيس البلدية,محتسب البلدية,2018-05-30,Y,,,,,
165,2018,60,60,2018-05-30,H,,2018-05-30,6672000,1,Y,MBSSMALL,2018-06-07,رئيس البلدية,محتسب البلدية,2018-05-30,Y,,,,,
165,2018,61,61,2018-05-30,H,,2018-05-30,18000000,1,Y,MBSSMALL,2018-06-07,رئيس البلدية,محتسب البلدية,2018-05-30,Y,,,,,
165,2018,62,62,2018-05-31,H,,2018-05-31,784000,1,Y,MBSSMALL,2018-06-11,رئيس البلدية,محتسب البلدية,2018-05-31,Y,,,,,
165,2018,63,63,2018-05-31,H,,2018-05-31,731000,1,Y,MBSSMALL,2018-06-11,رئيس البلدية,محتسب البلدية,2018-05-31,Y,,,,,
165,2018,64,65,2018-05-31,H,,2018-05-31,816000,1,Y,MBSSMALL,2018-06-11,رئيس البلدية,محتسب البلدية,2018-05-31,Y,,,,,
165,2018,65,64,2018-05-31,H,,2018-05-31,975000,1,Y,MBSSMALL,2018-06-11,رئيس البلدية,محتسب البلدية,2018-05-31,Y,,,,,
165,2022,145,148,2022-10-12,H,,2022-10-12,39910000,1,Y,MBSSMALL,2022-11-10,رئيس البلدية,محتسب البلدية,2022-10-12,Y,,,,,
165,2022,146,149,2022-10-28,H,,2022-10-28,1983000,1,Y,MBSSMALL,2022-11-10,رئيس البلدية,محتسب البلدية,2022-10-28,Y,,,,,
165,2022,147,150,2022-10-28,H,,2022-10-28,1851000,1,Y,MBSSMALL,2022-11-10,رئيس البلدية,محتسب البلدية,2022-10-28,Y,,,,,
165,2022,148,151,2022-10-28,H,,2022-10-28,1987000,1,Y,MBSSMALL,2022-11-10,رئيس البلدية,محتسب البلدية,2022-12-28,Y,,,,,
165,2022,149,152,2022-10-28,H,,2022-10-28,1828000,1,Y,MBSSMALL,2022-11-10,رئيس البلدية,محتسب البلدية,2022-10-28,Y,,,,,
165,2022,150,153,2022-10-28,H,,2022-10-28,7600000,1,Y,MBSSMALL,2022-11-10,رئيس البلدية,محتسب البلدية,2022-10-28,Y,,,,,
165,2022,151,157,2022-10-28,H,,2022-10-28,2000000,1,Y,MBSSMALL,2022-11-14,رئيس البلدية,محتسب البلدية,2022-10-28,Y,,,,,
165,2022,152,154,2022-10-28,H,,2022-10-28,2110000,1,Y,MBSSMALL,2022-11-14,رئيس البلدية,محتسب البلدية,2022-10-28,Y,,,,,
165,2022,153,155,2022-10-28,H,,2022-10-28,2000000,1,Y,MBSSMALL,2022-11-14,رئيس البلدية,محتسب البلدية,2022-10-28,Y,,,,,
165,2022,154,156,2022-10-28,H,,2022-10-28,2000000,1,Y,MBSSMALL,2022-11-14,رئيس البلدية,محتسب البلدية,2022-10-28,Y,,,,,
165,2022,155,158,2022-09-30,H,,2022-09-30,1850000,1,Y,MBSSMALL,2022-11-14,رئيس البلدية,محتسب البلدية,2022-09-30,Y,,,,,
165,2022,156,160,2022-12-02,H,,2022-12-02,1983000,1,Y,MBSSMALL,2022-12-19,رئيس البلدية,محتسب البلدية,2022-12-02,Y,,,,,
165,2022,157,161,2022-12-02,H,,2022-12-02,1851000,1,Y,MBSSMALL,2022-12-19,رئيس البلدية,محتسب البلدية,2022-12-02,Y,,,,,
165,2022,158,162,2022-12-02,H,,2022-12-02,1987000,1,Y,MBSSMALL,2022-12-19,رئيس البلدية,محتسب البلدية,2022-12-02,Y,,,,,
165,2022,159,163,2022-12-02,H,,2022-12-02,1828000,1,Y,MBSSMALL,2022-12-19,رئيس البلدية,محتسب البلدية,2022-12-02,Y,,,,,
165,2022,160,164,2022-12-02,H,,2022-12-02,7980000,1,Y,MBSSMALL,2022-12-19,رئيس البلدية,محتسب البلدية,2022-12-02,Y,,,,,
165,2022,161,165,2022-12-02,H,,2022-12-02,2180000,1,Y,MBSSMALL,2022-12-20,رئيس البلدية,محتسب البلدية,2022-12-02,Y,,,,,
165,2022,162,166,2022-12-02,H,,2022-12-02,2000000,1,Y,MBSSMALL,2022-12-20,رئيس البلدية,محتسب البلدية,2022-12-02,Y,,,,,
165,2022,163,167,2022-12-02,H,,2022-12-02,2000000,1,Y,MBSSMALL,2022-12-20,رئيس البلدية,محتسب البلدية,2022-12-02,Y,,,,,
165,2022,164,168,2022-12-02,H,,2022-12-02,2000000,1,Y,MBSSMALL,2022-12-20,رئيس البلدية,محتسب البلدية,2022-12-02,Y,,,,,
165,2022,165,169,2022-12-09,H,,2022-12-09,1200000,1,Y,MBSSMALL,2023-01-03,رئيس البلدية,محتسب البلدية,2022-12-09,Y,,,,,
165,2022,166,170,2022-12-09,H,,2022-12-09,4200000,1,Y,MBSSMALL,2023-01-03,رئيس البلدية,محتسب البلدية,2022-12-09,Y,,,,,
165,2022,167,171,2022-12-16,H,,2022-12-16,1350000,1,Y,MBSSMALL,2023-01-03,رئيس البلدية,محتسب البلدية,2022-12-16,Y,,,,,
165,2017,65,67,2017-05-31,H,,2017-05-31,1013000,1,Y,MBSSMALL,2017-06-02,رئيس البلدية,محتسب البلدية,2017-05-31,Y,,,,,
165,2017,66,68,2017-05-31,H,,2017-05-31,800000,1,Y,MBSSMALL,2017-06-02,رئيس البلدية,محتسب البلدية,2017-05-31,Y,,,,,
165,2017,67,69,2017-05-31,H,,2017-05-31,900000,1,Y,MBSSMALL,2017-06-02,رئيس البلدية,محتسب البلدية,2017-05-31,Y,,,,,
165,2017,68,70,2017-05-31,H,,2017-05-31,158000,1,Y,MBSSMALL,2017-06-02,رئيس البلدية,محتسب البلدية,2017-05-31,Y,,,,,
165,2017,69,66,2017-05-31,H,,2017-05-31,1172000,1,Y,MBSSMALL,2017-06-03,رئيس البلدية,محتسب البلدية,2017-05-31,Y,,,,,
165,2017,70,71,2017-06-27,H,,2017-06-27,19656000,1,Y,MBSSMALL,2017-07-04,رئيس البلدية,محتسب البلدية,2017-06-27,Y,,,,,
165,2017,71,72,2017-07-04,,,2017-07-04,19745000,,N,MBSSMALL,2017-07-04,رئيس البلدية,محتسب البلدية,,N,خطأ في التاريخ,2017-07-04,,,
165,2017,72,72,2017-06-27,H,,2017-06-27,19745000,1,Y,MBSSMALL,2017-07-04,رئيس البلدية,محتسب البلدية,2017-06-27,Y,,,,,
165,2017,73,73,2017-06-27,H,,2017-06-27,2468000,1,Y,MBSSMALL,2017-07-05,رئيس البلدية,محتسب البلدية,2017-06-27,Y,,,,,
165,2017,74,74,2017-06-27,H,,2017-06-27,18000000,1,Y,MBSSMALL,2017-07-05,رئيس البلدية,محتسب البلدية,2017-06-27,Y,,,,,
165,2017,75,75,2017-06-27,H,,2017-06-27,2409000,1,Y,MBSSMALL,2017-07-05,رئيس البلدية,محتسب البلدية,2017-06-27,Y,,,,,
165,2017,76,76,2017-06-28,H,,2017-06-28,2925000,1,Y,MBSSMALL,2017-07-05,رئيس البلدية,محتسب البلدية,2017-06-28,Y,,,,,
165,2017,77,78,2017-07-01,H,,2017-07-01,919000,1,Y,MBSSMALL,2017-07-15,رئيس البلدية,محتسب البلدية,2017-07-01,Y,,,,,
165,2017,78,77,2017-07-01,H,,2017-07-01,1006000,1,Y,MBSSMALL,2017-07-15,رئيس البلدية,محتسب البلدية,2017-07-01,Y,,,,,
165,2017,79,81,2017-07-01,H,,2017-07-01,1172000,1,Y,MBSSMALL,2017-07-15,رئيس البلدية,محتسب البلدية,2017-07-01,Y,,,,,
165,2017,80,80,2017-07-01,H,,2017-07-01,1013000,1,Y,MBSSMALL,2017-07-15,رئيس البلدية,محتسب البلدية,2017-07-01,Y,,,,,
165,2022,3,4,2022-01-31,H,,2022-01-31,1905000,1,Y,MBSSMALL,2022-03-09,رئيس البلدية,محتسب البلدية,2022-01-31,Y,,,,,
165,2022,4,5,2022-01-31,H,,2022-01-31,1731000,1,Y,MBSSMALL,2022-03-09,رئيس البلدية,محتسب البلدية,2022-01-31,Y,,,,,
165,2022,5,6,2022-01-31,H,,2022-01-31,1920000,1,Y,MBSSMALL,2022-03-09,رئيس البلدية,محتسب البلدية,2022-01-31,Y,,,,,
165,2022,6,7,2022-01-31,H,,2022-01-31,700000,1,Y,MBSSMALL,2022-03-09,رئيس البلدية,محتسب البلدية,2022-01-31,Y,,,,,
165,2022,7,8,2022-01-31,H,,2022-01-31,700000,1,Y,MBSSMALL,2022-03-09,رئيس البلدية,محتسب البلدية,2022-01-31,Y,,,,,
165,2022,8,9,2022-01-31,H,,2022-01-31,500000,1,Y,MBSSMALL,2022-03-09,رئيس البلدية,محتسب البلدية,2022-01-31,Y,,,,,
165,2022,9,10,2022-02-10,H,,2022-02-10,8880000,1,Y,MBSSMALL,2022-03-10,رئيس البلدية,محتسب البلدية,2022-02-10,Y,,,,,
165,2022,10,11,2022-02-15,H,,2022-02-15,10240000,1,Y,MBSSMALL,2022-03-10,رئيس البلدية,محتسب البلدية,2022-02-15,Y,,,,,
165,2022,11,12,2022-02-28,H,,2022-02-28,1926000,1,Y,MBSSMALL,2022-03-10,رئيس البلدية,محتسب البلدية,2022-02-28,Y,,,,,
165,2022,12,13,2022-02-28,H,,2022-02-28,1744000,1,Y,MBSSMALL,2022-03-10,رئيس البلدية,محتسب البلدية,2022-02-28,Y,,,,,
165,2022,13,14,2022-02-28,H,,2022-02-28,1957000,1,Y,MBSSMALL,2022-03-10,رئيس البلدية,محتسب البلدية,2022-02-28,Y,,,,,
165,2022,14,15,2022-02-28,H,,2022-02-28,1783000,1,Y,MBSSMALL,2022-03-10,رئيس البلدية,محتسب البلدية,2022-02-28,Y,,,,,
165,2022,15,16,2022-02-28,H,,2022-02-28,1728000,1,Y,MBSSMALL,2022-03-10,رئيس البلدية,محتسب البلدية,2022-02-28,Y,,,,,
165,2022,16,17,2022-02-28,H,,2022-02-28,700000,1,Y,MBSSMALL,2022-03-10,رئيس البلدية,محتسب البلدية,2022-02-28,Y,,,,,
165,2022,17,18,2022-02-28,H,,2022-02-28,700000,1,Y,MBSSMALL,2022-03-10,رئيس البلدية,محتسب البلدية,2022-02-28,Y,,,,,
165,2022,18,19,2022-02-28,H,,2022-02-28,500000,1,Y,MBSSMALL,2022-03-10,رئيس البلدية,محتسب البلدية,2022-02-28,Y,,,,,
165,2022,19,20,2022-03-16,H,,2022-03-16,26640000,1,Y,MBSSMALL,2022-03-17,رئيس البلدية,محتسب البلدية,2022-03-16,Y,,,,,
165,2022,20,21,2022-03-16,H,,2022-03-16,24550000,1,Y,MBSSMALL,2022-03-17,رئيس البلدية,محتسب البلدية,2022-03-16,Y,,,,,
165,2022,21,22,2022-03-16,H,,2022-03-16,9550000,1,Y,MBSSMALL,2022-03-17,رئيس البلدية,محتسب البلدية,2022-03-16,Y,,,,,
165,2022,22,23,2022-03-16,H,,2022-03-16,7402000,1,Y,MBSSMALL,2022-03-17,رئيس البلدية,محتسب البلدية,2022-03-26,Y,,,,,
165,2022,23,24,2022-03-16,H,,2022-03-16,7000000,1,Y,MBSSMALL,2022-03-17,رئيس البلدية,محتسب البلدية,2022-03-16,Y,,,,,
165,2022,24,25,2022-03-16,H,,2022-03-16,1450000,1,Y,MBSSMALL,2022-03-23,رئيس البلدية,محتسب البلدية,2022-03-16,Y,,,,,
165,2022,25,26,2022-03-16,H,,2022-03-16,1434000,1,Y,MBSSMALL,2022-03-23,رئيس البلدية,محتسب البلدية,2022-03-16,Y,,,,,
165,2022,26,27,2022-03-16,H,,2022-03-16,1437000,1,Y,MBSSMALL,2022-03-23,رئيس البلدية,محتسب البلدية,2022-03-16,Y,,,,,
165,2022,27,28,2022-03-16,H,,2022-03-16,1440000,1,Y,MBSSMALL,2022-03-23,رئيس البلدية,محتسب البلدية,2022-03-16,Y,,,,,
165,2022,28,29,2022-03-16,H,,2022-03-16,37790000,1,Y,MBSSMALL,2022-03-23,رئيس البلدية,محتسب البلدية,2022-03-31,Y,,,,,
165,2022,29,30,2022-03-16,H,,2022-03-16,25271000,1,Y,MBSSMALL,2022-03-23,رئيس البلدية,محتسب البلدية,2022-03-16,Y,,,,,
165,2022,30,31,2022-03-16,H,,2022-03-16,1333000,1,Y,MBSSMALL,2022-03-31,رئيس البلدية,محتسب البلدية,2022-03-31,Y,,,,,
165,2022,31,32,2022-03-16,H,,2022-03-16,1356000,1,Y,MBSSMALL,2022-03-31,رئيس البلدية,محتسب البلدية,2022-03-31,Y,,,,,
165,2022,32,33,2022-03-16,H,,2022-03-16,1378000,1,Y,MBSSMALL,2022-03-31,رئيس البلدية,محتسب البلدية,2022-03-31,Y,,,,,
165,2022,33,34,2022-03-16,H,,2022-03-16,1350000,1,Y,MBSSMALL,2022-03-31,رئيس البلدية,محتسب البلدية,2022-03-31,Y,,,,,
165,2022,34,39,2022-03-31,H,,2022-03-31,2112000,1,Y,MBSSMALL,2022-04-01,رئيس البلدية,محتسب البلدية,2022-03-31,Y,,,,,
165,2022,35,35,2022-03-31,H,,2022-03-31,1926000,1,Y,MBSSMALL,2022-04-01,رئيس البلدية,محتسب البلدية,2022-03-31,Y,,,,,
165,2022,36,36,2022-03-31,H,,2022-03-31,1739000,1,Y,MBSSMALL,2022-04-01,رئيس البلدية,محتسب البلدية,2022-03-31,Y,,,,,
165,2022,37,37,2022-03-31,H,,2022-03-31,1957000,1,Y,MBSSMALL,2022-04-01,رئيس البلدية,محتسب البلدية,2022-03-31,Y,,,,,
165,2022,38,38,2022-03-31,H,,2022-03-31,1783000,1,Y,MBSSMALL,2022-04-01,رئيس البلدية,محتسب البلدية,2022-03-31,Y,,,,,
165,2022,39,40,2022-03-31,,,2022-03-31,4015000,,N,MBSSMALL,2022-04-06,رئيس البلدية,محتسب البلدية,,N,خطأ في المبلغ,2022-04-06,,,
165,2022,40,41,2022-03-31,,,2022-03-31,4030000,,N,MBSSMALL,2022-04-06,رئيس البلدية,محتسب البلدية,,N,خطأ في المبلغ,2022-04-06,,,
165,2023,119,127,2023-08-23,H,,2023-08-23,2700000,1,Y,MBSSMALL,2023-10-27,رئيس البلدية,محتسب البلدية,2023-08-23,Y,,,,,1.0
165,2023,126,137,2023-08-31,,,2023-08-31,3811000,,N,MBSSMALL,2023-10-30,رئيس البلدية,محتسب البلدية,,N,خطأ في التوقيفات,2023-10-30,,,1.0
165,2023,145,155,2023-10-02,H,,2023-10-02,11246000,1,Y,MBSSMALL,2023-10-31,رئيس البلدية,محتسب البلدية,2023-10-02,Y,,,,,1.0
165,2024,86,90,2024-07-01,H,,2024-07-01,32440000,1,Y,MBSSMALL,2024-07-19,رئيس البلدية,محتسب البلدية,2024-07-01,Y,,,,,1.0
165,2024,87,91,2024-07-01,H,,2024-07-01,16320000,1,Y,MBSSMALL,2024-07-19,رئيس البلدية,محتسب البلدية,2024-07-01,Y,,,,,1.0
165,2024,88,92,2024-07-01,H,,2024-07-01,16000000,1,Y,MBSSMALL,2024-07-19,رئيس البلدية,محتسب البلدية,2024-07-01,Y,,,,,1.0
165,2024,89,93,2024-07-01,H,,2024-07-01,16000000,1,Y,MBSSMALL,2024-07-19,رئيس البلدية,محتسب البلدية,2024-07-01,Y,,,,,1.0
165,2024,98,102,2024-07-12,H,,2024-07-12,30200000,1,Y,MBSSMALL,2024-07-23,رئيس البلدية,محتسب البلدية,2024-07-12,Y,,,,,1.0
165,2024,99,103,2024-07-12,H,,2024-07-12,21400000,1,Y,MBSSMALL,2024-07-23,رئيس البلدية,محتسب البلدية,2024-07-12,Y,,,,,1.0
165,2024,100,104,2024-07-12,H,,2024-07-12,39400000,1,Y,MBSSMALL,2024-07-23,رئيس البلدية,محتسب البلدية,2024-07-12,Y,,,,,1.0
165,2024,101,105,2024-07-12,H,,2024-07-12,34200000,1,Y,MBSSMALL,2024-07-23,رئيس البلدية,محتسب البلدية,2024-07-12,Y,,,,,1.0
165,2024,102,106,2024-07-12,H,,2024-07-12,48600000,1,Y,MBSSMALL,2024-07-23,رئيس البلدية,محتسب البلدية,2024-07-12,Y,,,,,1.0
165,2024,103,107,2024-07-23,H,,2024-07-23,49800000,1,Y,MBSSMALL,2024-07-23,رئيس البلدية,محتسب البلدية,2024-07-23,Y,,,,,1.0
165,2024,104,108,2024-07-12,H,,2024-07-12,25700000,1,Y,MBSSMALL,2024-07-23,رئيس البلدية,محتسب البلدية,2024-07-12,Y,,,,,1.0
165,2024,105,109,2024-07-12,H,,2024-07-12,46200000,1,Y,MBSSMALL,2024-07-23,رئيس البلدية,محتسب البلدية,2024-07-12,Y,,,,,1.0
165,2024,112,116,2024-07-12,H,,2024-07-12,27000000,1,Y,MBSSMALL,2024-07-24,رئيس البلدية,محتسب البلدية,2024-07-12,Y,,,,,1.0
165,2024,113,117,2024-07-12,H,,2024-07-12,49070000,1,Y,MBSSMALL,2024-07-24,رئيس البلدية,محتسب البلدية,2024-07-12,Y,,,,,1.0
165,2024,114,118,2024-07-12,H,,2024-07-12,32220000,1,Y,MBSSMALL,2024-07-24,رئيس البلدية,محتسب البلدية,2024-07-12,Y,,,,,1.0
165,2024,117,121,2024-07-12,H,,2024-07-12,48828000,1,Y,MBSSMALL,2024-07-24,رئيس البلدية,محتسب البلدية,2024-07-12,Y,,,,,1.0
165,2024,118,122,2024-07-12,H,,2024-07-12,42840000,1,Y,MBSSMALL,2024-07-24,رئيس البلدية,محتسب البلدية,2024-07-12,Y,,,,,1.0
165,2024,119,123,2024-07-12,H,,2024-07-12,46800000,1,Y,MBSSMALL,2024-07-24,رئيس البلدية,محتسب البلدية,2024-07-12,Y,,,,,1.0
165,2024,120,124,2024-07-12,H,,2024-07-12,47956000,1,Y,MBSSMALL,2024-07-24,رئيس البلدية,محتسب البلدية,2024-07-12,Y,,,,,1.0
165,2024,121,125,2024-07-24,H,,2024-07-24,48000000,1,Y,MBSSMALL,2024-07-24,رئيس البلدية,محتسب البلدية,2024-07-24,Y,,,,,1.0
165,2024,122,126,2024-07-24,H,,2024-07-24,45960000,1,Y,MBSSMALL,2024-07-24,رئيس البلدية,محتسب البلدية,2024-07-24,Y,,,,,1.0
165,2024,123,127,2024-07-24,H,,2024-07-24,43510000,1,Y,MBSSMALL,2024-07-24,رئيس البلدية,محتسب البلدية,2024-07-24,Y,,,,,1.0
165,2024,124,128,2024-04-27,H,,2024-04-27,21000000,1,Y,MBSSMALL,2024-07-24,رئيس البلدية,محتسب البلدية,2024-04-27,Y,,,,,1.0
165,2024,125,129,2024-07-24,H,,2024-07-24,45000000,1,Y,MBSSMALL,2024-07-24,رئيس البلدية,محتسب البلدية,2024-07-24,Y,,,,,1.0
165,2024,126,130,2024-07-24,H,,2024-07-24,45000000,1,Y,MBSSMALL,2024-07-24,رئيس البلدية,محتسب البلدية,2024-07-24,Y,,,,,1.0
165,2024,127,131,2024-07-24,H,,2024-07-24,45000000,1,Y,MBSSMALL,2024-07-24,رئيس البلدية,محتسب البلدية,2024-07-24,Y,,,,,1.0
165,2024,128,132,2024-07-24,H,,2024-07-24,20700000,1,Y,MBSSMALL,2024-07-24,رئيس البلدية,محتسب البلدية,2024-07-24,Y,,,,,1.0
165,2024,129,133,2024-07-24,H,,2024-07-24,45000000,1,Y,MBSSMALL,2024-07-24,رئيس البلدية,محتسب البلدية,2024-07-24,Y,,,,,1.0
165,2024,130,134,2024-07-24,H,,2024-07-24,32050000,1,Y,MBSSMALL,2024-07-24,رئيس البلدية,محتسب البلدية,2024-07-24,Y,,,,,1.0
165,2024,145,149,2024-07-31,H,,2024-07-31,5000000,1,Y,MBSSMALL,2024-10-01,رئيس البلدية,محتسب البلدية,2024-07-31,Y,,,,,1.0
165,2024,146,150,2024-07-31,H,,2024-07-31,5000000,1,Y,MBSSMALL,2024-10-01,رئيس البلدية,محتسب البلدية,2024-07-31,Y,,,,,1.0
165,2024,147,151,2024-07-31,H,,2024-07-31,12000000,1,Y,MBSSMALL,2024-10-01,رئيس البلدية,محتسب البلدية,2024-07-31,Y,,,,,1.0
165,2024,148,152,2024-07-31,H,,2024-07-31,8215000,1,Y,MBSSMALL,2024-10-01,رئيس البلدية,محتسب البلدية,2024-07-31,Y,,,,,1.0
165,2024,154,159,2024-07-31,H,,2024-07-31,11250000,1,Y,MBSSMALL,2024-10-08,رئيس البلدية,محتسب البلدية,2024-07-31,Y,,,,,1.0
165,2024,167,171,2024-09-09,H,,2024-09-09,10080000,1,Y,MBSSMALL,2024-10-09,رئيس البلدية,محتسب البلدية,2024-09-09,Y,,,,,1.0
165,2024,168,172,2024-09-09,H,,2024-09-09,6162000,1,Y,MBSSMALL,2024-10-09,رئيس البلدية,محتسب البلدية,2024-09-09,Y,,,,,1.0
165,2024,169,173,2024-09-09,H,,2024-09-09,10800000,1,Y,MBSSMALL,2024-10-09,رئيس البلدية,محتسب البلدية,2024-09-09,Y,,,,,1.0
165,2024,170,174,2024-09-19,H,,2024-09-19,12000000,1,Y,MBSSMALL,2024-10-10,رئيس البلدية,محتسب البلدية,2024-09-19,Y,,,,,1.0
165,2024,171,175,2024-09-19,H,,2024-09-19,9722000,1,Y,MBSSMALL,2024-10-10,رئيس البلدية,محتسب البلدية,2024-09-19,Y,,,,,1.0
165,2024,172,176,2024-09-19,H,,2024-09-19,11250000,1,Y,MBSSMALL,2024-10-10,رئيس البلدية,محتسب البلدية,2024-09-19,Y,,,,,1.0
165,2024,173,177,2024-09-26,H,,2024-09-26,5862000,1,Y,MBSSMALL,2024-10-10,رئيس البلدية,محتسب البلدية,2024-09-26,Y,,,,,1.0
165,2024,174,178,2024-09-30,H,,2024-09-30,6960000,1,Y,MBSSMALL,2024-10-10,رئيس البلدية,محتسب البلدية,2024-09-30,Y,,,,,1.0
165,2024,175,179,2024-09-30,H,,2024-09-30,11250000,1,Y,MBSSMALL,2024-10-10,رئيس البلدية,محتسب البلدية,2024-09-30,Y,,,,,1.0
165,2024,176,180,2024-09-30,H,,2024-09-30,2049000,1,Y,MBSSMALL,2024-10-10,رئيس البلدية,محتسب البلدية,2024-09-30,Y,,,,,1.0
165,2024,177,181,2024-09-30,H,,2024-09-30,1917000,1,Y,MBSSMALL,2024-10-10,رئيس البلدية,محتسب البلدية,2024-09-30,Y,,,,,1.0
165,2024,178,182,2024-09-30,H,,2024-09-30,2039000,1,Y,MBSSMALL,2024-10-10,رئيس البلدية,محتسب البلدية,2024-09-30,Y,,,,,1.0
165,2024,179,183,2024-09-30,H,,2024-09-30,1880000,1,Y,MBSSMALL,2024-10-10,رئيس البلدية,محتسب البلدية,2024-09-30,Y,,,,,1.0
165,2024,180,184,2024-09-30,H,,2024-09-30,31500000,1,Y,MBSSMALL,2024-10-10,رئيس البلدية,محتسب البلدية,2024-09-30,Y,,,,,1.0
165,2024,181,185,2024-09-30,H,,2024-09-30,29440000,1,Y,MBSSMALL,2024-10-10,رئيس البلدية,محتسب البلدية,2024-09-30,Y,,,,,1.0
165,2024,182,186,2024-09-30,H,,2024-09-30,28320000,1,Y,MBSSMALL,2024-10-10,رئيس البلدية,محتسب البلدية,2024-09-30,Y,,,,,1.0
165,2024,183,187,2024-09-30,H,,2024-09-30,16000000,1,Y,MBSSMALL,2024-10-10,رئيس البلدية,محتسب البلدية,2024-09-30,Y,,,,,1.0
165,2006,287,290,2006-12-30,H,,2006-12-30,22000,1,Y,MBSMONA,2007-02-03,رئيس البلدية,امين الصندوق,2006-12-30,Y,,,,,
165,2006,288,291,2006-12-30,H,,2006-12-30,3000,1,Y,MBSMONA,2007-02-03,رئيس البلدية,امين الصندوق,2006-12-30,Y,,,,,
165,2006,289,292,2006-12-30,H,,2006-12-30,614000,1,Y,MBSMONA,2007-02-03,رئيس البلدية,امين الصندوق,2006-12-30,Y,,,,,
165,2006,290,293,2006-12-30,H,,2006-12-30,110000,1,Y,MBSMONA,2007-02-03,رئيس البلدية,امين الصندوق,2006-12-30,Y,,,,,
165,2007,210,211,2007-12-06,H,,2007-12-07,83000,1,Y,MBSMONA,2008-01-08,المجلس البلدي,امين الصندوق,2007-12-07,Y,,,,,
165,2007,211,212,2007-12-06,H,,2007-12-07,60000,1,Y,MBSMONA,2008-01-08,المجلس البلدي,امين الصندوق,2007-12-07,Y,,,,,
165,2007,212,213,2007-12-27,H,,2007-12-28,2500000,1,Y,MBSMONA,2008-01-10,المجلس البلدي,امين الصندوق,2007-12-28,Y,,,,,
165,2007,213,214,2007-12-06,H,,2007-12-07,1111000,1,Y,MBSMONA,2008-01-10,المجلس البلدي,امين الصندوق,2007-12-07,Y,,,,,
165,2007,214,215,2007-12-06,H,,2007-12-07,525000,1,Y,MBSMONA,2008-01-10,المجلس البلدي,امين الصندوق,2007-12-07,Y,,,,,
165,2007,215,216,2007-12-06,H,,2007-12-07,129000,1,Y,MBSMONA,2008-01-10,المجلس البلدي,امين الصندوق,2007-12-07,Y,,,,,
165,2007,216,217,2007-12-06,H,,2007-12-07,1169000,1,Y,MBSMONA,2008-01-10,المجلس البلدي,امين الصندوق,2007-12-07,Y,,,,,
165,2015,88,88,2015-08-22,H,,2015-08-22,2605000,1,Y,MBSSMALL,2015-08-22,رئيس البلدية,محتسب البلدية,2015-08-22,Y,,,,,
165,2015,89,89,2015-08-22,H,,2015-08-22,2589000,1,Y,MBSSMALL,2015-08-22,رئيس البلدية,محتسب البلدية,2015-08-22,Y,,,,,
165,2015,90,90,2015-08-25,H,,2015-08-25,1923000,1,Y,MBSSMALL,2015-08-25,رئيس البلدية,محتسب البلدية,2015-08-25,Y,,,,,
165,2015,91,91,2015-08-25,H,,2015-08-25,1700000,1,Y,MBSSMALL,2015-08-28,رئيس البلدية,محتسب البلدية,2015-08-25,Y,,,,,
165,2015,92,92,2015-08-28,H,,2015-08-28,2900000,1,Y,MBSSMALL,2015-08-28,رئيس البلدية,محتسب البلدية,2015-08-28,Y,,,,,
165,2015,93,93,2015-08-28,H,,2015-08-28,2740000,1,Y,MBSSMALL,2015-08-28,رئيس البلدية,محتسب البلدية,2015-08-28,Y,,,,,
165,2015,94,94,2015-08-29,H,,2015-08-29,2590000,1,Y,MBSSMALL,2015-08-29,رئيس البلدية,محتسب البلدية,2015-08-29,Y,,,,,
165,2015,95,95,2015-08-29,H,,2015-08-29,18669000,1,Y,MBSSMALL,2015-08-29,رئيس البلدية,محتسب البلدية,2015-08-29,Y,,,,,
165,2015,96,96,2015-08-29,H,,2015-08-29,19589000,1,Y,MBSSMALL,2015-08-29,رئيس البلدية,محتسب البلدية,2015-08-29,Y,,,,,
165,2015,97,97,2015-09-02,H,,2015-09-02,1067000,1,Y,MBSSMALL,2015-09-02,رئيس البلدية,محتسب البلدية,2015-09-02,Y,,,,,
165,2015,98,98,2015-09-02,H,,2015-09-02,2221000,1,Y,MBSSMALL,2015-09-02,رئيس البلدية,محتسب البلدية,2015-09-02,Y,,,,,
165,2015,99,99,2015-09-02,H,,2015-09-02,616000,1,Y,MBSSMALL,2015-09-02,رئيس البلدية,محتسب البلدية,2015-09-02,Y,,,,,
165,2015,100,100,2015-09-02,H,,2015-09-02,1100000,1,Y,MBSSMALL,2015-09-02,رئيس البلدية,محتسب البلدية,2015-09-02,Y,,,,,
165,2015,101,101,2015-09-02,H,,2015-09-02,100000,1,Y,MBSSMALL,2015-09-02,رئيس البلدية,محتسب البلدية,2015-09-02,Y,,,,,
165,2015,102,102,2015-09-02,H,,2015-09-02,1570000,1,Y,MBSSMALL,2015-09-02,رئيس البلدية,محتسب البلدية,2015-09-02,Y,,,,,
165,2015,103,103,2015-09-02,H,,2015-09-02,2470000,1,Y,MBSSMALL,2015-09-02,رئيس البلدية,محتسب البلدية,2015-09-02,Y,,,,,
165,2015,104,104,2015-09-03,H,,2015-09-03,870000,1,Y,MBSSMALL,2015-09-03,رئيس البلدية,محتسب البلدية,2015-09-03,Y,,,,,
165,2015,105,105,2015-09-03,H,,2015-09-03,19837000,1,Y,MBSSMALL,2015-09-03,رئيس البلدية,محتسب البلدية,2015-09-03,Y,,,,,
165,2015,106,106,2015-09-03,H,,2015-09-03,12976000,1,Y,MBSSMALL,2015-09-03,رئيس البلدية,محتسب البلدية,2015-09-03,Y,,,,,
165,2015,107,107,2015-09-03,H,,2015-09-03,17550000,1,Y,MBSSMALL,2015-09-03,رئيس البلدية,محتسب البلدية,2015-09-03,Y,,,,,
165,2015,108,108,2015-09-03,H,,2015-09-03,19321000,1,Y,MBSSMALL,2015-09-03,رئيس البلدية,محتسب البلدية,2015-09-03,Y,,,,,
165,2015,109,109,2015-09-03,H,,2015-09-03,3613000,1,Y,MBSSMALL,2015-09-03,رئيس البلدية,محتسب البلدية,2015-09-03,Y,,,,,
165,2015,110,110,2015-09-03,H,,2015-09-03,6061000,1,Y,MBSSMALL,2015-09-03,رئيس البلدية,محتسب البلدية,2015-09-03,Y,,,,,
165,2015,111,111,2015-09-03,H,,2015-09-03,2115000,1,Y,MBSSMALL,2015-09-03,رئيس البلدية,محتسب البلدية,2015-09-03,Y,,,,,
165,2015,112,112,2015-09-03,H,,2015-09-03,3600000,1,Y,MBSSMALL,2015-09-03,رئيس البلدية,محتسب البلدية,2015-09-03,Y,,,,,
165,2015,113,113,2015-09-07,H,,2015-09-07,1840000,1,Y,MBSSMALL,2015-09-07,رئيس البلدية,محتسب البلدية,2015-09-07,Y,,,,,
165,2015,114,114,2015-09-07,H,,2015-09-07,148000,1,Y,MBSSMALL,2015-09-07,رئيس البلدية,محتسب البلدية,2015-09-07,Y,,,,,
165,2015,115,115,2015-09-17,H,,2015-09-17,930000,1,Y,BUDGET,2015-09-17,رئيس البلدية,محتسب البلدية,2015-09-17,Y,,,,,
165,2015,116,116,2015-09-17,H,,2015-09-17,17491000,1,Y,BUDGET,2015-09-17,رئيس البلدية,محتسب البلدية,2015-09-17,Y,,,,,
165,2015,117,117,2015-09-17,H,,2015-09-17,4335000,1,Y,BUDGET,2015-09-17,رئيس البلدية,محتسب البلدية,2015-09-17,Y,,,,,
165,2015,118,118,2015-09-17,H,,2015-09-17,19851000,1,Y,BUDGET,2015-09-17,رئيس البلدية,محتسب البلدية,2015-09-17,Y,,,,,
165,2015,119,119,2015-09-17,H,,2015-09-17,9645000,1,Y,BUDGET,2015-09-17,رئيس البلدية,محتسب البلدية,2015-09-17,Y,,,,,
165,2015,120,120,2015-09-17,H,,2015-09-17,3459000,1,Y,BUDGET,2015-09-17,رئيس البلدية,محتسب البلدية,2015-09-17,Y,,,,,
165,2015,121,121,2015-09-17,H,,2015-09-17,997000,1,Y,BUDGET,2015-09-17,رئيس البلدية,محتسب البلدية,2015-09-17,Y,,,,,
165,2015,122,122,2015-09-17,H,,2015-09-17,16500000,1,Y,BUDGET,2015-09-17,رئيس البلدية,محتسب البلدية,2015-09-17,Y,,,,,
165,2015,123,123,2015-09-30,H,,2015-09-30,1067000,1,Y,BUDGET,2015-10-03,رئيس البلدية,محتسب البلدية,2015-09-30,Y,,,,,
165,2015,124,124,2015-09-30,H,,2015-09-30,2221000,1,Y,BUDGET,2015-10-03,رئيس البلدية,محتسب البلدية,2015-09-30,Y,,,,,
165,2015,125,125,2015-09-30,H,,2015-09-30,544000,1,Y,BUDGET,2015-10-03,رئيس البلدية,محتسب البلدية,2015-09-30,Y,,,,,
165,2015,126,126,2015-09-30,H,,2015-09-30,1100000,1,Y,MBSSMALL,2015-10-03,رئيس البلدية,محتسب البلدية,2015-09-30,Y,,,,,
165,2015,127,127,2015-09-30,H,,2015-09-30,100000,1,Y,MBSSMALL,2015-10-03,رئيس البلدية,محتسب البلدية,2015-09-30,Y,,,,,
165,2015,128,128,2015-09-30,H,,2015-09-30,1715000,1,Y,BUDGET,2015-10-06,رئيس البلدية,محتسب البلدية,2015-09-30,Y,,,,,
165,2015,129,129,2015-09-30,H,,2015-09-30,2305000,1,Y,BUDGET,2015-10-07,رئيس البلدية,محتسب البلدية,2015-09-30,Y,,,,,
165,2008,129,130,2008-12-11,H,,2008-12-12,840000,1,Y,MBSMONA,2008-12-15,المجلس البلدي,امين الصندوق,2008-12-12,Y,,,,,
165,2008,130,131,2008-12-11,H,,2008-12-12,200000,1,Y,MBSMONA,2008-12-15,المجلس البلدي,امين الصندوق,2008-12-12,Y,,,,,
165,2008,131,132,2008-12-11,H,,2008-12-12,2000000,1,Y,MBSMONA,2008-12-15,المجلس البلدي,امين الصندوق,2008-12-12,Y,,,,,
165,2008,132,133,2008-12-11,H,,2008-12-12,194000,1,Y,MBSMONA,2008-12-15,المجلس البلدي,امين الصندوق,2008-12-12,Y,,,,,
165,2008,133,134,2008-12-11,H,,2008-12-12,878000,1,Y,MBSMONA,2008-12-15,المجلس البلدي,امين الصندوق,2008-12-12,Y,,,,,
165,2008,134,135,2008-12-22,H,,2008-12-22,2500000,1,Y,MBSMONA,2008-12-22,رئيس البلدية,امين الصندوق,2008-12-22,Y,,,,,
165,2008,135,136,2008-12-22,H,,2008-12-22,2145000,1,Y,MBSMONA,2008-12-22,رئيس البلدية,امين الصندوق,2008-12-22,Y,,,,,
165,2008,136,137,2008-12-22,H,,2008-12-22,503000,1,Y,MBSMONA,2008-12-22,رئيس البلدية,امين الصندوق,2008-12-22,Y,,,,,
165,2008,137,138,2008-12-22,H,,2008-12-22,150000,1,Y,MBSMONA,2008-12-22,رئيس البلدية,امين الصندوق,2008-12-22,Y,,,,,
165,2005,144,145,2005-09-30,H,,2005-09-30,396000,1,Y,MBSMONA,2005-10-10,رئيس البلدية,امين الصندوق,2005-09-30,Y,,,,,
165,2005,145,146,2005-09-30,H,,2005-09-30,1050000,1,Y,MBSMONA,2005-10-10,رئيس البلدية,امين الصندوق,2005-09-30,Y,,,,,
165,2005,146,147,2005-09-30,H,,2005-09-30,1859000,1,Y,MBSMONA,2005-10-10,المجلس البلدي,امين الصندوق,2005-09-30,Y,,,,,
165,2005,147,148,2005-11-01,H,,2005-11-01,1570000,1,Y,MBSMONA,2005-11-29,رئيس البلدية,امين الصندوق,2005-11-01,Y,,,,,
165,2005,148,149,2005-11-01,H,,2005-11-01,396000,1,Y,MBSMONA,2005-11-30,رئيس البلدية,امين الصندوق,2005-11-01,Y,,,,,
165,2005,149,150,2005-11-08,H,,2005-11-08,3228000,1,Y,MBSMONA,2005-11-30,المجلس البلدي,امين الصندوق,2005-11-08,Y,,,,,
165,2005,150,151,2005-11-07,H,,2005-11-08,2160000,1,Y,MBSMONA,2005-11-30,المجلس البلدي,امين الصندوق,2005-11-08,Y,,,,,
165,2005,151,152,2005-11-07,H,,2005-11-08,1944000,1,Y,MBSMONA,2005-11-30,المجلس البلدي,امين الصندوق,2005-11-08,Y,,,,,
165,2005,152,153,2005-11-07,H,,2005-11-08,73000,1,Y,MBSMONA,2005-11-30,المجلس البلدي,امين الصندوق,2005-11-08,Y,,,,,
165,2005,153,154,2005-11-07,H,,2005-11-08,675000,1,Y,MBSMONA,2005-11-30,المجلس البلدي,امين الصندوق,2005-11-08,Y,,,,,
165,2005,154,155,2005-11-07,H,,2005-11-08,60000,1,Y,MBSMONA,2005-11-30,المجلس البلدي,امين الصندوق,2005-11-08,Y,,,,,
165,2005,155,156,2005-11-07,H,,2005-11-08,198000,1,Y,MBSMONA,2005-11-30,المجلس البلدي,امين الصندوق,2005-11-08,Y,,,,,
165,2005,156,157,2005-11-07,H,,2005-11-08,398000,1,Y,MBSMONA,2005-11-30,المجلس البلدي,امين الصندوق,2005-11-08,Y,,,,,
165,2005,157,158,2005-11-01,H,,2005-11-08,1050000,1,Y,MBSMONA,2005-11-30,رئيس البلدية,امين الصندوق,2005-11-08,Y,,,,,
165,2005,158,159,2005-12-06,H,,2005-12-06,1050000,1,Y,MBSMONA,2005-12-13,رئيس البلدية,امين الصندوق,2005-12-06,Y,,,,,
165,2005,159,160,2005-12-06,H,,2005-12-06,2700000,1,Y,MBSMONA,2005-12-13,رئيس البلدية,امين الصندوق,2005-12-06,Y,,,,,
165,2005,160,161,2005-12-06,H,,2005-12-06,1570000,1,Y,MBSMONA,2005-12-13,رئيس البلدية,امين الصندوق,2005-12-06,Y,,,,,
165,2005,161,162,2005-12-01,H,,2005-12-01,372000,1,Y,MBSMONA,2005-12-13,رئيس البلدية,امين الصندوق,2005-12-01,Y,,,,,
165,2005,162,163,2005-12-06,H,,2005-12-06,3204000,1,Y,MBSMONA,2005-12-13,رئيس البلدية,امين الصندوق,2005-12-06,Y,,,,,
165,2005,163,164,2005-12-06,H,,2005-12-06,1335000,1,Y,MBSMONA,2005-12-14,المجدلس البلدي,امين الصندوق,2005-12-06,Y,,,,,
165,2005,164,165,2005-12-05,H,,2005-12-06,495000,1,Y,MBSMONA,2005-12-14,المجلس البلدي,امين الصندوق,2005-12-06,Y,,,,,
165,2005,165,166,2005-12-05,H,,2005-12-06,200000,1,Y,MBSMONA,2005-12-14,المجلس البلدي,امين الصندوق,2005-12-06,Y,,,,,
165,2005,166,167,2005-12-05,H,,2005-12-06,570000,1,Y,MBSMONA,2005-12-14,المجلس البلدي,امين الصندوق,2005-12-06,Y,,,,,
165,2005,167,168,2005-12-05,H,,2005-12-06,188000,1,Y,MBSMONA,2005-12-14,المجلس البلدي,امين الصندوق,2005-12-06,Y,,,,,
165,2005,168,169,2005-12-30,H,,2005-12-30,1050000,1,Y,MBSMONA,2005-12-29,رئيس البلدية,امين الصندوق,2005-12-30,Y,,,,,
165,2011,22,22,2011-04-07,H,,2011-04-07,8670000,1,Y,BUDGET,2011-04-07,رئيس البلدية,محتسب البلدية,2011-04-07,Y,,,,,
165,2011,23,23,2011-04-07,H,,2011-04-07,2438000,1,Y,BUDGET,2011-04-07,رئيس البلدية,محتسب البلدية,2011-04-07,Y,,,,,
165,2011,24,24,2011-04-07,H,,2011-04-07,624000,1,Y,BUDGET,2011-04-07,رئيس البلدية,محتسب البلدية,2011-04-07,Y,,,,,
165,2011,25,25,2011-04-07,H,,2011-04-07,300000,1,Y,BUDGET,2011-04-07,رئيس البلدية,محتسب البلدية,2011-04-07,Y,,,,,
165,2011,26,26,2011-05-04,H,,2011-05-04,2438000,1,Y,BUDGET,2011-05-04,رئيس البلدية,محتسب البلدية,2011-05-04,Y,,,,,
165,2011,27,27,2011-05-04,H,,2011-05-04,608000,1,Y,BUDGET,2011-05-04,رئيس البلدية,محتسب البلدية,2011-05-04,Y,,,,,
165,2011,28,28,2011-05-04,H,,2011-05-04,300000,1,Y,BUDGET,2011-05-04,رئيس البلدية,محتسب البلدية,2011-05-04,Y,,,,,
165,2011,29,29,2011-05-11,H,,2011-05-11,1727000,1,Y,BUDGET,2011-05-11,رئيس البلدية,محتسب البلدية,2011-05-11,Y,,,,,
165,2011,30,30,2011-05-11,H,,2011-05-11,600000,1,Y,BUDGET,2011-05-11,رئيس البلدية,محتسب البلدية,2011-05-11,Y,,,,,
165,2011,31,31,2011-05-12,H,,2011-05-12,2420000,1,Y,BUDGET,2011-05-12,رئيس البلدية,محتسب البلدية,2011-05-12,Y,,,,,
165,2011,32,32,2011-05-12,H,,2011-05-12,11970000,1,Y,BUDGET,2011-05-12,رئيس البلدية,محتسب البلدية,2011-05-12,Y,,,,,
165,2011,33,33,2011-05-12,H,,2011-05-12,12036000,1,Y,BUDGET,2011-05-12,رئيس البلدية,محتسب البلدية,2011-05-12,Y,,,,,
165,2011,34,34,2011-05-18,H,,2011-05-18,2529000,1,Y,BUDGET,2011-05-18,رئيس البلدية,محتسب البلدية,2011-05-18,Y,,,,,
165,2011,35,35,2011-05-19,H,,2011-05-19,2311000,1,Y,BUDGET,2011-05-19,رئيس البلدية,محتسب البلدية,2011-05-19,Y,,,,,
165,2011,36,36,2011-05-26,H,,2011-05-26,2956000,1,Y,BUDGET,2011-05-26,رئيس البلدية,محتسب البلدية,2011-05-26,Y,,,,,
165,2011,37,37,2011-06-02,H,,2011-06-02,2438000,1,Y,BUDGET,2011-06-02,رئيس البلدية,محتسب البلدية,2011-06-02,Y,,,,,
165,2011,38,38,2011-06-02,H,,2011-06-02,624000,1,Y,BUDGET,2011-06-02,رئيس البلدية,محتسب البلدية,2011-06-02,Y,,,,,
165,2011,39,39,2011-06-02,H,,2011-06-02,300000,1,Y,BUDGET,2011-06-02,رئيس البلدية,محتسب البلدية,2011-06-02,Y,,,,,
165,2011,40,40,2011-06-02,H,,2011-06-02,2420000,1,Y,BUDGET,2011-06-02,رئيس البلدية,محتسب البلدية,2011-06-02,Y,,,,,
165,2011,41,41,2011-06-02,H,,2011-06-02,10753000,1,Y,BUDGET,2011-06-02,رئيس البلدية,محتسب البلدية,2011-06-02,Y,,,,,
165,2015,1,1,2015-01-31,H,,2015-01-31,1040000,1,Y,BUDGET,2015-02-06,رئيس البلدية,محتسب البلدية,2015-01-31,Y,,,,,
165,2015,2,2,2015-01-31,H,,2015-01-31,2221000,1,Y,BUDGET,2015-02-06,رئيس البلدية,محتسب البلدية,2015-01-31,Y,,,,,
165,2015,3,3,2015-01-31,H,,2015-01-31,616000,1,Y,BUDGET,2015-02-06,رئيس البلدية,محتسب البلدية,2015-01-31,Y,,,,,
165,2015,4,4,2015-01-31,H,,2015-01-31,1100000,1,Y,BUDGET,2015-02-06,رئيس البلدية,محتسب البلدية,2015-01-31,Y,,,,,
165,2015,5,5,2015-01-31,H,,2015-01-31,100000,1,Y,BUDGET,2015-02-06,رئيس البلدية,محتسب البلدية,2015-01-31,Y,,,,,
165,2015,6,6,2015-02-25,H,,2015-02-25,870000,1,Y,BUDGET,2015-02-25,رئيس البلدية,محتسب البلدية,2015-02-25,Y,,,,,
165,2015,7,7,2015-02-25,H,,2015-02-25,13404000,1,Y,BUDGET,2015-02-25,رئيس البلدية,محتسب البلدية,2015-02-25,Y,,,,,
165,2015,8,8,2015-02-25,H,,2015-02-25,14053000,1,Y,BUDGET,2015-02-25,رئيس البلدية,محتسب البلدية,2015-02-25,Y,,,,,
165,2015,9,9,2015-02-25,H,,2015-02-25,14534000,1,Y,BUDGET,2015-02-25,رئيس البلدية,محتسب البلدية,2015-02-25,Y,,,,,
165,2015,10,10,2015-02-25,H,,2015-02-25,5347000,1,Y,BUDGET,2015-02-25,رئيس البلدية,محتسب البلدية,2015-02-25,Y,,,,,
165,2015,11,11,2015-02-25,H,,2015-02-25,1640000,1,Y,BUDGET,2015-02-25,رئيس البلدية,محتسب البلدية,2015-02-25,Y,,,,,
165,2015,12,12,2015-02-25,H,,2015-02-25,3600000,1,Y,BUDGET,2015-02-25,رئيس البلدية,محتسب البلدية,2015-02-25,Y,,,,,
165,2015,13,13,2015-02-28,H,,2015-02-28,1040000,1,Y,BUDGET,2015-02-28,رئيس البلدية,محتسب البلدية,2015-02-28,Y,,,,,
165,2015,14,14,2015-02-28,H,,2015-02-28,2221000,1,Y,BUDGET,2015-02-28,رئيس البلدية,محتسب البلدية,2015-02-28,Y,,,,,
165,2025,318,323,2025-11-13,H,,2025-11-13,55606000,1,Y,MBSSMALL,2025-12-17,رئيس البلدية,محتسب البلدية,2025-11-13,Y,,,,,1.0
165,2025,319,324,2025-11-18,H,,2025-11-18,89460000,1,Y,MBSSMALL,2025-12-17,رئيس البلدية,محتسب البلدية,2025-11-18,Y,,,,,1.0
165,2025,320,325,2025-11-18,H,,2025-11-18,47556000,1,Y,MBSSMALL,2025-12-17,رئيس البلدية,محتسب البلدية,2025-11-18,Y,,,,,1.0
165,2025,321,326,2025-11-18,H,,2025-11-18,7536000,1,Y,MBSSMALL,2025-12-17,رئيس البلدية,محتسب البلدية,2025-11-18,Y,,,,,1.0
165,2025,322,327,2025-11-23,H,,2025-11-23,62650000,1,Y,MBSSMALL,2025-12-18,رئيس البلدية,محتسب البلدية,2025-11-23,Y,,,,,1.0
165,2025,333,338,2025-12-03,H,,2025-12-03,65200000,1,Y,MBSSMALL,2025-12-23,رئيس البلدية,محتسب البلدية,2025-12-03,Y,,,,,1.0
165,2025,334,339,2025-12-06,H,,2025-12-06,43110000,1,Y,MBSSMALL,2025-12-23,رئيس البلدية,محتسب البلدية,2025-12-06,Y,,,,,1.0
165,2025,335,340,2025-12-06,H,,2025-12-06,72246000,1,Y,MBSSMALL,2025-12-23,رئيس البلدية,محتسب البلدية,2025-12-06,Y,,,,,1.0
165,2025,336,341,2025-12-08,H,,2025-12-08,94380000,1,Y,MBSSMALL,2025-12-23,رئيس البلدية,محتسب البلدية,2025-12-08,Y,,,,,1.0
165,2025,337,342,2025-12-08,H,,2025-12-08,93118000,1,Y,MBSSMALL,2025-12-23,رئيس البلدية,محتسب البلدية,2025-12-08,Y,,,,,1.0
165,2025,364,370,2025-12-29,H,,2025-12-29,121500000,1,Y,MBSSMALL,2026-01-13,رئيس البلدية,محتسب البلدية,2025-12-29,Y,,,,,1.0
165,2025,365,371,2025-12-29,H,,2025-12-29,320000000,1,Y,MBSSMALL,2026-01-13,رئيس البلدية,محتسب البلدية,2025-12-29,Y,,,,,1.0
165,2025,366,372,2025-12-31,H,,2025-12-31,17340000,1,Y,MBSSMALL,2026-01-13,رئيس البلدية,محتسب البلدية,2025-12-31,Y,,,,,1.0
165,2025,367,373,2025-12-31,H,,2025-12-31,1980000,1,Y,MBSSMALL,2026-01-13,رئيس البلدية,محتسب البلدية,2025-12-31,Y,,,,,1.0
165,2025,368,374,2025-12-31,H,,2025-12-31,1832000,1,Y,MBSSMALL,2026-01-13,رئيس البلدية,محتسب البلدية,2025-12-31,Y,,,,,1.0
165,2025,369,375,2025-12-31,H,,2025-12-31,2039000,1,Y,MBSSMALL,2026-01-13,رئيس البلدية,محتسب البلدية,2025-12-31,Y,,,,,1.0
165,2025,370,376,2025-12-31,H,,2025-12-31,1880000,1,Y,MBSSMALL,2026-01-13,رئيس البلدية,محتسب البلدية,2025-12-31,Y,,,,,1.0
165,2025,371,377,2025-12-31,H,,2025-12-31,36000000,1,Y,MBSSMALL,2026-01-13,رئيس البلدية,محتسب البلدية,2025-12-31,Y,,,,,1.0
165,2025,372,379,2025-12-31,H,,2025-12-31,59000000,1,Y,MBSSMALL,2026-01-13,رئيس البلدية,محتسب البلدية,2025-12-31,Y,,,,,1.0
165,2025,373,380,2025-12-31,H,,2025-12-31,56480000,1,Y,MBSSMALL,2026-01-13,رئيس البلدية,محتسب البلدية,2025-12-31,Y,,,,,1.0
165,2025,374,381,2025-12-31,H,,2025-12-31,56000000,1,Y,MBSSMALL,2026-01-13,رئيس البلدية,محتسب البلدية,2025-12-31,Y,,,,,1.0
165,2024,264,268,2024-12-20,H,,2024-12-20,2115000,1,Y,MBSSMALL,2025-01-13,رئيس البلدية,محتسب البلدية,2024-12-20,Y,,,,,1.0
165,2024,265,272,2024-12-20,H,,2024-12-20,1917000,1,Y,MBSSMALL,2025-01-13,رئيس البلدية,محتسب البلدية,2024-12-20,Y,,,,,1.0
165,2024,266,273,2024-12-20,H,,2024-12-20,2039000,1,Y,MBSSMALL,2025-01-13,رئيس البلدية,محتسب البلدية,2024-12-20,Y,,,,,1.0
165,2024,267,274,2024-12-20,H,,2024-12-20,1880000,1,Y,MBSSMALL,2025-01-13,رئيس البلدية,محتسب البلدية,2024-12-20,Y,,,,,1.0
165,2024,268,275,2024-12-20,H,,2024-12-20,32400000,1,Y,MBSSMALL,2025-01-13,رئيس البلدية,محتسب البلدية,2024-12-20,Y,,,,,1.0
165,2024,269,276,2024-12-20,H,,2024-12-20,30000000,1,Y,MBSSMALL,2025-01-13,رئيس البلدية,محتسب البلدية,2024-12-20,Y,,,,,1.0
165,2024,270,277,2024-12-20,H,,2024-12-20,28320000,1,Y,MBSSMALL,2025-01-13,رئيس البلدية,محتسب البلدية,2024-12-20,Y,,,,,1.0
165,2024,271,278,2024-12-20,H,,2024-12-20,16000000,1,Y,MBSSMALL,2025-01-13,رئيس البلدية,محتسب البلدية,2024-12-20,Y,,,,,1.0
165,2024,272,279,2024-12-20,H,,2024-12-20,16000000,1,Y,MBSSMALL,2025-01-13,رئيس البلدية,محتسب البلدية,2024-12-20,Y,,,,,1.0
165,2025,64,67,2025-04-14,H,,2025-04-14,7000000,1,Y,MBSSMALL,2025-05-02,رئيس البلدية,محتسب البلدية,2025-04-14,Y,,,,,1.0
165,2025,65,68,2025-04-25,H,,2025-04-25,10422000,1,Y,MBSSMALL,2025-05-02,رئيس البلدية,محتسب البلدية,2025-04-25,Y,,,,,1.0
165,2025,75,78,2025-04-30,H,,2025-04-30,32300000,1,Y,MBSSMALL,2025-05-07,رئيس البلدية,محتسب البلدية,2025-04-30,Y,,,,,1.0
165,2025,76,79,2025-04-30,H,,2025-04-30,34200000,1,Y,MBSSMALL,2025-05-07,رئيس البلدية,محتسب البلدية,2025-04-30,Y,,,,,1.0
165,2025,77,80,2025-04-30,H,,2025-04-30,34200000,1,Y,MBSSMALL,2025-05-07,رئيس البلدية,محتسب البلدية,2025-04-30,Y,,,,,1.0
165,2025,78,81,2025-04-30,H,,2025-04-30,34200000,1,Y,MBSSMALL,2025-05-07,رئيس البلدية,محتسب البلدية,2025-04-30,Y,,,,,1.0
165,2025,79,82,2025-04-30,H,,2025-04-30,39100000,1,Y,MBSSMALL,2025-05-07,رئيس البلدية,محتسب البلدية,2025-04-30,Y,,,,,1.0
165,2025,80,83,2025-04-30,H,,2025-04-30,40300000,1,Y,MBSSMALL,2025-05-07,رئيس البلدية,محتسب البلدية,2025-04-30,Y,,,,,1.0
165,2025,81,85,2025-04-30,H,,2025-04-30,30800000,1,Y,MBSSMALL,2025-05-07,رئيس البلدية,محتسب البلدية,2025-04-30,Y,,,,,1.0
165,2025,82,86,2025-04-30,H,,2025-04-30,31900000,1,Y,MBSSMALL,2025-05-07,رئيس البلدية,محتسب البلدية,2025-04-30,Y,,,,,1.0
165,2025,83,87,2025-04-30,H,,2025-04-30,37400000,1,Y,MBSSMALL,2025-05-07,رئيس البلدية,محتسب البلدية,2025-04-30,Y,,,,,1.0
165,2025,84,88,2025-04-30,H,,2025-04-30,48450000,1,Y,MBSSMALL,2025-05-07,رئيس البلدية,محتسب البلدية,2025-04-30,Y,,,,,1.0
165,2025,85,89,2025-04-30,H,,2025-04-30,32000000,1,Y,MBSSMALL,2025-05-07,رئيس البلدية,محتسب البلدية,2025-04-30,Y,,,,,1.0
165,2025,86,90,2025-04-30,H,,2025-04-30,31000000,1,Y,MBSSMALL,2025-05-07,رئيس البلدية,محتسب البلدية,2025-04-30,Y,,,,,1.0
165,2025,87,91,2025-04-30,H,,2025-04-30,38700000,1,Y,MBSSMALL,2025-05-07,رئيس البلدية,محتسب البلدية,2025-04-30,Y,,,,,1.0
165,2025,88,92,2025-04-30,H,,2025-04-30,25650000,1,Y,MBSSMALL,2025-05-07,رئيس البلدية,محتسب البلدية,2025-04-30,Y,,,,,1.0
165,2025,89,93,2025-04-30,H,,2025-04-30,36000000,1,Y,MBSSMALL,2025-05-07,رئيس البلدية,محتسب البلدية,2025-04-30,Y,,,,,1.0
165,2025,90,94,2025-04-30,H,,2025-04-30,41400000,1,Y,MBSSMALL,2025-05-07,رئيس البلدية,محتسب البلدية,2025-04-30,Y,,,,,1.0
165,2025,91,95,2025-04-30,H,,2025-04-30,13440000,1,Y,MBSSMALL,2025-05-07,رئيس البلدية,محتسب البلدية,2025-04-30,Y,,,,,1.0
165,2025,93,96,2025-04-30,H,,2025-04-30,49600000,1,Y,MBSSMALL,2025-05-08,رئيس البلدية,محتسب البلدية,2025-04-30,Y,,,,,1.0
165,2025,94,97,2025-04-30,H,,2025-04-30,33750000,1,Y,MBSSMALL,2025-05-08,رئيس البلدية,محتسب البلدية,2025-04-30,Y,,,,,1.0
165,2025,150,153,2025-05-14,H,,2025-05-14,4500000,1,Y,MBSSMALL,2025-05-22,رئيس البلدية,محتسب البلدية,2025-05-14,Y,,,,,1.0
165,2025,151,154,2025-05-26,H,,2025-05-26,34200000,1,Y,MBSSMALL,2025-05-26,رئيس البلدية,محتسب البلدية,2025-05-26,Y,,,,,1.0
165,2025,152,155,2025-05-23,H,,2025-05-23,29700000,1,Y,MBSSMALL,2025-05-26,رئيس البلدية,محتسب البلدية,2025-05-23,Y,,,,,1.0
165,2025,153,156,2025-05-23,H,,2025-05-23,37150000,1,Y,MBSSMALL,2025-05-26,رئيس البلدية,محتسب البلدية,2025-05-23,Y,,,,,1.0
165,2015,15,15,2015-02-28,H,,2015-02-28,600000,1,Y,BUDGET,2015-02-28,رئيس البلدية,محتسب البلدية,2015-02-28,Y,,,,,
165,2015,16,16,2015-02-28,H,,2015-02-28,1100000,1,Y,BUDGET,2015-02-28,رئيس البلدية,محتسب البلدية,2015-02-28,Y,,,,,
165,2015,17,17,2015-02-28,H,,2015-02-28,100000,1,Y,BUDGET,2015-02-28,رئيس البلدية,محتسب البلدية,2015-02-28,Y,,,,,
165,2015,18,18,2015-03-05,H,,2015-03-05,2420000,1,Y,BUDGET,2015-03-05,رئيس البلدية,محتسب البلدية,2015-03-05,Y,,,,,
165,2009,149,153,2009-12-05,H,,2009-12-05,269000,1,Y,BUDGET,2009-12-05,رئيس البلدية,محتسب البلدية,2009-12-05,Y,,,,,
165,2009,150,154,2009-12-07,H,,2009-12-07,200000,1,Y,BUDGET,2009-12-07,رئيس البلدية,محتسب البلدية,2009-12-07,Y,,,,,
165,2009,151,155,2009-12-07,H,,2009-12-07,650000,1,Y,BUDGET,2009-12-07,رئيس البلدية,محتسب البلدية,2009-12-07,Y,,,,,
165,2009,152,156,2009-12-07,H,,2009-12-07,20000,1,Y,BUDGET,2009-12-07,رئيس البلدية,محتسب البلدية,2009-12-07,Y,,,,,
165,2009,153,157,2009-12-16,H,,2009-12-16,2708000,1,Y,BUDGET,2009-12-16,رئيس البلدية,محتسب البلدية,2009-12-16,Y,,,,,
165,2009,154,158,2009-12-17,H,,2009-12-17,10658000,1,Y,BUDGET,2009-12-17,رئيس البلدية,محتسب البلدية,2009-12-17,Y,,,,,
165,2009,155,159,2009-12-17,H,,2009-12-17,3445000,1,Y,BUDGET,2009-12-17,رئيس البلدية,محتسب البلدية,2009-12-17,Y,,,,,
165,2009,156,160,2009-12-17,H,,2009-12-17,1455000,1,Y,BUDGET,2009-12-17,رئيس البلدية,محتسب البلدية,2009-12-17,Y,,,,,
165,2009,157,161,2009-12-17,H,,2009-12-17,5859000,1,Y,BUDGET,2009-12-19,رئيس البلدية,محتسب البلدية,2009-12-17,Y,,,,,
165,2009,158,162,2009-12-23,H,,2009-12-23,787000,1,Y,BUDGET,2009-12-23,رئيس البلدية,محتسب البلدية,2009-12-23,Y,,,,,
165,2009,159,163,2009-12-24,H,,2009-12-24,336000,1,Y,BUDGET,2009-12-24,رئيس البلدية,محتسب البلدية,2009-12-24,Y,,,,,
165,2009,160,164,2009-12-24,H,,2009-12-24,396000,1,Y,BUDGET,2009-12-24,رئيس البلدية,محتسب البلدية,2009-12-24,Y,,,,,
165,2009,161,165,2009-12-24,H,,2009-12-24,200000,1,Y,BUDGET,2009-12-24,رئيس البلدية,محتسب البلدية,2009-12-24,Y,,,,,
165,2009,162,166,2009-12-24,H,,2009-12-24,1553000,1,Y,BUDGET,2009-12-24,رئيس البلدية,محتسب البلدية,2009-12-24,Y,,,,,
165,2009,89,92,2009-08-12,H,,2009-08-12,441000,1,Y,BUDGET,2009-08-12,رئيس البلدية,محتسب البلدية,2009-08-12,Y,,,,,
165,2009,90,93,2009-08-12,H,,2009-08-12,750000,1,Y,BUDGET,2009-08-13,رئيس البلدية,محتسب البلدية,2009-08-12,Y,,,,,
165,2009,91,95,2009-08-12,H,,2009-08-12,41000,1,Y,BUDGET,2009-08-13,رئيس البلدية,محتسب البلدية,2009-08-12,Y,,,,,
165,2009,92,96,2009-08-12,H,,2009-08-12,340000,1,Y,BUDGET,2009-08-13,رئيس البلدية,محتسب البلدية,2009-08-12,Y,,,,,
165,2007,163,164,2007-09-05,H,,2007-09-06,1300000,1,Y,MBSMONA,2007-11-14,المجلس البلدي,امين الصندوق,2007-09-06,Y,,,,,
165,2007,164,165,2007-09-05,H,,2007-09-06,257000,1,Y,MBSMONA,2007-11-14,المجلس البلدي,امين الصندوق,2007-09-06,Y,,,,,
165,2007,165,166,2007-09-05,H,,2007-09-06,363000,1,Y,MBSMONA,2007-11-14,المجلس البلدي,امين الصندوق,2007-09-06,Y,,,,,
165,2007,166,167,2007-09-05,H,,2007-09-06,145000,1,Y,MBSMONA,2007-11-14,المجلس البلدي,امين الصندوق,2007-09-06,Y,,,,,
165,2007,167,168,2007-09-05,H,,2007-09-06,1702000,1,Y,MBSMONA,2007-11-14,المجلس البلدي,امين الصندوق,2007-09-06,Y,,,,,
165,2007,168,169,2007-09-05,H,,2007-09-06,615000,1,Y,MBSMONA,2007-11-14,المجلس البلدي,امين الصندوق,2007-09-06,Y,,,,,
165,2007,169,170,2007-09-05,H,,2007-09-06,750000,1,Y,MBSMONA,2007-11-14,المجلس البلدي,امين الصندوق,2007-09-06,Y,,,,,
165,2007,170,171,2007-09-05,H,,2007-09-06,451000,1,Y,MBSMONA,2007-11-14,المجلس البلدي,امين الصندوق,2007-09-06,Y,,,,,
165,2007,171,172,2007-09-05,H,,2007-09-06,99000,1,Y,MBSMONA,2007-11-14,المجلس البلدي,امين الصندوق,2007-09-06,Y,,,,,
165,2007,172,173,2007-09-29,H,,2007-09-29,1658000,1,Y,MBSMONA,2007-11-14,رئيس البلدية,امين الصندوق,2007-09-29,Y,,,,,
165,2009,68,69,2009-07-08,H,,2009-07-08,160000,1,Y,BUDGET,2009-07-08,رئيس البلدية,محتسب البلدية,2009-07-08,Y,,,,,
165,2009,69,70,2009-07-08,H,,2009-07-08,509000,1,Y,BUDGET,2009-07-08,رئيس البلدية,محتسب البلدية,2009-07-08,Y,,,,,
165,2016,52,52,2016-04-25,H,,2016-04-25,1300000,1,Y,MBSSMALL,2016-04-25,رئيس البلدية,محتسب البلدية,2016-04-25,Y,,,,,
165,2016,53,53,2016-04-25,H,,2016-04-25,550000,1,Y,MBSSMALL,2016-04-25,رئيس البلدية,محتسب البلدية,2016-04-25,Y,,,,,
165,2016,54,54,2016-04-25,H,,2016-04-25,1200000,1,Y,MBSSMALL,2016-04-25,رئيس البلدية,محتسب البلدية,2016-04-25,Y,,,,,
165,2016,55,55,2016-04-25,H,,2016-04-25,1425000,1,Y,MBSSMALL,2016-04-25,رئيس البلدية,محتسب البلدية,2016-04-25,Y,,,,,
165,2016,56,56,2016-04-25,H,,2016-04-25,91000,1,Y,MBSSMALL,2016-04-25,رئيس البلدية,محتسب البلدية,2016-04-25,Y,,,,,
165,2016,57,57,2016-04-26,H,,2016-04-26,900000,1,Y,MBSSMALL,2016-04-26,رئيس البلدية,محتسب البلدية,2016-04-26,Y,,,,,
165,2016,58,58,2016-04-26,H,,2016-04-26,383000,1,Y,MBSSMALL,2016-04-26,رئيس البلدية,محتسب البلدية,2016-04-26,Y,,,,,
165,2016,59,59,2016-04-26,H,,2016-04-26,2550000,1,Y,MBSSMALL,2016-04-29,رئيس البلدية,محتسب البلدية,2016-04-26,Y,,,,,
165,2016,60,60,2016-04-28,H,,2016-04-28,2622000,1,Y,MBSSMALL,2016-04-29,رئيس البلدية,محتسب البلدية,2016-04-28,Y,,,,,
165,2016,61,61,2016-04-28,H,,2016-04-28,2678000,1,Y,MBSSMALL,2016-04-29,رئيس البلدية,محتسب البلدية,2016-04-28,Y,,,,,
165,2016,62,63,2016-04-30,H,,2016-04-30,919000,1,Y,MBSSMALL,2016-04-30,رئيس البلدية,محتسب البلدية,2016-04-30,Y,,,,,
165,2016,63,62,2016-04-30,H,,2016-04-30,977000,1,Y,MBSSMALL,2016-04-30,رئيس البلدية,محتسب البلدية,2016-04-30,Y,,,,,
165,2016,64,65,2016-04-30,H,,2016-04-30,1172000,1,Y,MBSSMALL,2016-04-30,رئيس البلدية,محتسب البلدية,2016-04-30,Y,,,,,
165,2016,65,64,2016-04-30,H,,2016-04-30,1013000,1,Y,MBSSMALL,2016-04-30,رئيس البلدية,محتسب البلدية,2016-04-30,Y,,,,,
165,2016,66,66,2016-04-30,H,,2016-04-30,808000,1,Y,MBSSMALL,2016-04-30,رئيس البلدية,محتسب البلدية,2016-04-30,Y,,,,,
165,2016,67,67,2016-04-30,H,,2016-04-30,1200000,1,Y,MBSSMALL,2016-04-30,رئيس البلدية,محتسب البلدية,2016-04-30,Y,,,,,
165,2016,68,68,2016-04-30,H,,2016-04-30,150000,1,Y,MBSSMALL,2016-04-30,رئيس البلدية,محتسب البلدية,2016-04-30,Y,,,,,
165,2016,69,69,2016-04-30,H,,2016-04-30,806000,1,Y,MBSSMALL,2016-05-05,رئيس البلدية,محتسب البلدية,2016-04-30,Y,,,,,
165,2016,70,70,2016-04-30,H,,2016-04-30,750000,1,Y,MBSSMALL,2016-05-05,رئيس البلدية,محتسب البلدية,2016-04-30,Y,,,,,
165,2016,71,71,2016-04-30,H,,2016-04-30,1430000,1,Y,MBSSMALL,2016-05-06,رئيس البلدية,محتسب البلدية,2016-04-30,Y,,,,,
165,2016,72,72,2016-04-30,H,,2016-04-30,18576000,1,Y,MBSSMALL,2016-05-09,رئيس البلدية,محتسب البلدية,2016-04-30,Y,,,,,
165,2016,73,73,2016-04-30,H,,2016-04-30,19560000,1,Y,MBSSMALL,2016-05-09,رئيس البلدية,محتسب البلدية,2016-04-30,Y,,,,,
165,2016,74,74,2016-04-30,H,,2016-04-30,14134000,1,Y,MBSSMALL,2016-05-09,رئيس البلدية,محتسب البلدية,2016-04-30,Y,,,,,
165,2016,75,75,2016-04-30,H,,2016-04-30,9962000,1,Y,MBSSMALL,2016-05-09,رئيس البلدية,محتسب البلدية,2016-04-30,Y,,,,,
165,2016,76,76,2016-04-30,H,,2016-04-30,19200000,1,Y,MBSSMALL,2016-05-09,رئيس البلدية,محتسب البلدية,2016-04-30,Y,,,,,
165,2025,154,157,2025-05-23,H,,2025-05-23,35100000,1,Y,MBSSMALL,2025-05-26,رئيس البلدية,محتسب البلدية,2025-05-23,Y,,,,,1.0
165,2025,155,158,2025-05-23,H,,2025-05-23,10960000,1,Y,MBSSMALL,2025-05-26,رئيس البلدية,محتسب البلدية,2025-05-23,Y,,,,,1.0
165,2025,156,159,2025-05-23,H,,2025-05-23,18360000,1,Y,MBSSMALL,2025-05-26,رئيس البلدية,محتسب البلدية,2025-05-23,Y,,,,,1.0
165,2025,178,181,2025-05-27,H,,2025-05-27,12000000,1,Y,MBSSMALL,2025-05-28,رئيس البلدية,محتسب البلدية,2025-05-27,Y,,,,,1.0
165,2025,179,182,2025-05-23,H,,2025-05-23,36100000,1,Y,MBSSMALL,2025-05-30,رئيس البلدية,محتسب البلدية,2025-05-30,Y,,,,,1.0
165,2025,180,183,2025-05-23,H,,2025-05-23,39000000,1,Y,MBSSMALL,2025-05-30,رئيس البلدية,محتسب البلدية,2025-05-30,Y,,,,,1.0
165,2025,181,184,2025-05-23,H,,2025-05-30,31900000,1,Y,MBSSMALL,2025-05-30,رئيس البلدية,محتسب البلدية,2025-05-30,Y,,,,,1.0
165,2025,182,185,2025-05-23,H,,2025-05-23,35150000,1,Y,MBSSMALL,2025-05-30,رئيس البلدية,محتسب البلدية,2025-05-30,Y,,,,,1.0
165,2025,183,186,2025-05-23,H,,2025-05-23,37800000,1,Y,MBSSMALL,2025-05-30,رئيس البلدية,محتسب البلدية,2025-05-30,Y,,,,,1.0
165,2025,208,213,2025-07-10,H,,2025-07-10,20120000,1,Y,MBSSMALL,2025-07-21,رئيس البلدية,محتسب البلدية,2025-07-10,Y,,,,,1.0
165,2025,260,264,2025-09-01,H,,2025-09-01,29330000,1,Y,MBSSMALL,2025-09-16,رئيس البلدية,محتسب البلدية,2025-09-01,Y,,,,,1.0
165,2025,261,265,2025-09-01,H,,2025-09-01,70200000,1,Y,MBSSMALL,2025-09-16,رئيس البلدية,محتسب البلدية,2025-09-01,Y,,,,,1.0
165,2025,269,273,2025-09-24,H,,2025-09-24,6650000,1,Y,MBSSMALL,2025-10-02,رئيس البلدية,محتسب البلدية,2025-09-24,Y,,,,,1.0
165,2025,297,302,2025-09-30,H,,2025-09-30,9590000,1,Y,MBSSMALL,2025-10-14,رئيس البلدية,محتسب البلدية,2025-09-30,Y,,,,,1.0
165,2025,298,303,2025-09-30,H,,2025-09-30,19400000,1,Y,MBSSMALL,2025-10-14,رئيس البلدية,محتسب البلدية,2025-09-30,Y,,,,,1.0
165,2025,323,328,2025-11-23,H,,2025-11-23,29700000,1,Y,MBSSMALL,2025-12-18,رئيس البلدية,محتسب البلدية,2025-11-23,Y,,,,,1.0
165,2025,324,329,2025-11-28,H,,2025-11-28,1980000,1,Y,MBSSMALL,2025-12-18,رئيس البلدية,محتسب البلدية,2025-11-28,Y,,,,,1.0
165,2025,325,330,2025-11-28,H,,2025-11-28,1832000,1,Y,MBSSMALL,2025-12-18,رئيس البلدية,محتسب البلدية,2025-11-28,Y,,,,,1.0
165,2025,326,331,2025-11-28,H,,2025-11-28,2039000,1,Y,MBSSMALL,2025-12-18,رئيس البلدية,محتسب البلدية,2025-11-28,Y,,,,,1.0
165,2025,327,332,2025-11-28,H,,2025-11-28,1880000,1,Y,MBSSMALL,2025-12-18,رئيس البلدية,محتسب البلدية,2025-11-28,Y,,,,,1.0
165,2025,328,333,2025-11-28,H,,2025-11-28,34200000,1,Y,MBSSMALL,2025-12-18,رئيس البلدية,محتسب البلدية,2025-11-28,Y,,,,,1.0
165,2025,329,334,2025-11-28,H,,2025-11-28,59000000,1,Y,MBSSMALL,2025-12-18,رئيس البلدية,محتسب البلدية,2025-11-28,Y,,,,,1.0
165,2025,330,335,2025-11-28,H,,2025-11-28,56480000,1,Y,MBSSMALL,2025-12-18,رئيس البلدية,محتسب البلدية,2025-11-28,Y,,,,,1.0
165,2025,331,336,2025-11-28,H,,2025-11-28,56000000,1,Y,MBSSMALL,2025-12-18,رئيس البلدية,محتسب البلدية,2025-11-28,Y,,,,,1.0
165,2025,332,337,2025-11-28,H,,2025-11-28,41000000,1,Y,MBSSMALL,2025-12-18,رئيس البلدية,محتسب البلدية,2025-11-28,Y,,,,,1.0
165,2025,338,344,2025-12-12,H,,2025-12-12,9000000,1,Y,MBSSMALL,2025-12-26,رئيس البلدية,محتسب البلدية,2025-12-12,Y,,,,,1.0
165,2025,339,345,2025-12-15,H,,2025-12-15,18460000,1,Y,MBSSMALL,2025-12-26,رئيس البلدية,محتسب البلدية,2025-12-15,Y,,,,,1.0
165,2025,340,346,2025-12-17,H,,2025-12-17,98000000,1,Y,MBSSMALL,2025-12-29,رئيس البلدية,محتسب البلدية,2025-12-17,Y,,,,,1.0
165,2025,341,347,2025-12-22,H,,2025-12-22,6445000,1,Y,MBSSMALL,2025-12-29,رئيس البلدية,محتسب البلدية,2025-12-22,Y,,,,,1.0
165,2025,342,348,2025-12-27,H,,2025-12-27,99447000,1,Y,MBSSMALL,2025-12-29,رئيس البلدية,محتسب البلدية,2025-12-27,Y,,,,,1.0
165,2025,343,349,2025-12-27,H,,2025-12-27,61250000,1,Y,MBSSMALL,2025-12-29,رئيس البلدية,محتسب البلدية,2025-12-27,Y,,,,,1.0
165,2025,344,350,2025-12-27,H,,2025-12-27,58520000,1,Y,MBSSMALL,2025-12-29,رئيس البلدية,محتسب البلدية,2025-12-27,Y,,,,,1.0
165,2025,345,351,2025-12-27,H,,2025-12-27,58000000,1,Y,MBSSMALL,2025-12-29,رئيس البلدية,محتسب البلدية,2025-12-27,Y,,,,,1.0
165,2024,242,246,2024-12-06,H,,2024-12-06,2049000,1,Y,MBSSMALL,2024-12-12,رئيس البلدية,محتسب البلدية,2024-12-06,Y,,,,,1.0
165,2024,243,247,2024-12-06,H,,2024-12-06,1917000,1,Y,MBSSMALL,2024-12-12,رئيس البلدية,محتسب البلدية,2024-12-06,Y,,,,,1.0
165,2024,244,248,2024-12-06,H,,2024-12-06,2039000,1,Y,MBSSMALL,2024-12-12,رئيس البلدية,محتسب البلدية,2024-12-06,Y,,,,,1.0
165,2024,245,249,2024-12-06,H,,2024-12-06,1880000,1,Y,MBSSMALL,2024-12-12,رئيس البلدية,محتسب البلدية,2024-12-06,Y,,,,,1.0
165,2024,246,250,2024-12-06,H,,2024-12-06,31500000,1,Y,MBSSMALL,2024-12-12,رئيس البلدية,محتسب البلدية,2024-12-06,Y,,,,,1.0
165,2024,247,251,2024-12-06,H,,2024-12-06,30000000,1,Y,MBSSMALL,2024-12-12,رئيس البلدية,محتسب البلدية,2024-12-06,Y,,,,,1.0
165,2024,248,252,2024-12-06,H,,2024-12-06,28320000,1,Y,MBSSMALL,2024-12-12,رئيس البلدية,محتسب البلدية,2024-12-06,Y,,,,,1.0
165,2024,249,253,2024-12-06,H,,2024-12-06,16000000,1,Y,MBSSMALL,2024-12-12,رئيس البلدية,محتسب البلدية,2024-12-06,Y,,,,,1.0
165,2024,250,254,2024-12-06,H,,2024-12-06,16000000,1,Y,MBSSMALL,2024-12-12,رئيس البلدية,محتسب البلدية,2024-12-06,Y,,,,,1.0
165,2025,6,6,2025-01-31,H,,2025-01-31,39000000,1,Y,MBSSMALL,2025-02-20,رئيس البلدية,محتسب البلدية,2025-01-31,Y,,,,,1.0
165,2025,7,7,2025-01-31,H,,2025-01-31,36480000,1,Y,MBSSMALL,2025-02-20,رئيس البلدية,محتسب البلدية,2025-01-31,Y,,,,,1.0
165,2025,8,8,2025-01-31,H,,2025-01-31,16000000,1,Y,MBSSMALL,2025-02-20,رئيس البلدية,محتسب البلدية,2025-01-31,Y,,,,,1.0
165,2025,9,9,2025-01-31,H,,2025-01-31,16000000,1,Y,MBSSMALL,2025-02-20,رئيس البلدية,محتسب البلدية,2025-12-31,Y,,,,,1.0
165,2025,10,10,2025-01-31,H,,2025-01-31,20250000,1,Y,MBSSMALL,2025-02-20,رئيس البلدية,محتسب البلدية,2025-01-31,Y,,,,,1.0
165,2025,11,11,2025-01-31,H,,2025-01-31,18360000,1,Y,MBSSMALL,2025-02-20,رئيس البلدية,محتسب البلدية,2025-01-31,Y,,,,,1.0
165,2025,33,34,2025-03-27,H,,2025-03-27,39500000,1,Y,MBSSMALL,2025-04-03,رئيس البلدية,محتسب البلدية,2025-03-27,Y,,,,,1.0
165,2025,34,35,2025-03-27,H,,2025-03-27,31650000,1,Y,MBSSMALL,2025-04-03,رئيس البلدية,محتسب البلدية,2025-03-27,Y,,,,,1.0
165,2025,35,36,2025-03-27,H,,2025-03-27,33930000,1,Y,MBSSMALL,2025-04-03,رئيس البلدية,محتسب البلدية,2025-03-27,Y,,,,,1.0
165,2025,36,37,2025-03-27,H,,2025-03-27,37800000,1,Y,MBSSMALL,2025-04-03,رئيس البلدية,محتسب البلدية,2025-03-27,Y,,,,,1.0
165,2025,37,38,2025-03-27,H,,2025-03-27,34370000,1,Y,MBSSMALL,2025-04-03,رئيس البلدية,محتسب البلدية,2025-03-27,Y,,,,,1.0
165,2025,38,39,2025-03-27,H,,2025-03-27,44000000,1,Y,MBSSMALL,2025-04-03,رئيس البلدية,محتسب البلدية,2025-03-27,Y,,,,,1.0
165,2025,39,40,2025-03-27,H,,2025-03-27,14000000,1,Y,MBSSMALL,2025-04-03,رئيس البلدية,محتسب البلدية,2025-03-27,Y,,,,,1.0
165,2016,77,77,2016-04-30,H,,2016-04-30,19800000,1,Y,MBSSMALL,2016-05-09,رئيس البلدية,محتسب البلدية,2016-04-30,Y,,,,,
165,2016,78,78,2016-04-30,H,,2016-04-30,5322000,1,Y,MBSSMALL,2016-05-09,رئيس البلدية,محتسب البلدية,2016-04-30,Y,,,,,
165,2016,79,79,2016-04-30,H,,2016-04-30,7500000,1,Y,MBSSMALL,2016-05-09,رئيس البلدية,محتسب البلدية,2016-04-30,Y,,,,,
165,2016,80,80,2016-04-30,H,,2016-04-30,6209000,1,Y,MBSSMALL,2016-05-09,رئيس البلدية,محتسب البلدية,2016-04-30,Y,,,,,
165,2016,81,81,2016-04-30,H,,2016-04-30,4916000,1,Y,MBSSMALL,2016-05-09,رئيس البلدية,محتسب البلدية,2016-04-30,Y,,,,,
165,2016,82,82,2016-04-30,H,,2016-04-30,11035000,1,Y,MBSSMALL,2016-05-09,رئيس البلدية,محتسب البلدية,2016-04-30,Y,,,,,
165,2016,83,84,2016-06-21,H,,2016-06-21,919000,1,Y,MBSSMALL,2016-07-11,رئيس البلدية,محتسب البلدية,2016-06-21,Y,,,,,
165,2016,84,83,2016-06-21,H,,2016-06-21,977000,1,Y,MBSSMALL,2016-07-11,رئيس البلدية,محتسب البلدية,2016-06-21,Y,,,,,
165,2016,85,86,2016-06-21,H,,2016-06-21,1172000,1,Y,MBSSMALL,2016-07-11,رئيس البلدية,محتسب البلدية,2016-06-21,Y,,,,,
165,2016,86,85,2016-06-21,H,,2016-06-21,1013000,1,Y,MBSSMALL,2016-07-11,رئيس البلدية,محتسب البلدية,2016-06-21,Y,,,,,
165,2016,87,87,2016-06-21,H,,2016-06-21,784000,1,Y,MBSSMALL,2016-07-11,رئيس البلدية,محتسب البلدية,2016-06-21,Y,,,,,
165,2016,88,88,2016-06-21,H,,2016-06-21,1200000,1,Y,MBSSMALL,2016-07-11,رئيس البلدية,محتسب البلدية,2016-06-21,Y,,,,,
165,2016,89,90,2016-07-02,H,,2016-07-02,919000,1,Y,MBSSMALL,2016-07-11,رئيس البلدية,محتسب البلدية,2016-07-02,Y,,,,,
165,2016,90,89,2016-07-02,H,,2016-07-02,977000,1,Y,MBSSMALL,2016-07-11,رئيس البلدية,محتسب البلدية,2016-07-02,Y,,,,,
165,2016,91,93,2016-07-02,H,,2016-07-02,1172000,1,Y,MBSSMALL,2016-07-11,رئيس البلدية,محتسب البلدية,2016-07-02,Y,,,,,
165,2016,92,94,2016-07-02,H,,2016-07-02,1013000,1,Y,MBSSMALL,2016-07-11,رئيس البلدية,محتسب البلدية,2016-07-02,Y,,,,,
165,2016,93,95,2016-07-02,H,,2016-07-02,832000,1,Y,MBSSMALL,2016-07-12,رئيس البلدية,محتسب البلدية,2016-07-02,Y,,,,,
165,2017,152,154,2017-09-29,H,,2017-09-29,2687000,1,Y,MBSSMALL,2017-10-20,رئيس البلدية,محتسب البلدية,2017-09-29,Y,,,,,
165,2017,153,155,2017-09-29,H,,2017-09-29,727000,1,Y,MBSSMALL,2017-10-20,رئيس البلدية,محتسب البلدية,2017-09-29,Y,,,,,
165,2015,132,132,2015-09-30,H,,2015-09-30,1130000,1,Y,BUDGET,2015-10-07,رئيس البلدية,محتسب البلدية,2015-09-30,Y,,,,,
165,2015,133,133,2015-09-30,H,,2015-09-30,825000,1,Y,BUDGET,2015-10-07,رئيس البلدية,محتسب البلدية,2015-09-30,Y,,,,,
165,2015,134,134,2015-09-30,H,,2015-09-30,2812000,1,Y,BUDGET,2015-10-08,رئيس البلدية,محتسب البلدية,2015-09-30,Y,,,,,
165,2015,135,135,2015-09-30,H,,2015-09-30,1300000,1,Y,BUDGET,2015-10-08,رئيس البلدية,محتسب البلدية,2015-09-30,Y,,,,,
165,2015,136,136,2015-09-30,H,,2015-09-30,1070000,1,Y,BUDGET,2015-10-10,رئيس البلدية,محتسب البلدية,2015-09-30,Y,,,,,
165,2015,137,137,2015-09-30,H,,2015-09-30,2240000,1,Y,BUDGET,2015-10-10,رئيس البلدية,محتسب البلدية,2015-09-30,Y,,,,,
165,2015,138,138,2015-09-30,H,,2015-09-30,900000,1,Y,BUDGET,2015-10-22,رئيس البلدية,محتسب البلدية,2015-09-30,Y,,,,,
165,2015,139,139,2015-09-30,H,,2015-09-30,14632000,1,Y,BUDGET,2015-10-22,رئيس البلدية,محتسب البلدية,2015-09-30,Y,,,,,
165,2015,140,140,2015-09-30,H,,2015-09-30,5715000,1,Y,BUDGET,2015-10-22,رئيس البلدية,محتسب البلدية,2015-09-30,Y,,,,,
165,2015,141,141,2015-09-30,H,,2015-09-30,4353000,1,Y,BUDGET,2015-10-22,رئيس البلدية,محتسب البلدية,2015-09-30,Y,,,,,
165,2015,142,143,2015-09-30,H,,2015-09-30,30000,1,Y,BUDGET,2015-10-22,رئيس البلدية,محتسب البلدية,2015-09-30,Y,,,,,
165,2015,143,142,2015-09-30,H,,2015-09-30,6000000,1,Y,BUDGET,2015-10-22,رئيس البلدية,محتسب البلدية,2015-09-30,Y,,,,,
165,2015,144,144,2015-11-02,H,,2015-11-02,1067000,1,Y,BUDGET,2015-11-02,رئيس البلدية,محتسب البلدية,2015-11-02,Y,,,,,
165,2015,145,145,2015-11-02,H,,2015-11-02,2221000,1,Y,BUDGET,2015-11-02,رئيس البلدية,محتسب البلدية,2015-11-02,Y,,,,,
165,2015,146,146,2015-11-02,H,,2015-11-02,616000,1,Y,BUDGET,2015-11-02,رئيس البلدية,محتسب البلدية,2015-11-02,Y,,,,,
165,2015,147,147,2015-11-02,H,,2015-11-02,1100000,1,Y,BUDGET,2015-11-03,رئيس البلدية,محتسب البلدية,2015-11-02,Y,,,,,
165,2015,148,148,2015-11-02,H,,2015-11-02,100000,1,Y,BUDGET,2015-11-03,رئيس البلدية,محتسب البلدية,2015-11-02,Y,,,,,
165,2015,149,149,2015-11-10,H,,2015-11-10,2903000,1,Y,BUDGET,2015-11-10,رئيس البلدية,محتسب البلدية,2015-11-10,Y,,,,,
165,2015,150,150,2015-11-20,H,,2015-11-20,900000,1,Y,MBSSMALL,2015-11-20,رئيس البلدية,محتسب البلدية,2015-11-20,Y,,,,,
165,2015,151,151,2015-11-20,H,,2015-11-20,12638000,1,Y,MBSSMALL,2015-11-20,رئيس البلدية,محتسب البلدية,2015-11-20,Y,,,,,
165,2015,152,152,2015-11-20,H,,2015-11-20,6660000,1,Y,MBSSMALL,2015-11-20,رئيس البلدية,محتسب البلدية,2015-11-20,Y,,,,,
165,2015,153,153,2015-11-20,H,,2015-11-20,3804000,1,Y,MBSSMALL,2015-11-20,رئيس البلدية,محتسب البلدية,2015-11-20,Y,,,,,
165,2015,154,154,2015-11-28,H,,2015-11-28,800000,1,Y,MBSSMALL,2015-11-28,رئيس البلدية,محتسب البلدية,2015-11-28,Y,,,,,
165,2015,155,155,2015-11-30,H,,2015-11-30,150000,1,Y,MBSSMALL,2015-11-30,رئيس البلدية,محتسب البلدية,2015-11-30,Y,,,,,
165,2015,156,156,2015-11-30,H,,2015-11-30,1044000,1,Y,MBSSMALL,2015-11-30,رئيس البلدية,محتسب البلدية,2015-11-30,Y,,,,,
165,2015,157,157,2015-12-01,H,,2015-12-01,1067000,1,Y,MBSSMALL,2015-12-02,رئيس البلدية,محتسب البلدية,2015-12-01,Y,,,,,
165,2015,158,158,2015-12-01,H,,2015-12-01,2221000,1,Y,MBSSMALL,2015-12-02,رئيس البلدية,محتسب البلدية,2015-12-01,Y,,,,,
165,2015,159,159,2015-12-01,H,,2015-12-01,608000,1,Y,MBSSMALL,2015-12-02,رئيس البلدية,محتسب البلدية,2015-12-01,Y,,,,,
165,2019,63,64,2019-07-26,H,,2019-07-26,2700000,1,Y,MBSSMALL,2019-07-29,رئيس البلدية,محتسب البلدية,2019-07-26,Y,,,,,
165,2019,64,65,2019-07-26,H,,2019-07-26,2704000,1,Y,MBSSMALL,2019-07-31,رئيس البلدية,محتسب البلدية,2019-07-26,Y,,,,,
165,2019,65,66,2019-07-26,H,,2019-07-26,2190000,1,Y,MBSSMALL,2019-08-06,رئيس البلدية,محتسب البلدية,2019-07-26,Y,,,,,
165,2019,66,67,2019-07-26,H,,2019-07-26,2220000,1,Y,MBSSMALL,2019-08-07,رئيس البلدية,محتسب البلدية,2019-07-26,Y,,,,,
165,2019,67,68,2019-07-26,H,,2019-07-26,14820000,1,Y,MBSSMALL,2019-08-07,رئيس البلدية,محتسب البلدية,2019-07-26,Y,,,,,
165,2019,68,69,2019-07-26,H,,2019-07-26,7169000,1,Y,MBSSMALL,2019-08-08,رئيس البلدية,محتسب البلدية,2019-07-26,Y,,,,,
165,2019,69,70,2019-07-26,H,,2019-07-26,3504000,1,Y,MBSSMALL,2019-08-08,رئيس البلدية,محتسب البلدية,2019-07-26,Y,,,,,
165,2019,70,71,2019-07-26,H,,2019-07-26,3171000,1,Y,MBSSMALL,2019-08-08,رئيس البلدية,محتسب البلدية,2019-07-26,Y,,,,,
165,2019,71,72,2019-07-26,H,,2019-07-26,5500000,1,Y,MBSSMALL,2019-08-08,رئيس البلدية,محتسب البلدية,2019-07-26,Y,,,,,
165,2019,72,73,2019-07-26,H,,2019-07-26,1872000,1,Y,MBSSMALL,2019-08-08,رئيس البلدية,محتسب البلدية,2019-07-26,Y,,,,,
165,2019,73,74,2019-07-29,H,,2019-07-29,1090000,1,Y,MBSSMALL,2019-08-08,رئيس البلدية,محتسب البلدية,2019-07-29,Y,,,,,
165,2026,1,1,2026-01-30,H,,2026-01-30,400280000,1,Y,MBSSMALL,2026-02-18,\,محتسب البلدية,2026-01-30,Y,,,,,1.0
165,2026,2,2,2026-01-30,H,,2026-01-30,430785000,1,Y,MBSSMALL,2026-02-18,رئيس البلدية,محتسب البلدية,2026-01-30,Y,,,,,1.0
165,2026,3,3,2026-01-30,H,,2026-01-30,59760000,1,Y,MBSSMALL,2026-02-18,رئيس البلدية,محتسب البلدية,2026-01-30,Y,,,,,1.0
165,2026,58,58,2026-04-14,H,,2026-04-14,76655000,1,Y,MBSSMALL,2026-05-14,رئيس البلدية,محتسب البلدية,2026-04-14,Y,,,,,1.0
165,2026,100,102,2026-06-18,H,,2026-06-18,446928000,1,Y,MBSSMALL,2026-06-18,رئيس البلدية,محتسب البلدية,2026-06-18,Y,,,,,1.0
165,2025,62,64,2025-04-14,H,,2025-04-14,100000000,1,Y,MBSSMALL,2025-04-22,رئيس البلدية,محتسب البلدية,2025-04-14,Y,,,,,1.0
165,2025,184,187,2025-05-30,H,,2025-05-30,2115000,1,Y,MBSSMALL,2025-05-30,رئيس البلدية,محتسب البلدية,2025-05-30,Y,,,,,1.0
165,2025,185,188,2025-05-30,H,,2025-05-30,1920000,1,Y,MBSSMALL,2025-05-30,رئيس البلدية,محتسب البلدية,2025-05-30,Y,,,,,1.0
165,2025,186,189,2025-05-30,H,,2025-05-30,2039000,1,Y,MBSSMALL,2025-05-30,رئيس البلدية,محتسب البلدية,2025-05-30,Y,,,,,1.0
165,2025,187,191,2025-05-30,H,,2025-05-30,1880000,1,Y,MBSSMALL,2025-05-30,رئيس البلدية,محتسب البلدية,2025-05-30,Y,,,,,1.0
165,2025,188,192,2025-05-30,H,,2025-05-30,32400000,1,Y,MBSSMALL,2025-05-30,رئيس البلدية,محتسب البلدية,2025-05-30,Y,,,,,1.0
165,2025,189,193,2025-05-30,H,,2025-05-30,42000000,1,Y,MBSSMALL,2025-05-30,رئيس البلدية,محتسب البلدية,2025-05-30,Y,,,,,1.0
165,2025,190,195,2025-05-30,H,,2025-05-30,39480000,1,Y,MBSSMALL,2025-05-30,رئيس البلدية,محتسب البلدية,2025-05-30,Y,,,,,1.0
165,2025,191,196,2025-05-30,H,,2025-05-30,24000000,1,Y,MBSSMALL,2025-05-30,رئيس البلدية,محتسب البلدية,2025-05-30,Y,,,,,1.0
165,2025,192,197,2025-05-30,H,,2025-05-30,24000000,1,Y,MBSSMALL,2025-05-30,رئيس البلدية,محتسب البلدية,2025-05-30,Y,,,,,1.0
165,2025,351,357,2025-12-31,H,,2025-12-31,13950000,1,Y,MBSSMALL,2026-01-12,رئيس البلدية,محتسب البلدية,2025-12-31,Y,,,,,1.0
165,2025,352,358,2025-12-29,H,,2025-12-29,572230000,1,Y,MBSSMALL,2026-01-12,رئيس البلدية,محتسب البلدية,2025-12-29,Y,,,,,1.0
165,2025,353,359,2025-12-29,H,,2025-12-29,385000000,1,Y,MBSSMALL,2026-01-12,رئيس البلدية,محتسب البلدية,2025-12-29,Y,,,,,1.0
165,2025,354,360,2025-12-29,H,,2025-12-29,223700000,1,Y,MBSSMALL,2026-01-12,رئيس البلدية,محتسب البلدية,2025-12-29,Y,,,,,1.0
165,2025,355,361,2025-12-29,H,,2025-12-29,436605000,1,Y,MBSSMALL,2026-01-12,رئيس البلدية,محتسب البلدية,2025-12-29,Y,,,,,1.0
165,2025,356,362,2025-12-29,H,,2025-12-29,179535000,1,Y,MBSSMALL,2026-01-12,رئيس البلدية,محتسب البلدية,2025-12-29,Y,,,,,1.0
165,2025,357,363,2025-12-29,H,,2025-12-29,477935000,1,Y,MBSSMALL,2026-01-12,رئيس البلدية,محتسب البلدية,2025-12-29,Y,,,,,1.0
165,2025,358,364,2025-12-29,H,,2025-12-29,141850000,1,Y,MBSSMALL,2026-01-12,رئيس البلدية,محتسب البلدية,2025-12-29,Y,,,,,1.0
165,2025,359,365,2025-12-29,H,,2025-12-29,91779000,1,Y,MBSSMALL,2026-01-12,رئيس البلدية,محتسب البلدية,2025-12-29,Y,,,,,1.0
165,2025,360,366,2025-12-29,H,,2025-12-29,607240000,1,Y,MBSSMALL,2026-01-12,رئيس البلدية,محتسب البلدية,2025-12-29,Y,,,,,1.0
165,2025,361,368,2025-12-29,H,,2025-12-29,500000000,1,Y,MBSSMALL,2026-01-12,رئيس البلدية,محتسب البلدية,2025-12-29,Y,,,,,1.0
165,2025,362,367,2025-12-29,H,,2025-12-29,129530000,1,Y,MBSSMALL,2026-01-12,رئيس البلدية,محتسب البلدية,2025-12-29,Y,,,,,1.0
165,2025,375,382,2025-12-31,H,,2025-12-31,41000000,1,Y,MBSSMALL,2026-01-13,رئيس البلدية,محتسب البلدية,2025-12-31,Y,,,,,1.0
165,2026,14,14,2026-03-02,H,,2026-03-02,1640000,1,Y,MBSSMALL,2026-03-04,رئيس البلدية,محتسب البلدية,2026-03-02,Y,,,,,1.0
165,2026,15,15,2026-03-02,H,,2026-03-02,1487000,1,Y,MBSSMALL,2026-03-04,رئيس البلدية,محتسب البلدية,2026-03-02,Y,,,,,1.0
165,2026,16,16,2026-03-02,H,,2026-03-02,2100000,1,Y,MBSSMALL,2026-03-04,رئيس البلدية,محتسب البلدية,2026-03-02,Y,,,,,1.0
165,2026,17,17,2026-03-02,H,,2026-03-02,1811000,1,Y,MBSSMALL,2026-03-04,رئيس البلدية,محتسب البلدية,2026-03-02,Y,,,,,1.0
165,2026,18,18,2026-03-02,H,,2026-03-02,34200000,1,Y,MBSSMALL,2026-03-04,رئيس البلدية,محتسب البلدية,2026-03-02,Y,,,,,1.0
165,2026,31,31,2026-03-10,H,,2026-03-10,242350000,1,Y,MBSSMALL,2026-04-01,رئيس البلدية,محتسب البلدية,2026-03-10,Y,,,,,1.0
165,2026,32,32,2026-03-10,H,,2026-03-10,67195000,1,Y,MBSSMALL,2026-04-01,رئيس البلدية,محتسب البلدية,2026-03-10,Y,,,,,1.0
165,2026,33,33,2026-03-10,H,,2026-03-10,183600000,1,Y,MBSSMALL,2026-04-01,رئيس البلدية,محتسب البلدية,2026-03-10,Y,,,,,1.0
165,2026,34,34,2026-03-10,H,,2026-03-10,223750000,1,Y,MBSSMALL,2026-04-27,رئيس البلدية,محتسب البلدية,2026-03-10,Y,,,,,1.0
165,2026,60,60,2026-04-14,H,,2026-04-14,66600000,1,Y,MBSSMALL,2026-05-18,رئيس البلدية,محتسب البلدية,2026-04-14,Y,,,,,1.0
165,2025,27,28,2025-03-27,H,,2025-03-27,30000000,1,Y,MBSSMALL,2025-04-02,رئيس البلدية,محتسب البلدية,2025-03-27,Y,,,,,1.0
165,2025,28,29,2025-03-27,H,,2025-03-27,35000000,1,Y,MBSSMALL,2025-04-02,رئيس البلدية,محتسب البلدية,2025-03-27,Y,,,,,1.0
165,2025,29,30,2025-03-27,H,,2025-03-27,21000000,1,Y,MBSSMALL,2025-04-02,رئيس البلدية,محتسب البلدية,2025-03-27,Y,,,,,1.0
165,2025,346,352,2025-12-27,H,,2025-12-27,43000000,1,Y,MBSSMALL,2025-12-29,رئيس البلدية,محتسب البلدية,2025-12-27,Y,,,,,1.0
165,2026,23,23,2026-03-10,H,,2026-03-10,452510000,1,Y,MBSSMALL,2026-03-17,رئيس البلدية,محتسب البلدية,2026-03-10,Y,,,,,1.0
165,2026,24,24,2026-03-10,H,,2026-03-10,379170000,1,Y,MBSSMALL,2026-03-17,رئيس البلدية,محتسب البلدية,2026-03-10,Y,,,,,1.0
165,2026,25,25,2026-03-10,H,,2026-03-10,600030000,1,Y,MBSSMALL,2026-03-17,رئيس البلدية,محتسب البلدية,2026-03-10,Y,,,,,1.0
165,2026,27,27,2026-03-10,H,,2026-03-10,550825000,1,Y,MBSSMALL,2026-04-01,رئيس البلدية,محتسب البلدية,2026-03-10,Y,,,,,1.0
165,2026,28,28,2026-03-10,H,,2026-03-10,442460000,1,Y,MBSSMALL,2026-04-01,رئيس البلدية,محتسب البلدية,2026-03-10,Y,,,,,1.0
165,2026,29,29,2026-03-10,H,,2026-03-10,319330000,1,Y,MBSSMALL,2026-04-01,رئيس البلدية,محتسب البلدية,2026-03-10,Y,,,,,1.0
165,2026,30,30,2026-03-10,H,,2026-03-10,179100000,1,Y,MBSSMALL,2026-04-01,رئيس البلدية,محتسب البلدية,2026-03-10,Y,,,,,1.0
165,2026,36,36,2026-03-31,H,,2026-03-31,1640000,1,Y,MBSSMALL,2026-04-27,رئيس البلدية,محتسب البلدية,2026-03-31,Y,,,,,1.0
165,2026,37,37,2026-03-31,H,,2026-03-31,1483000,1,Y,MBSSMALL,2026-04-27,رئيس البلدية,محتسب البلدية,2026-03-31,Y,,,,,1.0
165,2026,38,38,2026-03-31,H,,2026-03-31,2100000,1,Y,MBSSMALL,2026-04-27,رئيس البلدية,محتسب البلدية,2026-03-31,Y,,,,,1.0
165,2026,39,39,2026-03-31,H,,2026-03-31,1811000,1,Y,MBSSMALL,2026-04-27,رئيس البلدية,محتسب البلدية,2026-03-31,Y,,,,,1.0
165,2026,65,65,2026-04-14,H,,2026-04-14,38770000,1,Y,MBSSMALL,2026-05-18,رئيس البلدية,محتسب البلدية,2026-04-14,Y,,,,,1.0
165,2026,66,67,2026-04-30,H,,2026-04-30,1553000,1,Y,MBSSMALL,2026-05-18,رئيس البلدية,محتسب البلدية,2026-04-30,Y,,,,,1.0
165,2019,74,75,2019-07-29,H,,2019-07-29,2539000,1,Y,MBSSMALL,2019-08-08,رئيس البلدية,محتسب البلدية,2019-07-29,Y,,,,,
165,2019,75,76,2019-07-29,H,,2019-07-29,2500000,1,Y,MBSSMALL,2019-08-09,رئيس البلدية,محتسب البلدية,2019-07-29,Y,,,,,
165,2019,76,77,2019-07-29,H,,2019-07-29,2912000,1,Y,MBSSMALL,2019-08-09,رئيس البلدية,محتسب البلدية,2019-07-29,Y,,,,,
165,2019,77,78,2019-07-31,H,,2019-07-31,1917000,1,Y,MBSSMALL,2019-08-09,رئيس البلدية,محتسب البلدية,2019-07-31,Y,,,,,
165,2019,78,80,2019-07-31,H,,2019-07-31,1729000,1,Y,MBSSMALL,2019-08-09,رئيس البلدية,محتسب البلدية,2019-07-31,Y,,,,,
165,2019,79,81,2019-07-31,H,,2019-07-31,1883000,1,Y,MBSSMALL,2019-08-09,رئيس البلدية,محتسب البلدية,2019-07-31,Y,,,,,
165,2019,80,82,2019-07-31,H,,2019-07-31,1724000,1,Y,MBSSMALL,2019-08-09,رئيس البلدية,محتسب البلدية,2019-07-31,Y,,,,,
165,2019,81,83,2019-07-31,H,,2019-07-31,728000,1,Y,MBSSMALL,2019-08-09,رئيس البلدية,محتسب البلدية,2019-07-31,Y,,,,,
165,2019,82,84,2019-07-31,H,,2019-07-31,385000,1,Y,MBSSMALL,2019-08-14,رئيس البلدية,محتسب البلدية,2019-07-31,Y,,,,,
165,2019,83,85,2019-08-05,H,,2019-08-05,2372000,1,Y,MBSSMALL,2019-08-14,رئيس البلدية,محتسب البلدية,2019-08-05,Y,,,,,
165,2019,84,86,2019-08-28,H,,2019-08-28,15925000,1,Y,MBSSMALL,2019-08-29,رئيس البلدية,محتسب البلدية,2019-08-28,Y,,,,,
165,2019,85,87,2019-08-28,H,,2019-08-28,8958000,1,Y,MBSSMALL,2019-08-29,رئيس البلدية,محتسب البلدية,2019-08-28,Y,,,,,
165,2019,86,88,2019-08-28,H,,2019-08-28,2163000,1,Y,MBSSMALL,2019-08-29,رئيس البلدية,محتسب البلدية,2019-08-28,Y,,,,,
165,2019,87,89,2019-08-28,H,,2019-08-28,5500000,1,Y,MBSSMALL,2019-08-29,رئيس البلدية,محتسب البلدية,2019-08-28,Y,,,,,
165,2019,88,90,2019-08-28,H,,2019-08-28,3400000,1,Y,MBSSMALL,2019-08-29,رئيس البلدية,محتسب البلدية,2019-08-28,Y,,,,,
165,2019,89,91,2019-08-30,H,,2019-08-30,1917000,1,Y,MBSSMALL,2019-08-29,رئيس البلدية,محتسب البلدية,2019-08-30,Y,,,,,
165,2019,90,92,2019-08-30,H,,2019-08-30,1729000,1,Y,MBSSMALL,2019-08-29,رئيس البلدية,محتسب البلدية,2019-08-30,Y,,,,,
165,2019,91,93,2019-08-30,H,,2019-08-30,1883000,1,Y,MBSSMALL,2019-08-29,رئيس البلدية,محتسب البلدية,2019-08-30,Y,,,,,
165,2019,92,94,2019-08-30,H,,2019-08-30,1724000,1,Y,MBSSMALL,2019-08-29,رئيس البلدية,محتسب البلدية,2019-08-30,Y,,,,,
165,2019,93,95,2019-08-30,H,,2019-08-30,576000,1,Y,MBSSMALL,2019-08-29,رئيس البلدية,محتسب البلدية,2019-08-30,Y,,,,,
165,2019,94,96,2019-08-30,H,,2019-08-30,385000,1,Y,MBSSMALL,2019-08-29,رئيس البلدية,محتسب البلدية,2019-08-30,Y,,,,,
165,2019,95,97,2019-09-17,H,,2019-09-17,1350000,1,Y,MBSSMALL,2019-09-18,رئيس البلدية,محتسب البلدية,2019-09-17,Y,,,,,
165,2019,96,98,2019-09-17,H,,2019-09-17,2025000,1,Y,MBSSMALL,2019-09-18,رئيس البلدية,محتسب البلدية,2019-09-17,Y,,,,,
165,2019,97,99,2019-09-19,H,,2019-09-19,807000,1,Y,MBSSMALL,2019-09-20,رئيس البلدية,محتسب البلدية,2019-09-19,Y,,,,,
165,2019,98,100,2019-09-19,H,,2019-09-19,2831000,1,Y,MBSSMALL,2019-09-25,رئيس البلدية,محتسب البلدية,2019-09-19,Y,,,,,
165,2019,99,101,2019-09-19,H,,2019-09-19,2565000,1,Y,MBSSMALL,2019-09-25,رئيس البلدية,محتسب البلدية,2019-09-19,Y,,,,,
165,2019,100,102,2019-09-23,,,2019-09-23,2681000,,N,MBSSMALL,2019-09-25,رئيس البلدية,محتسب البلدية,,N,خطأ في المبلغ,2019-09-27,,,
165,2019,101,103,2019-02-22,H,,2019-02-22,18000000,1,Y,MBSSMALL,2019-09-26,رئيس البلدية,محتسب البلدية,2019-02-22,Y,,,,,
165,2019,102,104,2019-09-26,H,,2019-09-26,2789000,1,Y,MBSSMALL,2019-09-27,رئيس البلدية,محتسب البلدية,2019-09-26,Y,,,,,
165,2019,103,105,2019-09-26,H,,2019-09-26,975000,1,Y,MBSSMALL,2019-10-01,رئيس البلدية,محتسب البلدية,2019-09-26,Y,,,,,
165,2009,54,55,2009-06-24,H,,2009-06-24,171000,1,Y,BUDGET,2009-06-24,رئيس البلدية,محتسب البلدية,2009-06-24,Y,,,,,
165,2008,5,5,2008-02-08,H,,2008-02-11,5400000,1,Y,MBSMONA,2008-02-11,المجلس البلدي,امين الصندوق,2008-02-11,Y,,,,,
165,2008,6,10,2008-02-08,H,,2008-02-11,363000,1,Y,MBSMONA,2008-02-13,المجلس البلدي,امين الصندوق,2008-02-11,Y,,,,,
165,2008,7,11,2008-02-08,H,,2008-02-11,44000,1,Y,MBSMONA,2008-02-13,المجلس البلدي,امين الصندوق,2008-02-11,Y,,,,,
165,2008,8,12,2008-02-08,H,,2008-02-11,181000,1,Y,MBSMONA,2008-02-13,المجلس البلدي,امين الصندوق,2008-02-11,Y,,,,,
165,2008,9,6,2008-02-08,H,,2008-02-11,1564000,1,Y,MBSMONA,2008-02-13,المجلس البلدي,امين الصندوق,2008-02-11,Y,,,,,
165,2008,10,7,2008-02-08,H,,2008-02-11,810000,1,Y,MBSMONA,2008-02-13,المجلس البلدي,امين الصندوق,2008-02-11,Y,,,,,
165,2008,11,8,2008-02-08,H,,2008-02-11,1238000,1,Y,MBSMONA,2008-02-13,المجلس البلدي,امين الصندوق,2008-02-11,Y,,,,,
165,2008,12,9,2008-02-08,H,,2008-02-11,263000,1,Y,MBSMONA,2008-02-13,المجلس البلدي,امين الصندوق,2008-02-11,Y,,,,,
165,2008,20,20,2008-02-25,H,,2008-02-25,2990000,1,Y,MBSMONA,2008-02-26,رئيس البلدية,امين الصندوق,2008-02-25,Y,,,,,
165,2008,21,21,2008-02-29,H,,2008-02-29,1500000,1,Y,MBSMONA,2008-03-03,رئيس البلدية,امين الصندوق,2008-02-29,Y,,,,,
165,2008,22,22,2008-02-29,H,,2008-02-29,1737000,1,Y,MBSMONA,2008-03-03,رئيس البلدية,امين الصندوق,2008-02-29,Y,,,,,
165,2008,23,23,2008-02-29,H,,2008-02-29,390000,1,Y,MBSMONA,2008-03-03,رئيس البلدية,امين الصندوق,2008-02-29,Y,,,,,
165,2008,24,25,2008-02-25,H,,2008-02-25,30000,1,Y,MBSMONA,2008-03-06,رئيس البلدية,امين الصندوق,2008-02-25,Y,,,,,
165,2008,25,26,2008-02-25,H,,2008-02-25,19000,1,Y,MBSMONA,2008-03-06,رئيس البلدية,امين الصندوق,2008-02-25,Y,,,,,
165,2008,26,27,2008-02-25,H,,2008-02-25,247000,1,Y,MBSMONA,2008-03-06,رئيس البلدية,امين الصندوق,2008-02-25,Y,,,,,
165,2008,27,28,2008-02-25,H,,2008-02-25,450000,1,Y,MBSMONA,2008-03-06,رئيس البلدية,امين الصندوق,2008-02-25,Y,,,,,
165,2008,28,29,2008-03-05,H,,2008-03-06,2119000,1,Y,MBSMONA,2008-03-10,رئيس البلدية,امين الصندوق,2008-03-06,Y,,,,,
165,2008,29,30,2008-03-05,H,,2008-03-06,1350000,1,Y,MBSMONA,2008-03-10,المجلس البلدي,امين الصندوق,2008-03-06,Y,,,,,
165,2008,30,31,2008-03-05,H,,2008-03-06,1018000,1,Y,MBSMONA,2008-03-10,المجلس البلدي,امين الصندوق,2008-03-06,Y,,,,,
165,2008,31,32,2008-03-05,H,,2008-03-06,1050000,1,Y,MBSMONA,2008-03-10,المجلس البلدي,امين الصندوق,2008-03-06,Y,,,,,
165,2008,32,33,2008-03-05,H,,2008-03-06,231000,1,Y,MBSMONA,2008-03-10,المجلس البلدي,امين الصندوق,2008-03-06,Y,,,,,
165,2008,33,34,2008-03-05,H,,2008-03-06,70000,1,Y,MBSMONA,2008-03-10,المجلس البلدي,امين الصندوق,2008-03-06,Y,,,,,
165,2008,34,35,2008-03-05,H,,2008-03-06,1380000,1,Y,MBSMONA,2008-03-10,المجلس البلدي,امين الصندوق,2008-03-06,Y,,,,,
165,2008,35,36,2008-03-05,H,,2008-03-06,60000,1,Y,MBSMONA,2008-03-10,المجلس البلدي,امين الصندوق,2008-03-06,Y,,,,,
165,2008,36,37,2008-03-05,H,,2008-03-06,100000,1,Y,MBSMONA,2008-03-10,المجلس البلدي,امين الصندوق,2008-03-06,Y,,,,,
165,2008,44,45,2008-05-08,H,,2008-05-09,2125000,1,Y,MBSMONA,2008-06-11,المجلس البلدي,امين الصندوق,2008-05-09,Y,,,,,
165,2008,45,46,2008-04-30,H,,2008-04-30,1737000,1,Y,MBSMONA,2008-06-11,رئيس البلدية,امين الصندوق,2008-04-30,Y,,,,,
165,2008,46,47,2008-04-30,H,,2008-04-30,432000,1,Y,MBSMONA,2008-06-11,رئيس البلدية,امين الصندوق,2008-04-30,Y,,,,,
165,2026,67,69,2026-04-30,H,,2026-04-30,1640000,1,Y,MBSSMALL,2026-05-18,رئيس البلدية,محتسب البلدية,2026-04-30,Y,,,,,1.0
165,2026,68,70,2026-04-30,H,,2026-04-30,2100000,1,Y,MBSSMALL,2026-05-18,رئيس البلدية,محتسب البلدية,2026-04-30,Y,,,,,1.0
165,2026,69,71,2026-04-30,H,,2026-04-30,1811000,1,Y,MBSSMALL,2026-05-18,رئيس البلدية,محتسب البلدية,2026-04-30,Y,,,,,1.0
165,2026,70,72,2026-05-18,H,,2026-05-18,32400000,1,Y,MBSSMALL,2026-05-18,رئيس البلدية,محتسب البلدية,2026-05-18,Y,,,,,1.0
165,2026,71,73,2026-04-30,H,,2026-04-30,59000000,1,Y,MBSSMALL,2026-05-18,رئيس البلدية,محتسب البلدية,2026-04-30,Y,,,,,1.0
165,2026,72,74,2026-04-30,H,,2026-04-30,57320000,1,Y,MBSSMALL,2026-05-18,رئيس البلدية,محتسب البلدية,2026-04-30,Y,,,,,1.0
165,2026,73,75,2026-04-30,H,,2026-04-30,56780000,1,Y,MBSSMALL,2026-05-18,رئيس البلدية,محتسب البلدية,2026-04-30,Y,,,,,1.0
165,2026,74,76,2026-04-30,H,,2026-04-30,41780000,1,Y,MBSSMALL,2026-05-18,رئيس البلدية,محتسب البلدية,2026-04-30,Y,,,,,1.0
165,2026,75,77,2026-05-12,H,,2026-05-12,86640000,1,Y,MBSSMALL,2026-05-18,رئيس البلدية,محتسب البلدية,2026-05-12,Y,,,,,1.0
165,2026,76,78,2026-05-13,H,,2026-05-13,94470000,1,Y,MBSSMALL,2026-05-18,رئيس البلدية,محتسب البلدية,2026-05-13,Y,,,,,1.0
165,2026,101,103,2026-06-18,H,,2026-06-18,192870000,1,Y,MBSSMALL,2026-06-18,رئيس البلدية,محتسب البلدية,2026-06-18,Y,,,,,1.0
165,2026,102,104,2026-06-18,H,,2026-06-18,374075000,1,Y,MBSSMALL,2026-06-18,رئيس البلدية,محتسب البلدية,2026-06-18,Y,,,,,1.0
165,2026,103,105,2026-06-18,H,,2026-06-18,279000000,1,Y,MBSSMALL,2026-06-18,رئيس البلدية,محتسب البلدية,2026-06-18,Y,,,,,1.0
165,2026,104,106,2026-06-18,H,,2026-06-18,391500000,1,Y,MBSSMALL,2026-06-18,رئيس البلدية,محتسب البلدية,2026-06-18,Y,,,,,1.0
165,2026,105,107,2026-06-18,H,,2026-06-18,21150000,1,Y,MBSSMALL,2026-06-18,رئيس البلدية,محتسب البلدية,2026-06-18,Y,,,,,1.0
165,2026,106,108,2026-06-18,H,,2026-06-18,25690000,1,Y,MBSSMALL,2026-06-18,رئيس البلدية,محتسب البلدية,2026-06-18,Y,,,,,1.0
165,2026,107,109,2026-06-18,H,,2026-06-18,35000000,1,Y,MBSSMALL,2026-06-18,رئيس البلدية,محتسب البلدية,2026-06-18,Y,,,,,1.0
165,2026,108,110,2026-06-18,H,,2026-06-18,131635000,1,Y,MBSSMALL,2026-06-18,رئيس البلدية,محتسب البلدية,2026-06-18,Y,,,,,1.0
165,2026,109,111,2026-06-18,H,,2026-06-18,112500000,1,Y,MBSSMALL,2026-06-18,رئيس البلدية,محتسب البلدية,2026-06-18,Y,,,,,1.0
165,2026,110,112,2026-06-18,H,,2026-06-18,81000000,1,Y,MBSSMALL,2026-06-18,رئيس البلدية,محتسب البلدية,2026-06-18,Y,,,,,1.0
165,2025,347,353,2025-12-27,,,2025-12-27,17340000,,N,MBSSMALL,2026-01-08,رئيس البلدية,محتسب البلدية,,N,خطأ في الباب والفصل,2026-01-13,,,1.0
165,2008,47,48,2008-05-08,H,,2008-05-09,4158000,1,Y,MBSMONA,2008-06-11,المجلس البلدي,امين الصندوق,2008-05-09,Y,,,,,
165,2008,48,49,2008-05-08,H,,2008-05-09,2771000,1,Y,MBSMONA,2008-06-11,المجلس البلدي,امين الصندوق,2008-05-09,Y,,,,,
165,2008,49,50,2008-05-08,H,,2008-05-09,2423000,1,Y,MBSMONA,2008-06-12,المجلس البلدي,امين الصندوق,2008-05-29,Y,,,,,
165,2014,50,50,2014-06-07,H,,2014-06-07,9707000,1,Y,BUDGET,2014-06-07,رئيس البلدية,محتسب البلدية,2014-06-07,Y,,,,,
165,2014,51,52,2014-06-07,H,,2014-06-07,6307000,1,Y,BUDGET,2014-06-07,رئيس البلدية,محتسب البلدية,2014-06-07,Y,,,,,
165,2014,52,53,2014-07-02,H,,2014-07-02,1040000,1,Y,MBSSMALL,2014-07-02,رئيس البلدية,محتسب البلدية,2014-07-02,Y,,,,,
165,2014,53,54,2014-07-02,,,2014-07-02,2221000,,N,BUDGET,2014-07-02,رئيس البلدية,محتسب البلدية,,N,خطأ في نوع النفقة,2014-07-03,,,
165,2014,54,55,2014-07-03,H,,2014-07-03,2221000,1,Y,MBSSMALL,2014-07-03,رئيس البلدية,محتسب البلدية,2014-07-03,Y,,,,,
165,2014,55,56,2014-07-03,H,,2014-07-03,616000,1,Y,BUDGET,2014-07-03,رئيس البلدية,محتسب البلدية,2014-07-03,Y,,,,,
165,2014,56,57,2014-07-03,H,,2014-07-03,1100000,1,Y,BUDGET,2014-07-03,رئيس البلدية,محتسب البلدية,2014-07-03,Y,,,,,
165,2014,57,58,2014-07-03,H,,2014-07-03,100000,1,Y,BUDGET,2014-07-03,رئيس البلدية,محتسب البلدية,2014-07-03,Y,,,,,
165,2014,58,59,2014-07-09,H,,2014-07-09,1870000,1,Y,MBSSMALL,2014-07-09,رئيس البلدية,محتسب البلدية,2014-07-09,Y,,,,,
165,2014,59,60,2014-07-09,H,,2014-07-09,1815000,1,Y,BUDGET,2014-07-09,رئيس البلدية,محتسب البلدية,2014-07-09,Y,,,,,
165,2014,61,62,2014-07-10,H,,2014-07-10,2061000,1,Y,BUDGET,2014-07-10,رئيس البلدية,محتسب البلدية,2014-07-10,Y,,,,,
165,2014,62,63,2014-07-10,H,,2014-07-10,1730000,1,Y,BUDGET,2014-07-10,رئيس البلدية,محتسب البلدية,2014-07-10,Y,,,,,
165,2014,63,64,2014-07-23,H,,2014-07-23,864000,1,Y,BUDGET,2014-07-23,رئيس البلدية,محتسب البلدية,2014-07-23,Y,,,,,
165,2014,64,65,2014-07-23,H,,2014-07-23,12024000,1,Y,BUDGET,2014-07-23,رئيس البلدية,محتسب البلدية,2014-07-23,Y,,,,,
165,2014,65,66,2014-07-23,H,,2014-07-23,12926000,1,Y,BUDGET,2014-07-23,رئيس البلدية,محتسب البلدية,2014-07-23,Y,,,,,
165,2014,66,67,2014-07-23,H,,2014-07-23,5926000,1,Y,BUDGET,2014-07-23,رئيس البلدية,محتسب البلدية,2014-07-23,Y,,,,,
165,2014,67,68,2014-07-23,H,,2014-07-23,1607000,1,Y,BUDGET,2014-07-23,رئيس البلدية,محتسب البلدية,2014-07-23,Y,,,,,
165,2014,68,69,2014-07-24,H,,2014-07-24,1000000,1,Y,BUDGET,2014-07-24,رئيس البلدية,محتسب البلدية,2014-07-24,Y,,,,,
165,2014,69,70,2014-08-04,H,,2014-08-04,1040000,1,Y,BUDGET,2014-08-04,رئيس البلدية,محتسب البلدية,2014-08-04,Y,,,,,
165,2014,70,71,2014-08-04,H,,2014-08-04,2221000,1,Y,BUDGET,2014-08-04,رئيس البلدية,محتسب البلدية,2014-08-04,Y,,,,,
165,2014,71,72,2014-08-04,H,,2014-08-04,616000,1,Y,BUDGET,2014-08-04,رئيس البلدية,محتسب البلدية,2014-08-04,Y,,,,,
165,2014,72,73,2014-08-04,H,,2014-08-04,1100000,1,Y,BUDGET,2014-08-04,رئيس البلدية,محتسب البلدية,2014-08-04,Y,,,,,
165,2014,73,74,2014-08-04,H,,2014-08-04,100000,1,Y,BUDGET,2014-08-04,رئيس البلدية,محتسب البلدية,2014-08-04,Y,,,,,
165,2014,74,75,2014-08-04,H,,2014-08-04,1575000,1,Y,BUDGET,2014-08-04,رئيس البلدية,محتسب البلدية,2014-08-04,Y,,,,,
165,2014,75,76,2014-08-25,H,,2014-08-25,892000,1,Y,BUDGET,2014-08-25,رئيس البلدية,محتسب البلدية,2014-08-25,Y,,,,,
165,2014,76,77,2014-08-25,H,,2014-08-25,11773000,1,Y,BUDGET,2014-08-25,رئيس البلدية,محتسب البلدية,2014-08-25,Y,,,,,
165,2014,77,78,2014-08-25,H,,2014-08-25,12332000,1,Y,BUDGET,2014-08-25,رئيس البلدية,محتسب البلدية,2014-08-25,Y,,,,,
165,2014,78,79,2014-08-28,H,,2014-08-28,2636000,1,Y,BUDGET,2014-08-28,رئيس البلدية,محتسب البلدية,2014-08-28,Y,,,,,
165,2014,79,80,2014-08-28,H,,2014-08-28,390000,1,Y,BUDGET,2014-08-28,رئيس البلدية,محتسب البلدية,2014-08-28,Y,,,,,
165,2014,80,81,2014-08-28,H,,2014-08-28,1907000,1,Y,BUDGET,2014-08-28,رئيس البلدية,محتسب البلدية,2014-08-28,Y,,,,,
165,2014,81,82,2014-09-01,H,,2014-09-01,1660000,1,Y,BUDGET,2014-09-01,رئيس البلدية,محتسب البلدية,2014-09-01,Y,,,,,
165,2014,82,83,2014-09-01,H,,2014-09-01,283000,1,Y,BUDGET,2014-09-01,رئيس البلدية,محتسب البلدية,2014-09-01,Y,,,,,
165,2014,83,84,2014-09-02,H,,2014-09-02,1040000,1,Y,BUDGET,2014-09-02,رئيس البلدية,محتسب البلدية,2014-09-02,Y,,,,,
165,2014,84,85,2014-09-02,H,,2014-09-02,2221000,1,Y,BUDGET,2014-09-02,رئيس البلدية,محتسب البلدية,2014-09-02,Y,,,,,
165,2014,85,86,2014-09-02,H,,2014-09-02,616000,1,Y,BUDGET,2014-09-02,رئيس البلدية,محتسب البلدية,2014-09-02,Y,,,,,
165,2014,86,87,2014-09-02,H,,2014-09-02,1100000,1,Y,BUDGET,2014-09-02,رئيس البلدية,محتسب البلدية,2014-09-02,Y,,,,,
165,2014,87,88,2014-09-02,H,,2014-09-02,100000,1,Y,BUDGET,2014-09-02,رئيس البلدية,محتسب البلدية,2014-09-02,Y,,,,,
165,2014,88,89,2014-09-05,H,,2014-09-05,1585000,1,Y,BUDGET,2014-09-05,رئيس البلدية,محتسب البلدية,2014-09-05,Y,,,,,
165,2014,89,90,2014-09-06,H,,2014-09-06,2626000,1,Y,BUDGET,2014-09-06,رئيس البلدية,محتسب البلدية,2014-09-06,Y,,,,,
165,2014,90,91,2014-09-06,H,,2014-09-06,1530000,1,Y,BUDGET,2014-09-06,رئيس البلدية,محتسب البلدية,2014-09-06,Y,,,,,
165,2014,91,92,2014-09-10,H,,2014-09-10,1500000,1,Y,BUDGET,2014-09-10,رئيس البلدية,محتسب البلدية,2014-09-10,Y,,,,,
165,2015,19,19,2015-03-05,H,,2015-03-05,2548000,1,Y,BUDGET,2015-03-05,رئيس البلدية,محتسب البلدية,2015-03-05,Y,,,,,
165,2015,20,20,2015-03-23,H,,2015-03-23,1500000,1,Y,BUDGET,2015-03-23,رئيس البلدية,محتسب البلدية,2015-03-23,Y,,,,,
165,2015,21,21,2015-03-23,H,,2015-03-23,870000,1,Y,BUDGET,2015-03-23,رئيس البلدية,محتسب البلدية,2015-03-23,Y,,,,,
165,2015,22,22,2015-03-23,H,,2015-03-23,18077000,1,Y,BUDGET,2015-03-23,رئيس البلدية,محتسب البلدية,2015-03-23,Y,,,,,
165,2015,23,23,2015-03-23,H,,2015-03-23,15164000,1,Y,BUDGET,2015-03-23,رئيس البلدية,محتسب البلدية,2015-03-23,Y,,,,,
165,2015,24,24,2015-03-23,H,,2015-03-23,1731000,1,Y,BUDGET,2015-03-23,رئيس البلدية,محتسب البلدية,2015-03-23,Y,,,,,
165,2015,25,25,2015-04-04,H,,2015-04-04,1067000,1,Y,BUDGET,2015-04-04,رئيس البلدية,محتسب البلدية,2015-04-04,Y,,,,,
165,2015,26,26,2015-04-04,H,,2015-04-04,2221000,1,Y,BUDGET,2015-04-04,رئيس البلدية,محتسب البلدية,2015-04-04,Y,,,,,
165,2015,27,27,2015-04-04,H,,2015-04-04,616000,1,Y,BUDGET,2015-04-04,رئيس البلدية,محتسب البلدية,2015-04-14,Y,,,,,
165,2015,28,28,2015-04-04,H,,2015-04-04,1100000,1,Y,BUDGET,2015-04-04,رئيس البلدية,محتسب البلدية,2015-04-04,Y,,,,,
165,2015,29,29,2015-04-04,H,,2015-04-04,100000,1,Y,BUDGET,2015-04-04,رئيس البلدية,محتسب البلدية,2015-04-04,Y,,,,,
165,2015,30,30,2015-04-30,H,,2015-04-30,900000,1,Y,BUDGET,2015-05-02,رئيس البلدية,محتسب البلدية,2015-04-30,Y,,,,,
165,2015,31,31,2015-04-30,H,,2015-04-30,17942000,1,Y,BUDGET,2015-05-02,رئيس البلدية,محتسب البلدية,2015-04-30,Y,,,,,
165,2015,32,32,2015-04-30,H,,2015-04-30,9446000,1,Y,BUDGET,2015-05-02,رئيس البلدية,محتسب البلدية,2015-04-30,Y,,,,,
165,2015,33,33,2015-04-30,H,,2015-04-30,19852000,1,Y,BUDGET,2015-05-02,رئيس البلدية,محتسب البلدية,2015-04-30,Y,,,,,
165,2015,34,34,2015-04-30,H,,2015-04-30,770000,1,Y,BUDGET,2015-05-02,رئيس البلدية,محتسب البلدية,2015-04-30,Y,,,,,
165,2015,35,35,2015-04-30,H,,2015-04-30,6162000,1,Y,BUDGET,2015-05-02,رئيس البلدية,محتسب البلدية,2015-04-30,Y,,,,,
165,2015,36,36,2015-05-04,H,,2015-05-04,1067000,1,Y,BUDGET,2015-05-04,رئيس البلدية,محتسب البلدية,2015-05-04,Y,,,,,
165,2015,37,37,2015-05-04,H,,2015-05-04,2221000,1,Y,BUDGET,2015-05-04,رئيس البلدية,محتسب البلدية,2015-05-04,Y,,,,,
165,2015,38,38,2015-05-04,H,,2015-05-04,592000,1,Y,BUDGET,2015-05-04,رئيس البلدية,محتسب البلدية,2015-05-04,Y,,,,,
165,2015,39,39,2015-05-04,H,,2015-05-04,1100000,1,Y,BUDGET,2015-05-04,رئيس البلدية,محتسب البلدية,2015-05-04,Y,,,,,
165,2015,40,40,2015-05-04,H,,2015-05-04,400000,1,Y,BUDGET,2015-05-04,رئيس البلدية,محتسب البلدية,2015-05-04,Y,,,,,
165,2015,41,41,2015-05-04,H,,2015-05-04,1800000,1,Y,BUDGET,2015-05-04,رئيس البلدية,محتسب البلدية,2015-05-04,Y,,,,,
165,2015,42,42,2015-05-13,H,,2015-05-13,2801000,1,Y,BUDGET,2015-05-13,رئيس البلدية,محتسب البلدية,2015-05-13,Y,,,,,
165,2015,43,43,2015-05-30,H,,2015-05-30,1067000,1,Y,BUDGET,2015-07-01,رئيس البلدية,محتسب البلدية,2015-06-29,Y,,,,,
165,2015,44,44,2015-05-30,H,,2015-05-30,2221000,1,Y,BUDGET,2015-07-01,رئيس البلدية,محتسب البلدية,2015-06-29,Y,,,,,
165,2015,45,45,2015-05-30,H,,2015-05-30,616000,1,Y,BUDGET,2015-07-01,رئيس البلدية,محتسب البلدية,2015-06-29,Y,,,,,
165,2015,46,46,2015-05-30,H,,2015-05-30,1100000,1,Y,BUDGET,2015-07-01,رئيس البلدية,محتسب البلدية,2015-06-29,Y,,,,,
165,2015,47,47,2015-05-30,H,,2015-05-30,100000,1,Y,BUDGET,2015-07-01,رئيس البلدية,محتسب البلدية,2015-06-29,Y,,,,,
165,2015,48,48,2015-06-29,H,,2015-06-29,900000,1,Y,MBSSMALL,2015-07-28,رئيس البلدية,محتسب البلدية,2015-06-29,Y,,,,,
165,2015,49,49,2015-06-29,H,,2015-06-29,9975000,1,Y,MBSSMALL,2015-07-28,رئيس البلدية,محتسب البلدية,2015-06-29,Y,,,,,
165,2015,50,50,2015-06-29,H,,2015-06-29,11185000,1,Y,MBSSMALL,2015-07-28,رئيس البلدية,محتسب البلدية,2015-06-29,Y,,,,,
165,2015,51,51,2015-06-29,H,,2015-06-29,10862000,1,Y,MBSSMALL,2015-07-28,رئيس البلدية,محتسب البلدية,2015-06-29,Y,,,,,
165,2015,52,52,2015-06-29,H,,2015-06-29,13459000,1,Y,MBSSMALL,2015-07-28,رئيس البلدية,محتسب البلدية,2015-06-29,Y,,,,,
165,2015,53,53,2015-06-29,H,,2015-06-29,6253000,1,Y,MBSSMALL,2015-07-28,رئيس البلدية,محتسب البلدية,2015-06-29,Y,,,,,
165,2018,128,128,2018-09-19,H,,2018-09-19,16461000,1,Y,MBSSMALL,2018-09-27,رئيس البلدية,محتسب البلدية,2018-09-19,Y,,,,,
165,2018,129,129,2018-09-19,H,,2018-09-19,12181000,1,Y,MBSSMALL,2018-09-27,رئيس البلدية,محتسب البلدية,2018-09-19,Y,,,,,
165,2018,130,130,2018-09-19,H,,2018-09-19,17762000,1,Y,MBSSMALL,2018-09-27,رئيس البلدية,محتسب البلدية,2018-09-19,Y,,,,,
165,2018,131,131,2018-09-19,H,,2018-09-19,9034000,1,Y,MBSSMALL,2018-09-27,رئيس البلدية,محتسب البلدية,2018-09-19,Y,,,,,
165,2018,132,132,2018-09-19,,,2018-09-19,1111000,,N,MBSSMALL,2018-09-28,رئيس البلدية,محتسب البلدية,,N,خطأ في المبلغ,2018-10-05,,,
165,2018,133,133,2018-09-19,H,,2018-09-19,1515000,1,Y,MBSSMALL,2018-09-28,رئيس البلدية,محتسب البلدية,2018-09-19,Y,,,,,
165,2018,134,134,2018-09-19,H,,2018-09-19,1090000,1,Y,MBSSMALL,2018-09-28,رئيس البلدية,محتسب البلدية,2018-09-19,Y,,,,,
165,2018,135,135,2018-09-19,H,,2018-09-19,2187000,1,Y,MBSSMALL,2018-09-28,رئيس البلدية,محتسب البلدية,2018-09-19,Y,,,,,
165,2018,136,136,2018-09-19,H,,2018-09-19,2600000,1,Y,MBSSMALL,2018-10-02,رئيس البلدية,محتسب البلدية,2018-09-19,Y,,,,,
165,2018,137,137,2018-09-19,H,,2018-09-19,2025000,1,Y,MBSSMALL,2018-10-02,رئيس البلدية,محتسب البلدية,2018-09-19,Y,,,,,
165,2018,138,138,2018-09-19,H,,2018-09-19,2000000,1,Y,MBSSMALL,2018-10-02,رئيس البلدية,محتسب البلدية,2018-09-19,Y,,,,,
165,2018,139,139,2018-09-19,H,,2018-09-19,350000,1,Y,MBSSMALL,2018-10-02,رئيس البلدية,محتسب البلدية,2018-09-19,Y,,,,,
165,2018,140,140,2018-09-19,H,,2018-09-19,1100000,1,Y,MBSSMALL,2018-10-03,رئيس البلدية,محتسب البلدية,2018-09-19,Y,,,,,
165,2018,141,141,2018-09-28,H,,2018-09-28,1073000,1,Y,MBSSMALL,2018-10-03,رئيس البلدية,محتسب البلدية,2018-09-28,Y,,,,,
165,2018,142,142,2018-09-28,H,,2018-09-28,1007000,1,Y,MBSSMALL,2018-10-03,رئيس البلدية,محتسب البلدية,2018-09-28,Y,,,,,
165,2018,143,143,2018-09-28,H,,2018-09-28,3000000,1,Y,MBSSMALL,2018-10-03,رئيس البلدية,محتسب البلدية,2018-09-28,Y,,,,,
165,2018,144,144,2018-09-28,H,,2018-09-28,1637000,1,Y,MBSSMALL,2018-10-03,رئيس البلدية,محتسب البلدية,2018-09-28,Y,,,,,
165,2018,145,145,2018-09-28,H,,2018-09-28,2395000,1,Y,MBSSMALL,2018-10-03,رئيس البلدية,محتسب البلدية,2018-09-28,Y,,,,,
165,2018,146,146,2018-09-28,H,,2018-09-28,2957000,1,Y,MBSSMALL,2018-10-04,رئيس البلدية,محتسب البلدية,2018-09-28,Y,,,,,
165,2018,147,147,2018-09-28,H,,2018-09-28,833000,1,Y,MBSSMALL,2018-10-04,رئيس البلدية,محتسب البلدية,2018-09-28,Y,,,,,
165,2018,148,148,2018-09-28,H,,2018-09-28,1673000,1,Y,MBSSMALL,2018-10-04,رئيس البلدية,محتسب البلدية,2018-09-28,Y,,,,,
165,2018,149,150,2018-09-28,,,2018-09-28,1574000,,N,MBSSMALL,2018-10-04,رئيس البلدية,محتسب البلدية,,N,خطأ في المبلغ,2018-10-04,,,
165,2018,150,151,2018-09-28,H,,2018-09-28,1560000,1,Y,MBSSMALL,2018-10-04,رئيس البلدية,محتسب البلدية,2018-09-28,Y,,,,,
165,2018,151,152,2018-09-28,H,,2018-09-28,1574000,1,Y,MBSSMALL,2018-10-04,رئيس البلدية,محتسب البلدية,2018-09-28,Y,,,,,
165,2018,152,153,2018-09-28,H,,2018-09-28,1733000,1,Y,MBSSMALL,2018-10-04,رئيس البلدية,محتسب البلدية,2018-09-28,Y,,,,,
165,2018,153,154,2018-09-28,H,,2018-09-28,576000,1,Y,MBSSMALL,2018-10-04,رئيس البلدية,محتسب البلدية,2018-09-28,Y,,,,,
165,2018,154,155,2018-09-28,H,,2018-09-28,385000,1,Y,MBSSMALL,2018-10-04,رئيس البلدية,محتسب البلدية,2018-09-28,Y,,,,,
165,2018,155,156,2018-09-28,H,,2018-09-28,1132000,1,Y,MBSSMALL,2018-10-05,رئيس البلدية,محتسب البلدية,2018-09-28,Y,,,,,
165,2018,156,157,2018-09-28,H,,2018-09-28,18871000,1,Y,MBSSMALL,2018-10-19,رئيس البلدية,محتسب البلدية,2018-09-28,Y,,,,,
165,2018,157,158,2018-09-28,H,,2018-09-28,12899000,1,Y,MBSSMALL,2018-10-19,رئيس البلدية,محتسب البلدية,2018-09-28,Y,,,,,
165,2018,158,159,2018-09-28,H,,2018-09-28,1830000,1,Y,MBSSMALL,2018-10-22,رئيس البلدية,محتسب البلدية,2018-09-28,Y,,,,,
165,2018,159,160,2018-09-28,H,,2018-09-28,12545000,1,Y,MBSSMALL,2018-10-22,رئيس البلدية,محتسب البلدية,2018-09-28,Y,,,,,
165,2018,160,161,2018-09-28,H,,2018-09-28,8550000,1,Y,MBSSMALL,2018-10-22,رئيس البلدية,محتسب البلدية,2018-09-28,Y,,,,,
165,2018,161,162,2018-10-31,H,,2018-10-31,2666000,1,Y,MBSSMALL,2018-10-31,رئيس البلدية,محتسب البلدية,2018-10-31,Y,,,,,
165,2018,162,163,2018-10-31,H,,2018-10-31,1000000,1,Y,MBSSMALL,2018-10-31,رئيس البلدية,محتسب البلدية,2018-10-31,Y,,,,,
165,2018,163,164,2018-10-31,H,,2018-10-31,1673000,1,Y,MBSSMALL,2018-11-07,رئيس البلدية,محتسب البلدية,2018-10-31,Y,,,,,
165,2016,94,96,2016-07-02,H,,2016-07-02,900000,1,Y,MBSSMALL,2016-07-12,رئيس البلدية,محتسب البلدية,2016-07-02,Y,,,,,
165,2016,95,97,2016-07-02,H,,2016-07-02,1010000,1,Y,MBSSMALL,2016-07-12,رئيس البلدية,محتسب البلدية,2016-07-02,Y,,,,,
165,2016,96,98,2016-07-02,H,,2016-07-02,15630000,1,Y,MBSSMALL,2016-07-13,رئيس البلدية,محتسب البلدية,2016-07-02,Y,,,,,
165,2016,97,99,2016-07-05,H,,2016-07-05,18230000,1,Y,MBSSMALL,2016-07-14,رئيس البلدية,محتسب البلدية,2016-07-05,Y,,,,,
165,2016,98,100,2016-07-05,H,,2016-07-05,18000000,1,Y,MBSSMALL,2016-07-14,رئيس البلدية,محتسب البلدية,2016-07-05,Y,,,,,
165,2016,99,101,2016-07-05,H,,2016-07-05,17100000,1,Y,MBSSMALL,2016-07-14,رئيس البلدية,محتسب البلدية,2016-07-05,Y,,,,,
165,2016,100,102,2016-07-05,H,,2016-07-05,972000,1,Y,MBSSMALL,2016-07-14,رئيس البلدية,محتسب البلدية,2016-07-05,Y,,,,,
165,2016,101,103,2016-07-05,H,,2016-07-05,5000000,1,Y,MBSSMALL,2016-07-14,رئيس البلدية,محتسب البلدية,2016-07-05,Y,,,,,
165,2016,102,105,2016-08-02,H,,2016-08-02,919000,1,Y,MBSSMALL,2016-08-03,رئيس البلدية,محتسب البلدية,2016-08-02,Y,,,,,
165,2016,103,104,2016-08-02,H,,2016-08-02,977000,1,Y,MBSSMALL,2016-08-03,رئيس البلدية,محتسب البلدية,2016-08-02,Y,,,,,
165,2016,104,107,2016-08-02,H,,2016-08-02,1013000,1,Y,MBSSMALL,2016-08-03,رئيس البلدية,محتسب البلدية,2016-08-02,Y,,,,,
165,2016,105,106,2016-08-02,H,,2016-08-02,1172000,1,Y,MBSSMALL,2016-08-03,رئيس البلدية,محتسب البلدية,2016-08-02,Y,,,,,
165,2016,106,108,2016-08-02,H,,2016-08-02,776000,1,Y,MBSSMALL,2016-08-03,رئيس البلدية,محتسب البلدية,2016-08-02,Y,,,,,
165,2016,107,109,2016-08-02,H,,2016-08-02,900000,1,Y,MBSSMALL,2016-08-03,رئيس البلدية,محتسب البلدية,2016-08-02,Y,,,,,
165,2016,108,110,2016-08-02,H,,2016-08-02,150000,1,Y,MBSSMALL,2016-08-03,رئيس البلدية,محتسب البلدية,2016-08-02,Y,,,,,
165,2016,109,111,2016-08-03,H,,2016-08-03,1570000,1,Y,MBSSMALL,2016-08-04,رئيس البلدية,محتسب البلدية,2016-08-03,Y,,,,,
165,2016,110,112,2016-08-04,H,,2016-08-04,2991000,1,Y,MBSSMALL,2016-08-04,رئيس البلدية,محتسب البلدية,2016-08-04,Y,,,,,
165,2016,111,113,2016-08-17,H,,2016-08-17,8896000,1,Y,MBSSMALL,2016-08-22,رئيس البلدية,محتسب البلدية,2016-08-17,Y,,,,,
165,2016,112,114,2016-08-17,H,,2016-08-17,16173000,1,Y,MBSSMALL,2016-08-22,رئيس البلدية,محتسب البلدية,2016-08-17,Y,,,,,
165,2016,113,115,2016-08-17,H,,2016-08-17,3709000,1,Y,MBSSMALL,2016-08-22,رئيس البلدية,محتسب البلدية,2016-08-17,Y,,,,,
165,2016,114,116,2016-08-17,H,,2016-08-17,3192000,1,Y,MBSSMALL,2016-08-22,رئيس البلدية,محتسب البلدية,2016-08-17,Y,,,,,
165,2016,115,118,2016-08-17,H,,2016-08-17,7003000,1,Y,MBSSMALL,2016-08-22,رئيس البلدية,محتسب البلدية,2016-08-17,Y,,,,,
165,2016,116,117,2016-08-17,H,,2016-08-17,9122000,1,Y,MBSSMALL,2016-08-22,رئيس البلدية,محتسب البلدية,2016-08-17,Y,,,,,
165,2016,117,119,2016-08-17,H,,2016-08-17,19800000,1,Y,MBSSMALL,2016-08-22,رئيس البلدية,محتسب البلدية,2016-08-17,Y,,,,,
165,2016,118,120,2016-08-17,H,,2016-08-17,11775000,1,Y,MBSSMALL,2016-08-22,رئيس البلدية,محتسب البلدية,2016-08-17,Y,,,,,
165,2016,119,121,2016-08-17,H,,2016-08-17,2561000,1,Y,MBSSMALL,2016-08-22,رئيس البلدية,محتسب البلدية,2016-08-17,Y,,,,,
165,2016,120,122,2016-08-17,H,,2016-08-17,260000,1,Y,MBSSMALL,2016-08-22,رئيس البلدية,محتسب البلدية,2016-08-17,Y,,,,,
165,2016,121,123,2016-08-17,H,,2016-08-17,5100000,1,Y,MBSSMALL,2016-08-22,رئيس البلدية,محتسب البلدية,2016-08-17,Y,,,,,
165,2016,122,124,2016-08-20,H,,2016-08-20,1570000,1,Y,MBSSMALL,2016-08-26,رئيس البلدية,محتسب البلدية,2016-08-20,Y,,,,,
165,2006,101,99,2006-07-07,H,,2006-07-08,450000,1,Y,MBSMONA,2006-07-31,المجلس البلدي,امين الصندوق,2006-07-08,Y,,,,,
165,2006,102,103,2006-07-08,H,,2006-07-08,1636000,1,Y,MBSMONA,2006-07-31,رئيس البلدية,امين الصندوق,2006-07-08,Y,,,,,
165,2006,103,104,2006-07-08,H,,2006-07-08,402000,1,Y,MBSMONA,2006-07-31,رئيس البلدية,امين الصندوق,2006-07-08,Y,,,,,
165,2006,104,105,2006-07-08,H,,2006-07-08,1050000,1,Y,MBSMONA,2006-07-31,رئيس البلدية,امين الصندوق,2006-07-08,Y,,,,,
165,2006,105,106,2006-07-01,H,,2006-08-07,1563000,1,Y,MBSMONA,2006-08-09,رئيس البلدية,امين الصندوق,2006-08-07,Y,,,,,
165,2006,106,107,2006-08-01,H,,2006-08-01,1636000,1,Y,MBSMONA,2006-08-22,رئيس البلدية,امين الصندوق,2006-08-01,Y,,,,,
165,2006,107,108,2006-07-31,,,2006-08-01,414000,,N,MBSMONA,2006-08-22,رئيس البلدية,امين الصندوق,,N,خطأ في التنسيب,2006-08-22,,,
165,2006,108,109,2006-07-31,H,,2006-08-01,414000,1,Y,MBSMONA,2006-08-22,رئيس البلدية,امين الصندوق,2006-08-01,Y,,,,,
165,2006,109,110,2006-07-31,H,,2006-08-01,1050000,1,Y,MBSMONA,2006-08-22,رئيس البلدية,امين الصندوق,2006-08-01,Y,,,,,
165,2006,110,111,2006-07-31,H,,2006-08-07,3228000,1,Y,MBSMONA,2006-08-22,المجلس البلدي,امين الصندوق,2006-08-07,Y,,,,,
165,2006,111,112,2006-08-05,H,,2006-08-07,4897000,1,Y,MBSMONA,2006-08-22,المجلس البلدي,امين الصندوق,2006-08-07,Y,,,,,
165,2006,112,113,2006-08-05,H,,2006-08-07,2555000,1,Y,MBSMONA,2006-08-22,المجلس البلدي,امين الصندوق,2006-08-07,Y,,,,,
165,2006,113,114,2006-08-05,H,,2006-08-07,6300000,1,Y,MBSMONA,2006-08-22,المجلس البلدي,امين الصندوق,2006-08-07,Y,,,,,
165,2006,114,115,2006-08-05,H,,2006-08-07,45000,1,Y,MBSMONA,2006-08-22,المجلس البلدي,امين الصندوق,2006-08-07,Y,,,,,
165,2006,115,116,2006-08-05,H,,2006-08-07,363000,1,Y,MBSMONA,2006-08-22,المجلس البلدي,امين الصندوق,2006-08-07,Y,,,,,
165,2006,116,117,2006-08-05,H,,2006-08-07,1560000,1,Y,MBSMONA,2006-08-22,المجلس البلدي,امين الصندوق,2006-08-07,Y,,,,,
165,2006,117,118,2006-08-05,H,,2006-08-07,1272000,1,Y,MBSMONA,2006-08-22,المجلس البلدي,امين الصندوق,2006-08-07,Y,,,,,
165,2006,118,119,2006-08-05,H,,2006-08-07,720000,1,Y,MBSMONA,2006-08-22,المجلس البلدي,امين الصندوق,2006-08-07,Y,,,,,
165,2006,119,120,2006-08-05,H,,2006-08-07,264000,1,Y,MBSMONA,2006-08-22,المجلس البلدي,امين الصندوق,2006-08-07,Y,,,,,
165,2006,120,121,2006-08-05,H,,2006-08-07,51000,1,Y,MBSMONA,2006-08-22,المجلس البلدي,امين الصندوق,2006-08-07,Y,,,,,
165,2006,121,122,2006-08-05,H,,2006-08-07,3000000,1,Y,MBSMONA,2006-08-22,المجلس البلدي,امين الصندوق,2006-08-07,Y,,,,,
165,2006,122,123,2006-07-31,H,,2006-08-07,2569000,1,Y,MBSMONA,2006-08-23,رئيس البلدية,امين الصندوق,2006-08-07,Y,,,,,
165,2006,123,124,2006-09-01,H,,2006-09-01,2700000,1,Y,MBSMONA,2006-09-19,رئيس البلدية,امين الصندوق,2006-09-01,Y,,,,,
165,2006,124,125,2006-09-01,H,,2006-09-01,1636000,1,Y,MBSMONA,2006-09-19,رئيس البلدية,امين الصندوق,2006-09-01,Y,,,,,
165,2006,125,126,2006-09-04,H,,2006-09-05,3180000,1,Y,MBSMONA,2006-10-10,المجلس البلدي,امين الصندوق,2006-09-05,Y,,,,,
165,2006,126,127,2006-09-04,H,,2006-09-05,1256000,1,Y,MBSMONA,2006-10-10,المجلس البلدي,امين الصندوق,2006-09-05,Y,,,,,
165,2006,127,128,2006-09-04,H,,2006-09-05,1255000,1,Y,MBSMONA,2006-10-10,المجلس البلدي,امين الصندوق,2006-09-05,Y,,,,,
165,2006,128,129,2006-09-04,H,,2006-09-05,3060000,1,Y,MBSMONA,2006-10-10,المجلس البلدس,امين الصندوق,2006-09-05,Y,,,,,
165,2006,129,130,2006-09-04,H,,2006-09-05,2940000,1,Y,MBSMONA,2006-10-10,المجلس البلدي,امين الصندوق,2006-09-05,Y,,,,,
165,2006,130,131,2006-09-04,H,,2006-09-05,1044000,1,Y,MBSMONA,2006-10-10,المجلس البلدي,امين الصندوق,2006-09-05,Y,,,,,
165,2006,131,132,2006-09-04,H,,2006-09-05,861000,1,Y,MBSMONA,2006-10-10,المجلس البلدي,امين الصندوق,2006-09-05,Y,,,,,
165,2006,132,133,2006-09-04,H,,2006-09-05,330000,1,Y,MBSMONA,2006-10-10,المجلس البلدي,امين الصندوق,2006-09-05,Y,,,,,
165,2006,133,134,2006-09-04,H,,2006-09-05,310000,1,Y,MBSMONA,2006-10-10,المجلس البلدي,امين الصندوق,2006-09-05,Y,,,,,
165,2006,134,135,2006-09-04,H,,2006-09-05,90000,1,Y,MBSMONA,2006-10-10,المجلس البلدي,امين الصندوق,2006-09-05,Y,,,,,
165,2006,135,136,2006-09-04,H,,2006-09-05,72000,1,Y,MBSMONA,2006-10-10,المجلس البلدي,امين الصندوق,2006-09-05,Y,,,,,
165,2006,136,137,2006-09-29,H,,2006-09-29,25350000,1,Y,MBSMONA,2006-10-11,المجلس البلدي,امين الصندوق,2006-09-29,Y,,,,,
165,2006,137,138,2006-09-01,H,,2006-09-01,462000,1,Y,MBSMONA,2006-10-25,رئيس البلدية,امين الصندوق,2006-09-01,Y,,,,,
165,2006,138,139,2006-09-01,H,,2006-09-01,1050000,1,Y,MBSMONA,2006-10-25,رئيس البلدية,امين الصندوق,2006-09-01,Y,,,,,
165,2006,139,140,2006-10-02,H,,2006-10-02,1636000,1,Y,MBSMONA,2006-10-25,رئيس البلدية,امين الصندوق,2006-10-02,Y,,,,,
165,2006,140,141,2006-09-30,H,,2006-10-02,444000,1,Y,MBSMONA,2006-11-06,رئيس البلدية,امين الصندوق,2006-10-02,Y,,,,,
165,2006,141,142,2006-10-02,H,,2006-10-02,1050000,1,Y,MBSMONA,2006-11-06,رئيس البلدية,امين الصندوق,2006-10-02,Y,,,,,
165,2006,142,143,2006-10-09,H,,2006-10-10,3228000,1,Y,MBSMONA,2006-11-06,المجلس البلدي,امين الصندوق,2006-10-10,Y,,,,,
165,2019,104,106,2019-09-26,H,,2019-09-26,1396000,1,Y,MBSSMALL,2019-10-01,رئيس البلدية,محتسب البلدية,2019-09-26,Y,,,,,
165,2019,105,107,2019-09-26,H,,2019-09-26,250000,1,Y,MBSSMALL,2019-10-01,رئيس البلدية,محتسب البلدية,2019-09-26,Y,,,,,
165,2019,106,108,2019-09-26,H,,2019-09-26,488000,1,Y,MBSSMALL,2019-10-01,رئيس البلدية,محتسب البلدية,2019-09-26,Y,,,,,
165,2019,107,109,2019-09-26,H,,2019-09-26,1548000,1,Y,MBSSMALL,2019-10-02,رئيس البلدية,محتسب البلدية,2019-09-26,Y,,,,,
165,2019,108,110,2019-09-26,H,,2019-09-26,1078000,1,Y,MBSSMALL,2019-10-02,رئيس البلدية,محتسب البلدية,2019-09-26,Y,,,,,
165,2019,109,111,2019-09-26,H,,2019-09-26,720000,1,Y,MBSSMALL,2019-10-02,رئيس البلدية,محتسب البلدية,2019-09-26,Y,,,,,
165,2019,110,112,2019-09-26,H,,2019-09-26,100000,1,Y,MBSSMALL,2019-10-02,رئيس البلدية,محتسب البلدية,2019-09-26,Y,,,,,
165,2019,111,113,2019-09-26,H,,2019-09-26,1521000,1,Y,MBSSMALL,2019-10-02,رئيس البلدية,محتسب البلدية,2019-09-26,Y,,,,,
165,2019,112,114,2019-09-26,H,,2019-09-26,2916000,1,Y,MBSSMALL,2019-10-03,رئيس البلدية,محتسب البلدية,2019-09-26,Y,,,,,
165,2019,113,115,2019-09-26,H,,2019-09-26,415000,1,Y,MBSSMALL,2019-10-03,رئيس البلدية,محتسب البلدية,2019-09-26,Y,,,,,
165,2019,114,116,2019-09-30,H,,2019-09-30,2372000,1,Y,MBSSMALL,2019-10-07,رئيس البلدية,محتسب البلدية,2019-09-30,Y,,,,,
165,2019,115,117,2019-09-30,H,,2019-09-30,2469000,1,Y,MBSSMALL,2019-10-07,رئيس البلدية,محتسب البلدية,2019-09-30,Y,,,,,
165,2019,116,118,2019-09-30,H,,2019-09-30,1917000,1,Y,MBSSMALL,2019-10-07,رئيس البلدية,محتسب البلدية,2019-09-30,Y,,,,,
165,2019,117,119,2019-09-30,H,,2019-09-30,1729000,1,Y,MBSSMALL,2019-10-07,رئيس البلدية,محتسب البلدية,2019-09-30,Y,,,,,
165,2019,118,120,2019-09-30,H,,2019-09-30,1883000,1,Y,MBSSMALL,2019-10-07,رئيس البلدية,محتسب البلدية,2019-09-30,Y,,,,,
165,2019,119,121,2019-09-30,H,,2019-09-30,1724000,1,Y,MBSSMALL,2019-10-07,رئيس البلدية,محتسب البلدية,2019-09-30,Y,,,,,
165,2019,120,122,2019-09-30,H,,2019-09-30,568000,1,Y,MBSSMALL,2019-10-07,رئيس البلدية,محتسب البلدية,2019-09-30,Y,,,,,
165,2019,121,123,2019-09-30,H,,2019-09-30,385000,1,Y,MBSSMALL,2019-10-07,رئيس البلدية,محتسب البلدية,2019-09-30,Y,,,,,
165,2019,122,124,2019-09-30,H,,2019-09-30,2460000,1,Y,MBSSMALL,2019-10-11,رئيس البلدية,محتسب البلدية,2019-09-30,Y,,,,,
165,2019,123,125,2019-09-30,H,,2019-09-30,18058000,1,Y,MBSSMALL,2019-10-14,رئيس البلدية,محتسب البلدية,2019-09-30,Y,,,,,
165,2019,124,126,2019-09-30,H,,2019-09-30,14760000,1,Y,MBSSMALL,2019-10-14,رئيس البلدية,محتسب البلدية,2019-09-30,Y,,,,,
165,2019,125,127,2019-09-30,H,,2019-09-30,16909000,1,Y,MBSSMALL,2019-10-14,رئيس البلدية,محتسب البلدية,2019-09-30,Y,,,,,
165,2019,126,128,2019-09-30,H,,2019-09-30,11588000,1,Y,MBSSMALL,2019-10-14,رئيس البلدية,محتسب البلدية,2019-09-30,Y,,,,,
165,2019,127,129,2019-09-30,H,,2019-09-30,16650000,1,Y,MBSSMALL,2019-10-14,رئيس البلدية,محتسب البلدية,2019-09-30,Y,,,,,
165,2019,128,130,2019-09-30,H,,2019-09-30,1700000,1,Y,MBSSMALL,2019-10-14,رئيس البلدية,محتسب البلدية,2019-09-30,Y,,,,,
165,2019,129,131,2019-09-30,H,,2019-09-30,9000000,1,Y,MBSSMALL,2019-10-14,رئيس البلدية,محتسب البلدية,2019-09-30,Y,,,,,
165,2019,130,132,2019-09-30,H,,2019-09-30,300000,1,Y,MBSSMALL,2019-10-14,رئيس البلدية,محتسب البلدية,2019-09-30,Y,,,,,
165,2019,131,133,2019-09-30,H,,2019-09-30,400000,1,Y,MBSSMALL,2019-10-14,رئيس البلدية,محتسب البلدية,2019-09-30,Y,,,,,
165,2019,132,134,2019-09-30,H,,2019-09-30,3000000,1,Y,MBSSMALL,2019-10-14,رئيس البلدية,محتسب البلدية,2019-09-30,Y,,,,,
165,2019,133,135,2019-09-30,H,,2019-09-30,3000000,1,Y,MBSSMALL,2019-10-14,رئيس البلدية,محتسب البلدية,2019-09-30,Y,,,,,
165,2004,294,299,2004-12-31,H,,2005-01-15,781000,1,Y,MBSMONA,2005-02-01,رئيس البلدية,امين الصندوق,2005-01-15,Y,,,,,
165,2004,295,300,2004-12-01,H,,2004-12-01,2700000,1,Y,MBSMONA,2005-02-01,رئيس البلدية,امين الصندوق,2004-12-01,Y,,,,,
165,2004,296,301,2004-12-31,,,2004-12-31,219000,,N,MBSMONA,2005-03-02,رئيس البلدية,محتسب البلدية,,N,"لا يجب اجاراء حوالة صرف, لان السلفة سددت نقدا",2005-03-02,,,
165,2005,1,1,2005-02-01,H,,2005-02-01,1710000,1,Y,MBSMONA,2005-04-08,رئيس البلدية,امين الصندوق,2005-02-01,Y,,,,,
165,2005,2,2,2005-02-01,H,,2005-02-01,372000,1,Y,MBSMONA,2005-04-08,رئيس البلدية,امين الصندوق,2005-02-01,Y,,,,,
165,2005,3,3,2005-02-21,H,,2005-02-22,3007000,1,Y,MBSMONA,2005-04-08,المجلس البلدي,امين الصندوق,2005-02-22,Y,,,,,
165,2005,4,4,2005-02-21,H,,2005-02-22,525000,1,Y,MBSMONA,2005-04-08,المجلس البلدي,امين الصندوق,2005-02-22,Y,,,,,
165,2005,5,5,2005-02-21,H,,2005-02-22,975000,1,Y,MBSMONA,2005-04-08,المجلس البلدي,امين الصندوق,2005-02-22,Y,,,,,
165,2005,6,6,2005-02-21,H,,2005-02-22,50000,1,Y,MBSMONA,2005-04-08,المجلس البلدي,امين الصندوق,2005-02-22,Y,,,,,
165,2005,7,7,2005-02-21,H,,2005-02-22,32000,1,Y,MBSMONA,2005-04-08,المجلس البلدي,امين الصندوق,2005-02-22,Y,,,,,
165,2005,8,8,2005-03-01,H,,2005-03-03,2700000,1,Y,MBSMONA,2005-04-08,رئيس البلدية,امين الصندوق,2005-03-03,Y,,,,,
165,2005,9,9,2005-03-03,H,,2005-03-04,1570000,1,Y,MBSMONA,2005-04-08,رئيس البلدية,امين الصندوق,2005-03-04,Y,,,,,
165,2005,10,10,2005-03-03,H,,2005-03-04,324000,1,Y,MBSMONA,2005-04-08,رئيس البلدية,امين الصندوق,2005-03-04,Y,,,,,
165,2005,11,11,2005-03-01,H,,2005-03-03,2100000,1,Y,MBSMONA,2005-04-08,رئيس البلدية,امين الصندوق,2005-03-03,Y,,,,,
165,2005,12,12,2005-03-07,H,,2005-03-08,3025000,1,Y,MBSMONA,2005-04-08,المجلس البلدي,امين الصندوق,2005-03-08,Y,,,,,
165,2005,13,13,2005-03-07,H,,2005-03-08,1280000,1,Y,MBSMONA,2005-04-08,المجلس البلدي,امين الصندوق,2005-03-08,Y,,,,,
165,2005,14,14,2005-03-07,H,,2005-03-08,972000,1,Y,MBSMONA,2005-04-08,المجلس البلدي,امين الصندوق,2005-03-08,Y,,,,,
165,2005,15,15,2005-03-07,H,,2005-03-08,302000,1,Y,MBSMONA,2005-04-08,المجلس البلدي,امين الصندوق,2005-03-08,Y,,,,,
165,2005,16,16,2005-03-07,H,,2005-03-08,350000,1,Y,MBSMONA,2005-04-08,المجلس البلدي,امين الصندوق,2005-03-08,Y,,,,,
165,2005,17,17,2005-03-01,H,,2005-03-08,950000,1,Y,MBSMONA,2005-04-11,رئيس البلدية,امين الصندوق,2005-03-11,Y,,,,,
165,2005,18,18,2005-03-14,H,,2005-03-14,539000,1,Y,MBSMONA,2005-04-11,رئيس البلدية,امين الصندوق,2005-03-14,Y,,,,,
165,2005,19,19,2005-03-14,H,,2005-03-14,320000,1,Y,MBSMONA,2005-04-11,رئيس البلدية,امين الصندوق,2005-03-14,Y,,,,,
165,2005,20,20,2005-03-14,H,,2005-03-14,195000,1,Y,MBSMONA,2005-04-11,رئيس البلدية,امين الصندوق,2005-03-14,Y,,,,,
165,2005,21,21,2005-03-31,H,,2005-04-05,783000,1,Y,MBSMONA,2005-04-11,رئيس البلدية,امين الصندوق,2005-04-05,Y,,,,,
165,2005,22,22,2005-04-05,H,,2005-04-05,1570000,1,Y,MBSMONA,2005-04-11,رئيس البلدية,امين الصندوق,2005-04-05,Y,,,,,
165,2005,23,23,2005-04-05,H,,2005-04-05,402000,1,Y,MBSMONA,2005-04-11,رئيس البلدية,امين الصندوق,2005-04-05,Y,,,,,
165,2005,24,24,2005-03-31,H,,2005-04-05,2793000,1,Y,MBSMONA,2005-04-11,رئيس البلدية,امين الصندوق,2005-04-05,Y,,,,,
165,2005,25,25,2005-04-04,H,,2005-04-05,3049000,1,Y,MBSMONA,2005-04-11,المجلس البلدي,امين الصندوق,2005-04-05,Y,,,,,
165,2005,26,26,2005-04-04,H,,2005-04-05,1725000,1,Y,MBSMONA,2005-04-12,المجلس البلدي,امين الصندوق,2005-04-05,Y,,,,,
165,2005,27,27,2005-04-04,H,,2005-04-05,1483000,1,Y,MBSMONA,2005-04-12,المجلس البلدي,امين الصندوق,2005-04-05,Y,,,,,
165,2005,28,28,2005-04-04,H,,2005-04-05,227000,1,Y,MBSMONA,2005-04-12,المجلس البلدي,امين الصندوق,2005-04-05,Y,,,,,
165,2005,29,29,2005-04-04,H,,2005-04-05,75000,1,Y,MBSMONA,2005-04-12,المجلس البلدي,امين الصندوق,2005-04-05,Y,,,,,
165,2005,30,30,2005-04-04,H,,2005-04-05,225000,1,Y,MBSMONA,2005-04-12,المجلس البلدي,امين الصندوق,2005-04-05,Y,,,,,
165,2005,31,31,2005-04-04,H,,2005-04-05,131000,1,Y,MBSMONA,2005-04-12,المجلس البلدي,امين الصندوق,2005-04-05,Y,,,,,
165,2005,32,32,2005-04-05,H,,2005-04-05,1050000,1,Y,MBSMONA,2005-04-12,رئيس البلدية,امين الصندوق,2005-04-05,Y,,,,,
165,2005,33,33,2005-04-30,,,2005-05-05,1211000,,N,MBSMONA,2005-05-18,رئيس البلدية,امين الصندوق,,N,خطأ في القيمة,2005-08-31,,,
165,2004,197,202,2004-10-06,H,,2004-10-07,315000,1,Y,MBSMONA,2004-10-27,المجلس البلدي,امين الصندوق,2004-10-07,Y,,,,,
165,2004,198,203,2004-10-06,H,,2004-10-07,105000,1,Y,MBSMONA,2004-10-27,المجلس البلدي,امين الصندوق,2004-10-07,Y,,,,,
165,2004,199,204,2004-10-06,H,,2004-10-07,180000,1,Y,MBSMONA,2004-10-27,المجلس البلدي,امين الصندوق,2004-10-07,Y,,,,,
165,2006,68,69,2006-06-23,H,,2006-06-24,4350000,1,Y,MBSMONA,2006-07-27,المجلس البلدي,امين الصندوق,2006-06-24,Y,,,,,
165,2006,69,70,2006-06-23,H,,2006-06-24,1127000,1,Y,MBSMONA,2006-07-27,المجلس البلدي,امين الصندوق,2006-06-24,Y,,,,,
165,2014,92,93,2014-09-10,H,,2014-09-10,150000,1,Y,BUDGET,2014-09-10,رئيس البلدية,محتسب البلدية,2014-09-10,Y,,,,,
165,2014,93,94,2014-09-10,H,,2014-09-10,497000,1,Y,BUDGET,2014-09-10,رئيس البلدية,محتسب البلدية,2014-09-10,Y,,,,,
165,2014,94,95,2014-09-10,H,,2014-09-10,60000,1,Y,BUDGET,2014-09-10,رئيس البلدية,محتسب البلدية,2014-09-10,Y,,,,,
165,2014,95,96,2014-09-10,H,,2014-09-10,2123000,1,Y,BUDGET,2014-09-10,رئيس البلدية,محتسب البلدية,2014-09-10,Y,,,,,
165,2014,96,97,2014-09-11,H,,2014-09-11,2270000,1,Y,BUDGET,2014-09-11,رئيس البلدية,محتسب البلدية,2014-09-11,Y,,,,,
165,2014,97,98,2014-09-12,H,,2014-09-12,152000,1,Y,BUDGET,2014-09-12,رئيس البلدية,محتسب البلدية,2014-09-12,Y,,,,,
165,2014,98,99,2014-09-12,H,,2014-09-12,2190000,1,Y,BUDGET,2014-09-12,رئيس البلدية,محتسب البلدية,2014-09-12,Y,,,,,
165,2014,99,100,2014-09-13,H,,2014-09-13,3000000,1,Y,BUDGET,2014-09-13,رئيس البلدية,محتسب البلدية,2014-09-13,Y,,,,,
165,2014,100,101,2014-09-15,H,,2014-09-15,2586000,1,Y,BUDGET,2014-09-15,رئيس البلدية,محتسب البلدية,2014-09-15,Y,,,,,
165,2014,101,102,2014-09-15,H,,2014-09-15,1600000,1,Y,BUDGET,2014-09-15,رئيس البلدية,محتسب البلدية,2014-09-15,Y,,,,,
165,2014,102,103,2014-09-15,H,,2014-09-15,2700000,1,Y,BUDGET,2014-09-15,رئيس البلدية,محتسب البلدية,2014-09-15,Y,,,,,
165,2014,103,104,2014-09-17,H,,2014-09-17,920000,1,Y,BUDGET,2014-09-17,رئيس البلدية,محتسب البلدية,2014-09-17,Y,,,,,
165,2014,104,105,2014-09-17,H,,2014-09-17,18909000,1,Y,BUDGET,2014-09-17,رئيس البلدية,محتسب البلدية,2014-09-17,Y,,,,,
165,2014,105,106,2014-09-17,H,,2014-09-17,13748000,1,Y,BUDGET,2014-09-17,رئيس البلدية,محتسب البلدية,2014-09-17,Y,,,,,
165,2014,106,107,2014-09-17,H,,2014-09-17,806000,1,Y,BUDGET,2014-09-17,رئيس البلدية,محتسب البلدية,2014-09-17,Y,,,,,
165,2014,107,108,2014-09-18,H,,2014-09-18,786000,1,Y,BUDGET,2014-09-18,رئيس البلدية,محتسب البلدية,2014-09-18,Y,,,,,
165,2014,108,109,2014-09-30,H,,2014-09-30,1040000,1,Y,BUDGET,2014-10-03,رئيس البلدية,محتسب البلدية,2014-09-30,Y,,,,,
165,2014,109,110,2014-09-30,H,,2014-09-30,2221000,1,Y,BUDGET,2014-10-03,رئيس البلدية,محتسب البلدية,2014-09-30,Y,,,,,
165,2014,60,61,2014-07-09,H,,2014-07-09,2620000,1,Y,BUDGET,2014-07-09,رئيس البلدية,محتسب البلدية,2014-07-09,Y,,,,,
165,2014,110,111,2014-09-30,H,,2014-09-30,624000,1,Y,BUDGET,2014-10-03,رئيس البلدية,محتسب البلدية,2014-09-30,Y,,,,,
165,2014,111,112,2014-09-30,H,,2014-09-30,1100000,1,Y,BUDGET,2014-10-03,رئيس البلدية,محتسب البلدية,2014-09-30,Y,,,,,
165,2014,112,113,2014-09-30,H,,2014-09-30,100000,1,Y,BUDGET,2014-10-03,رئيس البلدية,محتسب البلدية,2014-09-30,Y,,,,,
165,2014,113,114,2014-09-30,H,,2014-09-30,1020000,1,Y,BUDGET,2014-10-03,رئيس البلدية,محتسب البلدية,2014-09-30,Y,,,,,
165,2014,114,115,2014-09-30,H,,2014-09-30,1007000,1,Y,BUDGET,2014-10-03,رئيس البلدية,محتسب البلدية,2014-09-30,Y,,,,,
165,2014,115,116,2014-09-30,H,,2014-09-30,1990000,1,Y,BUDGET,2014-10-08,رئيس البلدية,محتسب البلدية,2014-09-30,Y,,,,,
165,2014,116,117,2014-09-30,H,,2014-09-30,900000,1,Y,BUDGET,2014-10-16,رئيس البلدية,محتسب البلدية,2014-09-30,Y,,,,,
165,2014,117,118,2014-09-30,H,,2014-09-30,12819000,1,Y,BUDGET,2014-10-16,رئيس البلدية,محتسب البلدية,2014-09-30,Y,,,,,
165,2014,118,119,2014-09-30,H,,2014-09-30,17741000,1,Y,BUDGET,2014-10-16,رئيس البلدية,محتسب البلدية,2014-09-30,Y,,,,,
165,2014,119,120,2014-09-30,H,,2014-09-30,3581000,1,Y,BUDGET,2014-10-16,رئيس البلدية,محتسب البلدية,2014-09-30,Y,,,,,
165,2014,120,121,2014-11-01,H,,2014-11-01,1040000,1,Y,BUDGET,2014-11-05,رئيس البلدية,محتسب البلدية,2014-11-01,Y,,,,,
165,2014,121,122,2014-11-01,H,,2014-11-01,2221000,1,Y,BUDGET,2014-11-05,رئيس البلدية,محتسب البلدية,2014-11-01,Y,,,,,
165,2014,122,123,2014-11-01,H,,2014-11-01,624000,1,Y,BUDGET,2014-11-05,رئيس البلدية,محتسب البلدية,2014-11-01,Y,,,,,
165,2021,27,27,2021-05-04,H,,2021-05-04,2744000,1,Y,MBSSMALL,2021-06-01,رئيس البلدية,محتسب البلدية,2021-05-04,Y,,,,,
165,2021,28,28,2021-05-17,H,,2021-05-17,2561000,1,Y,MBSSMALL,2021-06-01,رئيس البلدية,محتسب البلدية,2021-05-17,Y,,,,,
165,2021,29,29,2021-05-17,H,,2021-05-17,2357000,1,Y,MBSSMALL,2021-06-01,رئيس البلدية,محتسب البلدية,2021-05-17,Y,,,,,
165,2021,30,30,2021-05-18,H,,2021-05-18,12485000,1,Y,MBSSMALL,2021-06-03,رئيس البلدية,محتسب البلدية,2021-05-18,Y,,,,,
165,2021,31,31,2021-05-18,H,,2021-05-18,12322000,1,Y,MBSSMALL,2021-06-03,رئيس البلدية,محتسب البلدية,2021-05-18,Y,,,,,
165,2021,32,32,2021-05-18,H,,2021-05-18,11715000,1,Y,MBSSMALL,2021-06-03,رئيس البلدية,محتسب البلدية,2021-05-18,Y,,,,,
165,2021,33,33,2021-05-18,H,,2021-05-18,11386000,1,Y,MBSSMALL,2021-06-03,رئيس البلدية,محتسب البلدية,2021-05-18,Y,,,,,
165,2021,34,34,2021-05-18,H,,2021-05-18,14886000,1,Y,MBSSMALL,2021-06-03,رئيس البلدية,محتسب البلدية,2021-05-18,Y,,,,,
165,2021,35,35,2021-05-18,H,,2021-05-18,18981000,1,Y,MBSSMALL,2021-06-03,رئيس البلدية,محتسب البلدية,2021-05-18,Y,,,,,
165,2021,36,36,2021-05-18,H,,2021-05-18,3766000,1,Y,MBSSMALL,2021-06-03,رئيس البلدية,محتسب البلدية,2021-05-18,Y,,,,,
165,2021,37,37,2021-05-18,H,,2021-05-18,17250000,1,Y,MBSSMALL,2021-06-03,رئيس البلدية,محتسب البلدية,2021-05-18,Y,,,,,
165,2021,38,38,2021-05-18,H,,2021-05-18,4500000,1,Y,MBSSMALL,2021-06-03,رئيس البلدية,محتسب البلدية,2021-05-18,Y,,,,,
165,2021,39,39,2021-05-18,H,,2021-05-18,6411000,1,Y,MBSSMALL,2021-06-03,رئيس البلدية,محتسب البلدية,2021-05-18,Y,,,,,
165,2021,40,40,2021-05-31,H,,2021-05-31,2814000,1,Y,MBSSMALL,2021-06-03,رئيس البلدية,محتسب البلدية,2021-05-31,Y,,,,,
165,2021,41,41,2021-05-31,H,,2021-05-31,1926000,1,Y,MBSSMALL,2021-06-04,رئيس البلدية,محتسب البلدية,2021-05-31,Y,,,,,
165,2021,42,42,2021-05-31,H,,2021-05-31,1744000,1,Y,MBSSMALL,2021-06-04,رئيس البلدية,محتسب البلدية,2021-05-31,Y,,,,,
165,2021,43,43,2021-05-31,H,,2021-05-31,1906000,1,Y,MBSSMALL,2021-06-04,رئيس البلدية,محتسب البلدية,2021-05-31,Y,,,,,
165,2021,44,44,2021-05-31,H,,2021-05-31,1734000,1,Y,MBSSMALL,2021-06-04,رئيس البلدية,محتسب البلدية,2021-05-31,Y,,,,,
165,2021,45,45,2021-05-31,H,,2021-05-31,544000,1,Y,MBSSMALL,2021-06-04,رئيس البلدية,محتسب البلدية,2021-05-31,Y,,,,,
165,2021,46,46,2021-06-30,H,,2021-06-30,1926000,1,Y,MBSSMALL,2021-06-30,رئيس البلدية,محتسب البلدية,2021-06-30,Y,,,,,
165,2021,47,47,2021-06-30,H,,2021-06-30,1744000,1,Y,MBSSMALL,2021-06-30,رئيس البلدية,محتسب البلدية,2021-06-30,Y,,,,,
165,2021,48,48,2021-06-30,H,,2021-06-30,1906000,1,Y,MBSSMALL,2021-06-30,رئيس البلدية,محتسب البلدية,2021-06-30,Y,,,,,
165,2021,49,49,2021-06-30,H,,2021-06-30,1734000,1,Y,MBSSMALL,2021-06-30,رئيس البلدية,محتسب البلدية,2021-06-30,Y,,,,,
165,2021,50,50,2021-06-30,H,,2021-06-30,704000,1,Y,MBSSMALL,2021-06-30,رئيس البلدية,محتسب البلدية,2021-06-30,Y,,,,,
165,2021,51,51,2021-08-02,H,,2021-08-02,1926000,1,Y,MBSSMALL,2021-08-02,رئيس البلدية,محتسب البلدية,2021-08-02,Y,,,,,
165,2021,52,52,2021-08-02,H,,2021-08-02,1744000,1,Y,MBSSMALL,2021-08-02,رئيس البلدية,محتسب البلدية,2021-08-02,Y,,,,,
165,2021,53,53,2021-08-02,H,,2021-08-02,1906000,1,Y,MBSSMALL,2021-08-02,رئيس البلدية,محتسب البلدية,2021-08-02,Y,,,,,
165,2021,54,55,2021-08-02,H,,2021-08-02,1734000,1,Y,MBSSMALL,2021-08-02,رئيس البلدية,محتسب البلدية,2021-08-02,Y,,,,,
165,2021,55,56,2021-08-02,H,,2021-08-02,608000,1,Y,MBSSMALL,2021-08-02,رئيس البلدية,محتسب البلدية,2021-08-02,Y,,,,,
165,2021,56,57,2021-08-02,H,,2021-08-02,700000,1,Y,MBSSMALL,2021-08-02,رئيس البلدية,محتسب البلدية,2021-08-02,Y,,,,,
165,2021,57,58,2021-08-02,H,,2021-08-02,700000,1,Y,MBSSMALL,2021-08-02,رئيس البلدية,محتسب البلدية,2021-08-02,Y,,,,,
165,2021,58,59,2021-08-02,H,,2021-08-02,500000,1,Y,MBSSMALL,2021-08-02,رئيس البلدية,محتسب البلدية,2021-08-02,Y,,,,,
165,2021,59,60,2021-08-06,H,,2021-08-06,10429000,1,Y,MBSSMALL,2021-08-23,رئيس البلدية,محتسب البلدية,2021-08-06,Y,,,,,
165,2021,60,61,2021-08-06,H,,2021-08-06,15960000,1,Y,MBSSMALL,2021-08-23,رئيس البلدية,محتسب البلدية,2021-08-06,Y,,,,,
165,2021,61,62,2021-08-06,H,,2021-08-06,18003000,1,Y,MBSSMALL,2021-08-23,رئيس البلدية,محتسب البلدية,2021-08-06,Y,,,,,
165,2021,62,63,2021-08-06,H,,2021-08-06,9568000,1,Y,MBSSMALL,2021-08-23,رئيس البلدية,محتسب البلدية,2021-08-06,Y,,,,,
165,2021,63,64,2021-08-06,H,,2021-08-06,11927000,1,Y,MBSSMALL,2021-08-24,رئيس البلدية,محتسب البلدية,2021-08-06,Y,,,,,
165,2021,64,65,2021-08-06,H,,2021-08-06,14220000,1,Y,MBSSMALL,2021-08-24,رئيس البلدية,محتسب البلدية,2021-08-06,Y,,,,,
165,2021,65,66,2021-08-06,H,,2021-08-06,900000,1,Y,MBSSMALL,2021-08-24,رئيس البلدية,محتسب البلدية,2021-08-06,Y,,,,,
165,2021,66,67,2021-08-06,H,,2021-08-06,14000000,1,Y,MBSSMALL,2021-08-24,رئيس البلدية,محتسب البلدية,2021-08-06,Y,,,,,
165,2025,95,98,2025-04-30,H,,2025-04-30,45900000,1,Y,MBSSMALL,2025-05-08,رئيس البلدية,محتسب البلدية,2025-04-30,Y,,,,,1.0
165,2025,96,99,2025-04-30,H,,2025-04-30,31500000,1,Y,MBSSMALL,2025-05-08,رئيس البلدية,محتسب البلدية,2025-04-30,Y,,,,,1.0
165,2025,97,100,2025-04-30,H,,2025-04-30,48600000,1,Y,MBSSMALL,2025-05-08,رئيس البلدية,محتسب البلدية,2025-04-30,Y,,,,,1.0
165,2025,98,101,2025-04-30,H,,2025-04-30,32400000,1,Y,MBSSMALL,2025-05-08,رئيس البلدية,محتسب البلدية,2025-04-30,Y,,,,,1.0
165,2025,99,102,2025-04-30,H,,2025-04-30,21600000,1,Y,MBSSMALL,2025-05-08,رئيس البلدية,محتسب البلدية,2025-04-30,Y,,,,,1.0
165,2025,100,103,2025-04-30,H,,2025-04-30,18900000,1,Y,MBSSMALL,2025-05-08,رئيس البلدية,محتسب البلدية,2025-04-30,Y,,,,,1.0
165,2025,101,104,2025-04-30,H,,2025-04-30,49500000,1,Y,MBSSMALL,2025-05-08,رئيس البلدية,محتسب البلدية,2025-04-30,Y,,,,,1.0
165,2025,102,105,2025-04-30,H,,2025-04-30,49500000,1,Y,MBSSMALL,2025-05-08,رئيس البلدية,محتسب البلدية,2025-04-30,Y,,,,,1.0
165,2025,103,106,2025-04-30,H,,2025-04-30,49500000,1,Y,MBSSMALL,2025-05-08,رئيس البلدية,محتسب البلدية,2025-04-30,Y,,,,,1.0
165,2025,104,107,2025-04-30,H,,2025-04-30,49500000,1,Y,MBSSMALL,2025-05-08,رئيس البلدية,محتسب البلدية,2025-04-30,Y,,,,,1.0
165,2025,105,108,2025-04-30,H,,2025-04-30,49500000,1,Y,MBSSMALL,2025-05-08,رئيس البلدية,محتسب البلدية,2025-04-30,Y,,,,,1.0
165,2025,106,109,2025-04-30,H,,2025-04-30,49500000,1,Y,MBSSMALL,2025-05-08,رئيس البلدية,محتسب البلدية,2025-04-30,Y,,,,,1.0
165,2025,107,110,2025-04-30,H,,2025-04-30,49500000,1,Y,MBSSMALL,2025-05-08,رئيس البلدية,محتسب البلدية,2025-04-30,Y,,,,,1.0
165,2025,108,111,2025-04-30,H,,2025-04-30,49500000,1,Y,MBSSMALL,2025-05-08,رئيس البلدية,محتسب البلدية,2025-04-30,Y,,,,,1.0
165,2025,109,112,2025-04-30,H,,2025-04-30,49500000,1,Y,MBSSMALL,2025-05-08,رئيس البلدية,محتسب البلدية,2025-04-30,Y,,,,,1.0
165,2025,110,113,2025-04-30,H,,2025-04-30,12900000,1,Y,MBSSMALL,2025-05-08,رئيس البلدية,محتسب البلدية,2025-04-30,Y,,,,,1.0
165,2025,111,114,2025-04-30,H,,2025-04-30,31680000,1,Y,MBSSMALL,2025-05-08,رئيس البلدية,محتسب البلدية,2025-04-30,Y,,,,,1.0
165,2025,112,115,2025-04-30,H,,2025-04-30,31680000,1,Y,MBSSMALL,2025-05-08,رئيس البلدية,محتسب البلدية,2025-04-30,Y,,,,,1.0
165,2025,113,116,2025-04-30,H,,2025-04-30,48600000,1,Y,MBSSMALL,2025-05-08,رئيس البلدية,محتسب البلدية,2025-04-30,Y,,,,,1.0
165,2025,194,199,2025-05-30,H,,2025-05-30,3060000,1,Y,MBSSMALL,2025-06-02,رئيس البلدية,محتسب البلدية,2025-05-30,Y,,,,,1.0
165,2025,200,205,2025-07-10,H,,2025-07-10,33550000,1,Y,MBSSMALL,2025-07-21,رئيس البلدية,محتسب البلدية,2025-07-10,Y,,,,,1.0
165,2025,201,206,2025-07-10,H,,2025-07-10,30580000,1,Y,MBSSMALL,2025-07-21,رئيس البلدية,محتسب البلدية,2025-07-10,Y,,,,,1.0
165,2025,202,207,2025-07-10,H,,2025-07-10,40800000,1,Y,MBSSMALL,2025-07-21,رئيس البلدية,محتسب البلدية,2025-07-10,Y,,,,,1.0
165,2025,203,208,2025-07-10,H,,2025-07-10,33600000,1,Y,MBSSMALL,2025-07-21,رئيس البلدية,محتسب البلدية,2025-07-10,Y,,,,,1.0
165,2025,204,209,2025-07-10,H,,2025-07-10,36450000,1,Y,MBSSMALL,2025-07-21,رئيس البلدية,محتسب البلدية,2025-07-10,Y,,,,,1.0
165,2025,205,210,2025-07-10,H,,2025-07-10,44200000,1,Y,MBSSMALL,2025-07-21,رئيس البلدية,محتسب البلدية,2025-07-10,Y,,,,,1.0
165,2025,206,211,2025-07-10,H,,2025-07-10,40550000,1,Y,MBSSMALL,2025-07-21,رئيس البلدية,محتسب البلدية,2025-07-10,Y,,,,,1.0
165,2025,216,221,2025-07-10,H,,2025-07-10,15200000,1,Y,MBSSMALL,2025-07-23,رئيس البلدية,محتسب البلدية,2025-07-10,Y,,,,,1.0
165,2025,217,222,2025-07-10,H,,2025-07-10,33864000,1,Y,MBSSMALL,2025-07-23,رئيس البلدية,محتسب البلدية,2025-07-10,Y,,,,,1.0
165,2025,218,223,2025-07-10,H,,2025-07-10,36450000,1,Y,MBSSMALL,2025-07-23,رئيس البلدية,محتسب البلدية,2025-07-10,Y,,,,,1.0
165,2025,219,224,2025-07-10,H,,2025-07-10,37600000,1,Y,MBSSMALL,2025-07-23,رئيس البلدية,محتسب البلدية,2025-07-10,Y,,,,,1.0
165,2025,220,225,2025-07-10,H,,2025-07-10,2115000,1,Y,MBSSMALL,2025-07-24,رئيس البلدية,محتسب البلدية,2025-07-10,Y,,,,,1.0
165,2025,221,226,2025-07-10,,,2025-07-10,1920000,,N,MBSSMALL,2025-07-24,رئيس البلدية,محتسب البلدية,,N,خطأ في التوقيفات,2025-07-24,,,1.0
165,2025,222,226,2025-07-10,H,,2025-07-10,1917000,1,Y,MBSSMALL,2025-07-24,رئيس البلدية,محتسب البلدية,2025-07-10,Y,,,,,1.0
165,2025,223,227,2025-07-10,H,,2025-07-10,2039000,1,Y,MBSSMALL,2025-07-24,رئيس البلدية,محتسب البلدية,2025-07-10,Y,,,,,1.0
165,2025,224,228,2025-07-10,H,,2025-07-10,1880000,1,Y,MBSSMALL,2025-07-24,رئيس البلدية,محتسب البلدية,2025-07-10,Y,,,,,1.0
165,2025,225,229,2025-07-10,H,,2025-07-10,29700000,1,Y,MBSSMALL,2025-07-24,رئيس البلدية,محتسب البلدية,2025-07-10,Y,,,,,1.0
165,2025,226,230,2025-07-10,H,,2025-07-10,41595000,1,Y,MBSSMALL,2025-07-24,رئيس البلدية,محتسب البلدية,2025-07-10,Y,,,,,1.0
165,2025,227,231,2025-07-10,H,,2025-07-10,39235000,1,Y,MBSSMALL,2025-07-24,رئيس البلدية,محتسب البلدية,2025-07-10,Y,,,,,1.0
165,2025,228,232,2025-07-10,H,,2025-07-10,24000000,1,Y,MBSSMALL,2025-07-24,رئيس البلدية,محتسب البلدية,2025-07-10,Y,,,,,1.0
165,2025,229,233,2025-07-10,H,,2025-07-10,24000000,1,Y,MBSSMALL,2025-07-24,رئيس البلدية,محتسب البلدية,2025-07-10,Y,,,,,1.0
165,2025,230,234,2025-07-17,H,,2025-07-17,19610000,1,Y,MBSSMALL,2025-07-24,رئيس البلدية,محتسب البلدية,2025-07-17,Y,,,,,1.0
165,2025,231,235,2025-07-31,H,,2025-07-31,1980000,1,Y,MBSSMALL,2025-08-14,رئيس البلدية,محتسب البلدية,2025-07-31,Y,,,,,1.0
165,2025,232,236,2025-07-31,H,,2025-07-31,1832000,1,Y,MBSSMALL,2025-08-14,رئيس البلدية,محتسب البلدية,2025-07-31,Y,,,,,1.0
165,2025,233,237,2025-07-31,H,,2025-07-31,2039000,1,Y,MBSSMALL,2025-08-14,رئيس البلدية,محتسب البلدية,2025-07-31,Y,,,,,1.0
165,2025,234,238,2025-07-31,H,,2025-07-31,1880000,1,Y,MBSSMALL,2025-08-14,رئيس البلدية,محتسب البلدية,2025-07-31,Y,,,,,1.0
165,2025,235,239,2025-07-31,H,,2025-07-31,39600000,1,Y,MBSSMALL,2025-08-14,رئيس البلدية,محتسب البلدية,2025-07-31,Y,,,,,1.0
165,2025,236,240,2025-07-31,H,,2025-07-31,42000000,1,Y,MBSSMALL,2025-08-14,رئيس البلدية,محتسب البلدية,2025-07-31,Y,,,,,1.0
165,2025,237,241,2025-07-31,H,,2025-07-31,39480000,1,Y,MBSSMALL,2025-08-14,رئيس البلدية,محتسب البلدية,2025-07-31,Y,,,,,1.0
165,2025,238,242,2025-07-31,H,,2025-07-31,39000000,1,Y,MBSSMALL,2025-08-14,رئيس البلدية,محتسب البلدية,2025-07-31,Y,,,,,1.0
165,2025,239,243,2025-07-31,H,,2025-07-31,24000000,1,Y,MBSSMALL,2025-08-14,رئيس البلدية,محتسب البلدية,2025-07-31,Y,,,,,1.0
165,2025,240,244,2025-08-13,H,,2025-08-13,488030000,1,Y,MBSSMALL,2025-08-14,رئيس البلدية,محتسب البلدية,2025-08-13,Y,,,,,1.0
165,2025,241,245,2025-08-13,H,,2025-08-13,419623000,1,Y,MBSSMALL,2025-08-14,رئيس البلدية,محتسب البلدية,2025-08-13,Y,,,,,1.0
165,2025,248,252,2025-07-28,H,,2025-07-28,46710000,1,Y,MBSSMALL,2025-08-19,رئيس البلدية,محتسب البلدية,2025-07-28,Y,,,,,1.0
165,2025,265,269,2025-09-16,H,,2025-09-16,12000000,1,Y,MBSSMALL,2025-09-24,رئيس البلدية,محتسب البلدية,2025-09-17,Y,,,,,1.0
165,2025,266,270,2025-09-16,H,,2025-09-16,20200000,1,Y,MBSSMALL,2025-09-24,رئيس البلدية,محتسب البلدية,2025-09-17,Y,,,,,1.0
165,2025,267,271,2025-09-16,H,,2025-09-16,7000000,1,Y,MBSSMALL,2025-09-24,رئيس البلدية,محتسب البلدية,2025-09-17,Y,,,,,1.0
165,2025,268,272,2025-09-16,H,,2025-09-16,9000000,1,Y,MBSSMALL,2025-09-24,رئيس البلدية,محتسب البلدية,2025-09-17,Y,,,,,1.0
165,2025,314,319,2025-11-14,H,,2025-11-14,38040000,1,Y,MBSSMALL,2025-12-11,رئيس البلدية,محتسب البلدية,2025-11-27,Y,,,,,1.0
165,2025,315,320,2025-11-27,H,,2025-11-27,148350000,1,Y,MBSSMALL,2025-12-11,27/11/2025,محتسب البلدية,2025-11-27,Y,,,,,1.0
165,2025,316,321,2025-11-14,H,,2025-11-27,10170000,1,Y,MBSSMALL,2025-12-11,رئيس البلدية,محتسب البلدية,2025-11-27,Y,,,,,1.0
165,2025,317,322,2025-11-27,H,,2025-11-27,4500000,1,Y,MBSSMALL,2025-12-11,رئيس البلدية,محتسب البلدية,2025-11-27,Y,,,,,1.0
165,2026,4,4,2026-01-30,H,,2026-01-30,178580000,1,Y,MBSSMALL,2026-02-18,رئيس البلدية,محتسب البلدية,2026-01-30,Y,,,,,1.0
165,2026,51,51,2026-04-15,H,,2026-04-15,575045000,1,Y,MBSSMALL,2026-05-07,رئيس البلدية,محتسب البلدية,2026-04-15,Y,,,,,1.0
165,2026,52,52,2026-04-15,H,,2026-04-15,518000000,1,Y,MBSSMALL,2026-05-07,رئيس البلدية,محتسب البلدية,2026-04-15,Y,,,,,1.0
165,2026,53,53,2026-04-15,H,,2026-04-15,29160000,1,Y,MBSSMALL,2026-05-07,رئيس البلدية,محتسب البلدية,2026-04-15,Y,,,,,1.0
165,2024,235,239,2024-12-06,H,,2024-12-06,19620000,1,Y,MBSSMALL,2024-12-11,رئيس البلدية,محتسب البلدية,2024-12-06,Y,,,,,1.0
165,2024,236,240,2024-12-06,H,,2024-12-06,14000000,1,Y,MBSSMALL,2024-12-11,رئيس البلدية,محتسب البلدية,2024-12-06,Y,,,,,1.0
165,2024,237,241,2024-12-06,H,,2024-12-06,14400000,1,Y,MBSSMALL,2024-12-11,رئيس البلدية,محتسب البلدية,2024-12-06,Y,,,,,1.0
165,2024,238,242,2024-12-06,H,,2024-12-06,19180000,1,Y,MBSSMALL,2024-12-11,رئيس البلدية,محتسب البلدية,2024-12-06,Y,,,,,1.0
165,2024,239,243,2024-12-06,H,,2024-12-06,9000000,1,Y,MBSSMALL,2024-12-11,رئيس البلدية,محتسب البلدية,2024-12-06,Y,,,,,1.0
165,2024,240,244,2024-12-06,H,,2024-12-06,28250000,1,Y,MBSSMALL,2024-12-11,رئيس البلدية,محتسب البلدية,2024-12-06,Y,,,,,1.0
165,2024,241,245,2024-12-06,H,,2024-12-06,35290000,1,Y,MBSSMALL,2024-12-11,رئيس البلدية,محتسب البلدية,2024-12-06,Y,,,,,1.0
165,2024,273,280,2024-12-31,H,,2024-12-31,35950000,1,Y,MBSSMALL,2025-01-29,رئيس البلدية,محتسب البلدية,2024-12-31,Y,,,,,1.0
165,2024,274,281,2024-12-31,H,,2024-12-31,38750000,1,Y,MBSSMALL,2025-01-29,رئيس البلدية,محتسب البلدية,2024-12-31,Y,,,,,1.0
165,2024,275,282,2024-12-31,H,,2024-12-31,37050000,1,Y,MBSSMALL,2025-01-29,رئيس البلدية,محتسب البلدية,2024-12-31,Y,,,,,1.0
165,2024,276,283,2024-12-31,H,,2024-12-31,43300000,1,Y,MBSSMALL,2025-01-29,رئيس البلدية,محتسب البلدية,2024-12-31,Y,,,,,1.0
165,2024,277,284,2024-12-31,H,,2024-12-31,34675000,1,Y,MBSSMALL,2025-01-29,رئيس البلدية,محتسب البلدية,2024-12-31,Y,,,,,1.0
165,2024,278,285,2024-12-20,H,,2024-12-20,7415000,1,Y,MBSSMALL,2025-01-29,رئيس البلدية,محتسب البلدية,2024-12-20,Y,,,,,1.0
165,2024,279,286,2024-12-31,H,,2024-12-31,32810000,1,Y,MBSSMALL,2025-01-29,رئيس البلدية,محتسب البلدية,2024-12-31,Y,,,,,1.0
165,2025,12,12,2025-02-28,H,,2025-02-28,2115000,1,Y,MBSSMALL,2025-03-04,رئيس البلدية,محتسب البلدية,2025-02-28,Y,,,,,1.0
165,2025,13,13,2025-02-28,H,,2025-02-28,1917000,1,Y,MBSSMALL,2025-03-04,رئيس البلدية,محتسب البلدية,2025-02-28,Y,,,,,1.0
165,2025,14,14,2025-02-28,H,,2025-02-28,2039000,1,Y,MBSSMALL,2025-03-04,رئيس البلدية,محتسب البلدية,2025-02-28,Y,,,,,1.0
165,2025,15,15,2025-02-28,H,,2025-02-28,1880000,1,Y,MBSSMALL,2025-03-04,رئيس البلدية,محتسب البلدية,2025-02-28,Y,,,,,1.0
165,2025,40,41,2025-03-27,H,,2025-03-27,47700000,1,Y,MBSSMALL,2025-04-07,رئيس البلدية,محتسب البلدية,2025-03-27,Y,,,,,1.0
165,2025,41,42,2025-03-27,H,,2025-03-27,50000000,1,Y,MBSSMALL,2025-04-07,رئيس البلدية,محتسب البلدية,2025-03-27,Y,,,,,1.0
165,2025,42,43,2025-03-27,H,,2025-03-27,36000000,1,Y,MBSSMALL,2025-04-07,رئيس البلدية,محتسب البلدية,2025-03-27,Y,,,,,1.0
165,2025,43,44,2025-03-27,H,,2025-03-27,16650000,1,Y,MBSSMALL,2025-04-07,رئيس البلدية,محتسب البلدية,2025-03-27,Y,,,,,1.0
165,2025,44,45,2025-03-27,H,,2025-03-27,46450000,1,Y,MBSSMALL,2025-04-07,رئيس البلدية,محتسب البلدية,2025-03-27,Y,,,,,1.0
165,2025,45,46,2025-03-27,H,,2025-03-27,24810000,1,Y,MBSSMALL,2025-04-07,رئيس البلدية,محتسب البلدية,2025-03-27,Y,,,,,1.0
165,2025,46,47,2025-03-27,H,,2025-03-27,36200000,1,Y,MBSSMALL,2025-04-07,رئيس البلدية,محتسب البلدية,2025-03-27,Y,,,,,1.0
165,2025,47,48,2025-03-27,H,,2025-03-27,42732000,1,Y,MBSSMALL,2025-04-07,رئيس البلدية,محتسب البلدية,2025-03-27,Y,,,,,1.0
165,2025,48,50,2025-04-02,H,,2025-04-02,2115000,1,Y,MBSSMALL,2025-04-07,رئيس البلدية,محتسب البلدية,2025-04-02,Y,,,,,1.0
165,2025,49,51,2025-04-02,H,,2025-04-02,1917000,1,Y,MBSSMALL,2025-04-07,رئيس البلدية,محتسب البلدية,2025-04-02,Y,,,,,1.0
165,2025,50,52,2025-04-02,H,,2025-04-02,2039000,1,Y,MBSSMALL,2025-04-07,رئيس البلدية,محتسب البلدية,2025-04-02,Y,,,,,1.0
165,2025,51,53,2025-04-02,H,,2025-04-02,1880000,1,Y,MBSSMALL,2025-04-07,رئيس البلدية,محتسب البلدية,2025-04-02,Y,,,,,1.0
165,2025,52,54,2025-04-02,H,,2025-04-02,30600000,1,Y,MBSSMALL,2025-04-07,رئيس البلدية,محتسب البلدية,2025-04-02,Y,,,,,1.0
165,2025,53,55,2025-04-02,H,,2025-04-02,39000000,1,Y,MBSSMALL,2025-04-07,رئيس البلدية,محتسب البلدية,2025-04-02,Y,,,,,1.0
165,2025,54,56,2025-04-02,H,,2025-04-02,36480000,1,Y,MBSSMALL,2025-04-07,رئيس البلدية,محتسب البلدية,2025-04-02,Y,,,,,1.0
165,2025,55,57,2025-04-02,H,,2025-04-02,24000000,1,Y,MBSSMALL,2025-04-07,رئيس البلدية,محتسب البلدية,2025-04-02,Y,,,,,1.0
165,2025,56,58,2025-04-02,H,,2025-04-02,24000000,1,Y,MBSSMALL,2025-04-07,رئيس البلدية,محتسب البلدية,2025-04-02,Y,,,,,1.0
165,2025,246,250,2025-08-13,H,,2025-08-13,148500000,1,Y,MBSSMALL,2025-08-19,رئيس البلدية,محتسب البلدية,2025-08-13,Y,,,,,1.0
165,2025,270,274,2025-09-01,H,,2025-09-01,8050000,1,Y,MBSSMALL,2025-10-07,رئيس البلدية,محتسب البلدية,2025-09-01,Y,,,,,1.0
165,2025,271,275,2025-09-01,H,,2025-09-01,9000000,1,Y,MBSSMALL,2025-10-07,رئيس البلدية,محتسب البلدية,2025-09-01,Y,,,,,1.0
165,2025,272,276,2025-09-01,H,,2025-09-01,7000000,1,Y,MBSSMALL,2025-10-07,رئيس البلدية,محتسب البلدية,2025-09-01,Y,,,,,1.0
165,2025,273,277,2025-09-01,H,,2025-09-01,8550000,1,Y,MBSSMALL,2025-10-07,رئيس البلدية,محتسب البلدية,2025-09-01,Y,,,,,1.0
165,2025,274,278,2025-09-01,H,,2025-09-01,31220000,1,Y,MBSSMALL,2025-10-07,رئيس البلدية,محتسب البلدية,2025-09-01,Y,,,,,1.0
165,2025,275,279,2025-09-01,H,,2025-09-01,37452000,1,Y,MBSSMALL,2025-10-07,رئيس البلدية,محتسب البلدية,2025-09-01,Y,,,,,1.0
165,2025,276,280,2025-09-11,H,,2025-09-11,10400000,1,Y,MBSSMALL,2025-10-07,رئيس البلدية,محتسب البلدية,2025-09-11,Y,,,,,1.0
165,2025,277,281,2025-09-18,H,,2025-09-18,25661000,1,Y,MBSSMALL,2025-10-07,رئيس البلدية,محتسب البلدية,2025-09-18,Y,,,,,1.0
165,2025,278,282,2025-09-25,H,,2025-09-25,10475000,1,Y,MBSSMALL,2025-10-07,رئيس البلدية,محتسب البلدية,2025-09-25,Y,,,,,1.0
165,2025,279,283,2025-09-25,H,,2025-09-25,8175000,1,Y,MBSSMALL,2025-10-07,رئيس البلدية,محتسب البلدية,2025-09-25,Y,,,,,1.0
165,2025,280,284,2025-09-30,H,,2025-09-30,15930000,1,Y,MBSSMALL,2025-10-07,رئيس البلدية,محتسب البلدية,2025-09-30,Y,,,,,1.0
165,2025,281,285,2025-09-30,H,,2025-09-30,79000000,1,Y,MBSSMALL,2025-10-07,رئيس البلدية,محتسب البلدية,2025-09-30,Y,,,,,1.0
165,2025,282,286,2025-09-30,H,,2025-09-30,93495000,1,Y,MBSSMALL,2025-10-07,رئيس البلدية,محتسب البلدية,2025-09-30,Y,,,,,1.0
165,2025,283,287,2025-09-30,H,,2025-09-30,77615000,1,Y,MBSSMALL,2025-10-08,رئيس البلدية,محتسب البلدية,2025-09-30,Y,,,,,1.0
165,2025,284,288,2025-09-30,H,,2025-09-30,72258000,1,Y,MBSSMALL,2025-10-08,رئيس البلدية,محتسب البلدية,2025-09-30,Y,,,,,1.0
165,2025,285,289,2025-09-30,H,,2025-09-30,1980000,1,Y,MBSSMALL,2025-10-08,رئيس البلدية,محتسب البلدية,2025-09-30,Y,,,,,1.0
165,2025,286,290,2025-09-30,H,,2025-09-30,1832000,1,Y,MBSSMALL,2025-10-08,رئيس البلدية,محتسب البلدية,2025-09-30,Y,,,,,1.0
165,2025,287,292,2025-09-30,H,,2025-09-30,2039000,1,Y,MBSSMALL,2025-10-08,رئيس البلدية,محتسب البلدية,2025-09-30,Y,,,,,1.0
165,2025,288,293,2025-09-30,H,,2025-09-30,1880000,1,Y,MBSSMALL,2025-10-08,رئيس البلدية,محتسب البلدية,2025-09-30,Y,,,,,1.0
165,2025,289,294,2025-09-30,H,,2025-09-30,36450000,1,Y,MBSSMALL,2025-10-08,رئيس البلدية,محتسب البلدية,2025-09-30,Y,,,,,1.0
165,2025,290,295,2025-09-30,H,,2025-09-30,42000000,1,Y,MBSSMALL,2025-10-08,رئيس البلدية,محتسب البلدية,2025-09-30,Y,,,,,1.0
165,2025,291,296,2025-09-30,H,,2025-09-30,39480000,1,Y,MBSSMALL,2025-10-08,رئيس البلدية,محتسب البلدية,2025-09-30,Y,,,,,1.0
165,2025,292,297,2025-09-30,H,,2025-09-30,39000000,1,Y,MBSSMALL,2025-10-08,رئيس البلدية,محتسب البلدية,2025-09-30,Y,,,,,1.0
165,2025,293,298,2025-09-30,H,,2025-09-30,24000000,1,Y,MBSSMALL,2025-10-08,رئيس البلدية,محتسب البلدية,2025-09-30,Y,,,,,1.0
165,2026,40,40,2026-03-31,H,,2026-03-31,34200000,1,Y,MBSSMALL,2026-04-28,رئيس البلدية,محتسب البلدية,2026-03-31,Y,,,,,1.0
165,2026,41,41,2026-03-31,H,,2026-03-31,59000000,1,Y,MBSSMALL,2026-04-28,رئيس البلدية,محتسب البلدية,2026-03-31,Y,,,,,1.0
165,2026,42,42,2026-03-31,H,,2026-03-31,57320000,1,Y,MBSSMALL,2026-04-28,رئيس البلدية,محتسب البلدية,2026-03-31,Y,,,,,1.0
165,2026,43,43,2026-03-31,H,,2026-03-31,56780000,1,Y,MBSSMALL,2026-04-28,رئيس البلدية,محتسب البلدية,2026-03-31,Y,,,,,1.0
165,2026,44,44,2026-03-31,H,,2026-03-31,41780000,1,Y,MBSSMALL,2026-04-28,رئيس البلدية,محتسب البلدية,2026-03-31,Y,,,,,1.0
165,2026,46,46,2026-04-15,H,,2026-04-15,568820000,1,Y,MBSSMALL,2026-05-05,رئيس البلدية,محتسب البلدية,2026-04-15,Y,,,,,1.0
165,2026,47,47,2026-04-15,H,,2026-04-15,423380000,1,Y,MBSSMALL,2026-05-05,رئيس البلدية,محتسب البلدية,2026-04-15,Y,,,,,1.0
165,2025,149,152,2025-05-14,H,,2025-05-14,11580000,1,Y,MBSSMALL,2025-05-15,رئيس البلدية,محتسب البلدية,2025-05-14,Y,,,,,1.0
165,2026,9,9,2026-02-02,H,,2026-02-02,36000000,1,Y,MBSSMALL,2026-02-19,رئيس البلدية,محتسب البلدية,2026-02-02,Y,,,,,1.0
165,2026,19,19,2026-03-02,H,,2026-03-02,59000000,1,Y,MBSSMALL,2026-03-04,رئيس البلدية,محتسب البلدية,2026-03-02,Y,,,,,1.0
165,2026,20,20,2026-03-02,H,,2026-03-02,56480000,1,Y,MBSSMALL,2026-03-04,رئيس البلدية,محتسب البلدية,2026-03-02,Y,,,,,1.0
165,2026,21,21,2026-03-02,H,,2026-03-02,56780000,1,Y,MBSSMALL,2026-03-04,رئيس البلدية,محتسب البلدية,2026-03-02,Y,,,,,1.0
165,2026,22,22,2026-03-02,H,,2026-03-02,41780000,1,Y,MBSSMALL,2026-03-04,رئيس البلدية,محتسب البلدية,2026-03-02,Y,,,,,1.0
165,2026,48,48,2026-04-15,H,,2026-04-15,368510000,1,Y,MBSSMALL,2026-05-06,رئيس البلدية,محتسب البلدية,2026-04-15,Y,,,,,1.0
165,2026,49,49,2026-04-15,H,,2026-04-15,311320000,1,Y,MBSSMALL,2026-05-06,رئيس البلدية,محتسب البلدية,2026-04-15,Y,,,,,1.0
165,2026,50,50,2026-04-15,H,,2026-04-15,306226000,1,Y,MBSSMALL,2026-05-06,رئيس البلدية,محتسب البلدية,2026-04-15,Y,,,,,1.0
165,2026,99,101,2026-06-09,H,,2026-06-09,135000000,1,Y,MBSSMALL,2026-06-15,رئيس البلدية,محتسب البلدية,2026-06-09,Y,,,,,1.0
165,2024,251,255,2024-12-20,H,,2024-12-20,18000000,1,Y,MBSSMALL,2024-12-18,رئيس البلدية,محتسب البلدية,2024-12-20,Y,,,,,1.0
165,2024,252,256,2024-12-20,H,,2024-12-20,18000000,1,Y,MBSSMALL,2024-12-18,رئيس البلدية,محتسب البلدية,2024-12-20,Y,,,,,1.0
165,2024,253,257,2024-12-20,H,,2024-12-20,9000000,1,Y,MBSSMALL,2024-12-18,رئيس البلدية,محتسب البلدية,2024-12-20,Y,,,,,1.0
165,2024,254,258,2024-12-20,H,,2024-12-20,9000000,1,Y,MBSSMALL,2024-12-18,رئيس البلدية,محتسب البلدية,2024-12-20,Y,,,,,1.0
165,2024,255,259,2024-12-20,H,,2024-12-20,12000000,1,Y,MBSSMALL,2024-12-18,رئيس البلدية,محتسب البلدية,2024-12-20,Y,,,,,1.0
165,2024,256,260,2024-12-20,H,,2024-12-20,3081000,1,Y,MBSSMALL,2024-12-18,رئيس البلدية,محتسب البلدية,2024-12-20,Y,,,,,1.0
165,2024,257,261,2024-12-18,H,,2024-12-18,7653000,1,Y,MBSSMALL,2025-01-08,رئيس البلدية,محتسب البلدية,2024-12-18,Y,,,,,1.0
165,2024,258,262,2024-12-18,H,,2024-12-18,9940000,1,Y,MBSSMALL,2025-01-08,رئيس البلدية,محتسب البلدية,2024-12-18,Y,,,,,1.0
165,2024,259,263,2024-12-19,H,,2024-12-19,11375000,1,Y,MBSSMALL,2025-01-08,رئيس البلدية,محتسب البلدية,2024-12-19,Y,,,,,1.0
165,2024,280,287,2024-12-20,H,,2024-12-20,35430000,1,Y,MBSSMALL,2025-01-30,رئيس البلدية,محتسب البلدية,2024-12-20,Y,,,,,1.0
165,2024,281,288,2024-12-31,H,,2024-12-31,14000000,1,Y,MBSSMALL,2025-01-30,رئيس البلدية,محتسب البلدية,2024-12-31,Y,,,,,1.0
165,2024,282,289,2024-12-20,H,,2024-12-20,36000000,1,Y,MBSSMALL,2025-01-30,رئيس البلدية,محتسب البلدية,2024-12-20,Y,,,,,1.0
165,2024,283,290,2024-12-20,H,,2024-12-20,27000000,1,Y,MBSSMALL,2025-01-30,رئيس البلدية,محتسب البلدية,2024-12-20,Y,,,,,1.0
165,2024,284,291,2024-12-31,H,,2024-12-31,37272000,1,Y,MBSSMALL,2025-01-30,رئيس البلدية,محتسب البلدية,2024-12-31,Y,,,,,1.0
165,2025,195,200,2025-07-10,H,,2025-07-10,38000000,1,Y,MBSSMALL,2025-07-14,رئيس البلدية,محتسب البلدية,2025-07-10,Y,,,,,1.0
165,2025,196,201,2025-07-10,H,,2025-07-10,36100000,1,Y,MBSSMALL,2025-07-14,رئيس البلدية,محتسب البلدية,2025-07-10,Y,,,,,1.0
165,2025,197,202,2025-07-10,H,,2025-07-10,14000000,1,Y,MBSSMALL,2025-07-14,رئيس البلدية,محتسب البلدية,2025-07-10,Y,,,,,1.0
165,2025,199,204,2025-07-10,H,,2025-07-10,18200000,1,Y,MBSSMALL,2025-07-18,رئيس البلدية,محتسب البلدية,2025-07-10,Y,,,,,1.0
165,2025,209,214,2025-07-10,H,,2025-07-10,12640000,1,Y,MBSSMALL,2025-07-21,رئيس البلدية,محتسب البلدية,2025-07-10,Y,,,,,1.0
165,2025,210,215,2025-07-10,H,,2025-07-10,48600000,1,Y,MBSSMALL,2025-07-21,رئيس البلدية,محتسب البلدية,2025-07-10,Y,,,,,1.0
165,2025,211,216,2025-07-10,H,,2025-07-10,34140000,1,Y,MBSSMALL,2025-07-21,رئيس البلدية,محتسب البلدية,2025-07-10,Y,,,,,1.0
165,2025,212,217,2025-07-10,H,,2025-07-10,29800000,1,Y,MBSSMALL,2025-07-21,رئيس البلدية,محتسب البلدية,2025-07-10,Y,,,,,1.0
165,2025,213,218,2025-07-10,H,,2025-07-10,7000000,1,Y,MBSSMALL,2025-07-21,رئيس البلدية,محتسب البلدية,2025-07-10,Y,,,,,1.0
165,2025,242,246,2025-08-13,H,,2025-08-13,23218000,1,Y,MBSSMALL,2025-08-19,رئيس البلدية,محتسب البلدية,2025-08-13,Y,,,,,1.0
165,2025,243,247,2025-08-13,H,,2025-08-13,43370000,1,Y,MBSSMALL,2025-08-19,رئيس البلدية,محتسب البلدية,2025-08-13,Y,,,,,1.0
165,2025,244,248,2025-08-13,H,,2025-08-13,7000000,1,Y,MBSSMALL,2025-08-19,رئيس البلدية,محتسب البلدية,2025-08-13,Y,,,,,1.0
165,2025,245,249,2025-08-13,H,,2025-08-13,49050000,1,Y,MBSSMALL,2025-08-19,رئيس البلدية,محتسب البلدية,2025-08-13,Y,,,,,1.0
165,2025,258,262,2025-07-10,H,,2025-07-10,173120000,1,Y,MBSSMALL,2025-09-10,رئيس البلدية,محتسب البلدية,2025-09-01,Y,,,,,1.0
165,2025,294,299,2025-09-30,H,,2025-09-30,89280000,1,Y,MBSSMALL,2025-10-14,رئيس البلدية,محتسب البلدية,2025-09-30,Y,,,,,1.0
165,2025,295,300,2025-09-30,H,,2025-09-30,72500000,1,Y,MBSSMALL,2025-10-14,رئيس البلدية,محتسب البلدية,2025-09-30,Y,,,,,1.0
165,2025,296,301,2025-09-30,H,,2025-09-30,45000000,1,Y,MBSSMALL,2025-10-14,رئيس البلدية,محتسب البلدية,2025-09-30,Y,,,,,1.0
165,2025,348,354,2025-12-31,H,,2025-12-31,15680000,1,Y,MBSSMALL,2026-01-08,رئيس البلدية,محتسب البلدية,2025-12-31,Y,,,,,1.0
165,2025,349,355,2025-12-31,H,,2025-12-31,63730000,1,Y,MBSSMALL,2026-01-08,رئيس البلدية,محتسب البلدية,2025-12-31,Y,,,,,1.0
165,2025,350,356,2025-12-31,H,,2025-12-31,56160000,1,Y,MBSSMALL,2026-01-08,رئيس البلدية,محتسب البلدية,2025-12-31,Y,,,,,1.0
165,2026,26,26,2026-03-10,H,,2026-03-10,559210000,1,Y,MBSSMALL,2026-03-26,رئيس البلدية,محتسب البلدية,2026-03-10,Y,,,,,1.0
165,2026,54,54,2026-04-15,H,,2026-04-15,45000000,1,Y,MBSSMALL,2026-05-07,رئيس البلدية,محتسب البلدية,2026-04-15,Y,,,,,1.0
165,2026,55,55,2026-04-15,H,,2026-04-15,45000000,1,Y,MBSSMALL,2026-05-07,رئيس البلدية,محتسب البلدية,2026-04-15,Y,,,,,1.0
165,2026,56,56,2026-04-15,H,,2026-04-15,64300000,1,Y,MBSSMALL,2026-05-07,رئيس البلدية,محتسب البلدية,2026-04-15,Y,,,,,1.0
165,2026,57,57,2026-04-15,H,,2026-04-15,105622000,1,Y,MBSSMALL,2026-05-07,رئيس البلدية,محتسب البلدية,2026-04-15,Y,,,,,1.0
165,2026,59,59,2026-04-14,H,,2026-04-14,48690000,1,Y,MBSSMALL,2026-05-14,رئيس البلدية,محتسب البلدية,2026-04-14,Y,,,,,1.0
165,2026,61,61,2026-04-14,H,,2026-04-14,13500000,1,Y,MBSSMALL,2026-05-18,رئيس البلدية,محتسب البلدية,2026-04-14,Y,,,,,1.0
165,2026,62,62,2026-04-14,H,,2026-04-14,78970000,1,Y,MBSSMALL,2026-05-18,رئيس البلدية,محتسب البلدية,2026-04-14,Y,,,,,1.0
165,2026,63,63,2026-04-14,H,,2026-04-14,11700000,1,Y,MBSSMALL,2026-05-18,رئيس البلدية,محتسب البلدية,2026-04-14,Y,,,,,1.0
165,2026,64,64,2026-04-14,H,,2026-04-14,49900000,1,Y,MBSSMALL,2026-05-18,رئيس البلدية,محتسب البلدية,2026-04-14,Y,,,,,1.0
165,2026,90,92,2026-06-01,H,,2026-06-01,1640000,1,Y,MBSSMALL,2026-06-02,رئيس البلدية,محتسب البلدية,2026-06-01,Y,,,,,1.0
165,2026,91,93,2026-06-01,H,,2026-06-01,1553000,1,Y,MBSSMALL,2026-06-02,رئيس البلدية,محتسب البلدية,2026-06-01,Y,,,,,1.0
165,2026,92,94,2026-06-01,H,,2026-06-01,2100000,1,Y,MBSSMALL,2026-06-02,رئيس البلدية,محتسب البلدية,2026-06-01,Y,,,,,1.0
165,2026,93,95,2026-06-01,H,,2026-06-01,1811000,1,Y,MBSSMALL,2026-06-02,رئيس البلدية,محتسب البلدية,2026-06-01,Y,,,,,1.0
165,2026,94,96,2026-06-01,H,,2026-06-01,28800000,1,Y,MBSSMALL,2026-06-02,رئيس البلدية,محتسب البلدية,2026-06-01,Y,,,,,1.0
165,2026,95,100,2026-06-01,H,,2026-06-01,41780000,1,Y,MBSSMALL,2026-06-02,رئيس البلدية,محتسب البلدية,2026-06-01,Y,,,,,1.0
165,2026,96,97,2026-06-01,H,,2026-06-01,59000000,1,Y,MBSSMALL,2026-06-02,رئيس البلدية,محتسب البلدية,2026-06-01,Y,,,,,1.0
165,2026,97,98,2026-06-01,H,,2026-06-01,57320000,1,Y,MBSSMALL,2026-06-02,رئيس البلدية,محتسب البلدية,2026-06-01,Y,,,,,1.0
165,2026,98,99,2026-06-01,H,,2026-06-01,56780000,1,Y,MBSSMALL,2026-06-02,رئيس البلدية,محتسب البلدية,2026-06-01,Y,,,,,1.0
165,2025,63,65,2025-04-14,H,,2025-04-14,11281000,1,Y,MBSSMALL,2025-05-02,رئيس البلدية,محتسب البلدية,2025-04-14,Y,,,,,1.0
165,2025,70,73,2025-04-30,H,,2025-04-30,30600000,1,Y,MBSSMALL,2025-05-06,رئيس البلدية,محتسب البلدية,2025-04-30,Y,,,,,1.0
165,2025,71,74,2025-04-30,H,,2025-04-30,42000000,1,Y,MBSSMALL,2025-05-06,رئيس البلدية,محتسب البلدية,2025-04-30,Y,,,,,1.0
165,2025,72,75,2025-04-30,H,,2025-04-30,39480000,1,Y,MBSSMALL,2025-05-06,رئيس البلدية,محتسب البلدية,2025-04-30,Y,,,,,1.0
165,2025,73,76,2025-04-30,H,,2025-04-30,24000000,1,Y,MBSSMALL,2025-05-06,رئيس البلدية,محتسب البلدية,2025-04-30,Y,,,,,1.0
165,2025,74,77,2025-04-30,H,,2025-04-30,24000000,1,Y,MBSSMALL,2025-05-06,رئيس البلدية,محتسب البلدية,2025-04-30,Y,,,,,1.0
165,2025,92,84,2025-04-30,H,,2025-04-30,30800000,1,Y,MBSSMALL,2025-05-07,رئيس البلدية,محتسب البلدية,2025-04-30,Y,,,,,1.0
165,2025,114,117,2025-04-30,H,,2025-04-30,39150000,1,Y,MBSSMALL,2025-05-09,رئيس البلدية,محتسب البلدية,2025-04-30,Y,,,,,1.0
165,2025,115,118,2025-04-30,H,,2025-04-30,12150000,1,Y,MBSSMALL,2025-05-09,رئيس البلدية,محتسب البلدية,2025-04-30,Y,,,,,1.0
165,2025,116,119,2025-04-30,H,,2025-04-30,46800000,1,Y,MBSSMALL,2025-05-09,رئيس البلدية,محتسب البلدية,2025-04-30,Y,,,,,1.0
165,2025,117,120,2025-04-30,H,,2025-04-30,48600000,1,Y,MBSSMALL,2025-05-09,رئيس البلدية,محتسب البلدية,2025-04-30,Y,,,,,1.0
165,2025,118,121,2025-04-30,H,,2025-04-30,48600000,1,Y,MBSSMALL,2025-05-09,رئيس البلدية,محتسب البلدية,2025-04-30,Y,,,,,1.0
165,2025,119,122,2025-04-30,H,,2025-04-30,48600000,1,Y,MBSSMALL,2025-05-09,رئيس البلدية,محتسب البلدية,2025-04-30,Y,,,,,1.0
165,2025,120,123,2025-04-30,H,,2025-04-30,48600000,1,Y,MBSSMALL,2025-05-09,رئيس البلدية,محتسب البلدية,2025-04-30,Y,,,,,1.0
165,2025,121,124,2025-04-30,H,,2025-04-30,48600000,1,Y,MBSSMALL,2025-05-09,رئيس البلدية,محتسب البلدية,2025-04-30,Y,,,,,1.0
165,2025,122,125,2025-04-30,H,,2025-04-30,48600000,1,Y,MBSSMALL,2025-05-09,رئيس البلدية,محتسب البلدية,2025-04-30,Y,,,,,1.0
165,2025,123,126,2025-04-30,H,,2025-04-30,48600000,1,Y,MBSSMALL,2025-05-09,رئيس البلدية,محتسب البلدية,2025-04-30,Y,,,,,1.0
165,2025,124,127,2025-04-30,H,,2025-04-30,48600000,1,Y,MBSSMALL,2025-05-09,رئيس البلدية,محتسب البلدية,2025-04-30,Y,,,,,1.0
165,2025,125,128,2025-04-30,H,,2025-04-30,48600000,1,Y,MBSSMALL,2025-05-09,رئيس البلدية,محتسب البلدية,2025-04-30,Y,,,,,1.0
165,2025,126,129,2025-04-30,H,,2025-04-30,48600000,1,Y,MBSSMALL,2025-05-09,رئيس البلدية,محتسب البلدية,2025-04-30,Y,,,,,1.0
165,2025,157,160,2025-05-23,H,,2025-05-23,36450000,1,Y,MBSSMALL,2025-05-27,رئيس البلدية,محتسب البلدية,2025-05-23,Y,,,,,1.0
165,2025,158,161,2025-05-23,H,,2025-05-23,49500000,1,Y,MBSSMALL,2025-05-27,رئيس البلدية,محتسب البلدية,2025-05-23,Y,,,,,1.0
165,2025,159,162,2025-05-23,H,,2025-05-23,36000000,1,Y,MBSSMALL,2025-05-27,رئيس البلدية,محتسب البلدية,2025-05-23,Y,,,,,1.0
165,2025,160,163,2025-05-23,H,,2025-05-23,48960000,1,Y,MBSSMALL,2025-05-27,رئيس البلدية,محتسب البلدية,2025-05-23,Y,,,,,1.0
165,2025,161,164,2025-05-23,H,,2025-05-23,46080000,1,Y,MBSSMALL,2025-05-27,رئيس البلدية,محتسب البلدية,2025-05-23,Y,,,,,1.0
165,2025,162,165,2025-05-23,H,,2025-05-23,45000000,1,Y,MBSSMALL,2025-05-27,رئيس البلدية,محتسب البلدية,2025-05-23,Y,,,,,1.0
165,2025,163,166,2025-05-23,H,,2025-05-23,29700000,1,Y,MBSSMALL,2025-05-27,رئيس البلدية,محتسب البلدية,2025-05-23,Y,,,,,1.0
165,2025,164,167,2025-05-23,H,,2025-05-23,43200000,1,Y,MBSSMALL,2025-05-27,رئيس البلدية,محتسب البلدية,2025-05-23,Y,,,,,1.0
165,2025,165,168,2025-05-23,H,,2025-05-23,43200000,1,Y,MBSSMALL,2025-05-27,رئيس البلدية,محتسب البلدية,2025-05-23,Y,,,,,1.0
165,2025,166,169,2025-05-23,H,,2025-05-23,43200000,1,Y,MBSSMALL,2025-05-27,رئيس البلدية,محتسب البلدية,2025-05-23,Y,,,,,1.0
165,2025,167,170,2025-05-23,H,,2025-05-23,43200000,1,Y,MBSSMALL,2025-05-27,رئيس البلدية,محتسب البلدية,2025-05-23,Y,,,,,1.0
165,2025,168,171,2025-05-23,H,,2025-05-23,43200000,1,Y,MBSSMALL,2025-05-27,رئيس البلدية,محتسب البلدية,2025-05-23,Y,,,,,1.0
165,2025,169,172,2025-05-23,H,,2025-05-23,49950000,1,Y,MBSSMALL,2025-05-27,رئيس البلدية,محتسب البلدية,2025-05-23,Y,,,,,1.0
165,2025,170,173,2025-05-23,H,,2025-05-23,49950000,1,Y,MBSSMALL,2025-05-27,رئيس البلدية,محتسب البلدية,2025-05-23,Y,,,,,1.0
165,2025,171,174,2025-05-23,H,,2025-05-23,43200000,1,Y,MBSSMALL,2025-05-27,رئيس البلدية,محتسب البلدية,2025-05-23,Y,,,,,1.0
165,2025,172,175,2025-05-23,H,,2025-05-23,7000000,1,Y,MBSSMALL,2025-05-27,رئيس البلدية,محتسب البلدية,2025-05-23,Y,,,,,1.0
165,2025,173,176,2025-05-23,H,,2025-05-23,49500000,1,Y,MBSSMALL,2025-05-27,رئيس البلدية,محتسب البلدية,2025-05-23,Y,,,,,1.0
165,2025,174,177,2025-05-23,H,,2025-05-23,22000000,1,Y,MBSSMALL,2025-05-27,رئيس البلدية,محتسب البلدية,2025-05-23,Y,,,,,1.0
165,2025,175,178,2025-05-23,H,,2025-05-23,4100000,1,Y,MBSSMALL,2025-05-27,رئيس البلدية,محتسب البلدية,2025-05-23,Y,,,,,1.0
165,2025,176,179,2025-05-23,H,,2025-05-23,11020000,1,Y,MBSSMALL,2025-05-27,رئيس البلدية,محتسب البلدية,2025-05-23,Y,,,,,1.0
165,2025,177,180,2025-05-27,H,,2025-05-27,2345000,1,Y,MBSSMALL,2025-05-27,رئيس البلدية,محتسب البلدية,2025-05-27,Y,,,,,1.0
165,2025,263,267,2025-09-16,H,,2025-09-16,50850000,1,Y,MBSSMALL,2025-09-23,رئيس البلدية,محتسب البلدية,2025-09-16,Y,,,,,1.0
165,2025,264,268,2025-09-16,H,,2025-09-16,23550000,1,Y,MBSSMALL,2025-09-23,رئيس البلدية,محتسب البلدية,2025-09-16,Y,,,,,1.0
165,2026,5,8,2026-02-02,H,,2026-02-02,1746000,1,Y,MBSSMALL,2026-02-19,رئيس البلدية,محتسب البلدية,2026-02-02,Y,,,,,1.0
165,2026,6,5,2026-02-02,H,,2026-02-02,1640000,1,Y,MBSSMALL,2026-02-19,رئيس البلدية,محتسب البلدية,2026-02-02,Y,,,,,1.0
165,2026,7,6,2026-02-02,H,,2026-02-02,1487000,1,Y,MBSSMALL,2026-02-19,رئيس البلدية,محتسب البلدية,2026-02-02,Y,,,,,1.0
165,2026,8,7,2026-02-02,H,,2026-02-02,2035000,1,Y,MBSSMALL,2026-02-19,رئيس البلدية,محتسب البلدية,2026-02-02,Y,,,,,1.0
165,2026,10,10,2026-02-02,H,,2026-02-02,59000000,1,Y,MBSSMALL,2026-02-19,رئيس البلدية,محتسب البلدية,2026-02-02,Y,,,,,1.0
165,2026,11,11,2026-02-02,H,,2026-02-02,56480000,1,Y,MBSSMALL,2026-02-19,رئيس البلدية,محتسب البلدية,2026-02-02,Y,,,,,1.0
165,2026,12,12,2026-02-02,H,,2026-02-02,56780000,1,Y,MBSSMALL,2026-02-19,رئيس البلدية,محتسب البلدية,2026-02-02,Y,,,,,1.0
165,2026,13,13,2026-02-02,H,,2026-02-02,41780000,1,Y,MBSSMALL,2026-02-19,رئيس البلدية,محتسب البلدية,2026-02-02,Y,,,,,1.0
165,2026,35,35,2026-03-10,H,,2026-03-10,57540000,1,Y,MBSSMALL,2026-04-27,رئيس البلدية,محتسب البلدية,2026-03-10,Y,,,,,1.0
165,2026,45,45,2026-03-31,H,,2026-03-31,65358000,1,Y,MBSSMALL,2026-04-29,رئيس البلدية,محتسب البلدية,2026-03-31,Y,,,,,1.0
165,2026,80,82,2026-05-20,H,,2026-05-20,90700000,1,Y,MBSSMALL,2026-05-20,رئيس البلدية,محتسب البلدية,2026-05-20,Y,,,,,1.0
165,2024,260,264,2024-12-19,H,,2024-12-19,7800000,1,Y,MBSSMALL,2025-01-09,رئيس البلدية,محتسب البلدية,2024-12-19,Y,,,,,1.0
165,2024,261,265,2024-12-20,H,,2024-12-20,11080000,1,Y,MBSSMALL,2025-01-09,رئيس البلدية,محتسب البلدية,2024-12-20,Y,,,,,1.0
165,2024,262,266,2024-12-20,H,,2024-12-20,9913000,1,Y,MBSSMALL,2025-01-09,رئيس البلدية,محتسب البلدية,2024-12-20,Y,,,,,1.0
165,2024,263,267,2024-12-20,H,,2024-12-20,4100000,1,Y,MBSSMALL,2025-01-09,رئيس البلدية,محتسب البلدية,2024-12-20,Y,,,,,1.0
165,2025,21,22,2025-02-28,H,,2025-02-28,11181000,1,Y,MBSSMALL,2025-03-18,رئيس البلدية,محتسب البلدية,2025-02-28,Y,,,,,1.0
165,2025,22,23,2025-03-27,H,,2025-03-27,25500000,1,Y,MBSSMALL,2025-03-27,رئيس البلدية,محتسب البلدية,2025-03-27,Y,,,,,1.0
165,2025,23,24,2025-03-27,H,,2025-03-27,27000000,1,Y,MBSSMALL,2025-03-27,رئيس البلدية,محتسب البلدية,2025-03-27,Y,,,,,1.0
165,2025,24,25,2025-03-27,H,,2025-03-27,32300000,1,Y,MBSSMALL,2025-03-27,رئيس البلدية,محتسب البلدية,2025-03-27,Y,,,,,1.0
165,2025,25,26,2025-03-27,H,,2025-03-27,34200000,1,Y,MBSSMALL,2025-03-27,رئيس البلدية,محتسب البلدية,2025-03-27,Y,,,,,1.0
165,2025,26,27,2025-03-27,H,,2025-03-27,28000000,1,Y,MBSSMALL,2025-03-27,رئيس البلدية,محتسب البلدية,2025-03-27,Y,,,,,1.0
165,2025,30,31,2025-03-27,H,,2025-03-27,33000000,1,Y,MBSSMALL,2025-04-02,رئيس البلدية,محتسب البلدية,2025-03-27,Y,,,,,1.0
165,2025,31,32,2025-03-27,H,,2025-03-27,29250000,1,Y,MBSSMALL,2025-04-02,رئيس البلدية,محتسب البلدية,2025-03-27,Y,,,,,1.0
165,2025,32,33,2025-03-27,H,,2025-03-27,38950000,1,Y,MBSSMALL,2025-04-02,رئيس البلدية,محتسب البلدية,2025-03-27,Y,,,,,1.0
165,2025,66,69,2025-04-30,H,,2025-04-30,2115000,1,Y,MBSSMALL,2025-05-06,رئيس البلدية,محتسب البلدية,2025-04-30,Y,,,,,1.0
165,2025,67,70,2025-04-30,H,,2025-04-30,1917000,1,Y,MBSSMALL,2025-05-06,رئيس البلدية,محتسب البلدية,2025-04-30,Y,,,,,1.0
165,2025,68,71,2025-04-30,H,,2025-04-30,2039000,1,Y,MBSSMALL,2025-05-06,رئيس البلدية,محتسب البلدية,2025-04-30,Y,,,,,1.0
165,2025,69,72,2025-04-30,H,,2025-04-30,1880000,1,Y,MBSSMALL,2025-05-06,رئيس البلدية,محتسب البلدية,2025-04-30,Y,,,,,1.0
165,2025,193,198,2025-05-29,H,,2025-05-29,1900000,1,Y,MBSSMALL,2025-06-02,رئيس البلدية,محتسب البلدية,2025-05-29,Y,,,,,1.0
165,2025,198,203,2025-07-10,H,,2025-07-10,20800000,1,Y,MBSSMALL,2025-07-15,رئيس البلدية,محتسب البلدية,2025-07-10,Y,,,,,1.0
165,2025,247,251,2025-08-13,H,,2025-08-13,33986000,1,Y,MBSSMALL,2025-08-19,رئيس البلدية,محتسب البلدية,2025-08-13,Y,,,,,1.0
165,2025,249,253,2025-09-01,H,,2025-09-01,1980000,1,Y,MBSSMALL,2025-09-09,رئيس البلدية,محتسب البلدية,2025-09-01,Y,,,,,1.0
165,2025,250,254,2025-09-01,H,,2025-09-01,1832000,1,Y,MBSSMALL,2025-09-09,رئيس البلدية,محتسب البلدية,2025-09-01,Y,,,,,1.0
165,2025,251,255,2025-09-01,H,,2025-09-01,2039000,1,Y,MBSSMALL,2025-09-09,رئيس البلدية,محتسب البلدية,2025-09-01,Y,,,,,1.0
165,2025,252,256,2025-09-01,H,,2025-09-01,1880000,1,Y,MBSSMALL,2025-09-09,رئيس البلدية,محتسب البلدية,2025-09-01,Y,,,,,1.0
165,2025,253,257,2025-09-01,H,,2025-09-01,32400000,1,Y,MBSSMALL,2025-09-09,رئيس البلدية,محتسب البلدية,2025-09-01,Y,,,,,1.0
165,2025,254,258,2025-09-01,H,,2025-09-01,42000000,1,Y,MBSSMALL,2025-09-09,رئيس البلدية,محتسب البلدية,2025-09-01,Y,,,,,1.0
165,2025,255,259,2025-09-01,H,,2025-09-01,39480000,1,Y,MBSSMALL,2025-09-09,رئيس البلدية,محتسب البلدية,2025-09-01,Y,,,,,1.0
165,2025,256,260,2025-09-01,H,,2025-09-01,39000000,1,Y,MBSSMALL,2025-09-09,رئيس البلدية,محتسب البلدية,2025-09-01,Y,,,,,1.0
165,2025,257,261,2025-09-01,H,,2025-09-01,24000000,1,Y,MBSSMALL,2025-09-09,رئيس البلدية,محتسب البلدية,2025-09-01,Y,,,,,1.0
165,2025,299,304,2025-11-03,H,,2025-11-03,432045000,1,Y,MBSSMALL,2025-11-03,رئيس البلدية,محتسب البلدية,2025-11-03,Y,,,,,1.0
165,2025,300,305,2025-11-03,H,,2025-11-03,13500000,1,Y,MBSSMALL,2025-11-03,رئيس البلدية,محتسب البلدية,2025-11-03,Y,,,,,1.0
165,2025,301,306,2025-11-03,H,,2025-11-03,1980000,1,Y,MBSSMALL,2025-11-04,رئيس البلدية,محتسب البلدية,2025-11-03,Y,,,,,1.0
165,2025,302,307,2025-11-03,H,,2025-11-03,1832000,1,Y,MBSSMALL,2025-11-04,رئيس البلدية,محتسب البلدية,2025-11-03,Y,,,,,1.0
165,2025,303,308,2025-11-03,H,,2025-11-03,2039000,1,Y,MBSSMALL,2025-11-04,رئيس البلدية,محتسب البلدية,2025-11-03,Y,,,,,1.0
165,2025,304,309,2025-11-03,H,,2025-11-03,1880000,1,Y,MBSSMALL,2025-11-04,رئيس البلدية,محتسب البلدية,2025-11-03,Y,,,,,1.0
165,2025,305,310,2025-11-03,H,,2025-11-03,37800000,1,Y,MBSSMALL,2025-11-04,رئيس البلدية,محتسب البلدية,2025-11-03,Y,,,,,1.0
165,2025,306,311,2025-11-03,H,,2025-11-03,42000000,1,Y,MBSSMALL,2025-11-05,رئيس البلدية,محتسب البلدية,2025-11-03,Y,,,,,1.0
165,2025,307,312,2025-11-03,H,,2025-11-03,39480000,1,Y,MBSSMALL,2025-11-05,رئيس البلدية,محتسب البلدية,2025-11-03,Y,,,,,1.0
165,2025,308,313,2025-11-03,H,,2025-11-03,39000000,1,Y,MBSSMALL,2025-11-05,رئيس البلدية,محتسب البلدية,2025-11-03,Y,,,,,1.0
165,2025,309,314,2025-11-03,H,,2025-11-03,24000000,1,Y,MBSSMALL,2025-11-05,رئيس البلدية,محتسب البلدية,2025-11-03,Y,,,,,1.0
165,2025,363,369,2025-12-29,H,,2025-12-29,547600000,1,Y,MBSSMALL,2026-01-12,رئيس البلدية,محتسب البلدية,2025-12-29,Y,,,,,1.0
165,2026,77,79,2026-05-18,H,,2026-05-18,79035000,1,Y,MBSSMALL,2026-05-19,رئيس البلدية,محتسب البلدية,2026-05-18,Y,,,,,1.0
165,2026,78,80,2026-05-18,H,,2026-05-18,29640000,1,Y,MBSSMALL,2026-05-19,رئيس البلدية,محتسب البلدية,2026-05-18,Y,,,,,1.0
165,2026,79,81,2026-05-18,H,,2026-05-18,69605000,1,Y,MBSSMALL,2026-05-19,رئيس البلدية,محتسب البلدية,2026-05-18,Y,,,,,1.0
165,2026,81,83,2026-05-12,H,,2026-05-12,528070000,1,Y,MBSSMALL,2026-06-02,رئيس البلدية,محتسب البلدية,2026-05-12,Y,,,,,1.0
165,2026,82,84,2026-05-12,H,,2026-05-12,344000000,1,Y,MBSSMALL,2026-06-02,رئيس البلدية,محتسب البلدية,2026-05-12,Y,,,,,1.0
165,2026,83,85,2026-05-12,H,,2026-05-12,310275000,1,Y,MBSSMALL,2026-06-02,رئيس البلدية,محتسب البلدية,2026-05-12,Y,,,,,1.0
165,2026,84,86,2026-05-12,H,,2026-05-12,405170000,1,Y,MBSSMALL,2026-06-02,رئيس البلدية,محتسب البلدية,2026-05-12,Y,,,,,1.0
165,2026,85,87,2026-05-12,H,,2026-05-12,285740000,1,Y,MBSSMALL,2026-06-02,رئيس البلدية,محتسب البلدية,2026-05-12,Y,,,,,1.0
165,2026,86,88,2026-05-12,H,,2026-05-12,30515000,1,Y,MBSSMALL,2026-06-02,رئيس البلدية,محتسب البلدية,2026-05-12,Y,,,,,1.0
165,2026,87,89,2026-05-12,H,,2026-05-12,28000000,1,Y,MBSSMALL,2026-06-02,رئيس البلدية,محتسب البلدية,2026-05-12,Y,,,,,1.0
165,2026,88,90,2026-05-12,H,,2026-05-12,36000000,1,Y,MBSSMALL,2026-06-02,رئيس البلدية,محتسب البلدية,2026-05-12,Y,,,,,1.0
165,2026,89,91,2026-05-21,H,,2026-05-21,21875000,1,Y,MBSSMALL,2026-06-02,رئيس البلدية,محتسب البلدية,2026-05-21,Y,,,,,1.0
165,2025,1,1,2025-01-31,H,,2025-01-31,2115000,1,Y,MBSSMALL,2025-02-20,رئيس البلدية,محتسب البلدية,2025-01-31,Y,,,,,1.0
165,2025,2,2,2025-01-31,H,,2025-01-31,1917000,1,Y,MBSSMALL,2025-02-20,رئيس البلدية,محتسب البلدية,2025-01-31,Y,,,,,1.0
165,2025,3,3,2025-01-31,H,,2025-01-31,2039000,1,Y,MBSSMALL,2025-02-20,رئيس البلدية,محتسب البلدية,2025-01-31,Y,,,,,1.0
165,2025,4,4,2025-01-31,H,,2025-01-31,1880000,1,Y,MBSSMALL,2025-02-20,رئيس البلدية,محتسب البلدية,2025-01-31,Y,,,,,1.0
165,2025,5,5,2025-01-31,H,,2025-01-31,32400000,1,Y,MBSSMALL,2025-02-20,رئيس البلدية,محتسب البلدية,2025-01-31,Y,,,,,1.0
165,2025,16,16,2025-02-28,H,,2025-02-28,29700000,1,Y,MBSSMALL,2025-03-04,رئيس البلدية,محتسب البلدية,2025-02-28,Y,,,,,1.0
165,2025,17,17,2025-02-28,H,,2025-02-28,39000000,1,Y,MBSSMALL,2025-03-04,رئيس البلدية,محتسب البلدية,2025-02-28,Y,,,,,1.0
165,2025,18,19,2025-02-28,H,,2025-02-28,24000000,1,Y,MBSSMALL,2025-03-04,رئيس البلدية,محتسب البلدية,2025-02-28,Y,,,,,1.0
165,2025,19,20,2025-02-28,H,,2025-02-28,24000000,1,Y,MBSSMALL,2025-03-04,رئيس البلدية,محتسب البلدية,2025-02-28,Y,,,,,1.0
165,2025,20,21,2025-02-28,H,,2025-02-28,36480000,1,Y,MBSSMALL,2025-03-04,رئيس البلدية,محتسب البلدية,2025-02-28,Y,,,,,1.0
165,2025,57,59,2025-04-02,H,,2025-04-02,8100000,1,Y,MBSSMALL,2025-04-16,رئيس البلدية,محتسب البلدية,2025-04-02,Y,,,,,1.0
165,2025,58,60,2025-04-02,H,,2025-04-02,7560000,1,Y,MBSSMALL,2025-04-16,رئيس البلدية,محتسب البلدية,2025-04-02,Y,,,,,1.0
165,2025,59,61,2025-04-02,H,,2025-04-02,10500000,1,Y,MBSSMALL,2025-04-16,رئيس البلدية,محتسب البلدية,2025-04-02,Y,,,,,1.0
165,2025,60,62,2025-04-02,H,,2025-04-02,2660000,1,Y,MBSSMALL,2025-04-16,رئيس البلدية,محتسب البلدية,2025-04-02,Y,,,,,1.0
165,2025,61,63,2025-04-02,H,,2025-04-02,11060000,1,Y,MBSSMALL,2025-04-16,رئيس البلدية,محتسب البلدية,2025-04-02,Y,,,,,1.0
165,2025,127,130,2025-04-30,H,,2025-04-30,40500000,1,Y,MBSSMALL,2025-05-12,رئيس البلدية,محتسب البلدية,2025-04-30,Y,,,,,1.0
165,2025,128,131,2025-04-30,H,,2025-04-30,48600000,1,Y,MBSSMALL,2025-05-12,رئيس البلدية,محتسب البلدية,2025-04-30,Y,,,,,1.0
165,2025,129,132,2025-04-30,H,,2025-04-30,48600000,1,Y,MBSSMALL,2025-05-12,رئيس البلدية,محتسب البلدية,2025-04-30,Y,,,,,1.0
165,2025,130,133,2025-04-30,H,,2025-04-30,49950000,1,Y,MBSSMALL,2025-05-12,رئيس البلدية,محتسب البلدية,2025-04-30,Y,,,,,1.0
165,2025,131,134,2025-04-30,H,,2025-04-30,49950000,1,Y,MBSSMALL,2025-05-12,رئيس البلدية,محتسب البلدية,2025-04-30,Y,,,,,1.0
165,2025,132,135,2025-04-30,H,,2025-04-30,49950000,1,Y,MBSSMALL,2025-05-12,رئيس البلدية,محتسب البلدية,2025-04-30,Y,,,,,1.0
165,2025,133,136,2025-04-30,H,,2025-04-30,49950000,1,Y,MBSSMALL,2025-05-12,رئيس البلدية,محتسب البلدية,2025-04-30,Y,,,,,1.0
165,2025,134,137,2025-04-30,H,,2025-04-30,49950000,1,Y,MBSSMALL,2025-05-12,رئيس البلدية,محتسب البلدية,2025-04-30,Y,,,,,1.0
165,2025,135,138,2025-04-30,H,,2025-04-30,40000000,1,Y,MBSSMALL,2025-05-12,رئيس البلدية,محتسب البلدية,2025-04-30,Y,,,,,1.0
165,2025,136,139,2025-04-30,H,,2025-04-30,36000000,1,Y,MBSSMALL,2025-05-12,رئيس البلدية,محتسب البلدية,2025-04-30,Y,,,,,1.0
165,2025,137,140,2025-04-30,H,,2025-04-30,42815000,1,Y,MBSSMALL,2025-05-12,رئيس البلدية,محتسب البلدية,2025-04-30,Y,,,,,1.0
165,2025,138,141,2025-04-30,H,,2025-04-30,49500000,1,Y,MBSSMALL,2025-05-12,رئيس البلدية,محتسب البلدية,2025-04-30,Y,,,,,1.0
165,2025,139,142,2025-04-30,H,,2025-04-30,49500000,1,Y,MBSSMALL,2025-05-12,رئيس البلدية,محتسب البلدية,2025-04-30,Y,,,,,1.0
165,2025,140,143,2025-04-30,H,,2025-04-30,50000000,1,Y,MBSSMALL,2025-05-12,رئيس البلدية,محتسب البلدية,2025-04-30,Y,,,,,1.0
165,2025,141,144,2025-04-30,H,,2025-04-30,18000000,1,Y,MBSSMALL,2025-05-12,رئيس البلدية,محتسب البلدية,2025-04-30,Y,,,,,1.0
165,2025,142,145,2025-04-30,H,,2025-04-30,9000000,1,Y,MBSSMALL,2025-05-12,رئيس البلدية,محتسب البلدية,2025-04-30,Y,,,,,1.0
165,2025,143,146,2025-04-30,H,,2025-04-30,15976000,1,Y,MBSSMALL,2025-05-12,رئيس البلدية,محتسب البلدية,2025-04-30,Y,,,,,1.0
165,2025,144,147,2025-04-30,H,,2025-04-30,40174000,1,Y,MBSSMALL,2025-05-12,رئيس البلدية,محتسب البلدية,2025-04-30,Y,,,,,1.0
165,2025,145,148,2025-04-30,H,,2025-04-30,41060000,1,Y,MBSSMALL,2025-05-12,رئيس البلدية,محتسب البلدية,2025-04-30,Y,,,,,1.0
165,2025,146,149,2025-04-30,H,,2025-04-30,44500000,1,Y,MBSSMALL,2025-05-12,رئيس البلدية,محتسب البلدية,2025-04-30,Y,,,,,1.0
165,2025,147,150,2025-04-30,H,,2025-04-30,46000000,1,Y,MBSSMALL,2025-05-12,رئيس البلدية,محتسب البلدية,2025-04-30,Y,,,,,1.0
165,2025,148,151,2025-04-30,H,,2025-04-30,48500000,1,Y,MBSSMALL,2025-05-12,رئيس البلدية,محتسب البلدية,2025-04-30,Y,,,,,1.0
165,2025,207,212,2025-07-10,H,,2025-07-10,27000000,1,Y,MBSSMALL,2025-07-21,رئيس البلدية,محتسب البلدية,2025-07-10,Y,,,,,1.0
165,2025,214,219,2025-07-10,H,,2025-07-10,45000000,1,Y,MBSSMALL,2025-07-22,رئيس البلدية,محتسب البلدية,2025-07-10,Y,,,,,1.0
165,2025,215,220,2025-07-10,H,,2025-07-10,21870000,1,Y,MBSSMALL,2025-07-22,رئيس البلدية,محتسب البلدية,2025-07-10,Y,,,,,1.0
165,2025,259,263,2025-08-25,H,,2025-08-25,113700000,1,Y,MBSSMALL,2025-09-10,رئيس البلدية,محتسب البلدية,2025-09-01,Y,,,,,1.0
165,2025,262,266,2025-09-16,H,,2025-09-16,458535000,1,Y,MBSSMALL,2025-09-22,رئيس البلدية,محتسب البلدية,2025-09-16,Y,,,,,1.0
165,2025,310,315,2025-11-14,H,,2025-11-14,609750000,1,Y,MBSSMALL,2025-12-10,رئيس البلدية,محتسب البلدية,2025-11-27,Y,,,,,1.0
165,2025,311,316,2025-11-27,H,,2025-11-27,494320000,1,Y,MBSSMALL,2025-12-10,رئيس البلدية,محتسب البلدية,2025-11-27,Y,,,,,1.0
165,2025,312,317,2025-11-14,H,,2025-11-14,36100000,1,Y,MBSSMALL,2025-12-10,رئيس البلدية,محتسب البلدية,2025-11-27,Y,,,,,1.0
165,2025,313,318,2025-11-14,H,,2025-11-27,125310000,1,Y,MBSSMALL,2025-12-10,رئيس البلدية,محتسب البلدية,2025-11-27,Y,,,,,1.0
