BALADIEH_INTID,BUDGET_YEAR,RESERVE_SEQ_YR,RESERVE_SEQ,BUDGET_TYPE,DESCRIPT,CHAPTER,SECTION,RESERVE_DATE,APPROVED_AMT,ACTIVE
165,2014,22,8,P,بدل مكافأة مالية للكاتب والشرطة لقيامهم بأعمال إضافية خلال شهر آذار 2014.,1,6,2014-04-01,1100000.0,Y
165,2014,23,9,P,بدل مكافأة مالية لكارول الفغالي.,1,6,2014-04-01,100000.0,Y
165,2014,24,1,P,ثمن محروقات لزوم سيارات البلدية خلال شهر كانون الثاني وشباط 2014.,2,9,2014-04-08,2998000.0,Y
165,2014,25,2,P,جدول أجور الأجراء عن شهر آذار 2014,1,4,2014-04-14,920000.0,Y
165,2014,26,5,P,جداول عمال  وثمن مواد بناء  خلال شهر آذار 2014.,2,14,2014-04-14,17951000.0,Y
165,2014,27,6,P,ثمن حديد وآرمات وإجرة أعمال حداد لصيانة الطرق العامة.,2,14,2014-04-14,8168000.0,Y
165,2014,28,1,P,إنشاء مجرور في حي رجوم.,3,4,2014-04-14,2850000.0,Y
165,2014,29,2,P,صيانة شبكة الإنارة العامة في أحياء البلدة.,2,16,2014-04-14,130000.0,Y
165,2014,30,1,P,ثمن  7 بوالص تأمين للموظفين وعائلاتهم.,5,6,2014-04-14,5699000.0,Y
165,2014,31,7,P,بدل راتب الكاتب ريما بجاني عن شهر نيسان 2014.,1,2,2014-04-30,1040000.0,Y
165,2014,32,8,P,رواتب الشرطة عدد2 عن شهر نيسان 2014.,1,2,2014-04-30,2221000.0,Y
165,2014,33,10,P,بدل نقل للكاتب والشرطة عدد2 عن شهر نيسان 2014.,1,6,2014-04-30,600000.0,Y
165,2014,34,11,P,بدل مكافأة مالية للكاتب والشرطة لقيامهم بأعمال إضافية خلال شهر نيسان 2014,1,6,2014-04-30,1100000.0,Y
165,2014,35,12,P,بدل مكافأة مالية لكارول الفغالي عن شهر نيسان 2014,1,6,2014-04-30,100000.0,Y
165,2014,36,3,P,جدول أجور الأجراء عن شهر نيسان 2014,1,4,2014-05-27,864000.0,Y
165,2014,37,7,P,جداول عمال وثمن مواد بناء.,2,14,2014-05-27,19025000.0,Y
165,2014,38,8,P,جداول عمال وثمن مواد بناء لأعمال نصب الشهداء وساحة مار شربل - رجوم.,2,14,2014-05-27,15035000.0,Y
165,2014,39,3,P,إجرة عمال فنيين وثمن بضاعة لصيانة الإنارة العامة.,2,16,2014-05-27,745000.0,Y
165,2014,40,2,P,ثمن محروقات لزوم سيارات البلدية خلال شهر آذار 2014,2,9,2014-05-27,1505000.0,Y
165,2014,41,9,P,الكاتب ريما بجاني ، بدل راتب عن شهر آيار 2014,1,2,2014-06-04,1040000.0,Y
165,2014,42,10,P,راتب الشرطة عدد2 عن شهر آيار 2014.,1,2,2014-06-04,2221000.0,Y
165,2014,43,13,P,بدل نقل للكاتب والشرطة عدد2 عن شهر آيار 2014.,1,6,2014-06-04,624000.0,Y
165,2014,44,14,P,بدل مكافأة مالية للكاتب والشرطة لقيامهم بأعمال إضافية  خلال  شهر آيار 2014.,1,6,2014-06-04,1100000.0,Y
165,2014,45,15,P,بدل مكافأة مالية لكارول الفغالي .,1,6,2014-06-04,100000.0,Y
165,2014,46,3,P,ثمن محروقات لزوم سيارات البلدية خلال شهر نيسان 2014.,2,9,2014-06-04,1820000.0,Y
165,2014,47,4,P,جدول أجور الأجراء عن شهر آيار 2014,1,4,2014-06-07,920000.0,Y
165,2014,48,9,P,جداوال عمال وإجرة آليات وثمن مواد بناء خلال شهر آيار 2014,2,14,2014-06-07,19464000.0,Y
165,2014,49,10,P,جداول عمال  وثمن حديد وباطون جاهز لبناء نصب الشهداء .,2,14,2014-06-07,5556000.0,Y
165,2014,50,2,P,جدول عمال وإجرة آليات.,3,4,2014-06-07,9707000.0,Y
165,2014,51,11,P,إجرة قساطل وأغراض مختلفة لصيانة خط صرف صحي.,2,14,2014-06-07,2510000.0,Y
165,2014,52,1,P,جداول عمال وثمن مواد بناء لصب أرض الملعب في العقار رقم 2222 و2223/عاريا عقارياً والكحاله بلدياً.,3,7,2014-06-07,6307000.0,Y
165,2014,57,17,P,بدل مكافأة مالية للكاتب وللشرطة عدد2 لقيامهم بأعمال إضافية خلال شهر حزيران 2014.,1,6,2014-07-03,1100000.0,Y
165,2014,58,18,P,بدل مكافأة مالية لكارول الفغالي خلال شهر حزيران 2014.,1,6,2014-07-03,100000.0,Y
165,2014,59,1,P,بدل عقد إتفاقي لصيانة برنامج المحاسبة مع شركة أفكار مؤسسية مبتكرة ش.م.م.,1,7,2014-07-09,1870000.0,N
165,2014,60,1,P,بدل عقد إتفاقي لصيانة برنامج المحاسبة مع شركة أفكار مؤسسية مبتكرة ش.م.م.,2,2,2014-07-09,1870000.0,Y
165,2014,61,2,P,"ثمن برنامج ""المستشار في الجريدة الرسمية""من شركة  دار الكتاب الا لكتروني اللبناني ش.م.ل.",1,7,2014-07-09,1815000.0,Y
165,2014,62,19,P,بدل مساعدة مدرسية للشرطي جلال بجاني لأولاده عدد2 عن العام 2014.,1,6,2014-07-09,2620000.0,Y
165,2014,63,2,P,ثمن 3بوالص تأمين للعمال وسيارات البلدية .,5,6,2014-07-10,2061000.0,Y
165,2014,64,4,P,ثمن محروقات  لزوم سيارات البلدية في شهر آيار 2014,2,9,2014-07-10,1730000.0,Y
165,2014,65,5,P,جدول أجور الأجراء عن شهر حزيران 2014,1,4,2014-07-23,864000.0,Y
165,2014,66,12,P,جداول عمال وثمن مواد بناء  وأغراض مختلفة خلال شهر حزيران 2014,2,14,2014-07-23,12024000.0,Y
165,2014,67,13,P,جداول عمال وثمن مواد بناء وغيرها خلال شهر حزيران 2014,2,14,2014-07-23,12926000.0,Y
165,2014,68,14,P,جداول عمال وثمن باطون جاهز  لنصب الشهداء في العقار رقم 211/الكحاله ودهان الملعب في العقار رقم 2222و2223/عاريا عقارياً والكحاله بلدياً.,2,14,2014-07-23,5926000.0,Y
165,2014,69,4,P,فاتورة لشركة لايت أند ساوند لزوم صيانة الإنارة  العامة خلال شهر حزيران 2014.,2,16,2014-07-23,1607000.0,Y
165,2014,70,1,P,مساعدة مالية الى السيد جوزف الياس يوسف سعد ابي خليل .,4,2,2014-07-24,1000000.0,Y
165,2014,71,14,P,راتب الكاتب ريما بجاني عن شهر تموز 2014.,1,2,2014-08-04,1040000.0,Y
165,2014,72,15,P,راتب الشرطة عدد2 عن شهر تموز 2014,1,2,2014-08-04,2221000.0,Y
165,2014,73,20,P,بدل نقل للكاتب والشرطة عن شهر تموز 2014,1,6,2014-08-04,616000.0,Y
165,2014,74,21,P,بدل مكافأة مالية للكاتب والشرطة  لقيامهم بأعمال إضافية خلال شهر تموز 2014,1,6,2014-08-04,1100000.0,Y
165,2014,75,22,P,بدل مكافأة مالية لكارول الفغالي في شهر تموز 2014,1,6,2014-08-04,100000.0,Y
165,2014,76,5,P,ثمن محروقات لزوم سيارات البلدية خلال شهر حزيران 2014.,2,9,2014-08-04,1575000.0,Y
165,2014,77,6,P,جدول أجور الأجراء عن شهر تموز 2014,1,4,2014-08-25,892000.0,Y
165,2014,78,15,P,جداول عمال وثمن مواد بناء في شهر تموز 2014,2,14,2014-08-25,11773000.0,Y
165,2014,79,16,P,جداول عمال وثمن مواد بناء وغيرها في شهر تموز 2014,2,14,2014-08-25,12332000.0,Y
165,2014,80,2,P,فواتير مصروفة لزوم صيانة سيارات البلدية وكمبريسور وغيرها.,2,2,2014-08-28,2636000.0,Y
165,2014,81,1,P,فواتير ثمن كراسي مكتب عدد2,2,3,2014-08-28,390000.0,Y
165,2014,82,1,P,فواتير ثمن ثياب للشرطة عدد5.,1,8,2014-08-28,1907000.0,Y
165,2014,83,6,P,ثمن محروقات لزوم سيارات البلدية في شهر تموز 2014,2,9,2014-09-01,1660000.0,Y
165,2014,84,1,P,ثمن دواء لعمال البلدية لإصابتهم بحوادث  أثناء قيامهم بأعمالهم خلال دوام العمل.,4,1,2014-09-01,283000.0,Y
165,2014,85,16,P,راتب الكاتب ريما بجاني عن شهر آب 2014,1,2,2014-09-02,1040000.0,Y
165,2011,90,2,P,بدل أعمال طوبوغرافية,3,9,2011-12-23,600000.0,Y
165,2011,91,3,P,بدل مخابرات الهاتف العادي والخليوي التابع للبلدية,1,10,2011-12-23,1177000.0,N
165,2011,92,4,P,بدل مخابرات الهاتف العادي والخليوي التابع للبلدية.,1,10,2011-12-23,1428000.0,Y
165,2011,93,2,P,بدل فواتير مصروفة للضيافة وغيرها من المصاريف النثرية.,5,1,2011-12-29,1289000.0,Y
165,2011,94,2,P,بدل راتب الكاتب عن شهر كانون الأول 2011,1,2,2011-12-31,792000.0,Y
165,2011,95,2,P,بدل إشتراك بمولد كهرباء وفواتير شركة الكهرباء لزوم مركز البلدية .,2,12,2011-12-31,689000.0,Y
165,2011,96,3,P,بدل إشتراك بمولد الكهرباء عن شهر كانون الأول  2011لزوم مركز البلدية,2,12,2011-12-31,200000.0,Y
165,2011,97,11,P,بدل جدول أجور الأجراء عن شهر تشرين الثاني 2011,1,4,2011-12-31,2378000.0,Y
165,2011,98,21,P,بدل جداول عمال وأغراض سنكرية خلال شهر تشرين الثاني 2011,2,14,2011-12-31,6959000.0,Y
165,2011,99,1,P,بدل فاتورة صيانة الزينة القديمة,5,9,2011-12-31,3750000.0,Y
165,2012,1,1,P,بدل رواتب الكاتب والشرطة عدد(2) عن شهر كانون الثاني 2012,1,2,2012-02-07,2528000.0,Y
165,2012,2,1,P,بدل نقل للكاتب والشرطة عدد (2) عن شهر كانون الثاني 2012 .,1,6,2012-02-07,608000.0,Y
165,2012,3,2,P,مكافأة مالية للكاتب لقيامها بأعمال إضافية خلال شهر كانون الثاني 2012.,1,6,2012-02-07,300000.0,Y
165,2012,4,2,P,رواتب الكاتب والشرطة عن شهر شباط 2012,1,2,2012-03-01,2528000.0,Y
165,2012,5,3,P,بدل نقل للكاتب والشرطة خلال شهر شباط 2012,1,6,2012-03-01,600000.0,Y
165,2012,6,4,P,مكافأة مالية للكاتب لقيامها بأعمال إضافية خلال شهر شباط 2012.,1,6,2012-03-01,300000.0,Y
165,2012,7,1,P,بدل جداول أجور الأجراء عن أشهر كانون الأول /2011 وكانون الثاني وشباط /2012,1,4,2012-03-11,7194000.0,Y
165,2012,8,1,P,بدل جداول عمال وثمن خشب ومواد بناء مختلفة لزوم صيانة الطرق العامة.,2,14,2012-03-11,17518000.0,Y
165,2012,9,2,P,بدل جدول عمال  وثمن مواد بناء مختلفة .,2,14,2012-03-11,12050000.0,Y
165,2012,10,3,P,إجرة أليات لزوم صيانة الطرقات العامة.,2,14,2012-03-11,18496000.0,Y
165,2012,11,1,P,إجرة ونش وفنيين وثمن بضاعة لزوم صيانة الإنارة العامة  وتركيب زينة الميلاد ورأس السنة 2011/2012,2,16,2012-03-11,4702000.0,Y
165,2012,12,1,P,بدل إيجار السنوي لمركز مبنى البلدية عن العام 2012.,1,9,2012-03-11,7200000.0,Y
165,2012,13,5,P,بدل معايدات لموظفين البلدية بمناسبة عيد الميلاد ورأس السنة 2011/2012,1,6,2012-03-11,4000000.0,Y
165,2014,92,1,P,ثمن أسلحة  وAC و مكنة INTERFACE .,2,1,2014-09-06,1530000.0,Y
165,2014,93,1,P,ثمن بطاقات عشاء مساهمة  في حفل العشاء السنوي لنادي الأخاء الأهلي الرياضي - عاليه.,4,6,2014-09-10,1500000.0,Y
165,2009,55,46,P,ثمن 6 بطاقات لحضور حفلة زجل و4 دفاتر تومبولا بمناسبة عيد السيدة,4,7,2009-08-12,340000.0,Y
165,2007,54,53,P,بدل اجور الأجراء الدائمين عن شهر تشرين الأول 2007,1,4,2007-10-31,2167000.0,Y
165,2007,55,54,P,اجور عمال يوميين وآليات وثمن ترابة وتوفنون ومياه واغطية ريغارات فونت وادوات مختلفة,2,14,2007-10-31,4302000.0,Y
165,2007,56,1,P,ثمن سيارة RENAULT RAPID للبلدية,2,6,2007-10-31,7050000.0,Y
165,2007,57,52,P,ثمن زينة جديدة مع صيانة الزينة القديمة بمناسبة الأعياد,5,2,2007-11-30,7170000.0,Y
165,2005,34,24,P,اجور نقل للموظفين والعاملين خلال شهر ايار 2005,1,6,2005-05-31,531000.0,Y
165,2005,35,1,P,ثمن بضاعة كهرباء مختلفة مع اجرة ونش هيدروليك لصيانة الإنارة العامة,2,16,2005-05-31,2283000.0,Y
165,2005,36,1,P,ثمن البسة واحذية صيفية للشرطة عدد 3,1,8,2005-05-31,970000.0,Y
165,2005,37,1,P,ثمن لوازم مكتبية واشتراك في الجريدة الرسمية ومجلة الأمن واعلام ويافطات وغيرها,1,7,2005-06-30,1830000.0,Y
165,2005,38,34,P,بدل رواتب الموظفين عن شهر حزيران 2005,1,2,2005-06-30,1570000.0,Y
165,2005,39,35,P,بدل اجور نقل للموظفين خلال شهر حزيران 2005,1,6,2005-06-30,396000.0,Y
165,2005,80,70,P,قيمة جدول اجور الأجراء الدائمين عن كانون الأول 2005,1,4,2005-12-27,3228000.0,Y
165,2012,14,1,P,بدل فواتير محروقات لزوم سيارات البلدية خلال شهر أيلول ،تشرين الأول، تشرين الثاني، كانون الأول/2011 وكانون الثاني وشباط /2012,2,9,2012-03-11,9957000.0,Y
165,2012,15,1,P,بدل فواتير مصروفة بمناسبة إستقبال بطريرك الراعي في 8/2/2012,5,2,2012-03-11,4895000.0,Y
165,2018,109,15,P,جداول عمال وثمن بضاعة لزوم صيانة مجرور وتنظيف الأقنية زصيانة شبكة المياه وحراسة ليلية خلال شهر آب 2018.,2,14,2018-09-19,12181000.0,Y
165,2018,110,13,P,جداول عمال وثمن مستوعبات وإجرة نقل لزوم أعمال تنظيف وتكنيس وجمع النفايات من أحياء البلدة ونقلها الى مركز الجمع.,2,4,2018-09-19,17762000.0,Y
165,2018,111,5,P,فواتير لزوم تغيير موتور البيك آب JAC ولوازمه.,2,2,2018-09-19,9034000.0,Y
165,2018,112,1,P,فواتير لزوم ألبسة للشرطة.,1,8,2018-09-19,1111000.0,N
165,2018,113,3,P,ثمن خزائن لغرفة الأرشيف وطاولة.,2,3,2018-09-19,1515000.0,Y
165,2018,114,3,P,فواتير لزوم إشتراك في الجريدة الرسمية الإلكتروني و إشتراك website البلدية.,1,7,2018-09-19,1090000.0,Y
165,2018,115,1,P,فواتير ثمن أجهزة لاسلكي ومكنة لحام ومنشار حطب وغيرها.,2,1,2018-09-19,2187000.0,N
165,2018,116,2,P,فواتير ثمن أجهزة لاسلكي ومكنة لحام ومنشار حطب وغيرها.,2,1,2018-09-19,2187000.0,Y
165,2018,117,1,P,فاتورة لزوم نوبة وإيصالات تبرع في المأتم.,5,9,2018-09-19,2600000.0,Y
165,2018,118,1,P,بدل إشتراك موتور من شهر كانون الثاني 2018 لغاية شهر أيلول 2018.,2,12,2018-09-19,2025000.0,Y
165,2018,119,2,P,ثمن بطاقات عشاء مساهمة في نشاطات إجتماعية.,4,7,2018-09-19,2000000.0,Y
165,2018,120,2,P,ثمن تومبولا و بطاقات عشاء مساهمة للأوقاف الخيرية.,4,3,2018-09-19,350000.0,Y
165,2018,121,2,P,بدل مساعدات إجاماعية.,4,2,2018-09-19,1100000.0,Y
165,2018,122,4,P,فواتير لزوم قرطاسية ويافطات وغيرها.,1,7,2018-09-28,1073000.0,Y
165,2018,123,2,P,فواتير الهاتف العادي رقم 05/768985 و 05/769620 والخليوي رقم 03/950190 عن شهر حزيران وتموز وآب 2018.,1,10,2018-09-28,1007000.0,Y
165,2018,124,20,P,بدل مساعدات مدرسية لأولاد جلال بجاني (إيليو وماريا),1,6,2018-09-28,3000000.0,Y
165,2018,125,2,P,فواتير ثمن مياه وبن وغيرها من مصاريف الضيافة .,5,1,2018-09-28,1637000.0,Y
165,2018,126,6,P,فواتير لزوم صيانة سيارات البلدية.,2,2,2018-09-28,2395000.0,Y
165,2018,127,7,P,فواتير ثمن محروقات لزوم سيارات البلدة خلال شهر آب وأيلول 2018.,2,9,2018-09-28,2957000.0,Y
165,2014,53,11,P,راتب الكاتب ريما بجاني عن شهر حزيران 2014,1,2,2014-07-02,1040000.0,N
165,2009,58,58,P,ثمن مواد بناء مختلفة,2,14,2009-08-24,12522000.0,Y
165,2009,59,35,P,مصاريف رخصة بناء مبنى البلدية على العقار رقم /674/الكحاله.,3,9,2009-08-24,9815000.0,Y
165,2009,60,54,P,مكافأة مالية للكاتب لقاء قيامها بأعمال إضافية خارج الدوام الرسمي,1,6,2009-09-10,300000.0,Y
165,2009,61,1,E,إجرة نقل ردم مع أجار مكب وتركتور دولاب لعقار البلدية رقم /674/الكحاله,3,1,2009-09-17,19695000.0,Y
165,2009,62,62,P,أعمال حفر مبنى البلدية على العقار رقم /674/ الكحاله مع تدعيم محطة الكهرباء,3,1,2009-09-17,6570000.0,Y
165,2009,63,59,P,أعمال حفر وصب مجرور مع قناة مياه وتركيب أعمدة وتلحيم مصبعات,2,14,2009-09-17,17777000.0,Y
165,2009,64,64,P,أجور عمال يوميين ثمن مواد بناء مختلفة وأجور اليات وصيانة الطرق العامة,2,14,2009-09-19,19080000.0,Y
165,2009,65,65,P,أجور عمال يوميين ، ثمن مواد بناء مختلفة ، وصيانة الطرق العامة.,2,14,2009-09-19,10434000.0,Y
165,2009,66,49,P,إجرة ونش هيدروليك وفنيين وثمن بضاعة كهرباء مختلفة لصيانة شبكة الإنارة العامة.,2,16,2009-09-19,1387000.0,Y
165,2009,67,61,P,مكافأة مالية للكاتب لقاء قيامها بأعمال إضافية خارج الدوام الرسمي,1,6,2009-10-03,300000.0,Y
165,2009,68,50,P,شراء ثياب للشرطة,1,8,2009-10-14,146000.0,Y
165,2009,69,60,P,أعمال إظهار حدود وتقرير الجيوتقني للعقار رقم 674/الكحاله,3,9,2009-10-14,1500000.0,Y
165,2009,70,66,P,أجور عمال وثمن مواد بناء مختلفة وأجور أليات وصيانة طرق مختلفة إلخ...,2,14,2009-10-15,17125000.0,Y
165,2009,71,63,E,إجرة آليات  مع إجرة مكب.,3,1,2009-10-15,16590000.0,Y
165,2009,72,72,E,إجرة نقل ردم من حفرية البلدية في العقار رقم /674/الكحاله.,3,1,2009-10-15,18000000.0,Y
165,2009,73,73,E,إجرة تراكتور ومصاريف نقل محطة الكهرباء على العقار رقم 674/الكحاله,3,1,2009-10-15,4385000.0,Y
165,2009,74,34,P,بدل شراء بطاقات لجمعية صوت الطفل ومساهمة لبعض الجمعيات الإجتماعية.,4,11,2009-10-22,535000.0,Y
165,2009,75,1,P,ثمن آرمة إعلانية لسباق الدرجات.,4,6,2009-10-22,415000.0,Y
165,2009,76,55,P,بدل إستهلاك كهرباء ومولد كهرباء.,2,12,2009-10-24,632000.0,Y
165,2009,77,68,P,بدل نقل للكاتب والشرطةعن شهر تشرين الثاني,1,6,2009-11-03,656000.0,Y
165,2009,78,78,P,مكافأة مالية للكاتب لقاء قيامها بأعمال إضافية خارج الدوام الرسمي,1,6,2009-11-03,300000.0,Y
165,2009,83,1,P,ثمن برداية لزوم مبنى البلدية,2,3,2009-11-26,210000.0,Y
165,2009,84,79,P,مكافأة مالية للكاتب لقاء قيامها بأعمال إضافية خارج الدوام الرسمي,1,6,2009-12-01,300000.0,Y
165,2009,85,17,P,بدل أتعاب محاسبة ومكننة,1,4,2009-12-01,750000.0,Y
165,2009,86,69,P,شراء ثياب وأحذية للشرطة ومختلف.,1,8,2009-12-05,1158000.0,Y
165,2009,87,1,P,قيمة فواتير فحوصات لزوجة كابي أبي خليل,4,1,2009-12-05,269000.0,Y
165,2009,88,75,P,ثمن روزنامات وعشر بطاقات ترويقة لأخوية مار الياس وبطاقتان لسهرة الليونز,4,11,2009-12-07,650000.0,Y
165,2009,89,70,P,بدل رسم طوابع لطلب إفادة عقارية للعقار رقم 211/الكحاله.,3,9,2009-12-07,20000.0,Y
165,2009,90,86,P,بدل إجرة أجور الأجراء الدائمين,1,4,2009-12-16,2708000.0,Y
165,2014,86,17,P,بدل راتب الشرطة عدد2 عن شهر آب 2014,1,2,2014-09-02,2221000.0,Y
165,2014,87,23,P,بدل نقل للكاتب والشرطة عدد2 عن شهر آب 2014.,1,6,2014-09-02,616000.0,Y
165,2014,88,24,P,بدل مكافأ ة مالية للكاتب والشرطة لقيامهم بأعمال إضافية خلال شهر آب 2014,1,6,2014-09-02,1100000.0,Y
165,2014,89,25,P,بدل مكافأة مالية لكارول بو خليل الفغالي  في شهر آب 2014.,1,6,2014-09-02,100000.0,Y
165,2014,90,7,P,ثمن محروقات لزوم سيارات البلدية خلال شهر آب 2014.,2,9,2014-09-05,1585000.0,Y
165,2014,91,1,P,ثمن دواء لمكافحة الحشرات .,2,7,2014-09-06,2626000.0,Y
165,2016,222,3,P,بدل مساعدات الى ثمانية عائلات من أبناء الكحاله بمناسبة عيد الميلاد.,4,2,2016-12-31,1250000.0,Y
165,2016,223,3,P,بدل مساعدات الى تسعة عشر عائلة من أبناء الكحاله بمناسبة عيد الميلاد.,4,7,2016-12-31,4450000.0,Y
165,2012,107,3,P,مساهمة في صيانة قاعة محكمة الجنايات في مبنى قصر عدل بعبدا.,4,11,2012-11-26,3000000.0,Y
165,2013,20,7,P,بدل أتعاب السيد مارينوس أبي خليل لملاحقة مشروع المسابقة المطروحة من قبل منظمة USAID,1,6,2013-05-18,1500000.0,Y
165,2013,21,1,P,بدل إيجار مركز البلدية  عن العام 2013,1,9,2013-05-18,7200000.0,Y
165,2013,22,4,P,جداول عمال عدد 3,2,14,2013-05-18,3406000.0,Y
165,2013,23,5,P,جدول عمال من 16/3/2013 لغاية 31/3/2013,2,14,2013-05-18,4630000.0,Y
165,2013,24,6,P,جداول عدد 2 لشهر نيسان 2013,2,14,2013-06-03,11660000.0,Y
165,2013,25,2,P,جدول أجور الأجراء عن شهر نيسان 2013,1,4,2013-06-03,920000.0,Y
165,2013,26,1,P,بدل أتعاب المحامي سمير عبدالله بخصوص الدعوى المقدمة من السيد جهاد البجاني ورفاقه.,5,3,2013-06-03,3000000.0,Y
165,2013,27,1,P,ثمن محروقات لزوم سيارات البلدية خلال أشهر كانون الثاني وشباط وآذار ونيسان 2013,2,9,2013-06-03,2909000.0,Y
165,2013,28,1,P,بدل عقد إتفاقي لصيانة برنامج المحاسبة مع شركة أفكار مؤسسية مبتكرة ش.م.م.,2,2,2013-06-03,1870000.0,Y
165,2013,29,8,P,بدل مساعدة مدرسية لأولاد الشرطي جلال بجاني للعام 2013,1,6,2013-06-03,1900000.0,Y
165,2013,30,7,P,بدل راتب الكاتب ريما بجاني عن شهر آيار 2013,1,2,2013-06-03,1040000.0,Y
165,2013,31,8,P,بدل رواتب الشرطة عدد 2 عن شهر آيار 2013,1,2,2013-06-03,2167000.0,Y
165,2013,32,9,P,بدل نقل للكاتب والشرطة خلال شهر آيار 2013,1,6,2013-06-03,608000.0,Y
165,2013,33,10,P,بدل مكافأة مالية للكاتب والشرطة عدد 2 لقيامهم بأعمال إضافية خلال شهر آيار 2013,1,6,2013-06-03,1100000.0,Y
165,2013,34,3,P,جدول أجور الأجراء عن شهر آيار 2013,1,4,2013-06-22,864000.0,Y
165,2013,35,7,P,قيمة جداول عمال وإجرة بوب كات وثمن مواد بناء خلال شهر آيار وماقبل /2013,2,14,2013-06-22,18524000.0,Y
165,2013,36,8,P,قيمة جداول عمال وإجرة آليات وثمن مواد بناء خلال شهر آيار وما قبل /2013,2,14,2013-06-22,17706000.0,Y
165,2013,37,1,P,بدل إجرة ونش هيدروليك وعمال فنيين وإجر بضاعة لصيانة الإنارة العامة خلال شهر آيار وماقبل 2013.,2,16,2013-06-22,3434000.0,Y
165,2013,38,1,P,ثمن 7 بوالص تأمين للموظفين وعائلاتهم.,5,6,2013-06-22,5700000.0,Y
165,2013,39,1,P,ثمن بيك آب ماركة JAC,2,6,2013-06-22,26250000.0,Y
165,2013,40,1,P,تقديم هبة مالية لإنجاز أعمال ترميم مركز أمن عام عاليه الإقليمي الجديد.,4,11,2013-06-25,1000000.0,Y
165,2007,58,55,P,قيمة جدول ا<راء الدائمين عن شهر تشرين الثاني 2007,1,4,2007-11-30,2161000.0,Y
165,2007,59,56,P,اجور عمال يوميين وآليات وثمن ترابة وقساطل وغيرها,2,14,2007-11-30,2464000.0,Y
165,2007,60,40,E,بدل معايدات للموظفين والأجراء الدائمين,1,6,2007-11-30,2500000.0,Y
165,2007,61,59,P,قيمة جدول اجور الأجراء الدائمين عن شهر كانون الأول 2007,1,4,2007-12-28,2179000.0,Y
165,2007,62,60,P,اجور عمال يوميين وثمن ترابة وقساطل واحجار باطون وغيرها,2,14,2007-12-27,1993000.0,Y
165,2007,63,35,P,بدل توريد وتركيب خطوط نحاس على طريق الرجوم- مار الياس,2,16,2007-12-27,1000000.0,Y
165,2007,64,1,P,بدل شراء هدايا للمعايدات,5,9,2007-12-27,2071000.0,Y
165,2007,65,1,P,بدل مصاريف تحصيل شيك لمصرف لبنان وتسديد عجز مالي في المحتسبية,1,11,2007-12-27,230000.0,Y
165,2007,66,1,P,ماهمة لترميم صالون كنيسة السيدة - الكحاله وبدل مساهمة للأب بو عبد الله لتكريس البلدية,4,3,2007-12-27,150000.0,Y
165,2007,67,61,P,بدل تعويض حبيب رزق الله عن العامين 2005,1,6,2007-12-31,783000.0,Y
165,2007,68,68,E,بدل تعويض حبيب رزق الله عن العام 2006,1,6,2007-12-31,783000.0,Y
165,2008,1,1,P,سلفة الى الكاتب ريما بجاني للمصاريف النثرية الطارئة,5,1,2008-01-02,2000000.0,Y
165,2008,2,1,P,اجور الأجراء الدائمين (وكلاء ورش وجباية وتنظيف مبنى البلدية) عن العام 2008,1,4,2008-01-31,27000000.0,Y
165,2008,3,1,P,بدل رواتب الموظفين عن العام 2008,1,2,2008-01-31,21264000.0,Y
165,2008,4,3,P,بدل اتعاب منى بو انطون عن العام 2008,1,4,2008-01-31,18000000.0,Y
165,2008,5,1,P,بدل ايجار مركز البلدية  السنة التأجيرية الثانية عن العام 2008,1,9,2008-01-31,5400000.0,Y
165,2008,6,1,P,بدل اجور عمال يوميين وآليات وثمن مواد بناء وادوات سنكرية وعدة ورش وغيرها ...,2,14,2008-01-31,75000000.0,Y
165,2008,7,1,P,بدل اجور نقل للموظفين عن العام 2008 وبدل تعويضات مختلفة,1,6,2008-01-31,10000000.0,Y
165,2008,8,1,P,ثمن محروقات للسيارات في البلدية,2,9,2008-01-31,10000000.0,Y
165,2008,9,1,P,ثمن قرطاسية مختلفة وورق للطباعة وملفات لحفظ الأرشيف وغيرها,1,7,2008-01-31,3000000.0,Y
165,2008,10,1,P,بدل مخابرات هاتفية واشتراكات,1,10,2008-01-31,3000000.0,Y
165,2008,11,1,P,ثمن سبعة بوالص تأمين للموظفين وعائلاتهم من 1-3-2008 ولغاية 28-2-2009,5,6,2008-01-31,2990000.0,Y
165,2008,12,1,P,فك زينة الأعياد وتوضيبها وحفظها في مستودع كنيسة مار الياس,5,2,2008-01-31,746000.0,Y
165,2008,13,1,P,اجرة ونش هيدروليك وفنيين وثمن بضاعة كهرباء مختلفة,2,16,2008-01-31,10000000.0,Y
165,2008,14,1,P,بدل تعويضات استملاك العقارات رقم /1184/1186/1182/1189/ طاحونة قمح,3,10,2008-04-04,32835000.0,Y
165,2008,15,1,P,ثمن ملابس واحذية للموظفين والأجراء خلال العام 2008,1,8,2008-01-30,3000000.0,Y
165,2008,16,1,P,مساعدات لمؤسسات وجمعيات مختلفة,4,11,2008-01-31,5000000.0,Y
165,2008,17,13,P,ثمن اعلام لبنانية ومفرقعات والعاب نارية ويافطات واجرة ونش هيدروليك وضيافات يوم انتخاب فخامة الرئيس ميشال سليمان,5,2,2008-05-22,5000000.0,Y
165,2008,18,1,P,انشاء غرفة لإنتظار الأوتوبوس مقابل كنيسة مار انطونيوس,3,8,2008-04-29,2423000.0,Y
165,2008,19,1,P,ثمن موتور ومواد وادوات مختلفة لمكافحة الحشرات,2,7,2008-07-25,5000000.0,Y
165,2008,20,1,P,ثمن مكييف ودفاية غاز ومقدح وتلفون واجهزة مختلفة للورش ومكتب البلدية,2,1,2008-01-25,10000000.0,Y
165,2018,128,8,P,جدول كوماري عاملة التنظيفات في مبنى البلدية خلال شهر أيلول وثمن لوازم التنظيف.,2,8,2018-09-28,833000.0,Y
165,2018,129,17,P,بدل رواتب الموظفين خلال شهر أيلول 2018.,1,2,2018-09-28,6790000.0,N
165,2018,130,18,P,بدل رواتب موظفين البلدية خلال شهر أيلول 2018.,1,2,2018-09-28,6949000.0,Y
165,2018,131,21,P,بدل نقل لموظفين البلدية خلال شهر أيلول 2018.,1,6,2018-09-28,576000.0,Y
165,2018,132,22,P,بدل ساعات إضافية لجلال بجاني  خلال شهر أيلول 2018,1,6,2018-09-28,385000.0,Y
165,2018,133,2,P,فواتير لزوم البسة لعناصر الشرطة.,1,8,2018-09-28,1132000.0,Y
165,2018,134,16,P,جداول عمال وثمن بضاعة لزوم صب نزلة قرب منزل جرجس الزغبي وصيانة مجارير وغيرها من أعمال صيانة خلال شهر آيلول 2018.,2,14,2018-09-28,18871000.0,Y
165,2018,135,17,P,جداول عمال وثمن بضاعة لزوم صب نزلة قرب منزل عساف رزق الله وبناء حيطان وصيانة مجارير خلال شهر أيلول 2018,2,14,2018-09-28,12899000.0,Y
165,2018,136,5,P,فواتير إجرة ونش هيدروليك وعمال فنيين وثمن بضاعة لزوم صيانة الإنارة خلال شهر أيلول 2018.,2,16,2018-09-28,1830000.0,Y
165,2018,137,14,P,جداول عمال تنظيف وتكنيس وجمع النفايات ونقلها الى مركز الجمع خلال شهر أيلول 2018.,2,4,2018-09-28,12545000.0,Y
165,2018,138,1,P,فواتير لزوم أعمال مسح وتخطيطات لعقارات وطرقات ضمن نطاق بلدية الكحاله.,3,9,2018-09-28,8550000.0,Y
165,2018,139,3,P,فواتير ثمن خشب وإجرة تركيب  وفك كيوسكات لزوم مهرجانات صيف الكحاله 2018,5,2,2018-10-31,2666000.0,Y
165,2018,140,23,P,بدل مساعدة مدرسية للشرطي جلال بجاني عن أولاده.,1,6,2018-10-31,1000000.0,Y
165,2018,141,19,P,رواتب الموظفين خلال شهر تشرين الأول 2018.,1,2,2018-10-31,6949000.0,Y
165,2018,142,24,P,بدل نقل لموظفين البلدية خلال شهر تشرين الأول 2018.,1,6,2018-10-31,736000.0,Y
165,2019,78,2,P,فواتير من شركة بجكو ثمن بوالص تأمين للعمال وبيك آب وسيارة Duster و R12.,5,6,2019-09-19,2565000.0,Y
165,2009,26,1,P,شراء درع لزوم تكريم رئيس البلدية,5,2,2009-06-19,330000.0,Y
165,2012,93,9,P,بدل إيجار آليات من بوكلين وغيره خلال شهر آيلول 2012,2,14,2012-09-29,16800000.0,Y
165,2012,94,4,P,بدل إجرة ونش هيدروليك وعمال فنيين وثمن بضاعة لزوم صيانة الإنارة العامة.,2,16,2012-09-29,609000.0,Y
165,2012,95,1,P,بدل إجرة تركيب مجلى في مبنى الشؤون الإجتماعية في العقار رقم 674/الكحاله.,2,5,2012-09-29,563000.0,Y
165,2012,96,1,P,بدل إجرة باصات لزوم نقل أبناء الكحاله  الى قصر بعبدا وبيروت بمناسبة زيارة بابا روما الى لبنان.,1,11,2012-09-29,3800000.0,Y
165,2012,97,10,P,رواتب الكاتب والشرطة عدد 2 عن شهر تشرين الأول 2012,1,2,2012-11-01,2528000.0,Y
165,2012,98,22,P,بدل نقل للكاتب والشرطة خلال شهر تشرين الأول 2012,1,6,2012-11-01,616000.0,Y
165,2012,99,23,P,بدل مكافأة مالية لقيامها بأعمال إضافية خلال شهر تشرين الأول 2012,1,6,2012-11-01,300000.0,Y
165,2012,100,5,P,جدول أجور الأجراء عن شهر تشرين الأول 2012,1,4,2012-11-09,2356000.0,Y
165,2012,101,10,P,بدل جداول عمال وثمن مواد بناء.,2,14,2012-11-09,18707000.0,Y
165,2012,102,11,P,بدل جدول عمال وإجرة أليات وثمن مواد بناء خلال شهر تشرين الأول 2012.,2,14,2012-11-09,14931000.0,Y
165,2012,103,12,P,ثمن مرايا وآرمات للطرقات الداخلية وثمن مصبعات.,2,14,2012-10-11,8921000.0,Y
165,2009,91,71,P,أجور عمال وثمن مواد بناء مختلفة وأجور أليات  وصيانة طرق مختلفة إلخ...,2,14,2009-12-17,10658000.0,Y
165,2009,92,80,P,إجرة أعمال JCB وتصنيع مصبعات وثمن حديد.,3,5,2009-12-17,3445000.0,Y
165,2009,93,83,P,إجرة ونش هيدروليك وفنيين وثمن بضاعة كهرباء مختلفة لصيانة شبكة الإنارة العامة إلخ...,2,16,2009-12-17,1455000.0,Y
165,2009,94,28,P,قيمة الفواتير المصروفة في برنامج لاقونا عالساحة,5,2,2009-12-17,5859000.0,Y
165,2009,95,87,P,ثمن ثياب للشرطة,1,8,2009-12-24,396000.0,Y
165,2009,96,89,P,ثمن بطاقات عدد(5) سهرة نادي غولدن بادي.,4,11,2009-12-24,200000.0,Y
165,2009,97,5,P,ثمن هدايا للقائمقام والتنظيم المدني وعناصر الأمنية.,5,1,2009-12-24,1553000.0,Y
165,2006,40,37,P,اجور الأجراء الدائمين عن شهر آب 2006,1,4,2006-08-31,3180000.0,Y
165,2014,129,2,P,مساعدة مالية للسيد عبده سليم ابي خليل وذلك لإجراء عملية جراحية طارئة.,4,2,2014-11-18,1000000.0,Y
165,2004,42,29,P,قيمة مخابرات واشتراك القسط الأول/2004 لهاتفي البلدية ومخابرات خليوية عن ايار وحزيران 04,1,10,2004-05-31,971000.0,Y
165,2004,43,28,P,ثمن محروقات بنزين وغيرها لسيارات البلدية خلال شهر ايار 2004,2,9,2004-05-31,949000.0,Y
165,2004,44,41,P,بدل رواتب الشرطة والكاتب عن شهر حزيران 2004,1,2,2004-06-30,1535000.0,Y
165,2004,45,42,P,بدل اجور نقل للكاتب والشرطة خلال شهر حزيران 2004,1,6,2004-06-30,390000.0,Y
165,2004,46,38,P,قيمة جدول اجور الأجراء الدائمين (وكلاء ورش وجباية وتنظيف مبنى البلدية) خلال شهر حزيران 2004,1,4,2004-06-30,2832000.0,Y
165,2004,47,39,P,ثمن ترابة وقساطل واكسسوارات وعدة مختلفة واجور نقل وعمال خلال حزيران 2004,2,14,2004-06-30,2802000.0,Y
165,2004,48,19,P,ثمن بطاقات حفلات اجتماعية,4,7,2004-06-30,270000.0,Y
165,2004,49,44,P,ثمن محروقات لسيارات البلدية خلال شهر حزيران/2004,2,9,2004-06-30,995000.0,Y
165,2004,50,1,P,ثمن فرش اسفنج وخزانات كلاسور,2,3,2004-06-30,815000.0,Y
165,2004,51,1,P,اشتراك سنوي في مكتب الإتحاد الدولي للمدن المتحدة في الشرق الأوسط عن العام 2004,4,4,2004-06-30,900000.0,Y
165,2004,52,49,P,مساعدات اجتماعية,4,7,2004-06-30,1000000.0,Y
165,2004,53,45,P,بدل رواتب الشرطة (2) والكاتب عن شهر تموز 2004,1,2,2004-07-26,1535000.0,Y
165,2004,54,46,P,بدل اجور نقل للموظفين خلال شهر تموز 2004,1,6,2004-07-31,300000.0,Y
165,2004,55,47,P,جدول اجور الأجراء الدائمين (وكلاء ورش وجباية وتنظيف مبنى البلدية ) خلال شهر تموز 2004,1,4,2004-07-31,3073000.0,Y
165,2004,56,48,P,قيمة اجور عمال وثمن ترابة وبحص ونقل رمل وغيرها,2,14,2004-07-31,2616000.0,Y
165,2004,57,1,P,اجور عمال وثمن ترابة وبحص ونقل رمل وثمن قساطل وغيرها,3,4,2004-07-31,1725000.0,Y
165,2004,58,57,P,اجور عمال وآليات ونقل دبش وتوفونو وثمن احجار باطون وغيرها,2,14,2004-07-31,1725000.0,N
165,2004,59,59,P,اجور عمال واليات وثمن احجار باطون وادوات مختلفة,2,14,2004-07-31,2337000.0,Y
165,2004,60,10,P,ثمن قطع مع اجرة تصليح الأجهزة والسيارات للبلدية,2,2,2004-08-20,964000.0,Y
165,2004,61,1,P,بدل اتعاب محاماة عن الدعوى المقامة ضد بلدية عاريا بالرقم 8846/99,5,3,2004-08-25,1500000.0,Y
165,2013,41,11,P,بدل صرف تعويض عن العام 2011 و2012,1,6,2013-06-29,1560000.0,Y
165,2013,42,12,P,بدل أتعاب مارينوس أبي خليل لمتابعة مشروع USAID,1,6,2013-06-29,1500000.0,Y
165,2013,80,20,P,بدل مكافأة مالية لكارول الفغالي عن شهر آب 2013,1,6,2013-09-02,100000.0,Y
165,2013,81,1,P,ثمن بطاقات عشاء وتومبولا مساهمة لرعايا الكنائس .,4,3,2013-09-04,2450000.0,Y
165,2013,82,2,P,رسم معاملات تسجيل لبيك آب JAC  و RENAULT DUSTER.,5,9,2013-09-05,1532000.0,Y
165,2013,83,2,P,ثمن بطاقات عشاء وتومبولا مساهمة لرعايا الكنائس.,4,3,2013-09-05,2350000.0,Y
165,2013,84,1,P,ثمن بطاقات عشاء مساهمة في نشاطات إجتماعية.,4,7,2013-09-07,2545000.0,Y
165,2013,85,2,P,ثمن لوازم مكتبية ويافطات وإشتراك بالمجلات والجريدة الرسمية  وغيرها من اللوازم.,1,7,2013-09-07,2042000.0,Y
165,2013,86,4,P,بدل أتعاب المحامي بسام المهتار عن الطعن المقدم  لدى مجلس الشورى بالمرسوم رقم 10234 بتاريخ 13/4/2013,5,3,2013-09-18,500000.0,Y
165,2013,87,5,E,بدل أتعاب المحامي بسام المهتار عن الطعن المقدم لدى مجلس الشورى  بالمرسوم رقم 10234 بتاريخ 13/4/2013,5,3,2013-09-18,700000.0,Y
165,2013,88,4,P,قيمة فاتورة المحروقات عن شهر آب 2013 لزوم سيارات البلدية.,2,9,2013-09-27,1458000.0,Y
165,2013,89,2,P,بدل إشتراك كهرباء وموتور.,2,12,2013-09-27,631000.0,Y
165,2013,90,1,P,قيمة فواتير لزوم ألبسة للشرطة,1,8,2013-09-28,2677000.0,Y
165,2013,91,1,P,ثمن دواء لمكافحة الحشرات.,2,7,2013-09-28,1780000.0,Y
165,2013,92,2,P,قيممة فواتير الهاتف العادي والخليوي من  شهركانون الثاني 2013 لغاية شهر آب 2013,1,10,2013-09-28,2608000.0,Y
165,2013,93,2,P,ثمن بطاقات عشاء مساهمة في نشاطات إجتماعية.,4,7,2013-09-28,1175000.0,Y
165,2018,23,3,P,جداول عمال وإجرة آليات وثمن بضاعة لتنظيف النهر وفلش بحص بعد مدّ شبكة المجارير.,2,14,2018-03-28,19209000.0,Y
165,2018,24,4,P,جداول عمال وثمن مواد بناء وحديد لزوم إنشاء حائط قرب منزل انطوان جرجس رزق الله وتصنيع وتركيب تصوينة حديد للطريق قرب منزل انطوان جريس الياس بجاني في شهر شباط 2018,2,14,2018-03-28,10713000.0,Y
165,2018,25,2,P,جداول عمال وثمن بضاعة سنكرية لصيانة شبكة المياه.,2,15,2018-03-28,2010000.0,Y
165,2018,26,2,P,جداول عمال عدد 2.,2,4,2018-03-28,19746000.0,N
165,2018,27,3,P,جداول عمال عدد2 وفاتورة لزوم جمع ورفع النفايات من أحياء البلدة ونقلها الى المطامر في شهر شباط.,2,4,2018-03-28,19746000.0,Y
165,2018,28,1,P,ثمن 7 بوالص تأمين من شركة بنكرز للتأمين لزوم موظفين البلدية وعائلاتهم.,5,6,2018-03-28,7295000.0,Y
165,2018,29,5,P,بدل راتب ريما بجاني وكارول بو خليل الفغالي عن شهر آذار 2018.,1,2,2018-03-28,1612000.0,Y
165,2018,30,6,P,راتب جلال بجاني وشربل ابي خليل عن شهر آذار 2018,1,2,2018-03-28,1736000.0,N
165,2018,31,7,P,راتب جلال بجاني وشربل ابي خليل عن شهر آذار 2018.,1,2,2018-03-28,1895000.0,Y
165,2018,32,5,P,بدل نقل لموظفين البلدية عن شهر آذار 2018.,1,6,2018-03-28,672000.0,Y
165,2018,33,6,P,بدل ساعات إضافية لجلال بجاني خلال شهر آذار 2018.,1,6,2018-04-03,385000.0,Y
165,2018,34,3,P,جدول كوماري عاملة التنظيفات في مبنى البلدية خلال شهر آذار 2018.,2,8,2018-04-03,180000.0,Y
165,2004,114,114,E,اجور عمال يوميين وآليات وثمن ترابة وحديد واحجار باطون لإنشاء مصبعات حديد للمجاري والأقنية على كوع الهبر وتنظيفات مختلفة وغيرها ...,2,14,2004-12-30,2247000.0,Y
165,2008,21,1,E,مساعدة اجتماعية الى ورثة توفيق راشد بجاني,4,2,2008-06-30,15000000.0,Y
165,2008,22,22,P,مساعدة اجتماعية الى ورثة توفيق راشد بجاني,4,2,2008-06-30,300000.0,Y
165,2008,23,1,P,نفقات لنشر الإعلانات ودفع عمولات مصرفية وغيرها,1,11,2008-03-08,3000000.0,Y
165,2016,189,1,P,فواتير مصروفة لزوم أعمال طوبوغرافية لطريق الطاحون التراثي ومصاريف رسم إرتفاق وتخطيط.,3,9,2016-12-21,1220000.0,Y
165,2016,190,1,P,جمعية أحياء تراث بدادون ، مساهمة في مسرحية موسم العز 2016 .,4,4,2016-12-21,1000000.0,Y
165,2016,191,3,P,بدل مساهمة لصليب الأحمر -فرع عاليه ولجمعية LOGOS..,4,11,2016-12-21,900000.0,Y
165,2016,192,2,P,مساهمة لرعية مار الياس للقيام بنشاط عيد الميلاد ،  وبدل اكاليل.,4,3,2016-12-21,600000.0,Y
165,2016,193,4,P,مصاريف  معاملة ديبوك العامل البنغلاديش لدى وزارة العمل والأمن العام.,5,9,2016-12-22,1079000.0,Y
165,2016,194,3,P,مصارف المحامي للمرافعة والمدافعة في الدعوى المقدمة من طارق ابي خليل بخصوص العقار رقم 1190/الكحاله,5,3,2016-12-22,1700000.0,Y
165,2016,195,3,P,فواتير مصروفة ثمن هاتف عدد2 وغاز ودست .,2,1,2016-12-22,741000.0,Y
165,2016,196,7,E,فواتير مصروفة ثمن يافطات وقرطاسية وشجرة الميلاد في مبنى البلدية وإشتراك مجلة لبنان سياحة لكل الفصول.,1,7,2016-12-22,1542000.0,Y
165,2016,197,30,P,بدل معايدة موظفين البلدية ووكلاء الورش.,1,6,2016-12-23,3000000.0,Y
165,2016,198,31,P,بدل معايدات لعناصر الشرطة بمناسبة عيد الميلاد .,1,6,2016-12-23,2100000.0,Y
165,2016,199,4,P,فواتير مصروفة لزوم ثياب الشرطة.,1,8,2016-12-26,709000.0,Y
165,2016,200,3,P,فواتير مصروفة لزوم استهلاك كهرباء ومولد كهرباء.,2,12,2016-12-29,765000.0,Y
165,2016,201,4,P,فواتير مصروفة لزوم مخابرات الهاتف العادي والخليوي وSMS.,1,10,2016-12-29,1106000.0,Y
165,2016,202,4,P,فواتير مصروفة لزوم سجاد مدخل وكراسي وطاولات بلاستيك ومسكات بواب ودفاية غاز لمبنى البلدية.,2,3,2016-12-29,1685000.0,Y
165,2016,203,27,E,رواتب ريما بجاني وكارول بو خليل عن شهر كانون الأول 2016.,1,2,2016-12-31,2020000.0,Y
165,2016,204,28,E,راتب الجابي والشرطي عن شهر كانون الأول 2016,1,2,2016-12-31,1675000.0,Y
165,2016,205,32,P,بدل غلاء معيشة وتعويض عائلي للجابي والشرطي عن شهر كانون الأول 2016.,1,6,2016-12-31,610000.0,Y
165,2016,206,33,P,بدل نقل لموظفين البلدية عن شهر كانون الأول 2016.,1,6,2016-12-31,784000.0,Y
165,2016,207,34,P,بدل مكافأة مالية لموظفين البلدية لقيامهم بأعمال إضافية خلال شهر كانون الأول 2016.,1,6,2016-12-31,900000.0,Y
165,2016,208,11,P,جدول كوماري عاملة التنظيفات في مبنى البلدية  عن شهر كانون الأول 2016.,1,4,2016-12-31,135000.0,Y
165,2016,209,8,P,ثمن محروقات لزوم سيارات البلدية خلال شهر تشرين الثاني وكانون الأول 2016,2,9,2016-12-31,2843000.0,Y
165,2016,210,3,P,فواتير مصروفة لزوم مصاريف ضيافة في مبنى البلدية (بن ، مياه ، نسكافه محارم وغيرها),5,1,2016-12-31,1911000.0,Y
165,2016,211,6,P,فواتير مصروفة لزوم تحضير لنشاطات عيد الميلاد.,5,2,2016-12-31,739000.0,Y
165,2012,104,11,P,بدل مفعول رجعي للكاتب والشرطة من 1/2/2012 لغاية 31/10/2012,1,2,2012-11-10,5868000.0,Y
165,2012,105,24,P,بدل مفعول رجعي للسيدة كارول الفغالي من 1/2/2012 لغاية 31/10/2012,1,6,2012-11-10,1170000.0,Y
165,2012,106,7,P,ثمن محروقات عن شهر تشرين الأول /2012 لزوم سيارات البلدية.,2,9,2012-11-12,2721000.0,Y
165,2012,108,12,P,بدل راتب الكاتب ريما بجاني عن شهر تشرين الثاني 2012.,1,2,2012-12-03,1013000.0,Y
165,2012,109,13,P,بدل رواتب الشرطة عدد2 عن شهر تشرين الثاني 2012,1,2,2012-12-03,2167000.0,Y
165,2012,110,25,P,بدل نقل للكاتب والشرطة عن شهر تشرين الثاني 2012.,1,6,2012-12-03,616000.0,Y
165,2012,111,26,P,بدل مكافأة مالية للكاتب ريما بجاني لأعمال إضافية خلال شهر تشرين الثاني 2012,1,6,2012-12-03,300000.0,Y
165,2012,112,6,P,جدول أجور الأجراء عن شهرتشرين الثاني 2012,1,4,2012-12-12,2542000.0,Y
165,2012,113,13,P,بدل أجور عمال وإجرة آليات وثمن مواد بناء وغيره خلال شهر تشرين الثاني2012.,2,14,2012-12-12,17396000.0,Y
165,2012,114,14,P,إجرة تصنيع خيمة قرميد ودرابزون وإجرة معدات للتزفيت وثمن مواد بناء خلال شهر تشرين الثاني 2012.,2,14,2012-12-12,11966000.0,Y
165,2012,115,5,P,بدل إجرة صيانة زينة الميلاد القديمة مع تركيب وصيانة الإنارة العامة .,2,16,2012-12-12,10694000.0,Y
165,2012,116,1,P,ثمن قطع زينة جديدة بمناسبة عيدي الميلاد ورأس السنة .,3,2,2012-12-12,6345000.0,Y
165,2012,117,27,P,بدل معايدات للموظفين والعمال الدائمين بمناسبة الأعياد.,1,6,2012-12-12,4000000.0,Y
165,2012,118,1,P,ثمن سجادة لمركز الشؤون.,2,3,2012-12-20,110000.0,Y
165,2012,119,2,P,ثمن منذار شقلة ،أجهزة لاسلكية عدد2 وبراد مياه.,2,1,2012-12-20,1793000.0,Y
165,2012,120,2,P,إستئجار باص,1,11,2012-12-20,150000.0,Y
165,2012,121,15,P,جدول أجور العمال من 1/12/2012 الى 15/12/2012,2,14,2012-12-20,2145000.0,Y
165,2012,122,8,P,ثمن محروقات لزوم سيارات البلدية خلال شهر تشرين الثاني 2012,2,9,2012-12-20,2271000.0,N
165,2012,123,9,P,ثمن محروقات لزوم سيارات البلدية خلال شهر تشرين الثاني 2012,2,9,2012-12-20,2271000.0,Y
165,2012,124,3,P,مساهمة في نشاطات رعاوية بمناسبة عيد الميلاد.,4,7,2012-12-20,700000.0,Y
165,2012,125,5,P,بدل أعمال طوبوغرافية وثمن حبر ولوازم مكتبية ويافطات.,1,7,2012-12-20,54000.0,Y
165,2012,126,6,E,بدل أعمال طوبوغرافية وثمن حبر ولوازم مكتبية ويافطات.,1,7,2012-12-20,1509000.0,Y
165,2012,127,7,P,بدل مفعول رجعي لغلاء المعيشة للسيد روي مارون بجاني من 1/2/2012 لغاية 15/12/2012,1,4,2012-12-20,1837000.0,Y
165,2012,128,8,P,بدل مفعول رجعي لغلاء المعيشة  للسيد جاد انطوان ابي خليل من 1/2/2012 لغاية 15/12/2012,1,4,2012-12-20,1837000.0,Y
165,2015,172,8,P,جدول عمال وإجرة ونش هيدروليك مع عمال فنيين وثمن بضاعة لصيانة الإدارة العامة الزينة الميلاد مع تركيبها.,2,16,2015-12-22,6793000.0,Y
165,2010,65,35,P,تلحيم أعمدة كهرباء مع نقل شبكة,2,16,2010-08-16,1342000.0,Y
165,2010,66,1,P,أعمال الومينيوم وطرش في مبنى البلدية,2,5,2010-08-16,5313000.0,Y
165,2010,67,1,P,ثمن تسعة بوالص تأمين للموظفين والأجراء مع عائلاتهم عن العام 2010-2011,5,6,2010-08-17,6666000.0,Y
165,2010,107,48,P,مصاريف لزوم يوم إستقبال الوزير جبران باسيل,5,1,2010-12-08,2641000.0,Y
165,2004,62,61,P,اعمال حداده وبويا وصيانة لسيارة البلدية ذات الرقم 105636/م,2,2,2004-08-25,2858000.0,Y
165,2004,63,54,P,بدل رواتب الكاتب والشرطة عدد 2عن شهر آب /2004,1,2,2004-08-31,1535000.0,N
165,2004,64,64,P,بدل رواتب الموظفين عدد3 عن شهر آب/2004,1,2,2004-08-31,1535000.0,Y
165,2004,65,55,P,بدل اجور نقل للموظفين خلال شهر آب 2004,1,6,2004-08-31,390000.0,Y
165,2004,66,56,P,قيمة جدول اجور الأجراء الدائمين خلال شهر 2004,1,4,2004-08-31,3073000.0,Y
165,2004,67,60,P,اجور عمال يوميين وثمن ترابة وقساطل واكسسوارات لصيانة طريق الهبر,2,14,2004-08-31,13371000.0,Y
165,2004,68,58,P,اجور عمال يوميين واعمال كمبرسور وثمن ترابة وقساطل واكسسوارات ومياه واحجار باطون وغيرها,3,4,2004-08-31,1813000.0,Y
165,2004,69,68,P,اجور عمال وثمن ترابة لصيانة حائط ميشال رزق الله,2,14,2004-08-31,1096000.0,Y
165,2004,70,70,P,ثمن حديد,2,14,2004-08-31,5711000.0,Y
165,2004,71,71,P,اجور عمال واليات وثمن ترابة وخشب وغيرها لصيانة الطرق والمجارير خلال شهر آب2004,2,14,2004-08-31,3252000.0,Y
165,2004,72,72,P,اجور عمال وثمن ادوات صحية لتجهيز اربع حمامات وتوابعهم مع ابواب الومينيوم وانارة وبلاط وغيره,2,14,2004-08-31,17801000.0,Y
165,2004,73,1,P,ثمن يافطات وبوسترات وشوادر ومفرقعات واجرة مسرح وفيديو واجهزة صوت وبدل اتعاب فرقة موسيقية والساحر ميكي,5,2,2004-08-31,6693000.0,Y
165,2004,74,43,P,بدل اشتراك وقيمة مخابرات عادية ودولية وخليوية /القسط 2/2004,1,10,2004-09-01,1224000.0,Y
165,2004,75,50,P,ثمن محروقات لسيارات البلدية عدد ثلاثة عن شهري تموز وآب 2004,2,9,2004-09-01,1435000.0,Y
165,2004,76,65,P,رواتب الموظفين عن شهر ايلول 2004,1,2,2004-09-30,1535000.0,Y
165,2005,1,1,P,ثمن ضيافات وغيرها,5,1,2005-01-02,1000000.0,Y
165,2010,143,2,P,مساهمة في نشاط رياضي في البلدة,4,6,2010-12-29,800000.0,Y
165,2010,144,5,P,بدل أكاليل وبدل معايدة لسوكلين,5,9,2010-12-29,110000.0,Y
165,2006,42,31,E,مساعدات للتلاميذ من صف EB1 الى صف EB5,4,7,2006-09-28,25350000.0,Y
165,2006,43,7,P,بدل مخابرات هانفية,1,10,2006-09-30,,N
165,2006,44,5,P,بدل نقل للموظفين,1,6,2006-09-30,1000000.0,Y
165,2006,45,41,P,بدل اجور الأجراء الدائمين عن شهر ايلول 2006,1,4,2006-09-30,3228000.0,Y
165,2006,46,1,P,اجور عمال وآليات وثمن مواد بناء وغيرها,3,7,2006-09-30,6487000.0,Y
165,2006,47,42,P,اجور عمال وآليات وثمن مواد بناء وغيرها,2,14,2006-09-30,6936000.0,Y
165,2006,48,44,P,قيمة مخابرات هاتفية,1,10,2006-09-30,4000000.0,Y
165,2006,49,43,P,نشاطات اجتماعية,4,7,2006-09-30,3000000.0,Y
165,2006,50,8,P,صيانة سيارات البلدية والأجهزة,2,2,2006-09-30,5000000.0,Y
165,2006,51,45,P,بدل نقل للموظفين,1,6,2006-11-30,900000.0,Y
165,2006,52,46,P,اجور الأجراء الدائمين,1,4,2006-10-31,3204000.0,Y
165,2006,53,48,P,اجور عمال وآليات وثمن مواد بناء وادوات مختلفة,2,14,2006-10-31,17933000.0,Y
165,2006,54,54,E,اجور آليات,2,14,2006-10-31,11655000.0,Y
165,2006,55,53,P,اجور الأجراء الدائمين,1,4,2006-11-30,3204000.0,Y
165,2006,56,55,E,اجور عمال وآليات وثمن مواد بناء,2,14,2006-11-30,8663000.0,Y
165,2018,35,5,P,جداول عمال وثمن مواد بناء لإنشاء حائط باطون قرب منزل ميشال رزق الله خلال شهر آذار 2018.,2,14,2018-04-25,16740000.0,Y
165,2018,36,6,P,جداول عمال وإجرة آليات لزوم تسوية ساحة لتوقيف السيارات وحفر أساس حائط خلال شهر آذار 2018.,2,14,2018-04-25,5960000.0,Y
165,2018,37,3,P,جداول عمال وثمن بضاعة لزوم صيانة شبكة المياه في انحاء البلدة.,2,15,2018-04-25,1622000.0,Y
165,2018,38,2,P,إجرة  ونش هيدروليك وعمال فنيين لصيانة الإنارة العامة في مجمل أحياء البلدة خلال شهر آذار 2018.,2,16,2018-04-25,1508000.0,Y
165,2018,39,4,P,جداول عمال  عدد4 لأعمال التكنيس والتنظيف الأقنية والطرقات  ولجمع النفايات من أنحاء البلدة في آذار 2018.,2,4,2018-04-25,5130000.0,Y
165,2018,40,5,P,فاتورة لزوم رفع النفايات ونقلها الى المطامر خلال شهر آذار 2018.,2,4,2018-04-25,18000000.0,Y
165,2018,41,8,P,راتب ريما بجاني وكارول بوخليل الفغالي عن شهر نيسان 2018.,1,2,2018-05-02,1612000.0,Y
165,2018,42,9,P,راتب جلال بجاني وشربل ابي خليل عن شهر نيسان 2018.,1,2,2018-05-02,1895000.0,Y
165,2018,43,7,P,بدل نقل لموظفين البلدية خلال شهر نيسان2018,1,6,2018-05-02,608000.0,Y
165,2018,44,8,P,بدل ساعات إضافية لجلال بجاني في شهر نيسان 2018.,1,6,2018-05-02,385000.0,Y
165,2018,45,2,P,شركة افكار مؤسسية مبتكرة ،صيانة برنامج المحاسبة في البلدية وشركة Asmarpro صيانة برنامج baldatinews.,2,2,2018-05-23,2970000.0,Y
165,2018,46,1,P,فواتير لزوم خزانات الومنيوم في غرفة الأرشيف وثمن فرشات سفنج لزوم القوى الأمنية يوم الإنتخابات.,2,3,2018-05-23,2610000.0,Y
165,2018,47,1,P,فاتورة زخيا عويني لزوم  ترميم حجر الطاحون.,2,5,2018-05-23,2100000.0,Y
165,2018,48,3,P,فواتير ثمن محروقات لزوم سيارات البلدية خلال شهر آذار ونيسان 2018.,2,9,2018-05-23,2960000.0,Y
165,2018,49,7,P,جداول عمال وثمن مواد بناء لزوم بناء حيطان ولزوم تنظيم السير والحراسة الليلية.,2,14,2018-05-30,18258000.0,Y
165,2018,50,1,P,جداول عمال وإجرة آليات وثمن أغطية ريكار.,3,4,2018-05-30,3059000.0,Y
165,2018,51,4,P,جداول عمال وثمن أغراض سنكرية لزوم صيانة شبكة المياه خلال شهر نيسان 2018.,2,15,2018-05-30,2967000.0,Y
165,2018,52,3,P,إجرة ونش هيدروليك وعمال فنيين وثمن بضاعة لصيانة الإنارة العامة.,2,16,2018-05-30,2939000.0,Y
165,2018,53,6,P,جداول عمال عدد4 لزوم أعمال تنظيف  وتكنيس الطرقات والأقنية وجمع النفايات من أنحاء البلدة خلال شهر نيسان 2018.,2,4,2018-05-30,6672000.0,Y
165,2018,54,7,P,فاورة  لزوم أعمال جمع ورفع النفايات من أحياء البلدة ونقلها الى المطامر خلال شهر نيسان 2018.,2,4,2018-05-30,18000000.0,Y
165,2018,55,10,P,راتب ريما بجاني وكارول بو خليل الفغالي عن شهر آيار 2018.,1,2,2018-05-31,1612000.0,Y
165,2018,56,11,P,راتب جلال بجاني وشربل ابي خليل عن شهر آيار 2018.,1,2,2018-05-31,1895000.0,Y
165,2006,3,1,P,بدل اجور الموظفين,1,2,2006-01-02,19852000.0,Y
165,2017,109,14,P,جدول عمال وثمن أغراض لتجهيز موقع مهرجان صيف الكحاله 2017.,2,14,2017-09-13,11382000.0,Y
165,2017,110,15,P,جداول عمال ،ثمن علامات مرور وثمن بضاعة خلال شهر آب 2017.,2,14,2017-09-13,16457000.0,Y
165,2017,111,16,P,جداول عمال  في أعمال تنظيف وتكنيس الأقنية والطرقات خلال شهر تموز وآب 2017,2,14,2017-09-13,7864000.0,Y
165,2016,212,17,P,جداول عمال  وثمن مواد بناء خلال شهر كانون الأول 2016.,2,14,2016-12-31,17858000.0,Y
165,2016,213,2,P,جداول عمال وإجرة أليات وثمن بضاعة خلال شهر كانون الأول 2016 .,3,5,2016-12-31,7616000.0,Y
165,2016,214,4,P,جداول عمال وثمن أغراض سنكرية لصيانة المجارير في شهر كانون الأول 2016.,3,4,2016-12-31,4592000.0,Y
165,2016,215,9,E,فواتير مصروفة  لزوم إنشاء خيمة قرميد أمام الطابق الأرضي من مبنى البلدية و تبليط الساحة أمام الطاحون.,3,1,2016-12-31,2242000.0,Y
165,2016,216,22,E,فواتير مصروفة لزوم نقل النفايات من أحياء البلدة الى مركز التجمع في العقار رقم 197/الكحاله ثم نقلها الى خارج البلدة.,2,4,2016-12-31,5479000.0,Y
165,2016,217,8,P,فواتير مصروفة لزوم إجرة ونش هيدروليك وعمال فنيين وثمن بضاعة لتركيب الزينة وصيانة الإنارة في شهر كانون الأول 2016.,2,16,2016-12-31,5390000.0,Y
165,2016,218,7,P,فواتير مصروفة ثمن زينة الميلاد مستوردة من الصين مع مصاريف الجمارك.,5,2,2016-12-31,1831000.0,Y
165,2016,219,8,E,فواتير مصروفة ثمن زينة الميلاد مستوردة من الصين مع مصاريف الجمارك.,5,2,2016-12-31,10000000.0,Y
165,2016,220,4,P,فواتير مصروفة لزوم  هدايا وArrangements بمناسبة الأعياد لبعض أبناء البلدة والمراجع الرسمية.,5,1,2016-12-31,4861000.0,Y
165,2016,221,2,P,بدل مساعدات مرضية الى سبعة أشخاص من أبناء الكحاله بمناسبة عيد الميلاد.,4,1,2016-12-31,1800000.0,Y
165,2018,57,9,P,بدل نقل لموظفين البلدية خلال شهر آيار 2018.,1,6,2018-05-31,608000.0,Y
165,2015,29,10,P,بدل مكافأة مالية اكارول بو خليل الفغالي في شهر آذار 2015,1,6,2015-04-04,100000.0,Y
165,2015,30,3,P,جدول أجور الأجراء عن شهر آذار 2015,1,4,2015-04-30,900000.0,Y
165,2015,31,6,P,بدل جداول عمال وثمن مواد بناء لزوم صيانة الطرقات في انحاء البلدة عن شهر آذار 2015.,2,14,2015-04-30,17942000.0,Y
165,2015,32,7,P,جدول عمال وثمن مواد بناء لصيانة الطرق العامة في آذار 2015.,2,14,2015-04-30,9446000.0,Y
165,2015,33,8,P,جداول عمال وثمن مواد بناء لتوسيع طريق مع بناء حائط طريق الطاحون في آذار 2015,2,14,2015-04-30,19852000.0,Y
165,2015,34,3,P,إجرة عمال فنيين وثمن بضاعة لتركيب كابل مع شبكة TORCD لمركز البلدية الجديد.,2,16,2015-04-30,770000.0,Y
165,2015,35,1,P,ثمن 7 بوالص تأمين لموظفين البلدية وعائلاتهم من شركة بانكرز.,5,6,2015-04-30,6162000.0,Y
165,2015,36,7,P,بدل راتب الكاتب ريما بجاني عن شهر نيسان 2015.,1,2,2015-05-04,1067000.0,Y
165,2015,37,8,P,بدل راتب الشرطة عدد2 عن شهر نيسان 2015,1,2,2015-05-04,1100000.0,N
165,2015,38,9,P,بدل راتب الشرطة عدد2 عن شهر نيسان 2015,1,2,2015-05-04,2221000.0,Y
165,2015,39,11,P,بدل نقل للكاتب والشرطة عدد2عن شهر نيسان 2015,1,6,2015-05-04,592000.0,Y
165,2015,40,12,P,بدل أعمال إضافية للكاتب والشرطة عن شهر نيسان 2015,1,6,2015-05-04,1100000.0,Y
165,2015,41,13,P,بدل مكافأة مالية  لكارول بو خليل الفغالي عن شهر نيسان 2015.,1,6,2015-05-04,400000.0,Y
165,2015,42,1,P,قيمة الوحدة الثانية والثالثة  من برنامج الدبلوم في إدارة ومالية البلديات في جامعة LAU.,5,9,2015-05-04,1800000.0,Y
165,2015,43,2,P,فواتير مصروفة ثمن محروقات لزوم سيارت البلدية  خلال شهر آذار ونيسان 2015,2,9,2015-05-13,2801000.0,Y
165,2015,44,10,P,راتب الكاتب ريما بجاني عن شهر آيار 2015.,1,2,2015-05-30,1067000.0,Y
165,2010,108,55,P,بدل أجور الأجراء الدائمين عن أشهر تشرين الأول وتشرين الثاني /2010,1,4,2010-12-08,3582000.0,Y
165,2010,109,73,P,أجور عمال يوميين ثمن مواد بناء مختلفة وأجور آليات لصيانة الطرق,2,14,2010-12-08,18966000.0,Y
165,2010,110,74,E,ثمن قساطل وإجرة آليات,2,14,2010-12-08,18604000.0,Y
165,2010,111,75,E,جدول أجور عمال وثمن مواد بناء وغيره,2,14,2010-12-08,19198000.0,Y
165,2010,112,1,P,جداول عمال وثمن مواد بناء وغيره,3,5,2010-12-08,19808000.0,Y
165,2010,113,2,P,إجرة جدول العمال,2,5,2010-12-08,585000.0,Y
165,2010,114,37,P,بدل صيانة شبكة الإنارة,2,16,2010-12-08,5540000.0,Y
165,2010,115,2,E,مصاريف صيانة بئر عاريا,2,15,2010-12-08,1427000.0,Y
165,2010,116,56,P,أجور العمال عن شهر تشرين الثاني/2010,1,4,2010-12-14,10171000.0,Y
165,2010,117,1,P,إنشاء مجارير وتركيب مصبعات,3,4,2010-12-14,8819000.0,Y
165,2010,118,57,P,أجور عمال عدد 3 عن شهر تشرين الثاني /2010,1,4,2010-12-14,6344000.0,Y
165,2010,119,76,P,أجور آليات وثمن مواد بناء,2,14,2010-12-14,5388000.0,Y
165,2010,120,53,P,ثمن محروقات لزوم سيارات البلدية خلال شهر تشرين الأول/2010,2,9,2010-11-15,1752000.0,Y
165,2010,121,54,E,ثمن محروقات لزوم سيارات البلدية خلال شهر تشرين الثاني /2010,2,9,2010-12-23,1697000.0,Y
165,2010,122,37,P,ثمن ملابس للشرطة عدد 5,1,8,2010-12-24,1533000.0,Y
165,2010,123,50,E,بدل إشتراك وثمن مخابرات هواتف البلدية رقم 05/768985-05769620 - 03/950190-03/131817 عن أشهر آيلول وتشرين الأول وتشرين الثاني /2010,1,10,2010-12-24,1338000.0,Y
165,2010,124,25,P,صيانة سيارات البلدية,2,2,2010-12-27,421000.0,Y
165,2010,125,2,P,مساعدة مالية للسيد حبيب رزق الله.,4,2,2010-12-27,1000000.0,Y
165,2010,126,3,P,ثمن بوالص تأمين لسيارات البلدية,5,6,2010-12-27,555000.0,Y
165,2010,127,40,P,بدل إجرة مساح,3,9,2010-12-27,900000.0,Y
165,2010,128,17,P,ثمن لوازم مكتبية ويافطات وإشتراك في الجريدة الرسمية وغيرها.,1,7,2010-12-28,1258000.0,Y
165,2010,129,2,P,ثمن بطاقات للمساهمة في النشاطات الإجتماعية.,4,7,2010-12-28,2150000.0,N
165,2010,130,3,P,ثمن بطاقات وغيرها للمساهمة في النشاطات الإجتماعية .,4,7,2010-12-28,1350000.0,Y
165,2010,131,2,P,ثمن هدايا وروزنامة  وغيرها لرعايا بلدة الكحاله.,4,3,2010-12-28,700000.0,Y
165,2010,132,59,P,مكافأة مالية للكاتب لأعمال إضافية في شهر كانون الأول/2010,1,6,2010-12-29,300000.0,Y
165,2010,133,58,P,جدول أجور الأجراء الدائمين عن شهر كانون الأول /2010,1,4,2010-12-29,1800000.0,Y
165,2010,134,59,P,جدول العمال اليوميين,1,4,2010-12-29,7962000.0,Y
165,2010,135,38,P,بدل صيانة الإنارة خلال شهر كانون الأول /2010,2,16,2010-12-29,3615000.0,Y
165,2010,136,3,P,صيانة صالة مركز الشؤون الإجتماعية.,2,5,2010-12-29,1477000.0,Y
165,2010,137,4,P,ثمن هدايا بمناسبة عيد الميلاد ورأس السنة .,5,9,2010-12-29,2768000.0,Y
165,2010,138,60,E,بدل معايدات للموظفين والعمال الدائمين .,1,6,2010-12-29,3200000.0,Y
165,2010,139,3,P,ثمن زينة جديدة وصيانة الزينة القديمة مع إجرة تركيب.,5,2,2010-12-29,9841000.0,Y
165,2006,57,56,P,اجر الأجراء الدائمين عن شهر كانون الأول 2006,1,4,2006-12-22,3204000.0,Y
165,2006,58,25,P,اجرة ونش هيدروليك مع فنيين وثمن بضاعة كهرباء مختلفة,2,16,2006-12-22,3998000.0,Y
165,2006,59,32,P,ثمن طاولة اجتماعات وكراسي وغيرها,2,3,2006-12-22,2000000.0,Y
165,2006,60,30,P,بدل تحضير الملف الفني لمشروع الإستملاك العئد للقرار 40 (م.ب.) 2006,3,9,2006-12-22,5350000.0,Y
165,2006,61,52,P,مكافآت مالية للموظفين والأجراء الدائمين,1,6,2006-12-22,1800000.0,Y
165,2006,62,57,P,اجور عمال وآليات وثمن مواد بناء وادوات مختلفة,2,14,2006-12-27,3330000.0,Y
165,2006,63,63,E,اجور عمال وآليات وثمن مواد بناء وتدوات مختلفة,2,14,2006-12-27,4627000.0,Y
165,2006,64,1,P,ثمن زفت واجرة نقل,3,5,2006-12-27,2217000.0,Y
165,2006,65,61,P,تسديد قيمة مصاريف التصميم التوجيهي العام لبلدة الكحاله,3,9,2006-12-30,9000000.0,Y
165,2006,66,2,P,مصاريف ضيافات وغيرها,5,1,2006-12-27,500000.0,Y
165,2006,67,50,P,ثمن هدايا بمناسبة اعياد الميلاد وراس السنة,4,7,2006-12-27,1600000.0,Y
165,2006,68,6,P,ثمن لوازم مكتبية وسحب خرائط وغيرها,1,7,2006-12-30,497000.0,Y
165,2006,69,33,P,ثمن براد واجهزة لاسلكية وصاروخ صناعي,2,1,2006-11-18,1570000.0,Y
165,2007,1,1,P,إستئجار آليات,2,14,2007-01-02,19312000.0,Y
165,2007,2,2,P,استئجار آليات لتسوية قالب الطريق واعمال بنى تحتية المدخل الكحاله من طريق بسوس,2,14,2007-01-02,10282000.0,Y
165,2007,3,1,P,اجور عمال يوميين وثمن مواد دهان ومنجور وكهرباء والومينوم وغيرها لصيانة مبنى البلدية الجديد,2,5,2007-01-15,10000000.0,Y
165,2007,4,4,E,ثمن منجور والومينوم وغيرها لصيانة مبنى البلدية,2,5,2007-01-15,9978000.0,Y
165,2007,5,3,P,اجور عمال يوميين وآليات وثمن مواد بناء وقساطل واغطية مجارير وادوات بناء مختلفة,2,14,2007-01-31,13483000.0,Y
165,2007,6,1,P,اجور عمال يوميين وآليات وثمن ترابة وحديد وبحص وقساطل وغيرها,3,7,2007-01-31,14692000.0,Y
165,2007,7,1,P,اعمال حديد (درابزين وابواب),3,8,2007-01-31,4978000.0,Y
165,2007,8,1,P,ايجار مبنى البلدية الجديد عن العام 2007,1,9,2007-01-31,5400000.0,Y
165,2007,9,1,P,بدل انجاز دراسات تخطيطات طرقات في منطقة الشحار,3,9,2007-01-31,18665000.0,Y
165,2007,10,1,P,قيمة جدول اجور الأجراء الدائمين (وكلاء ورش وجباية وتنظيف مبنى البلدية)لشهر كانون الثاني 2007,1,4,2007-01-31,3402000.0,Y
165,2007,11,1,P,سلفة مصاريف طارئة,5,1,2007-01-31,2000000.0,Y
165,2007,12,1,P,بدل رواتب الموظفين عن العام 2007,1,2,2007-01-31,19852000.0,Y
165,2007,13,1,P,بدل اجور نقل للموظفين عن العام 2007,1,6,2007-01-31,6000000.0,Y
165,2007,14,11,P,بدل اتعاب منى بو انطون عن العام 2007 بموجب القرار البلدي رقم 14/2007,1,4,2007-01-31,18000000.0,Y
165,2012,129,9,P,بدل مفعول رجعي لغلاء المعيشة للسيد كابي جوزف أبي خليل من 1/2/2012 لغاية 30/11/2012,1,4,2012-12-20,1750000.0,Y
165,2016,127,3,P,فواتير مصروفة لزوم ألبسة للشرطة عدد3.,1,8,2016-09-07,1327000.0,Y
165,2016,128,10,P,مصاريف جداول عمال وتكيب مصبعات وأغراض مختلفة لزوم صيانة وتنظيف الطرقاتخلال شهر آب.,2,14,2016-09-08,19185000.0,Y
165,2016,129,2,P,جداول عمال وثمن أغراض مختلفة لصيانة شبكة المياه.,2,15,2016-09-08,1093000.0,Y
165,2016,130,1,P,جدول عمال وثمن غطاس لصيانة المجارير خلال شهر آب 2016.,3,4,2016-09-08,1276000.0,Y
165,2017,112,4,P,جداول عمال وإجرة آليات وثمن أغراض مختلفة لصيانة مجارير في أحياء البلدة.,3,4,2017-09-13,4796000.0,Y
165,2017,113,2,P,إنشاء لوحة موزييك على حائط طريق الدوار.,3,5,2017-09-13,10423000.0,Y
165,2017,114,3,P,جدول عمال وإجرة آليات لزوم أعمال حفر وردم وصب مجرى النهر في رجوم.,3,5,2017-09-13,10275000.0,Y
165,2017,115,5,P,إجرة ونش هيدروليك وعمال فنيين وثمن بضاعة لصيانة الإنارة العامة.,2,16,2017-09-13,1625000.0,Y
165,2017,116,13,P,جداول عمال جمع النفايات من أنحاء البلدة خلال شهر تموز وآب 2017.,2,4,2017-09-13,5644000.0,Y
165,2017,117,14,P,فاتورة لزوم أعمال رفع ونقل النفايات من مركز التجمع في العقار رقم 197/الكحاله الى خارج البلدة.,2,4,2017-09-13,18000000.0,Y
165,2017,118,15,P,فاتورة لزوم اعمال رفع ونقل النفايات من مركز التجمع في العقار رقم 197/الكحاله الى خارج البلدة خلال شهر آب 2017.,2,4,2017-09-13,18000000.0,Y
165,2017,119,2,P,مساعدة مالية للسيدة سامية كرم.,4,2,2017-09-13,200000.0,Y
165,2017,120,1,P,تركيب بوابة ودرابزين لغرفة تحت مدخل مبنى البلدة .,2,5,2017-09-13,1476000.0,Y
165,2017,121,1,P,بدل أتعاب المساح رودريك حنين وحليم بو روفايل لقيام بأعمال مسح عقارات تابعة لبلدية الكحاله.,3,9,2017-09-13,1350000.0,Y
165,2017,122,3,P,فواتير ثمن براد عدد2 لمبنى البلدية وثمن مقدح بطارية.,2,1,2017-09-13,904000.0,Y
165,2017,123,1,P,رسم طوابع لطلب السماح من المديرية العامة الأمن العام  ببث لقطات من فيديو كليب الفرسان الأربعة ،إعلان لمهرجان صيف الكحاله 2017.,1,11,2017-09-13,200000.0,Y
165,2017,124,1,P,تبرع لرعايا الكحاله،  مار انطونيوس ومار الياس والسيدة ولرعية السيدة في حومال.,4,3,2017-09-13,1750000.0,Y
165,2017,125,1,P,فواتير مصروفة لزوم تسديد حساب مستشفى بسبب تعرض العامل حسين ابراهيم والشرطي فادي بجاني لحادث أثناء العمل.,4,1,2017-09-13,1338000.0,Y
165,2017,126,1,P,إيصالات بدل أكاليل.,5,9,2017-09-13,200000.0,Y
165,2017,127,7,E,فواتير مصروفة لزوم صيانة سيارات البلدية وكمبريسور.,2,2,2017-09-13,1753000.0,Y
165,2017,128,3,P,فاتورة لزوم إجار فرقة موسيقية لإحياء حفل إستقبال شهداء الجيش اللبناني في معركة جرود عرسال.,5,2,2017-09-14,600000.0,Y
165,2017,129,2,P,فواتير لزوم رش مبيدات في أحياء البلدة خلال شهر آب وأيلول 2017.,2,7,2017-09-22,3000000.0,Y
165,2017,130,1,P,بدل اشتراك كهرباء لبنان لمركز البلدية في العقار رقم 436/الكحاله واشتراك مولد كهرباء في مبنى البلدية في العقار رقم 674/الكحاله.,2,12,2017-09-30,2280000.0,Y
165,2017,131,4,P,فواتير محطة السيدة  ،ثمن محروقات لزوم سيارات البلدية خلال شهر تموز وآب وأيلول  2017.,2,9,2017-09-30,2964000.0,Y
165,2017,132,2,P,فواتير لزوم الهاتف العادي والخليوي التابع لمركز البلدية خلال شهر تموز وآب مع ثمن SMS.,1,10,2017-09-30,1836000.0,Y
165,2017,133,4,P,فواتير لزوم قرطاسية ويافطات وأعلام (لبنانية وجيش) ودرع عدد2.,1,7,2017-09-29,1798000.0,Y
165,2017,134,1,P,دفعة من الدعوى المقدمة من مالكي عقار 1431/الكحاله ضد مالكي العقار 748/الكحاله وتم فيه إدخال بلدية الكحاله ورسم توكيل.,5,3,2017-09-29,1540000.0,Y
165,2017,135,4,P,فواتير مصروفة  ثمن مياه وبن وضيافة في مبنى البلدية وتزيين كنيسة مار الياس بمناسبة ارتسام الخوري توفيق ابي خليل .,5,1,2017-09-29,2687000.0,Y
165,2017,136,9,P,فواتير لزوم ادوات تنظيف وكلينكس .,2,8,2017-09-29,727000.0,Y
165,2015,45,11,P,رواتب الشرطة عدد2 عن شهر آيار 2015.,1,2,2015-05-30,2221000.0,Y
165,2015,46,14,P,بدل نقل للكاتب والشرطة عدد 2 عن شهر آيار 2015.,1,6,2015-05-30,616000.0,Y
165,2015,47,15,P,بدل مكافأة مالية للكاتب والشرطة لقيامهم بأعمال إضافية خلال شهر آيار 2015.,1,6,2015-05-30,1100000.0,Y
165,2015,48,16,P,بدل مكافأة مالية لكارول بو خليل الفغالي في شهر آيار 2015,1,6,2015-05-30,100000.0,Y
165,2015,49,4,P,جدول أجور الأجراء عن شهر نيسان 2015,1,4,2015-06-29,900000.0,Y
165,2015,50,9,P,جدول عمال وثمن بضاعة لصيانة الطرق العامة  خلال شهر نيسان 2015.,2,14,2015-06-29,9975000.0,Y
165,2015,51,10,P,جداول عمال  وثمن مواد بناء وغيرها  خلال شهر نيسان .,2,14,2015-06-29,11185000.0,Y
165,2015,52,11,P,جداول عمال وثمن مواد بناء خلال شهر نيسان 2015.,2,14,2015-06-29,10862000.0,Y
165,2015,53,12,P,جداول عمال  وثمن باطون جاهز وإجرة آليات لصيانة الطرق العامة خلال شهر نيسان.,2,14,2015-06-29,13459000.0,Y
165,2015,54,13,P,جداول عمال وإجرة أليات وثمن زفت لزوم تزفيت شوارع البلدة.,2,14,2015-06-29,6253000.0,Y
165,2015,55,14,P,جداول عمال وثمن ترابة وأغراض مختلفة لنصب الشهداء في شهر نيسان 2015.,2,14,2015-06-29,5308000.0,Y
165,2015,56,1,P,جداول عمال وثمن بضاعة سنكرية لزوم تركيب سواد صحية في مبنى البلدي الجديد.,3,1,2015-06-29,8446000.0,Y
165,2015,57,4,P,إجرة ونش هيدروليك وإجرة عمال فنيين وثمن بضاعة لزوم صيانة الإنارة العامة.,2,16,2015-06-29,2272000.0,Y
165,2015,58,12,P,راتب الكاتب ريما ميشال بجاني عن شهر حزيران 2015.,1,2,2015-06-30,1067000.0,N
165,2015,59,13,P,راتب الشرطة عدد2 عن شهر حزيران 2015.,1,2,2015-06-30,2221000.0,N
165,2015,60,14,P,راتب الكاتب ريما بجاني عن شهر حزيران 2015,1,2,2015-07-14,1067000.0,Y
165,2015,61,15,P,راتب الشرطة عدد2 عن شهر حزيران 2015.,1,2,2015-07-14,2221000.0,Y
165,2015,62,17,P,بدل نقل للكاتب والشرطة عدد2 عن شهر حزيران 2015,1,6,2015-07-14,624000.0,Y
165,2015,63,18,P,بدل مكافأة للكاتب والشرطة عدد2 لقامهم بأعمال إضافية خلال شهر حزيران 2015.,1,6,2015-07-14,1100000.0,Y
165,2015,64,19,P,بدل مكافأة مالية لكارول بو خليل الفغالي عن شهر حزيران 2015,1,6,2015-07-14,100000.0,Y
165,2014,94,3,P,ثمن بوليصة تأمين للعامل البنغلادش ديبوك جدب.,5,6,2014-09-10,150000.0,Y
165,2014,95,1,P,رسوم معاملة العامل البنغلادش ديبوك جدب في وزارة العمل.,5,9,2014-09-10,497000.0,Y
165,2014,96,1,P,نشر إعلان في صحيفة النهار والبلد عن قرار المجلس البلدي رقم 51/2013 المتعلق بالعقار رقم 631/من منطقة الكحاله العقارية,1,11,2014-09-10,60000.0,Y
165,2014,97,1,P,فواتير مصروفة لزوم ضيافة وأغراض نثرية مختلفة.,5,1,2014-09-10,2123000.0,Y
165,2014,98,1,P,فواتير الهاتف العادي  رقم 05/768985 و 05/769620والخليوي 03/950190وثمن SMS  و بريد.,1,10,2014-09-11,2270000.0,Y
165,2014,99,1,P,فواتير كهرباء لبنان  بدل إشتراك  كهرباء لمركز البلدية من شهرتموز /2013 لغاية شباط/2014,2,12,2014-09-12,152000.0,Y
165,2014,100,3,P,فواتير مصروفة لزوم قرطاسية ويافطات وإشترك جريدة رسمية وغيرها.,1,7,2014-09-12,2190000.0,Y
165,2014,101,2,P,فاتورة مصروفة ثمن ركائز وسلات مع تركيب لملعب KJEC.,3,7,2014-09-13,3000000.0,Y
165,2010,140,26,P,بدل تصليح سيارة هيونداي,2,2,2010-12-29,225000.0,Y
165,2010,141,4,P,ثمن درع تكريم الأب الآن شرتوني.,5,2,2010-12-29,225000.0,N
165,2010,142,5,P,ثمن درع تكريم الكاهن الآن شرتوني,5,2,2010-12-29,165000.0,Y
165,2015,65,3,P,ثمن محروقات لزوم سيارات البلدية خلال شهر آيار 2015,2,9,2015-07-14,1385000.0,Y
165,2012,16,3,P,رواتب الكاتب والشرطة عدد 2 عن شهر آذار 2012,1,2,2012-04-04,2528000.0,Y
165,2012,17,6,P,بدل نقل للكاتب والشرطة عن شهر آذار 2012,1,6,2012-04-05,632000.0,Y
165,2012,18,7,P,مكافأة مالية للكاتب لقيامها بأعمال إضافية خلال شهر آذار 2012,1,6,2012-04-05,300000.0,Y
165,2012,19,1,P,دفعة أخيرة للمحامي إدوار شمعون بدل أتعاب محاماة.,5,3,2012-04-05,1500000.0,Y
165,2012,20,1,P,فواتير مقابل عقد إتفاقي للعام 2011لصيانة وتجهيز ومتابعة أنظمة المعلوماتية .,2,2,2012-04-05,1700000.0,Y
165,2012,21,1,P,بدل تبرعات لكاريتاس وtelelumiere.,4,3,2012-04-05,450000.0,Y
165,2012,22,4,P,بدل رواتب الكاتب والشرطة عدد 2 عن شهر نيسان 2012,1,2,2012-05-02,2528000.0,Y
165,2012,23,8,P,بدل نقل للكاتب والشرطة عن شهر نيسان 2012,1,6,2012-05-02,584000.0,Y
165,2012,24,9,P,بدل مكافأة مالية للكاتب لقيامها بأعمال إضافية خلال شهر نيسان 2012,1,6,2012-05-02,300000.0,Y
165,2012,25,2,P,ثمن محروقات لزوم سيارات البلدية خلال شهر آذار 2012,2,9,2012-05-03,1494000.0,Y
165,2012,26,1,P,ثمن ملابس للشرطة,1,8,2012-05-22,1083000.0,Y
165,2012,27,1,P,بدل فاتورة تصوير راديو لكابي أبي خليل.,4,1,2012-05-22,87000.0,Y
165,2012,28,1,P,بل أعمال طوبوغرافية للعقار رقم/ 132/ و/ 133/ الكحاله,3,9,2012-05-22,225000.0,Y
165,2012,29,2,P,فواتير مصروفة في نشاط chasse aux oeufs في عيد الفصح 2012,5,2,2012-05-22,389000.0,Y
165,2012,30,1,P,ثمن بوليصة تأمين للعمال عن العام 2011,5,6,2012-05-23,660000.0,Y
165,2012,31,1,P,بدل إشتراك بمولد الكهرباء ومؤسسة كهرباء لبنان لمركز البلدية.,2,12,2012-05-23,869000.0,Y
165,2012,32,1,P,ثمن printer,2,1,2012-05-23,182000.0,Y
165,2012,33,1,P,ثمن قرطاسية ويافطات.,1,7,2012-05-23,857000.0,Y
165,2012,34,1,P,بدل إشتراك ومخابرات الهاتف العادي والخليوي تابع للبلدية عن شهر كانون الأول /2011 وكانون الثاني ،شباط ، آذار ونيسان 2012.,1,10,2012-05-23,2409000.0,Y
165,2012,35,2,P,فواتير مصروفة لصيانة سيارات البلدية وأجهزة الشرطة وغيرها.,2,2,2012-05-23,1731000.0,Y
165,2012,36,2,P,جداول أجور الأجراء عن شهرآذار ، نيسان ، أيار وحزيران 2012,1,4,2012-08-24,9724000.0,Y
165,2012,37,4,P,أجور جداول عمال وأليات وثمن مواد بناء وغيرها عن شهر أذار ونيسان 2012,2,14,2012-08-24,15227000.0,Y
165,2012,38,5,P,إجرة جداول عمال وأليات  ثمن مواد بناء وغيرها عن شهر أيار وحزيران 2012,2,14,2012-08-24,17822000.0,Y
165,2012,39,2,P,جرة ونش هيدروليك وفنيين وبضاعة لصيانة الإنارة العامة خلال شهر أذار ،نيسان ، أيار وحزيران 2012,2,16,2012-08-24,2042000.0,Y
165,2012,40,3,P,مصاريف رحلة فرنسا في أب 2011,5,2,2012-08-24,3413000.0,Y
165,2012,41,2,P,بدل تأمين مواظفين البلدية وعائلاتهم.,5,6,2012-08-24,9014000.0,Y
165,2012,42,10,P,بدل تعويض كابي أبي خليل العام 2010 و 2011,1,6,2012-08-24,3300000.0,Y
165,2016,61,2,P,فواتير مصروفة لزوم  قرطاسية وإشتراك في الجريدة الرسمية ةبرنامج المستشار  وغيرها من اللوازم خلال شهر كانون الثاني وشباط وآذار 2016.,1,7,2016-04-26,2550000.0,Y
165,2016,62,3,P,فواتير مصروفة لزوم تصليح سيارات البلدية.,2,2,2016-04-28,2622000.0,Y
165,2016,63,3,P,فواتير مصروفة لزوم قرطاسية وثمن لوحات إسم المكاتب لمبنى البلدي الجديد وBROCHURE وثمن أعلام وغيرها من اللوازم,1,7,2016-04-28,2678000.0,Y
165,2016,64,10,P,بدل راتب ريما بجاني وكارول بو خليل الفغالي عن شهر نيسان 2016.,1,2,2016-04-30,1989000.0,Y
165,2016,65,11,P,راتب جلال بجاني وشربل ابي خليل عن شهر نيسان 2016.,1,2,2016-04-30,2285000.0,Y
165,2016,66,10,P,بدل نقل لموظفين البلدية عن شهر نيسان 2016.,1,6,2016-04-30,808000.0,Y
165,2016,67,11,P,بدل مكافأة مالية لموظفين البلدية لقيامهم بأعمال إضافية خلال شهر نيسان 2016,1,6,2016-04-30,1200000.0,Y
165,2016,68,4,P,جدول أجور الأجراء عن شهر نيسان 2016,1,4,2016-04-30,150000.0,Y
165,2016,69,1,P,فواتير مصروفة لزوم مياه وبن ونسكافة وأدوات تنظيف وغيرها من مصاريف نثرية من 1/1/2016 لغاية 30/4/2016,5,1,2016-04-30,806000.0,Y
165,2016,70,3,P,فواتير محروقات لزوم سيارات البلدية خلال شهر نيسان 2016.,2,9,2016-04-30,1430000.0,Y
165,2016,71,5,P,فواتير مصروفة لزوم أعمال صيانة خلال شهر نيسان 2016.,2,14,2016-04-30,18576000.0,Y
165,2016,72,6,P,فواتير مصروفة لزوم  جداول عمال وثمن زفت لتزفيت الطريق أمام مبنى البلدية خلال شهر نيسان.,2,14,2016-04-30,19560000.0,Y
165,2016,73,1,P,جداول عمال وفواتير مصروفة لصيانة مبنى البلدية.,2,5,2016-04-30,14134000.0,Y
165,2016,74,5,P,جداول عمال وفواتير مصروفة لزوم أعمال نجارة  وغيرها في مبنى البلدية .,3,1,2016-04-30,9962000.0,Y
165,2016,75,6,P,فواتير مصروفة لرفع ونقل النفايات من العقار رقم 195/الكحاله الى خارج البلدة.,2,4,2016-04-30,19200000.0,Y
165,2016,76,7,P,فواتير مصروفة لزوم أعمال رفع وتنظيف الشوارع من النفايات الى مركز التجمع في العقار رقم 195/الكحاله ومن ثم الى خارج البلدة.,2,4,2016-04-30,19800000.0,Y
165,2016,77,2,P,فواتير مصروفة لزوم إجرة و نش هيدروليك وعمال فنيين وثمن بضاعة لصيانة الإنارة العامة.,2,16,2016-04-30,5322000.0,Y
165,2016,78,1,P,فاتورة لزوم تصنيع العلم اللبناني بطول 25 متر مع تركيبه قرب مبنى البلدية.,2,1,2016-04-30,7500000.0,Y
165,2016,79,1,P,فواتير مصروفة لزوم تركيب برادي وأبليكات لمكاتب مبنى البلدية.,2,3,2016-04-30,6209000.0,Y
165,2016,80,2,P,فواتير مصروفة لزوم حفل إفتتاح مبنى البلدية.,5,2,2016-04-30,4916000.0,Y
165,2016,81,2,P,مصاريف الشكوى ضد مجهول بموضوع محضر ضبط وزارة الصحة بحق البلدية وبدل أتعاب دعوى العقار رقم 1190/الكحاله.,5,3,2016-04-30,12535000.0,Y
165,2016,82,12,P,بدل راتب ريما بجاني وكارول بو خليل الفغالي عن شهر آيار 2016,1,2,2016-06-21,1989000.0,Y
165,2016,83,13,P,راتب الجابي والشرطي عن شهر آيار 2016.,1,2,2016-06-21,2285000.0,Y
165,2016,84,12,P,بدل نقل لموظفين البلدية عن شهر آيار 2016.,1,6,2016-06-21,784000.0,Y
165,2016,85,13,P,بدل مكافأة مالية للموظفين لقيامهم بأعمال إضافية خلال شهر آيار 2016.,1,6,2016-06-21,1200000.0,Y
165,2016,86,14,P,راتب ريما بجاني وكارول بو خليل الفغالي عن شهر حزيران 2016.,1,2,2016-07-02,1989000.0,Y
165,2017,137,17,P,راتب ريما بجاني وكارول الفغالي عن شهر أيلول 2017.,1,2,2017-09-29,1584000.0,Y
165,2017,138,18,P,راتب جلال بجاني  وشربل ابي خليل عن شهر أيلول 2017,1,2,2017-09-29,1841000.0,Y
165,2017,139,19,P,بدل نقل للموظفين خلال شهر أيلول 2017.,1,6,2017-09-29,536000.0,Y
165,2017,140,20,P,بدل ساعات إضافية خلال شهر أيلول 2017.,1,6,2017-09-29,900000.0,Y
165,2017,141,10,P,جدول كوماري عاملة التنظيفات في مبنى البلدية خلال شهر أيلول2017 .,2,8,2017-09-29,128000.0,Y
165,2019,115,23,P,بدل نقل لموظفين البلدية خلال شهر تشرين الثاني 2019.,1,6,2019-12-02,600000.0,Y
165,2017,1,1,P,فواتير مصروفة لزوم صيانة سيارة الرابيد والبيك آب.,2,2,2017-01-14,2782000.0,Y
165,2017,2,2,P,فاتورة مصروفة لزوم تصليح بيك JAC.,2,2,2017-01-30,2550000.0,Y
165,2017,3,1,P,فاتورة مصروفة لزوم تأجير صوت بمنايبة عيد الميلاد.,5,2,2017-01-30,1125000.0,Y
165,2017,4,1,P,فواتير مصروفة لزوم غداء للموظفين  بمناسبة عيد رأس السنة في مبنى البلدية.,5,1,2017-01-30,745000.0,Y
165,2017,5,2,P,فواتير مصروفة لزوم كوكتيل بمناسبة تكريم د. زغبي لتوليه منصب رئيس صليب الأحمر اللبناني.,5,1,2017-01-30,2124000.0,Y
165,2017,6,1,P,رواتب ريما بجاني وكارول بو خليل الفغالي عن شهر كانون الثاني 2017.,1,2,2017-01-31,2020000.0,Y
165,2017,7,2,P,رواتب جلال بجاني وشربل ابي خليل عن شهر كانون الثاني 2017.,1,2,2017-01-31,2285000.0,Y
165,2017,8,1,P,بدل نقل لموظفين البلدية عن شهر كانون الثاني 2017,1,6,2017-01-31,784000.0,Y
165,2017,9,2,P,بدل مكافأة مالية لموظفين البلدية لقيامهم بأعمال إضافية خلال شهر كانون الثاني 2017.,1,6,2017-01-31,900000.0,Y
165,2017,10,1,P,جدول كوماري عاملة التنظيفات خلال شهر كانون الثاني 2017.,2,8,2017-01-31,173000.0,Y
165,2017,11,3,P,راتب ريما بجاني  وكارول بو خليل عن شهر شباط 2017.,1,2,2017-02-28,2020000.0,Y
165,2017,12,4,P,راتب جلال بجاني وشربل ابي خليل عن شهر شباط 2017.,1,2,2017-02-28,2285000.0,Y
165,2017,13,3,P,بدل نقل لموظفين البلدية خلال شهر شباط 2017.,1,6,2017-02-28,760000.0,Y
165,2017,14,4,P,بدل مكافأة مالية لموظفين البلدية لقيامهم بأعمال إضافية خلال شهر شباط 2017,1,6,2017-02-28,900000.0,Y
165,2017,15,2,P,جدول توشاري عاملة التنظيفات خلال شهر شباط 2017.,2,8,2017-02-28,158000.0,Y
165,2017,16,1,P,جداول عمال وإجرة أليات وثمن بضاعة  ابناء حيطان وتركيب مصبعات خلال شهر كانون الثاني 2017,2,14,2017-03-01,17988000.0,Y
165,2017,17,1,P,جداول عمال  وإجرة آليات وثمن بضاعة لصيانة المجارير في شهر كانون الثاني 2017.,3,4,2017-03-01,4338000.0,Y
165,2017,18,1,P,جداول عمال  وإجرة جمع ونقل النفايات من المنازل الى مركز الجمع في العقار رقم 197/الكحاله ثم الى خارج البلدة.,2,4,2017-03-01,18295000.0,Y
165,2017,19,2,P,فاتورة انطو1ن عبدالله ابي خليل لنقل النفايات الى خارج البلدة .,2,4,2017-03-01,19800000.0,Y
165,2017,20,3,P,فاتورة شركة باندا ثمن مستوعبات للنفايات التي وزعت على المنازل.,2,4,2017-03-01,11000000.0,Y
165,2017,21,1,P,إجرة ونش هيدروليك وعمال فنيين وثمن بضاعة لصيانة الإنارة العامة .,2,16,2017-03-01,2899000.0,Y
165,2017,22,2,P,ثمن زينة الميلاد مستوردة من الصين وثمن بضاعة لصيانة الزينة القديمة.,5,2,2017-03-01,7896000.0,Y
165,2014,102,3,P,فواتير مصروفة لزوم صيانة سيارات البلدية وسنترال مركز البلدية.,2,2,2014-09-15,2586000.0,Y
165,2014,103,1,P,ثمن بطاقات دعوة  وتبرعات مساهمة في نشاطات إجتماعية .,4,7,2014-09-15,1600000.0,Y
165,2014,104,1,P,مساهمة في نشاطات لرعايا البلدة وغيرها .,4,3,2014-09-15,2700000.0,Y
165,2014,105,7,P,جدول أجور الأجراء عن شهر آب 2014,1,4,2014-09-17,920000.0,Y
165,2014,106,17,P,جداول عمال  وثمن مواد بناء خلال شهر آب 2014.,2,14,2014-09-17,18909000.0,Y
165,2014,107,18,P,جداول عمال وثمن مواد بناء وإجرة آليات خلال شهر آب 2014,2,14,2014-09-17,13748000.0,Y
165,2014,108,5,P,صيانة الإنارة العامة خلال شهر آب 2014,2,16,2014-09-17,806000.0,Y
165,2014,109,2,P,فواتير الإشتراك ومخابرات الهاتف العادي والخليوي الخاص بالبلدية عن أشهر تموز وآب 2014,1,10,2014-09-18,786000.0,Y
165,2014,110,18,P,راتب الكاتب ريما بجاني عن شهر آيلول 2014,1,2,2014-09-30,1040000.0,Y
165,2014,111,19,P,رواتب الشرطة عدد2 عن شهر آيلول 2014,1,2,2014-09-30,2221000.0,Y
165,2014,112,26,P,بدل نقل للكاتب والشرطة عن شهر آيلول 2014.,1,6,2014-09-30,624000.0,Y
165,2014,113,27,P,مكافأة مالية للكاتب والشرطة عدد2 لقيامهم بأعمال إضافية خلال شهر آيلول 2014,1,6,2014-09-30,1100000.0,Y
165,2014,114,28,P,مكافأة مالية لكارول بوخليل الفغالي عن شهر آيلول 2014.,1,6,2014-09-30,100000.0,Y
165,2014,115,2,P,فواتير مصروفة لزوم شراء أجهزة خاصة لسيارات البلدية .,2,1,2014-09-30,1020000.0,Y
165,2014,116,2,P,فواتير مصروفة ثمن مياه للشرب وشوكولا للضيافة وغيرها من مصاريف الضيافة.,5,1,2014-09-30,1007000.0,Y
165,2014,117,8,P,ثمن محروقات لزوم سيارات البلدية خلال شهر آيلول 2014.,2,9,2014-09-30,1990000.0,Y
165,2014,118,8,P,جدول أجور الأجراء عن شهر آيلول 2014,1,4,2014-09-30,900000.0,Y
165,2014,119,19,P,قيمة جداول عمال عدد2 وثمن مواد بناء وغيرها خلال شهر آيلول 2014,2,14,2014-09-30,12819000.0,Y
165,2014,120,20,P,جداول عمال  وثمن مواد بناء لصيانة الطرق خلال شهر آيلول 2014.,2,14,2014-09-30,17741000.0,Y
165,2014,121,6,P,إجرة عمال فنيين وثمن بضاعة لصيانة الإنارة العامة في شهر آيلول 2014,2,16,2014-09-30,3581000.0,Y
165,2014,122,20,P,راتب الكاتب ريما بجاني عن شهر تشرين الأول 2014,1,2,2014-11-01,1040000.0,Y
165,2014,123,21,P,رواتب الشرطة عدد2 عن شهر تشرين الأول 2014.,1,2,2014-11-01,2221000.0,Y
165,2014,124,29,P,بدل نقل للكاتب والشرطة عن شهر تشرين الأول 2014.,1,6,2014-11-01,624000.0,Y
165,2014,125,30,P,بدل مكافأة مالية للكاتب والشرطة عدد2 لقيامهم بأعمال إضافية خلال شهر تشرين الأول 2014.,1,6,2014-11-01,1100000.0,Y
165,2014,126,31,P,بدل مكافأة مالية لكارول بو خليل فغالي في شهر تشرين الأول 2014,1,6,2014-11-01,100000.0,Y
165,2014,127,9,P,فواتير مصروفة ثمن محروقات لزوم سيارات البلدية خلال شهرتشرين الأول/2014,2,9,2014-11-17,2103000.0,Y
165,2014,128,2,P,فواتير مصروفة ثمن ألبسة للشرطة.,1,8,2014-11-17,2909000.0,Y
165,2017,35,7,P,راتب ريما بجاني وكارول بو خليل الفغالي عن شهر نيسان 2017.,1,2,2017-05-02,2020000.0,Y
165,2017,36,8,P,راتب الشرطي جلال بجاني والجابي شربل ابي خليل عن شهر نيسان 2017,1,2,2017-05-02,2285000.0,Y
165,2012,43,3,P,بدل فواتير محروقات لزوم سيارات البلدية خلال شهر آذار ، نيسان، آيار،وحزيران2012,2,9,2012-08-24,4936000.0,Y
165,2012,44,5,P,بدل رواتب الكاتب والشرطة عن شهر آيار 2012,1,2,2012-08-30,2528000.0,Y
165,2012,45,11,P,بدل نقل للكاتب والشرطة عن شهر آيار 2012,1,6,2012-08-30,624000.0,Y
165,2012,46,12,P,بدل مكافأة مالية لقيامها بأعمال إضافية خلال شهر آيار 2012,1,6,2012-08-30,300000.0,Y
165,2012,47,6,P,رواتب الكاتب والشرطة عن شهر حزيران 2012,1,2,2012-08-31,2528000.0,Y
165,2012,48,13,P,بدل نقل للكاتب والشرطة خلال شهر حزيران 2012,1,6,2012-08-31,624000.0,Y
165,2012,49,14,P,بدل مكافأة مالية لقيامها بأعمال إضافية خلال شهر حزيران 2012,1,6,2012-08-31,300000.0,Y
165,2012,50,7,P,بدل رواتب الكاتب والشرطة عن شهر تموز 2012,1,2,2012-08-31,2528000.0,Y
165,2012,51,15,P,بدل نقل للكاتب والشرطة خلال شهر تموز 2012,1,6,2012-08-31,624000.0,Y
165,2016,12,2,P,بدل راتب الشرطة عدد2 عن شهر كانون الثاني 2016,1,2,2016-02-15,2097000.0,N
165,2016,13,3,P,راتب االشرطة عدد2 عن شهر كانون الثاني 2016.,1,2,2016-02-15,2116000.0,N
165,2013,95,3,P,ثمن يافطات وحبر وقرطاسية وإشتراك بمجلة الجيش..,1,7,2013-09-30,1560000.0,Y
165,2013,96,2,P,مصاريف ضيافة ومياه وغيرها.,5,1,2013-09-30,951000.0,Y
165,2013,97,15,P,بدل راتب الكاتب عن شهر آيلول 2013,1,2,2013-09-30,1040000.0,Y
165,2013,98,16,P,رواتب الشرطة عدد2 عن شهر آيلول 2013,1,2,2013-09-30,2167000.0,Y
165,2013,99,21,P,بدل نقل للكاتب والشرطة عن شهر آيلول 2013,1,6,2013-09-30,624000.0,Y
165,2013,100,22,P,بدل مكافأة مالية للكاتب والشرطة لقيامهم بأعمال إضافية خلال شهر آيلول 2013,1,6,2013-09-30,1100000.0,Y
165,2013,101,23,P,بدل مكافأة مالية لكارول الفغالي.,1,6,2013-09-30,100000.0,Y
165,2013,102,5,P,ثمن محروقات لزوم سيارات البلدية عن شهر آيلول 2013,2,9,2013-09-30,1657000.0,Y
165,2013,103,1,P,تصليح سنكرية في مبنى الشؤون الإجتماعية التابع للبلدية.,2,5,2013-09-30,78000.0,Y
165,2013,104,4,P,تصليح زجاج سيارة بسبب حادث مع بيك آب البلدية.,2,2,2013-09-30,113000.0,Y
165,2013,105,6,P,جدول أجور الأجراء عن شهر آب وآيلول 2013,1,4,2013-09-30,1784000.0,Y
165,2013,106,13,P,قيمة جداول عمال  وفواتير مواد بناء.,2,14,2013-09-30,11952000.0,Y
165,2013,107,14,P,قيمة جداول عمال  وثمن آرمات للطرقات و غيرها.,2,14,2013-09-30,12885000.0,Y
165,2013,108,15,P,قيمة جداول عمال وفواتير مواد بناء و أعمال  JCB.,2,14,2013-09-30,17389000.0,Y
165,2013,109,16,P,قيمة جداول عمال وفواتير مواد بناء وإجرة بوب كات.,2,14,2013-09-30,18168000.0,Y
165,2013,110,3,P,بدل إجرة عمال فنيين وثمن بضاعة لصيانة الإنارة العامة.,2,16,2013-09-30,857000.0,Y
165,2013,111,17,P,راتب الكاتب عن شهر تشرين الأول 2013,1,2,2013-11-05,1040000.0,Y
165,2013,112,18,P,بدل راتب الشرطة  عدد 2عن شهر تشرين الأول 2013,1,2,2013-11-05,2167000.0,Y
165,2013,113,24,P,بدل نقل للكاتب والشرطة عن شهر تشرين الأول 2013,1,6,2013-11-05,616000.0,Y
165,2013,114,25,P,بدل مكافأة مالية لأعمال إضافية خلال شهر تشرين الأول 2013,1,6,2013-11-05,1100000.0,Y
165,2019,107,1,P,فاتورة لزوم تركيب شاشة مع صوت على كوع الكحاله لنقل مباشر مراسيم مأتم غبطة البطريرك مار نصر الله صفير.,5,2,2019-09-30,3000000.0,Y
165,2019,108,2,P,فواتير لزوم تركيب صوت وإضاءة لمهرجان صيف الكحاله 2019 لمدة 7 ايام.,5,2,2019-09-30,3000000.0,Y
165,2019,109,19,P,بدل مساعدة مدرسية للشرطي جلال بجاني عن ابنه طوني.,1,6,2019-10-11,2710000.0,Y
165,2019,110,11,P,بدل رواتب الموظفين خلال شهر تشرين الأول 2019.,1,2,2019-10-31,7709000.0,Y
165,2019,111,20,P,بدل نقل لموظفين البلدية خلال شهر تشرين الأول 2019.,1,6,2019-10-31,728000.0,Y
165,2019,112,21,P,بدل 35 ساعة إضافية للشرطي جلال بجاني خلال شهر تشرين الأول 2019.,1,6,2019-10-31,385000.0,Y
165,2017,208,5,P,فواتير لزوم قرطاسية وطباعة ويافطات خلال شهر تشرين الأول وتشرين الثاني وكانون الأول 2017.,1,7,2017-12-29,1891000.0,Y
165,2017,71,3,P,إنشاء مجرور في حي الشحار مع حفر عبارة مياه قرب مشروع كفرنسيم.,3,4,2017-07-11,2625000.0,Y
165,2017,72,9,P,جداول عمال وإجرة آليات وثمن بضاعة لأعمال صيانة خلال شهر حزيران 2017.,2,14,2017-06-25,19829000.0,Y
165,2017,73,10,P,جداول عمال إجرة أليات ثمن إشارة سير وثمن مواد بناء.,2,14,2017-06-25,17232000.0,Y
165,2017,74,11,P,جداول عمال وثمن مواد بناء لإنشاء حوض زراعي في وسط الطريق قرب نصب الشهداء.,2,14,2017-06-25,14419000.0,Y
165,2017,75,12,P,جداول عمال وثمن مواد بناء لزوم أعمال تلبيس حجر طبيعي على طريق الدوار.,2,14,2017-06-25,17504000.0,Y
165,2017,77,12,P,فاتورة مصروفة لزوم  أعمال رفع ونقل النفايات من مركز التجمع في العقار رقم 197/الكحاله الى خارج البلدة.,2,4,2017-06-25,18000000.0,Y
165,2017,78,5,E,فاتورة مصروفة لزوم تركيب موتور جديد لبيك آب  JAC تابع للبلدية .,2,2,2017-06-25,4125000.0,Y
165,2017,79,1,P,فواتير لزوم شراء آلة تصوير وPRINTER لمبنى البلدية .,2,1,2017-06-25,3811000.0,Y
165,2017,80,1,P,ثمن كراسي وطاولات بلاستيك من شركة باندا بلاست.,2,3,2017-07-25,2970000.0,Y
165,2017,81,6,E,قيمة عقد صيانة ومتابعة البرامج البلدية من شركة أفكار مؤسسية مبتكرة.,2,2,2017-07-25,2090000.0,Y
165,2017,82,13,P,بدل مساعدة مدرسية للشرطي جلال بجاني عن إبنه إليو للعام 2017.,1,6,2017-07-25,1570000.0,Y
165,2017,83,13,P,راتب ريما بجاني وكارول بو خليل العغالي عن شهر تموز 2017.,1,2,2017-07-31,2020000.0,Y
165,2017,84,14,P,راتب الشرطي جلال بجاني والجابي شربل ابي خليل عن شهر تموز 02017,1,2,2017-07-31,2285000.0,Y
165,2017,85,14,P,بدل نقل لموظفين البلدية عن شهر تموز 2017.,1,6,2017-07-31,832000.0,Y
165,2017,86,15,P,جدول ساعات إضافية لموظفين البلدية عن شهر تموز 2017.,1,6,2017-07-31,900000.0,Y
165,2017,87,7,P,جدول كوماري عاملة التنظيفات في البلدية خلال شهر تموز 2017.,2,8,2017-07-31,195000.0,Y
165,2017,88,16,P,بدل مساعدة مدرسية للشرطي جلال بجاني عن ابنته ماريا عن العام 2017,1,6,2017-07-31,1570000.0,Y
165,2017,89,2,P,فواتير مصروفة لزوم قرطاسية وإشتراك جريدة رسمية ومجلة الأمن وبرنامج المستشار ويافطات وWEBSITE.,1,7,2017-07-31,2957000.0,Y
165,2017,90,1,P,ثمن ألبسة ورينجر لشرطة البلدية.,1,8,2017-07-31,2077000.0,Y
165,2017,91,1,P,بدل إشتراك وثمن مخابرات الهاتف العادي والخليوي وثمن SMS من شهر كانون الثاني 2017 لغاية شهر حزيران 2017.,1,10,2017-07-31,2869000.0,Y
165,2017,23,2,P,جداول عمال وفواتير مصروفة  ثمن مواد بناء ومصبات وغيرها لصيانة الطرق العامة.,2,14,2017-03-24,18594000.0,Y
165,2017,24,3,P,ثمن  T.V و وإجرة آليات لزوم تزفيت الطريق أمام بناية بولس كرم بجاني.,2,14,2017-03-24,2340000.0,Y
165,2017,25,4,P,جداول عمال وإجرة نقل النفايات من داخل البلدة الى مركز الجمع ثم نقلها الى خارج البلدة,2,4,2017-03-24,17233000.0,Y
165,2017,26,5,P,محمد الميس نقل نفايات الى خارج البلدة.,2,4,2017-03-24,18000000.0,Y
165,2017,27,2,P,إجرة عمال فنيين وثمن بضاعة لصيانة الإنارة العامة,2,16,2017-03-24,353000.0,Y
165,2017,28,5,P,راتب ريما بجاني وكارول بو خليل فغالي عن شهر آذار 2017.,1,2,2017-03-31,2020000.0,Y
165,2017,29,6,P,راتب الشرطي جلال بجاني والجابي شربل ابي خليل عن شهر آذار 2017.,1,2,2017-03-31,2285000.0,Y
165,2017,30,5,P,بدل نقل لموظفين البلدية عن شهر آذار 2017.,1,6,2017-03-31,832000.0,Y
165,2017,31,6,P,بدل مكافأ ة مالية لموظفين البلدية لقيامهم بأعمال إضافية خلال شهر آذار 2017,1,6,2017-03-31,900000.0,Y
165,2017,32,3,P,جدول عاملة التنظيفات في مبنى البلدية عن شهر آذار 2017,2,8,2017-03-31,120000.0,Y
165,2017,33,1,P,ثمن بوالص تأمين لسيارات البلدية عن العام 2012و2013و2014و2015.,5,6,2017-04-27,2654000.0,Y
165,2017,34,1,P,مساعدة مالية الى السيد جوزف توفيق الياس بطرس بجاني والسيد جريس وديع الزغبي.,4,2,2017-04-27,900000.0,Y
165,2004,77,66,P,بدل نقل للموظفين خلال شهر ايلول 2004,1,6,2004-09-30,378000.0,Y
165,2004,78,67,P,قيمة جدول اجور الأجراء الدائمين (وكلاء ورش وجباية وتنظيف مبنى البلدية) خلال ايلول 2004,1,4,2004-09-30,3067000.0,Y
165,2016,91,5,P,جدول أجور الأجراء عن شهر آيار وحزيران 2016.,1,4,2016-07-02,1010000.0,Y
165,2016,92,7,P,قيمة جداول عمال وإجرة آليات وتركيب مصبعات خلال شهر آيار لغاية 15/6/2016.,2,14,2016-07-02,15630000.0,Y
165,2016,93,6,E,جدول عمال وتلبيس حجر وسنكرية وغيرها لمبنى البلدي في العقار رقم 674/الكحاله.,3,1,2016-07-05,18230000.0,Y
165,2016,94,8,P,رفع ونقل النفايات من مركز التجمع في العقار رقم 195/الكحاله الى خارج البلدة.,2,4,2016-07-05,18000000.0,Y
165,2016,95,9,E,تنظيف شوارع أحياء البلدة من النفايات ونقلها الى العقار رقم 195/الكحاله مركز التجمع ثم نقلها الى خارج البلدة.,2,4,2016-07-05,17100000.0,Y
165,2016,96,3,P,إجرة ونش هيدروليك وعمال فنيين وثمن بضاعة لصيانة الإنارة العامة.,2,16,2016-07-05,972000.0,Y
165,2016,97,16,P,بدل مكافآة وتعوض للسيد سمير توفيق بجاني عن ستة سنوات عمل من 1/6/2010 لغاية 5/6/2016.,1,6,2016-07-05,5000000.0,Y
165,2016,98,17,P,راتب ريما بجاني وكارول بوخليل الفغالي عن شهر تموز 2016.,1,2,2016-08-02,1989000.0,Y
165,2016,99,18,P,راتب جلال بجاني وشربل ابي خليل خلال شهر تموز 2016.,1,2,2016-08-02,2285000.0,Y
165,2016,100,17,P,بدل نقل لموظفين البلدية في شهر تموز2016.,1,6,2016-08-02,776000.0,Y
165,2016,101,18,P,بدل مكافأة مالية لموظفين البلدية لقيامهم بأعمال إضافية خلال شهر تموز 2016.,1,6,2016-08-02,900000.0,Y
165,2016,102,6,P,جدول أجور الأجراء عن شهر تموز 2016.,1,4,2016-08-02,150000.0,Y
165,2016,103,19,P,بدل مساعدة مدرسية للشرطي جلال بجاني عن إبنه إيليو للعام 2016.,1,6,2016-08-03,1570000.0,Y
165,2016,104,2,P,ثمن ثياب للشرطة عدد 6.,1,8,2016-08-04,2991000.0,Y
165,2009,27,27,P,شراء ارانجمان زهور لزوم افتتاح مركز الكتائب اللبنانية,5,2,2009-06-19,100000.0,Y
165,2009,28,26,P,شراء الواح خشب لزوم صب قنوات و الاشغال العامة في البلدة,2,14,2009-06-19,816000.0,Y
165,2009,29,1,P,تصوير خرائط و سحب خرائط و افادات عقارية و خرائط مساحة و مختلف لزوم الاشغال في البلدة,3,9,2009-06-19,148000.0,Y
165,2009,30,1,P,شراء فرشات سفنج عدد 10 و مأكولات و مختلف لزوم القوى الامنية و الجيش  ( انتخابات نيابية 2009 ),5,9,2009-06-24,970000.0,Y
165,2009,31,1,P,بدل شراء تومبولا و هدايا لرعية مار انطونيوس الكحاله بمناسة عيدها,4,3,2009-06-24,675000.0,Y
165,2009,32,32,P,شراء توبولا لمساعدة رعية مار انطونيوس الكحاله,4,3,2009-06-24,200000.0,Y
165,2009,33,24,P,بدل شراء 12 كارت لمناسبة العشاء السنوي لرابطة عائلة ابي خليل الكحاله,4,11,2009-06-24,600000.0,Y
165,2009,34,30,P, اعمال مساحة  و اظهار حدود و أخذ شقلات و مختلف لزوم العقار 674 خاص البلدية,3,9,2009-06-24,700000.0,Y
165,2009,35,6,P,هدية زفاف للسيد غابي ابي خليل ( شرطي مكلف ),1,6,2009-06-24,500000.0,Y
165,2009,36,25,P,شراء جهاز لاسلكي لزوم الشرطة البلدية,2,1,2009-06-24,270000.0,Y
165,2009,37,1,P,رسم كاتب عدل لتوكيل محام للبلدية,5,3,2009-06-24,60000.0,Y
165,2009,38,36,P,مكافأة مالية للكاتب ريما بجاني لقاء قيامها باعمال اضافية خارج الدوام الرسمي مساعدة السيد ماهرالفغالي باعمال المحاسبة,1,6,2009-06-24,300000.0,Y
165,2009,39,29,P,تسديد جداول عمال و فواتير لزوم صيانة الطرق العامة في البلدة مفصل على القرار البلدي رقم 18 / 09,2,14,2009-06-24,7962000.0,Y
165,2009,40,21,P,اجرة و نش هيدروليك و فنيين و ثمن بضاعة كهرباء مختلفة لصيانة شبكة الانارة العامة,2,16,2009-06-24,741000.0,Y
165,2009,41,39,P,مكافآة مالية للكاتب لقاء قيامها بأعمل إضافية خارج الدوام الرسمي,1,6,2009-07-02,300000.0,Y
165,2009,42,1,P,ثمن أربع بطاقات لسهرة الحركة الرسولية,4,7,2009-07-08,160000.0,Y
165,2009,43,42,P,مساعدة مدرسية للشرطي جلال بجاني عن ابنه طوني,1,6,2009-07-08,950000.0,Y
165,2009,44,37,P,شراء UPS امكتب الرئيس,2,1,2009-07-08,60000.0,Y
165,2009,45,43,P,مساهمة لنادي الليونز شراء كارت عدد (2),4,7,2009-07-14,100000.0,Y
165,2009,46,31,P,بدل اعلان عن بلدة الكحالة في مجلة عبر العالم,5,9,2009-07-14,300000.0,Y
165,2009,47,40,P,أجور عمال يوميين ثمن مواد بناء مختلفة وأجور اليات لتنظيف وصيانة الطرق العامة,2,14,2009-07-14,6400000.0,Y
165,2009,48,41,P,إجرة ونش هيدروليك وفنيين وثمن بضاعة كهرباء مختلفة لصيانة شبكة الإنارة العامة,2,16,2009-07-14,1023000.0,Y
165,2009,49,1,P,شراء ثياب وأحذية للشرطة ومختلف,1,8,2009-07-28,699000.0,Y
165,2009,50,33,P,ثمن تومبولا مساهمة بمناسبة عيد مار الياس,4,3,2009-07-28,200000.0,Y
165,2009,51,19,E,ثمن بوالص تأمين لعمال الورش وزوجة كابي ابي خليل,5,6,2009-08-06,1491000.0,Y
165,2009,52,52,P,ثمن بوليصة سيارة R12  رقمها 168765 /ب عن العام 2009/2010,5,6,2009-08-11,150000.0,Y
165,2009,53,44,P,مكافآة مالية للكاتب لقاء قيامها بأعمال إضافية خارج الدوام الرسمي,1,6,2009-08-11,300000.0,Y
165,2005,81,71,P,اجور عمال وآليات وثمن ترابة وبحص ورمل وحديد وقساطل واكسسوارات,2,14,2005-12-27,6391000.0,Y
165,2013,115,26,P,بدل مكافأة مالية لكارول الفغالي عن شهر تشرين الأول 2013,1,6,2013-11-05,100000.0,Y
165,2013,116,19,P,راتب الكاتب ريما بجاني عن شهر تشرين الثاني 2013.,1,2,2013-11-30,1040000.0,Y
165,2013,117,20,P,راتب الشرطة عدد2 عن شهر تشرين الثاني 2013.,1,2,2013-11-30,2167000.0,Y
165,2013,118,27,P,بدل نقل للكاتب والشرطة عدد2 خلال شهر كانون الثاني 2013.,1,6,2013-11-30,608000.0,Y
165,2013,119,28,P,مكافأة مالية للكاتب والشرطة لقيامهم بأعمال إضافية خلال شهر تشرين الثاني 2013.,1,6,2013-11-30,1100000.0,Y
165,2013,120,29,P,بدل مكافأة مالية  لكارول الفغالي خلال شهر تشرين الثاني 2013.,1,6,2013-11-30,100000.0,Y
165,2013,121,6,P,ثمن محروقات لزوم سيارات البلدية خلال شهر تشرين الأول2013.,2,9,2013-11-30,1701000.0,Y
165,2013,122,7,P,ثمن محروقات لزوم سيارات البلدية خلال شهر تشرين الثاني 2013,2,9,2013-12-13,1449000.0,Y
165,2013,123,2,P,جدول عمال وفواتير مصروفة لإنشاء درج لنادي الشبيبة الرياضي .,3,7,2013-12-13,2395000.0,Y
165,2013,124,7,P,جدول أجور الأجراء عن شهر تشرين الأول وتشرين الثاني /2013,1,4,2013-12-24,1812000.0,Y
165,2013,125,17,P,جداول عمال  وثمن مواد بناء.,2,14,2013-12-24,16314000.0,Y
165,2013,126,18,P,جداول عمال وإجرة آليات وثمن مواد بناء.,2,14,2013-12-24,13577000.0,Y
165,2013,127,19,P,جداول عمال  وإجرة آليات وثمن مواد بناء.,2,14,2013-12-24,17675000.0,Y
165,2013,128,4,P,بدل إجرة عمال فنيين وونش هيدروليك وثمن بضاعة لصيانة الإنارة.,2,16,2013-12-24,2262000.0,Y
165,2013,129,30,P,بدل معايدة للكاتب والشرطة عدد 2 بمناسبة عيد الميلاد ورأس السنة .,1,6,2013-12-24,1500000.0,Y
165,2013,130,31,P,بدل معايدة لموظفين البلدية بمناسبة عيد الميلاد ورأس السنة.,1,6,2013-12-24,2200000.0,Y
165,2013,131,2,P,قيمة فواتير مصروفة لزوم ألبسة للشرطة .,1,8,2013-12-27,1386000.0,Y
165,2023,40,1,P,فواتير ثمن مياه وغاز وبن ونسكافة وشوكولا للضيافة عن شهر كانون الثاني وشباط 2023.,5,1,2023-05-22,10647000.0,Y
165,2015,173,40,P,بدل معايدة الكاتب والشرطة بمناسبة عيد الميلاد ورأس السنة 2015-2016.,1,6,2015-12-24,1500000.0,Y
165,2015,174,41,P,بدل معايدة الموظفين والشرطة اليوميين بمناسبة عيد الميلاد ورأس السنة2015-2016,1,6,2015-12-24,2700000.0,Y
165,2015,175,5,P,ثمن دواليب عدد 6 لبيك آب البلدية JAC.,2,2,2015-12-24,1659000.0,Y
165,2015,176,3,P,ثمن Arrangement  لمعايدة المراجع الرسمية والأجهزة الأمنية وثمن أغراض للزينة للإحتفال بعيد الميلاد ورأس السنة.,5,2,2015-12-26,2783000.0,Y
165,2015,177,1,P,رسم نسخ طبق الأصل للتنازلات لعدة عقارات لمعاملة إستملاك.,3,10,2015-12-26,145000.0,Y
165,2015,178,1,P,ثمن بطاقات عشاء وترويقة للمساهمة في نشاطات أخوية سانت تريز (الكحاله) حزب القوات (الكحاله) وحركة لبنان الشباب.,4,4,2015-12-29,1900000.0,Y
165,2015,179,3,P,مخابرات الهاتف العادي رقم 05/768985 و05/769620 والخليوي رقم 03950190 عن شهر أيلول وتشرين الأول وتشرين الثاني 2015 وssms,1,10,2015-12-29,1005000.0,Y
165,2015,180,3,P,مساهمة في نشاطات رعية السيد ومار الياس (الكحاله) لإحياء حفلة ميلادية لأولاد الرعايا وتبرع لكنيسة السيدة بدادون,4,3,2015-12-29,700000.0,Y
165,2015,181,6,P,فواتير مصروفة  لزوم صيانة سيارات البلدية وآلة التصوير.,2,2,2015-12-30,1752000.0,Y
165,2011,15,2,P,ثمن محروقات عن شهر شباط /2011 لزوم سيارات البلدية,2,9,2011-03-31,1853000.0,Y
165,2011,16,2,P,جدول أجور الأجراء عن شهر شباط/2011,1,4,2011-04-07,2420000.0,Y
165,2011,17,4,P,جداول أجور عمال وثمن مواد بناء وغيرهم,2,14,2011-04-07,12225000.0,Y
165,2011,18,5,P,أجور جداول عمال وأليا ت وثمن مواد بناء,2,14,2011-04-07,10265000.0,Y
165,2011,19,2,P,أجور فنيين وثمن بضاعة لصيانة الإنارة,2,16,2011-04-07,8670000.0,Y
165,2011,20,4,P,مكافأة مالية لأعمال إضافية  في شهر آذار /2011,1,6,2011-04-07,300000.0,Y
165,2011,21,5,P,مكافأة مالية لأعمال إضافية في شهر نيسان /2011,1,6,2011-05-04,300000.0,Y
165,2011,22,3,P,ثمن محروقات عن شهر آذار /2011 لزوم سيارات البلدية,2,9,2011-05-11,1727000.0,Y
165,2011,23,6,P,بدل 21 يوم من الفرصة السنوية للعام 2010,1,6,2011-05-11,600000.0,Y
165,2011,24,3,P,جدول أجور الأجراء عن شهر آذار /2011,1,4,2011-05-12,2420000.0,Y
165,2011,25,6,P,أجور عمال وثمن مواد بناء,2,14,2011-05-12,11970000.0,Y
165,2011,26,7,P,أجور جداول وأليات وثمن مواد بناء,2,14,2011-05-12,12036000.0,Y
165,2011,27,1,P,صيانة سيارات البلدية والأجهزة,2,2,2011-05-18,2529000.0,Y
165,2011,28,1,P,بدل مخابرات هاتفية وإشتراكات,1,10,2011-05-19,2311000.0,Y
165,2011,29,1,P,ثمن قرطاسية مختلفة ومطبوعات وإشتراك في الجريدة الرسمية وغيرها.,1,7,2011-05-26,2956000.0,Y
165,2011,30,7,P,مكافأة مالية لأعمال إضافية عن شهر آيار/2011,1,6,2011-06-02,300000.0,Y
165,2011,31,4,P,جدول أجور الأجراء عن شهر نيسان /2011,1,4,2011-06-02,2420000.0,Y
165,2011,32,8,P,أجور عمال وثمن مواد بناء,2,14,2011-06-02,10753000.0,Y
165,2011,33,9,P,أجور جداول عمال وأليات ومواد بناء,2,14,2011-06-02,11665000.0,Y
165,2011,34,3,P,أجور فنيين وثمن بضاعة لصيانة الإنارة,2,16,2011-06-02,4025000.0,Y
165,2011,35,1,P,مساعدة مدرسية لأولاد الشرطي جلال بجاني,4,8,2011-06-08,1900000.0,Y
165,2015,101,19,P,راتب الشرطة عدد 2 عن شهر آب 2015.,1,2,2015-09-02,2221000.0,Y
165,2015,102,26,P,بدل نقل للكاتب والشرطة عدد2عن شهر آب2015.,1,6,2015-09-02,616000.0,Y
165,2012,130,10,P,بدل مفعول رجعي عن غلاء المعيشة للسيد سمير توفيق بجاني من 1/2/2012 لغاية 15/12/2012,1,4,2012-12-20,1837000.0,Y
165,2012,131,2,P,ثمن دواء للفئران ورش المبيدات,2,7,2012-12-20,502000.0,Y
165,2012,132,6,P,صيانة شبكة الإنارة العامة.,2,16,2012-12-20,140000.0,Y
165,2012,133,16,P,ثمن بضاعة لصيانة الطرق العامة خلال شهر كانون الأول 2012,2,14,2012-12-20,2723000.0,Y
165,2012,134,17,P,ثمن تصنيع درابزين ومصبع.,2,14,2012-12-22,2370000.0,Y
165,2012,135,10,P,ثمن محروقات لزوم سيارات البلدية خلال شهر كانون الأول 2012,2,9,2012-12-22,1247000.0,Y
165,2012,136,5,E,بدل صيانة سيارات البلدية والكمبريسور,2,2,2012-12-24,2389000.0,Y
165,2012,137,3,P,ثمن مياه وبن وغيرها من مصاريف نثرية.,5,1,2012-12-24,628000.0,Y
165,2012,138,3,P,بدل إشتراك بمولد الكهرباء وقيمة فاتورة شركة كهرباء لبنان.,2,12,2012-12-24,859000.0,Y
165,2016,105,8,P,جداول عمال وثمن ترابة وأغراض مختلفة خلال شهر حزيران 2016.,2,14,2016-08-17,8896000.0,Y
165,2016,106,9,P,جداول عمال وثمن ترابة وأغراض مختلفة خلال شهر تموز 2016.,2,14,2016-08-17,16173000.0,Y
165,2016,107,1,P,جداول عمال وثمن بضاعة خلال شهر حزيران وتموز.,2,15,2016-08-17,3709000.0,Y
165,2016,108,10,P,جداول عمال وثمن خمسة مستوعبات نفايات.,2,4,2016-08-17,3192000.0,Y
165,2016,109,11,P,نقل النفيات من مركز الجمع والفرز في العقار رقم 195/الكحاله الى مركز Arcenciel في تعنايل خلال شهر حزيران وتموز 2016.,2,4,2016-08-17,7003000.0,Y
165,2016,110,12,E,نقل النفايات من مركز الجمع والفرز في العقار رقم 195/الكحاله الى مركز Arcenciel في تعنايل خلال شهر حزيران وتموز 2016.,2,4,2016-08-17,9122000.0,Y
165,2016,111,13,E,مصاريف رفع ونقل النفايات  من مركز الجمع والفرز في العقار رقم 195/الكحاله  خلال شهر تموز 2016.,2,4,2016-08-17,19800000.0,Y
165,2016,112,14,E,مصاريف رفع النفايات من مركز الجمع والفرز في العقار رقم 195/الكحاله.,2,4,2016-08-17,11775000.0,Y
165,2016,113,7,E,أعمال دهان وطرش وتركيب مطبخ في مبنى البلدية.,3,1,2016-08-17,2561000.0,Y
165,2016,114,4,P,فواتير مصروفة لزوم صيانة الإنارة العامة خلال شهر حزيران وتموز 2016.,2,16,2016-08-17,260000.0,Y
165,2016,115,2,P,فواتير مصروفة ثمن مكيفات وبلاك غاز كهربائي لمبنى البلدية.,2,3,2016-08-17,5100000.0,Y
165,2016,116,20,P,بدل مساعدة مدرسية للشرطي  جلال بجاني عن إبنه طوني للعام 2016.,1,6,2016-08-20,1570000.0,Y
165,2016,117,2,P,مساعدة مالية  للسيد إيلي انطوان ابي خليل لزوم مصاريف علاج لإبنته سيرينا.,4,2,2016-08-20,450000.0,Y
165,2016,118,4,P,فواتير مصروفة لزوم قرطاسية  ويافطات وإشتراك  للwebsite .,1,7,2016-08-26,2755000.0,Y
165,2016,119,1,P,مصاريف رش مبيدات لمكافحة الحشرات في أنحاء البلدة.,2,7,2016-08-31,2995000.0,Y
165,2016,120,21,P,بدل مساعدة مدرسية للشرطي جلال بجاني عن إبنته ماريا للعام 2016.,1,6,2016-09-01,1570000.0,Y
165,2016,121,19,P,راتب ريما بجاني وكارول بوخليل الفغالي عن شهر آب 2016.,1,2,2016-09-01,1989000.0,Y
165,2016,122,20,P,راتب جلال بجاني وشربل ابي خليل خلال شهر آب 2016.,1,2,2016-09-01,2285000.0,Y
165,2016,123,22,P,بدل نقل لموظفين البلدية خلال شهر آب2016,1,6,2016-09-01,832000.0,Y
165,2016,124,23,P,بدل مكافأة مالية لموظفين البلدية لقيامهم بأعمال إضافية خلال شهر آب 2016.,1,6,2016-09-01,900000.0,Y
165,2016,125,7,P,جدول عاملة التنظيفات عن شهر آب 2016.,1,4,2016-09-01,120000.0,Y
165,2016,126,1,P,رش مبيدات  في أحياء البلدة .,2,8,2016-09-07,865000.0,Y
165,2006,4,1,P,بدل اجور نقل للموظفين,1,6,2006-01-02,3500000.0,Y
165,2006,5,1,P,ثمن لوازم مكتبية وغيرها,1,7,2006-01-02,2000000.0,Y
165,2006,6,1,P,قيمة مخابرات هاتفية,1,10,2006-01-02,3000000.0,Y
165,2006,7,1,P,ثمن قطع واجرة يد لصيانة السيارات والتجهيزات في البلدية وعلى الورش,2,2,2006-01-02,3000000.0,Y
165,2006,8,1,P,بدل اتعاب محاسبة وغيرها منى ابو انطون,1,3,2006-01-02,12600000.0,Y
165,2006,9,1,P,اجور الأجراء الدائمين (وكلاء ورش وجباية) عن ك2,1,4,2006-01-31,3213000.0,Y
165,2006,10,1,P,اجور عمال ونقل وثمن ترابة وبحص ونحاته وقساطل وادوات مختلفة,2,14,2006-01-31,2939000.0,Y
165,2005,82,82,P,اجور عمال وآليات ونقل وثمن ترابة وبحص واحجار باطون,2,14,2005-12-27,5478000.0,Y
165,2005,83,83,P,اجور عمال ونقل وثمن احجار باطون وادوات مختلفة,2,14,2005-12-27,905000.0,Y
165,2005,84,56,P,اجرة نقل شبكات انارة وونش وفنيين وادوات كهربائ مختلفة,2,16,2005-12-27,2318000.0,Y
165,2005,85,1,P,ثمن زينة جديدة وصيانة القديمة مع اجرة نقل لمناسبة عيدي الميلاد ورأس السنة,5,2,2005-12-27,2991000.0,Y
165,2005,86,69,P,بدل مكافآت ومعايدات للموظفين ولأجراء الدائمين,1,6,2005-12-27,1800000.0,Y
165,2005,87,87,P,بدل نقل للموظفين عن كانون الأول 2005,1,6,2005-12-30,408000.0,Y
165,2005,88,63,P,مساعدات وتقديمات اجتماعية,4,7,2005-12-29,550000.0,Y
165,2006,1,1,P,ثمن ضيافات وغيرها,5,1,2006-01-02,1000000.0,Y
165,2006,2,1,P,ثمن محروقات لسيلرات البلدية,2,9,2006-01-02,3000000.0,Y
165,2013,94,3,P,قيمة فواتير مصروفة لزوم صيانة  سيارات البلدية .,2,2,2013-09-28,1359000.0,Y
165,2018,58,10,P,جلال بجاني بدل 35 ساعة إضافية خلال شهر آيار 2018.,1,6,2018-05-31,385000.0,Y
165,2018,59,4,P,جدول كوماري عاملة التنظيفات في البلدية عن شهر نيسان وآيار 2018.,2,8,2018-05-31,270000.0,Y
165,2018,60,12,P,راتب ريما بجاني وكارول بو خليل الفغالي عن شهر حزيران 2018,1,2,2018-07-02,1612000.0,Y
165,2018,61,13,P,راتب جلال بجاني وشربل ابي خليل عن شهر حزيران 2018.,1,2,2018-07-02,1895000.0,Y
165,2018,62,11,P,بدل نقل لموظفين البلدية خلال شهر حزيران 2018.,1,6,2018-07-02,592000.0,Y
165,2018,63,12,P,بدل 35 ساعة إضافية للشرطي جلال بجاني خلال شهر حزيران 2018.,1,6,2018-07-02,385000.0,Y
165,2018,64,5,P,جدول كوماري عاملة التنظيفات في مبنى البلدية خلال شهر حزيران 2018.,2,8,2018-07-02,180000.0,Y
165,2018,65,4,P,ثمن محروقات لزوم سيارات البلدية خلال شهر آيار 2018,2,9,2018-07-02,1680000.0,Y
165,2018,66,1,P,مساهمة لأمن الدولة في بناء نظارة وغرفة تحقيق تابعة لمكتبنا على سطح سرايا عاليه.,4,12,2018-07-02,3000000.0,Y
165,2018,67,2,P,ثمن قرطاسية وأعلام ويافطات ولزوم أعمال مساحة لعقارات في الكحاله.,1,7,2018-07-02,2966000.0,Y
165,2018,68,3,P,فواتير لزوم صيانة سيارات البلدية خلال شهر آذار ونيسان وآيار 2018,2,2,2018-07-02,2988000.0,Y
165,2018,69,1,P,فواتير لزوم مخابرات الهاتف العادي رقم 05/768985 و05/769620 والخليوي رقم 03/950190من شهر كانون الأول 2017 لغاية شهر آيار 2018.,1,10,2018-07-03,2579000.0,Y
165,2018,70,1,P,فواتير ثمن مياه وبن وبوتي فور وغيرها لزوم ضيافة في مبنى البلدية.,5,1,2018-07-13,2729000.0,Y
165,2018,71,5,P,فواتير محروقات لزوم سيارات البلدية خلال شهر تموز 2018.,2,9,2018-07-19,1717000.0,Y
165,2018,72,2,P,شركة بجكو للتامين ، ثمن بوالص للتأمين لزوم عمال البلدية وسيارة duster رقم 107456 وR12 و بيك آب JAC.,5,6,2018-07-19,2565000.0,Y
165,2018,73,8,P,جداول عمال وثمن مواد بناء لإنشاء حيطان دبش قرب منزل جورج ناصيف بجاني وقرب النبعة في حي مار انطونيوس خلال شهر آيار.,2,14,2018-07-25,18429000.0,Y
165,2018,74,9,P,جداول عمال وإجرة آليات وثمن بضاعة لصيانة مجارير وشبكة المياه وتركيب مصبعات خلال شهر آيار 2018.,2,14,2018-07-25,12548000.0,Y
165,2018,75,10,P,جداول عمال وثمن أغراض مختلفة ومواد بناء خلال شهر حزيران 2018.,2,14,2018-07-25,14433000.0,Y
165,2015,182,2,P,قيمة فاتورة كهرباء لبنان لمركز البلدية عن شهر تشرين الثاني وكانون الأول 2014,2,12,2015-12-30,44000.0,Y
165,2015,183,4,P,بدل أكاليل عدد11.,5,9,2015-12-30,540000.0,Y
165,2015,184,3,P,ثمن يافطات وحبر  وطباعة STIKERS   وغيرها من لوازم.,1,7,2015-12-30,1800000.0,Y
165,2015,185,1,P,ثمن VACUUM CLEANER  لمركز البلدية .,2,1,2015-12-30,113000.0,Y
165,2015,186,3,P,ثمن أغراض للضيافة في مركز البلدية (مياه، بن،نسكافة وغيرها).,5,1,2015-12-30,1166000.0,Y
165,2015,187,26,P,راتب الكاتب ريما بجاني عن شهر كانون الأول 2015.,1,2,2015-12-31,1067000.0,Y
165,2015,188,27,P,رواتب الشرطة عدد2 عن شهر كانون الأول 2015,1,2,2015-12-31,2221000.0,Y
165,2015,189,42,P,بدل نقل للكاتب والشرطة عن شهر كانون الأول 2015.,1,6,2015-12-31,624000.0,Y
165,2015,190,43,P,بدل أعمال إضافية للكاتب والشرطة خلال شهر كانون الأول 2015,1,6,2015-12-31,1100000.0,Y
165,2015,191,44,P,بدل مكافأة مالية لكارول بو خليل الفغالي خلال شهر كانون الأول 2015,1,6,2015-12-31,100000.0,Y
165,2015,192,10,P,ثمن محروقات لزوم سيارات البلدية خلال شهر كانون الأول 2015,2,9,2015-12-31,1472000.0,Y
165,2015,193,11,P,جدول أجور الأجراء عن شهر كانون الأول 2015.,1,4,2015-12-31,900000.0,Y
165,2015,194,33,E,جداول عمال  لصيانة الطرق  العامة.,2,14,2015-12-31,15644000.0,Y
165,2015,195,6,P,جداول عمال لأعمال طرش وورقة وتركيب جفصين لمبنى البلدية للعقار رقم 674/الكحاله.,3,1,2015-12-31,5402000.0,Y
165,2016,1,1,P,جدول أجور الأجراء عن شهر كانون الثاني 2016,1,4,2016-02-12,930000.0,Y
165,2016,2,1,P,جداول عمال وثمن مواد بناء لصيانة الطرق العامة.,2,14,2016-02-12,17294000.0,Y
165,2016,3,2,P,جداول عمال وإجرة آليات وثمن مواد بناء في شهر كانون الثاني لرفع الإنهيارات في داوية النبع.,2,14,2016-02-12,8895000.0,Y
165,2016,4,1,P,جدول عمال وثمن مواد بناء لتوسيع طريق عين الحية في شهر كانون الثاني 2016,3,5,2016-02-12,17264000.0,Y
165,2016,5,1,P,جداول عمال وثمن مواد بناء لتكملة أعمال تبليط في مبنى البدية في العقار رقم 674/الكحاله.,3,1,2016-02-12,13697000.0,Y
165,2016,6,1,P,جداول عمال وثمن مواد بناء للطاحون الآثري.,3,8,2016-02-12,6143000.0,Y
165,2016,7,1,P,فواتير مصروفة لأعمال رفع وتنظيف شوارع أحياء البلدة من النفايات.,2,4,2016-02-12,19290000.0,Y
165,2016,8,1,P,أعمال فك زينة الميلاد ورأس السنة.,5,2,2016-02-12,942000.0,Y
165,2016,9,1,P,فاتورة من مؤسسة د.جبور التجارية ثمن كابل لزوم تركيب شبكة إنارة للطاحون.,3,2,2016-02-12,4628000.0,Y
165,2016,10,1,P,دفعة إولى عن ثلاثة أشهر بدل إيجار مركز البلدية في العقار رقم 436/الكحاله.,1,9,2016-02-12,1800000.0,Y
165,2016,11,1,P,راتب شهر كانون الثاني 2016,1,2,2016-02-15,1067000.0,Y
165,2017,69,12,P,جدول ساعات إضافية لموظفين البلدية خلال شهر حزيران 2017.,1,6,2017-07-01,900000.0,Y
165,2018,91,12,P,فاتورة لزوم جمع ورفع النفايات ونقلها الى المطامر خلال شهر تموز 2018.,2,4,2018-08-31,14000000.0,Y
165,2015,66,20,P,مساعدة مدرسية للشرطي جلال بجاني عن إبنه طوني للعام 2015.,1,6,2015-07-14,1570000.0,Y
165,2015,67,4,P,ثمن محروقات لزوم سيارات البلدية خلال شهر حزيران 2015.,2,9,2015-07-24,1839000.0,Y
165,2016,87,15,P,بدل راتب جلال بجاني وشربل ابي خليل عن شهر حزيران 2016.,1,2,2016-07-02,2185000.0,N
165,2016,88,16,P,راتب جلال بجاني وشربل ابي خليل خلال شهر حزيران 2016.,1,2,2016-07-02,2285000.0,Y
165,2016,89,14,P,بدل نقل لموظفين البلدية عن شهر حزيران 2016.,1,6,2016-07-02,832000.0,Y
165,2016,90,15,P,بدل مكافأة مالية لموظفين البلدية لقيامهم بأعمال إضافية خلال شهر حزيران 2016.,1,6,2016-07-02,900000.0,Y
165,2019,6,1,P,بدل إيجار العقار رقم 197/ الكحاله لجمع النفايات لسنة كاملة من 1/1/2019 لغاية 31/12/2019,1,9,2019-02-22,18000000.0,Y
165,2008,24,1,P,صيانة سيارات البلدية والأجهزة,2,2,2008-01-03,5000000.0,Y
165,2008,25,1,P,بدل مصاريف لزوم تكليف لجان ومحامي وطوبوغراف ومكتب دراسات وغيرها,3,9,2008-03-17,10000000.0,Y
165,2008,26,12,P,ثمن بوالص تأمين للسيارات البلدية,5,6,2008-07-01,1000000.0,Y
165,2008,27,1,P,مساعدة مالية لدعم مستوصف السيدة - الكحاله,4,1,2008-09-03,3000000.0,Y
165,2008,28,1,P,بدل استهلاك كهرباء لمبنى البلدية,2,12,2008-01-30,3000000.0,Y
165,2008,29,8,E,بدل تعويضات مختلفة للموظفين والأجراء,1,6,2008-09-30,20000000.0,Y
165,2008,30,26,P,بدل اتعاب مكتب دراسات واسشارات هندسية تتعلق بترسيم النطاق البلدي مع عاريا,3,9,2008-09-30,6000000.0,Y
165,2008,31,1,P,ثمن كرسي لمكتب الرئيس,2,3,2008-11-14,572000.0,Y
165,2008,32,18,P,مصاريف صيانة وتركيب زينة الميلاد,5,2,2008-11-24,3072000.0,Y
165,2008,33,1,P,مساعدة  اجتماعية الى السيد عساف جرجس سمعان ابي خليل,5,9,2008-12-12,750000.0,Y
165,2008,34,34,P,مساعدة  اجتماعية الى السيد عساف جرجس سمعان ابي خليل,5,9,2008-12-12,,N
165,2008,35,5,P,بدل اجور الأجراء الدائمين (وكلاء ورش وجباية وغيرها),1,4,2008-10-30,5000000.0,Y
165,2008,36,2,P,ثمن هدايا للقائمقام والمخاتير والكهنة بمناسبة الأعياد,5,1,2008-12-01,5000000.0,Y
165,2008,37,30,P,بدل مكافآت ونقل وغيرها للموظفين والأجراء,1,6,2008-12-31,5000000.0,Y
165,2009,1,1,P,بدل رواتب الموظفين الكاتب والشرطة عدد 2 عن العام 2009,1,2,2009-01-07,28264000.0,Y
165,2009,2,1,P,بدل شراء بطاقات مختلفة لمجموعة من الجمعيات والهيئات الإجتماعية والخيرية,4,11,2009-01-07,2000000.0,Y
165,2009,3,1,P,بدل اشتراك وثمن مخابرات هواتف البلدية ذات الأرقام :/ 768985-05 /769620-05 / 950190-03 /,1,10,2009-01-07,3000000.0,Y
165,2009,4,1,P,بدل سلفة للكاتب للمصاريف النثرية الطارئة (ضيافات وغيرها),5,1,2009-01-07,2000000.0,Y
165,2009,5,1,P,بدل تعويضات مختلفة (نقل وتعويض نهاية الخدمة وغيرها),1,6,2009-01-07,8000000.0,Y
165,2009,6,1,P,ثمن ادوات مكتبية مختلفة وحبر واشتراكات في مجلات وغيرها,1,7,2009-01-12,3000000.0,Y
165,2009,7,1,P,بدل صيانة الكمبيوترات وماكينة التصوير ومالكينة التدفئة والتبريد وسيارات البلدية وغيرها من الأجهزة,2,2,2009-01-02,5000000.0,Y
165,2009,8,1,P,بدل تجهيز مكتب الكاتب بجهاز كمبيوتر كامل مع طابعة وغيرها,2,1,2009-02-16,1568000.0,Y
165,2009,9,1,P,ثمن محروقات مختلفة للسيارات وغيرها في البلدية,2,9,2009-02-16,8000000.0,Y
165,2009,10,1,P,بدل اتعاب منى بو انطون عن شهر كانون الثاني 2009,1,4,2009-01-31,1700000.0,Y
165,2009,11,11,P,بدل اجور الأجراء الدائمين من وكلاء ورش وجباية وتنظيف مبنى البلدية وغيرها,1,4,2009-01-31,32000000.0,Y
165,2006,11,10,P,بدل اجور الأجراء الدائمين عن شباط 2006 (وكلاء ورش وجباية وتنظيف مبنى البلدية),1,4,2006-02-28,3204000.0,Y
165,2006,12,11,P,اجور عمال ونقل وثمن ترابة ونحاته ومياه وقساطل واكسسوارات مختلفة,2,14,2006-02-28,985000.0,Y
165,2006,13,1,P,اجرة ونش هيدروليك مع فنيين,2,16,2006-02-28,2046000.0,Y
165,2006,14,1,P,ايجار مبنى البلدية القسط الرابع والأخير,1,9,2006-02-28,2700000.0,Y
165,2006,15,1,P,ثمن سبعة بوالص تأمين للموظفين والأجراء الدائمين 2006,5,6,2006-02-28,3197000.0,Y
165,2006,16,12,P,قيمة جدول اجور الأجراء الدائمين (وكلاء ورش وجباية وتنظيف مبنى البلدية) نيسان,1,4,2006-03-31,3204000.0,Y
165,2006,17,13,P,اجور عمال وآليات ونقل وثمن ترابة وبحص ورمل وحديد وخشب وادوات مختلفة,2,14,2006-03-31,16190000.0,Y
165,2006,18,18,P,اجور عمال يوميين وآليات وثمن قساطل وحديد وبحص وغيره,2,14,2006-03-31,2535000.0,Y
165,2006,19,17,P,جدول اجور الأجراء الدائمين عن شهر نيسان 2006,1,4,2006-04-30,3228000.0,Y
165,2006,20,19,P,اجور عمال وآليات ونقل وثمن ترابة وبحص وغيرها,2,14,2006-04-30,8009000.0,Y
165,2006,21,15,P,بدل ايجار مبنى البلدية من 1-6-2006 لغاية 28-2-2007,1,9,2006-05-31,8100000.0,Y
165,2006,22,20,P,قيمة جدول اجور الأجراء الدائمين عن شهر ايار 2006,1,4,2006-05-31,3204000.0,Y
165,2006,23,21,P,اجور عمال وآليات وثمن مواد وادوات بناء مختلفة,2,14,2006-05-31,14831000.0,Y
165,2006,24,14,P,اجرة ونش هيدروليك مع فنيين وثمن بضاعة كهرباء مختلفة,2,16,2006-06-30,8671000.0,Y
165,2006,25,1,P,نشاطات ومساهمات اجتماعية,4,7,2006-06-30,2623000.0,Y
165,2006,26,23,P,قيمة جدول اجور الأجراء الدائمين عن شهر حزيران 2006,1,4,2006-06-30,3210000.0,Y
165,2006,27,24,P,اجور عمال وآليات ونقل وثمن ترابة وبحص وحديد واحجار باطون وادوات مختلفة,2,14,2006-06-30,19800000.0,Y
165,2006,28,28,P,اجور عمال ورش يوميين وآليات مختلفة وثمن ترابة وبحص ورمل وحديد وادوات مختلفة,2,14,2006-06-30,7267000.0,Y
165,2006,29,1,P,اعمال طوبوغرافية وغيرها,3,9,2006-06-30,3000000.0,Y
165,2006,30,26,P,المشاركة في الدعوات للنشاطات الإجتماعية وغيرها,4,7,2006-06-30,3000000.0,N
165,2006,31,1,P,مفروشات مختلفة,2,3,2006-06-30,3000000.0,Y
165,2006,32,1,P,ثمن أجهزة مختلفة,2,1,2006-06-30,3000000.0,Y
165,2006,33,1,P,ثمن البسة للشرطة مختلفة,1,8,2006-06-30,3000000.0,Y
165,2006,34,1,P,تقديمات صحية طارئة,4,1,2006-01-01,3000000.0,N
165,2006,35,16,P,ثمن بوالص تأمين للسيارات,5,6,2006-06-30,1000000.0,Y
165,2006,36,27,P,قيمة اجور الأجراء الدائمين عن شهر تموز 2006,1,4,2006-07-31,3228000.0,Y
165,2006,37,29,P,اجور عمال وآليات وثمن مواد بناء وادوات مختلفة,2,14,2006-07-31,18027000.0,Y
165,2006,38,35,P,تخصيصات ومساعدات صحية,4,1,2006-07-31,5000000.0,Y
165,2006,39,3,P,ثمن محروقات بنزين وغيرها,2,9,2006-08-07,8000000.0,Y
165,2009,79,1,P,أجور عمال وثمن مواد بناء مختلفة وأجور أليات وصيانة طرق مختلفةإلخ...,3,5,2009-11-24,16524000.0,Y
165,2009,80,1,P,إجرة نقل وبيك آب وثمن مواد بناء مختلفة,3,4,2009-11-24,9879000.0,Y
165,2009,81,74,E,إجرة تراكتور ونقل ،ثمن رمل، نقل شبكة كهرباء وأعمال طوبوغرافية.,3,1,2009-11-24,13297000.0,Y
165,2018,76,11,P,جداول عمال وفواتير مصروفة لزوم تركيب بوابات عدد2 على مداخل البلدة.,2,14,2018-07-25,17133000.0,Y
165,2018,77,8,P,جداول عمال عدد 8  لزوم تنظيف وتكنيس الطرقات وجمع النفايات من أنحاء البلدة خلال شهر آيار وحزيران 2018,2,4,2018-07-25,14688000.0,Y
165,2018,78,9,P,فواتير مصروفة  لزوم  جمع ورفع النفايات من أحياء البلدة ونقلها الى المطامر خلال شهر آيار 2018.,2,4,2018-07-25,18000000.0,Y
165,2018,79,10,P,فواتير مصروفة لزوم جمع ورفع النفايات من أحياء البلدة ونقلها الى المطامر خلال شهر حزيران 2018.,2,4,2018-07-25,18000000.0,Y
165,2018,80,1,P,جداول عمال وثمن بضاعة لزوم تجهيز وصيانة مكان المهرجان وجهاز الحماية أيام المهرجان في شهر حزيران 2018,5,2,2018-07-25,10527000.0,Y
165,2018,81,2,P,فواتير ثمن كراسي وطاولات بلاستيك مع حديد.,2,3,2018-07-25,9179000.0,Y
165,2018,82,14,P,رواتب الموظفين خلال شهر تموز 2018.,1,2,2018-07-31,6949000.0,Y
165,2018,83,13,P,بدل نقل للموظفين البلدية خلال شهر تموز 2018.,1,6,2018-07-31,736000.0,Y
165,2018,84,14,P,بدل ساعات إضافية لجلال بجاني خلال شهر تموز 2018.,1,6,2018-07-31,385000.0,Y
165,2018,85,6,P,جدول كوماري عاملة التنظيفات في مبنى البلدية خلال شهر تموز 2018.,2,8,2018-07-31,180000.0,Y
165,2018,86,15,P,بدل مكافأة مالية لكابي ابي خليل لجهوده خلال شهر المهرجان.,1,6,2018-07-31,1600000.0,Y
165,2018,87,12,P,جداول عمال وثمن مواد بناء وغيرها  لزوم أعمال صيانة خلال شهر تموز 2018.,2,14,2018-08-31,17884000.0,Y
165,2018,88,13,P,جداول عمال وإجرة آليات ومواد بناء لزوم أعمال شرك مجرور وتجليس الطريق وغيرها من الأعمال قرب الطاحون خلال شهر تموز 2018.,2,14,2018-08-31,18824000.0,Y
165,2018,89,4,P,إجرة ونش هيدروليك وثمن بضاعة لصيانة الإنارة العامة.,2,16,2018-08-31,1028000.0,Y
165,2018,90,11,P,جداول عمال لزوم تنظيف وتكنيس الأقنية والطرقات وجمع النفايات خلال شهر تموز 2018.,2,4,2018-08-31,8214000.0,Y
165,2009,98,53,P,ثمن بوليصة تأمين لزوم سيارة رينو رابيد.,5,6,2009-12-24,255000.0,Y
165,2017,142,5,P,فواتير من محطة الباتكو ثمن محروقات لزوم سيارات البلدية خلال شهر تموز وآب وأيلول 2017.,2,9,2017-09-29,605000.0,Y
165,2017,143,1,P,صيانة فلتر مع ثمن كلور .,2,15,2017-09-29,1549000.0,Y
165,2017,144,8,E,فواتير لزوم صيانة سيارات DUSTER عدد2.,2,2,2017-09-29,1322000.0,Y
165,2017,145,2,P,نشر إعلان بلدة الكحاله على صفحة كاملة لغلاف دليل بلدة الكحاله والبلدات المجاورة.,1,11,2017-09-30,1500000.0,Y
165,2017,146,4,P,فواتير مصروفة لزوم مهرجان الربيع 2017.,5,2,2017-09-30,2953000.0,N
165,2017,147,5,P,فواتير مصروفة لزوم مهرجان الربيع 2017,5,2,2017-09-30,2953000.0,Y
165,2017,148,4,P,ثمن T.V مع فلش تحضير للزفت على طريق الدوار.,3,5,2017-09-29,3000000.0,Y
165,2017,149,17,E,جداول عمال وفواتير لزوم  اعمال صيانة الطرق  وتنظيف الأقنية خلال شهر أيلول 2017.,2,14,2017-09-29,18598000.0,Y
165,2017,150,18,E,جداول عمال تكنيس الطرقات وتنظيف الأقنية خلال شهر آيلول 2017.,2,14,2017-09-29,3328000.0,Y
165,2017,151,6,P,فواتير لزوم عمال فنيين وإجرة ونش هيدروليك وثمن بضاعة لصيانة الإنارة العامة خلال شهر أيلول 2017.,2,16,2017-09-29,1459000.0,Y
165,2017,152,16,P,جداول عمال لجمع النفايات من انحاء البلدة خلال شهر أيلول 2017.,2,4,2017-09-29,2490000.0,Y
165,2015,68,5,P,جدول أجور الأجراء عن شهر آيار وحزيران 2015,1,4,2015-07-24,1860000.0,Y
165,2015,69,15,P,جداول عمال وثمن مواد بناء خلال شهر آيار 2015.,2,14,2015-07-24,19479000.0,Y
165,2015,70,16,P,جداول عمال وثمن مواد بناء ومصبع خلال شهر حزيران 2015.,2,14,2015-07-24,11694000.0,Y
165,2015,71,17,P,جداول عمال وثمن مواد بناء خلال شهر حزيران 2015.,2,14,2015-07-24,10035000.0,Y
165,2015,72,18,P,جداول عمال وإجرة آليات وثمن مواد بناء خلال شهر آيار 2015.,2,14,2015-07-24,18890000.0,Y
165,2015,73,19,P,ثمن حديد وباطون جاهز لأعمل حيطان دعم وتأهيل طريق الطاحون في شهر آيار.,2,14,2015-07-24,8453000.0,Y
165,2015,74,20,P,جداول عمال  وإجرة آليات وثمن مواد بناء لزوم بناء حيطان دعم لطريق النبع في حزيران .,2,14,2015-07-24,19415000.0,Y
165,2015,75,21,P,ثمن بلاط لزوم تبليط الحيطان قرب نصب الشهداء في العقار رقم 211/الكحاله.,2,14,2015-07-24,19500000.0,Y
165,2015,76,1,P,جداول عمال وثمن مواد بناء وتماثيل قديسين لزوم أعمال تكميلية لنصب الشهداء خلال شهر آيار.,3,6,2015-07-24,9969000.0,Y
165,2015,77,2,E,جداول عمال وثمن مواد بناء وبضاعة للإنارة وصليب المينيوم  وأكسسوار للنصب خلال شهر حزيران.,3,8,2015-07-24,16304000.0,Y
165,2015,78,2,P,جداول عمال عددأربعة لزوم أعمال تمديد كهرباء في مبنى البلدي في العقار رقم 674/الكحاله.,3,1,2015-07-24,4110000.0,Y
165,2015,79,5,P,إجرة ونش هيدروليك وعمال فنيين وثمن بضاعة لصيانة الإنارة العامة .,2,16,2015-07-24,2574000.0,Y
165,2015,80,16,P,راتب الكاتب ريما بجاني عن شهر تموز 2015,1,2,2015-08-01,1067000.0,Y
165,2015,81,17,P,راتب الشرطة عدد2 عن شهر تموز 2015.,1,2,2015-08-01,2221000.0,Y
165,2015,82,21,P,بدل نقل للكاتب والشرطة عدد2 عن شهر تموز 2015.,1,6,2015-08-01,1100000.0,N
165,2015,83,22,P,بدل نقل للكاتب والشرطة عدد2 عن شهر تموز 2015.,1,6,2015-08-01,616000.0,Y
165,2015,84,23,P,بدل مكافأة مالية للكاتب والشرطة لقامهم بأعمال إضافية خلال شهر تموز 2015.,1,6,2015-08-01,1100000.0,Y
165,2015,85,24,P,بدل مكافأة مالية لكارول بو خليل الفغالي عن شهر تموز 2015.,1,6,2015-08-01,100000.0,Y
165,2015,86,25,P,بدل مساعدة مدرسية للشرطي  جلال بجاني عن ابنه إيليو.,1,6,2015-08-08,1570000.0,Y
165,2015,87,5,P,ثمن محروقات لزوم سيارات البلدية خلال شهر تموز 2015,2,9,2015-08-18,1910000.0,Y
165,2015,88,1,P,إجرة نقل نفايات من أحياء البلدة الى المكب.,2,4,2015-08-19,2000000.0,Y
165,2015,89,1,P,بدل عقد إتفاقي لصيانة برنامج المحاسبة مع شركة أفكار مؤسسية مبتكرة ش.م.م.,2,2,2015-08-19,2090000.0,Y
165,2015,90,2,P,ثمن بوالص تامين لزوم تأمين عمال البلدية والبيك آب وRenault Duster رقم 107456/م,5,6,2015-08-22,2586000.0,Y
165,2015,91,2,P,فواتير لزوم صيانة سيارات وبيك آب ا البلدية .,2,2,2015-08-22,2605000.0,Y
165,2015,92,1,P,فواتير ثمن حبر وقرطاسية وإشتراك في الجريدة الرسمية وغيرها.,1,7,2015-08-22,2590000.0,Y
165,2015,93,1,P,رسم إشترك ومخابرات الهاتف العادي رقم 05/768985و05769620 والهاتف الخليوي رقم  03/950190 وSMS,1,10,2015-08-25,1923000.0,Y
165,2015,94,1,P,ثمن بطاقات عشاء مساهمة في نشاطات رعاوية يعود ريعها للكنائس .,4,3,2015-08-25,1700000.0,Y
165,2015,95,1,P,ثمن بطاقات عشاء وتبرعات لجمعيات .,4,11,2015-08-28,2900000.0,Y
165,2016,131,15,E,جداول عمال وإجرة نقل الى مركز الجمع والفرز في العقار رقم 195/الكحاله.,2,4,2016-09-08,5718000.0,Y
165,2016,132,16,E,فواتيرمصروفة لزوم أعمال رفع ونقل النفايات من مركز الجمع والفرز في العقار رقم 195/الكحاله.,2,4,2016-09-08,18337000.0,Y
165,2016,133,5,P,فاتورة لزوم إجرة ونش هيدروليك  وعمال فنيين  وثمن بضاعة لصيانة الإنارة .,2,16,2016-09-08,1695000.0,Y
165,2016,134,4,P,ثمن محروقات لزوم سيارات البلدية خلال شهر آيار وحزيران 2016.,2,9,2016-09-15,1822000.0,Y
165,2016,135,5,P,ثمن محروقات لزوم سيارات البلدية خلال شهر تموز وآب 2016.,2,9,2016-09-28,2329000.0,Y
165,2016,136,2,P,فواتير مصروفة لزوم  أشتراك كهرباء  ومولد كهرباء لمركز البلدية.,2,12,2016-09-28,965000.0,Y
165,2016,137,1,P,تبرع لرعايا البلدة بمناسبة  عيد شفيعها.,4,3,2016-09-28,1300000.0,Y
165,2016,138,2,P,مساهمة لجمعية تأهيل الأعزب والإصلاح الإجتماعي  و رابطة قدامى مدرسة الدليفراند وحركة free love.,4,11,2016-09-28,550000.0,Y
165,2016,139,3,P,بدل أكاليل وثمن فرش لزوم القوى الأمنية يوم الإنتخابات.,5,9,2016-09-28,700000.0,Y
165,2016,140,2,P,"فواتير لزوم تأمين العمال  والبيك آب وR12 ,DUSTER  عن العام 2016",5,6,2016-09-28,2833000.0,Y
165,2016,141,2,P,تركيب جهاز ثابت في المركز مع هوائي على السطح وثمن أجهزة .,2,1,2016-09-28,1365000.0,Y
165,2016,142,3,P,ثمن مكنة قهوة وسجادة لمبنى البلدية.,2,3,2016-09-28,719000.0,Y
165,2016,143,4,P,فواتير مصروفة لزوم صيانة سيارات البلدة  وسنترال مبنى البلدية.,2,2,2016-09-28,2663000.0,Y
165,2016,144,2,P,ثمن مياه وبن ومحارم وغيرها من مصاريف الضيافة وذلك لزوم ضيافة في مبنى البلدية  ويوم التهاني في صالون كنيسة مار انطونيوس بمناسبة إنتخاب مجلس  بلدي جديد .,5,1,2016-09-28,2134000.0,Y
165,2016,145,21,P,راتب ريما بجاني وكارول بو خليل الفغالي عن شهر آيلول 2016.,1,2,2016-09-30,1989000.0,Y
165,2016,146,22,P,راتب جلال بجاني وشربل ابي خليل عن شهر آيلول 2016,1,2,2016-09-30,2285000.0,Y
165,2016,147,24,P,بدل نقل لموظفين البلدية خلال شهر آيلول 2016,1,6,2016-09-30,728000.0,Y
165,2016,148,25,P,بدل مكافأة مالية  لموظفين البلدية لقيامهم بأعمال إضافية خلال شهر آيلول 2016.,1,6,2016-09-30,900000.0,Y
165,2016,149,8,P,جدول كوماري عاملة التنظيفات عن شهر آيلول 2016.,1,4,2016-09-30,128000.0,Y
165,2016,150,2,P,بدل إشتراك ومخابرات الهاتف العادي والخليوي الخاص بالبلدية وSMS.,1,10,2016-09-30,2035000.0,N
165,2016,151,3,P,بدل إشتراك ومخابرات الهاتف العادي والخليوي وSMS .,1,10,2016-09-30,2035000.0,Y
165,2016,152,6,P,ثمن محروقات لزوم سيارات البلدية خلال شهر آيلول 2016,2,9,2016-09-30,1312000.0,Y
165,2016,153,5,E,فواتير مصروفة ثمن قرطاسية  وأعلام ومطبوعات ويافطات.,1,7,2016-09-30,2977000.0,Y
165,2016,154,3,P,فحص مياه أبار والخزانات العامة في البلدة.,2,15,2016-09-30,120000.0,Y
165,2016,155,11,P,جداول عمال ومواد بناء وغيرها خلال شهر آيلول 2016.,2,14,2016-09-30,19143000.0,Y
165,2016,156,12,P,فواتير مصروفة لزوم إجرة آليات وثمن مواد بناء وبضاعة خلال شهر آيلول,2,14,2016-09-30,5858000.0,Y
165,2016,157,2,P,جدول عمال وثمن أغراض سنكرية .,3,4,2016-09-30,3264000.0,Y
165,2009,82,67,P,إجرة ونش هيدروليك وفنيين وثمن بضاعة كهرباء مختلفة لصيانة شبكة الإنارة المختلفة.,2,16,2009-11-24,1555000.0,Y
165,2012,52,16,P,بدل مكافأة مالية لقيامها بأعمال إضافية خلال شهر تموز 2012,1,6,2012-08-31,300000.0,Y
165,2019,116,24,P,بدل 35  ساعة إضافية للشرطي جلال بجاني خلال شهر تشرين الثاني 2019.,1,6,2019-12-02,385000.0,Y
165,2019,117,25,P,بدل مساعدة مدرسية للشرطي جلال بجاني عن ابنته ماريا.,1,6,2019-12-02,2040000.0,Y
165,2019,118,2,P,ثمن شجرة أرز ورفوف خشب لزوم مبنى الطاحون.,2,3,2019-12-02,350000.0,Y
165,2019,119,7,P,ثمن محروقات لزوم سيارات البلدية خلال شهر تشرين الأول وتشرين الثاني 2019,2,9,2019-12-02,2176000.0,Y
165,2019,120,2,P,فواتير لزوم  مساهمة في تصليح سيارات مخفر عاليه ومخفر عاريا.,4,12,2019-12-03,394000.0,Y
165,2019,121,18,P,جداول الشرطة اليوميين ومسؤول الأشغال خلال شهر تشرين الأول 2019.,2,11,2019-12-13,16110000.0,Y
165,2019,122,19,P,جداول الشرطة اليوميين ومسؤول الأشغال خلال شهر تشرين الثاني 2019.,2,11,2019-12-13,14766000.0,Y
165,2019,123,20,P,جداول العمال اليوميين عدد 13 خلال شهر تشرين الأول وتشرين الثاني 2019.,2,11,2019-12-13,13905000.0,Y
165,2019,124,9,P,فواتير لزوم اعمال بناء حائط صخر في حي الشاوية-النهر، صيانة المجارير وشبكة المياه خلال شهر تشرين الأول وتشرين الثاني 2019.,2,14,2019-12-13,2740000.0,Y
165,2019,125,4,P,إجرة ونش هيدروليك وثمن بضاعة لصيانة الإنارة العامة.,2,16,2019-12-13,1233000.0,Y
165,2019,126,8,P,فواتير لزوم اعمال رفع النفايات من أحياء البلدة ونقلها الى مركز الجمع خلال شهر تشرين الأول وتشرين الثاني 2019,2,4,2019-12-13,9000000.0,Y
165,2019,127,2,P,فواتير ثمن البسة للشرطة .,1,8,2019-12-13,3832000.0,Y
165,2019,128,2,P,بدل اشتراك مولد الكهرباء لزوم مبنى البلدية خلال شهر تشرين الأول وتشرين الثاني وكانون الأول 2019.,2,12,2019-12-16,750000.0,N
165,2019,129,3,P,بدل اشتراك بمولد الكهرباء لزوم مبنى البلدية خلال شهر تشرين الأول وتشرين الثاني وكانون الأول 2019.,2,12,2019-12-13,675000.0,Y
165,2019,130,3,P,ثمن بوالص تأمين لزوم سيارة رابيد وR12 STATION، وسيارة DUSTER رقم 107552/م.,5,6,2019-12-13,1470000.0,Y
165,2019,131,2,P,فواتير ثمن تلفزيون ومكنة هوفر ودفاية لزوم مبنى البلدية.,2,1,2019-12-13,444000.0,Y
165,2019,132,3,P,فواتير لزوم هاتف البلدية رقم 05/768985 و05769620 و03950190 عن شهر آيلول وتشرين الأول وتشرين الثاني 2019.,1,10,2019-12-20,927000.0,Y
165,2019,133,4,P,فواتير ثمن قرطاسية وحبر وأعلام لبنانية وغيرها.,1,7,2019-12-26,805000.0,Y
165,2019,134,8,P,فواتير المحروقات لزوم سيارات البلدية خلال شهر كانون الأول 2019.,2,9,2019-12-31,823000.0,Y
165,2019,135,7,P,فواتير لزوم صيانة سيارات  وبيك آب البلدية وثمن بطاريات UPS.,2,2,2019-12-31,2452000.0,Y
165,2019,136,4,P,فواتير مصروفة ثمن مصاريف ضيافة وأغراض نثرية في مبنى البلدية خلال شهر تشرين الأول وتشرين الثاني وكانون الأول 2019.,5,1,2019-12-31,972000.0,Y
165,2019,137,3,P,رسم إجازة العمل لدى الأمن العام وعقد العمل للعامل البنغلادش ديبوك جدب.,5,9,2019-12-31,690000.0,Y
165,2019,138,13,P,رواتب الموظفين خلال شهر كانون الأول 2019.,1,2,2019-12-31,7709000.0,Y
165,2019,139,26,P,بدل نقل لموظفين البلدية خلال شهر كانون الأول 2019.,1,6,2019-12-31,672000.0,Y
165,2017,153,17,P,فاتورة لزوم نقل النفايات الى خارج البلدة.,2,4,2017-09-29,18000000.0,Y
165,2017,154,6,P,فواتير لزوم مهرجان صيف الكحاله 2017.,5,2,2017-09-29,16617000.0,Y
165,2017,155,1,P,ثمن تومبولا وبطاقات عشاء مساهمة في نشاطات إجتماعية .,4,7,2017-09-29,1800000.0,Y
165,2017,156,1,P,فاتورة لزوم مصاريف نقل فريق PGS - الكحاله مع المشجعين لمدة ثلاثة أيام الى رمحالا.,4,6,2017-09-29,525000.0,Y
165,2017,157,1,P,بدل مساعدة جمعيات.,4,11,2017-09-29,1000000.0,Y
165,2017,158,19,P,راتب ريما بجاني وكارول بو خليل الفغالي عن شهر تشرين الأول 2017.,1,2,2017-10-31,1584000.0,Y
165,2017,159,20,P,راتب جلال بجاني وشربل ابي خليل عن شهر تشرين الأول 2017.,1,2,2017-10-31,1841000.0,Y
165,2017,160,21,P,بدل نقل لموظفين البلدية خلال شهر تشرين الأول 2017.,1,6,2017-10-31,704000.0,Y
165,2017,161,11,P,جدول كوماري عاملة التنظيفات في مبنى البلدية خلال شهر تشرين الأول 2017.,2,8,2017-10-31,158000.0,Y
165,2017,162,22,P,بدل ساعات إضافية للشرطي جلال بجاني خلال شهر تشرين الأول 2017.,1,6,2017-10-31,330000.0,N
165,2017,163,23,P,بدل ساعات اضافية للشرطي جلال بجاني خلال شهر تشرين الأول 2017.,1,6,2017-10-31,330000.0,Y
165,2017,164,24,P,بدل مساعدة مدرسية للشرطي جلال بجاني عن ابنه طوني  عن العام 2016-2017.,1,6,2017-10-31,2080000.0,Y
165,2017,165,19,E,جداول عمال وإجرة آليات لأعمال زفت وبناء حائط خلال شهر تشرين الأول 2017.,2,14,2017-11-29,18829000.0,Y
165,2017,166,5,P,صيانة مجارير خلال شهر تشرين الأول 2017.,3,4,2017-11-29,3430000.0,Y
165,2017,167,7,P,إجرة عمال فنيين لصيانة الإنارة العامة في تشرين الأول 2017.,2,16,2017-11-29,348000.0,Y
165,2017,168,18,P,جداول عمال  لجمع النفايات من أحياء البلدة وإجرة نقل النفايات الى خارج البلدة خلال شهر تشرين الأول 2017.,2,4,2017-11-29,19922000.0,Y
165,2017,169,1,E,بدل مساهمة في ترميم  دائرة النفوس ومركز أمن العام والدفاع المدني في عاليه.,4,12,2017-11-29,5598000.0,Y
165,2017,170,21,P,راتب ريما بجاني وكارول بو خليل الفغالي عن شهر تشرين الثاني 2017.,1,2,2017-12-01,1584000.0,Y
165,2017,171,22,P,راتب جلال بجاني وشربل ابي خليل عن شهر تشرين الثاني 2017,1,2,2017-12-01,1841000.0,Y
165,2017,172,25,P,بدل نقل لموظفين البلدية خلال شهر تشرين الثاني 2017.,1,6,2017-12-01,640000.0,Y
165,2017,173,26,P,بدل ساعات إضافية للشرطي جلال بجاني خلال شهر تشرين الثاني 2017.,1,6,2017-12-01,385000.0,Y
165,2017,174,12,P,جدول كوماري عاملة التنظيفات في مبنى البلدية خلال شهر تشرين الثاني 2017.,2,8,2017-12-01,180000.0,Y
165,2017,175,7,E,مصاريف عقود الإتفاق لمهرجان صيف الكحاله 2017.,5,2,2017-12-01,37500000.0,Y
165,2017,176,20,E,جداول عمال وتصنيع مصبع وثمن أغراض خلال شهر تشرين الثاني 2017.,2,14,2017-12-20,13490000.0,Y
165,2005,41,26,P,اجور عمال وآليات وثمن قساطل وترابة وبحص ورمل واكسسوارات مختلفة وغيرها,3,4,2005-06-30,12438000.0,Y
165,2017,37,7,P,بدل نقل لموظفين البلدية خلال شهر نيسان 2017.,1,6,2017-05-02,736000.0,Y
165,2017,38,8,P,بدل مكافأة مالية لموظفين البلدية لقيامهم بأعمال إضافية خلال شهر نيسان 2017.,1,6,2017-05-02,900000.0,Y
165,2017,39,4,P,جدول عاملة التنظيفات في مبنى البلدية عن شهر نيسان 2017.,2,8,2017-05-02,158000.0,Y
165,2015,96,1,P,ثمن بطاقات عشاء مساهمة في نشاطات إجتماعية.,4,7,2015-08-28,2740000.0,Y
165,2015,97,2,P,ثمن بطاقات عشاء وتبرعات مساهمة في نشاطات يعود ريعها لكنائس الكحاله وغيرها .,4,3,2015-08-29,2590000.0,Y
165,2015,98,22,E,جداول عمال وإجرة آليات وثمن زفت خلال شهر آيار 2015.,2,14,2015-08-29,18669000.0,Y
165,2015,99,23,E,جداول عمال وإجرة آليات وثمن زفت خلال شهر حزيران 2015,2,14,2015-08-29,19589000.0,Y
165,2015,100,18,P,راتب ريما بجاني عن شهر آب 2015,1,2,2015-09-02,1067000.0,Y
165,2017,76,11,P,جداول عمال لزوم أعمال جمع النفايات من أحياء البلدة في شهر حزيران 2017.,2,4,2017-06-25,2331000.0,Y
165,2016,14,4,P,راتب الشرطة عدد 2 عن شهر كانون الثاني 2016.,1,2,2016-02-15,2275000.0,Y
165,2016,15,1,P,بدل نقل للكاتب والشرطة عن شهر كانون الثاني 2016.,1,6,2016-02-15,608000.0,Y
165,2016,18,5,P,بدل راتب ريما بجاني عن شهر شباط 2016,1,2,2016-03-04,1033000.0,Y
165,2016,19,6,P,بدل راتب الشرطة عدد 2.,1,2,2016-03-04,2285000.0,Y
165,2016,20,4,P,بدل نقل للكاتب والشرطة عن شهر شباط 2016.,1,6,2016-03-04,608000.0,Y
165,2016,21,5,P,بدل مكافأة مالية للكاتب والشرطة عن شهر شباط 2016,1,6,2016-03-04,1100000.0,Y
165,2016,22,6,P,بدل مكافأة مالية لكارول بو خليل الفغالي في شهر شباط 2016,1,6,2016-03-05,100000.0,Y
165,2016,23,1,P,عقد إتفاق لصيانة برنامج المحاسبة مع شركة أفكار مؤسسية مبتكرة.,2,2,2016-03-07,2090000.0,Y
165,2016,24,7,P,بدل تعويض كارول بو خليل الفغالي من تاريخ 1/4/2013 لغاية 29/2/2016,1,6,2016-03-07,1936000.0,Y
165,2016,25,1,P,قيمة الوحدة الأولى من برنامج الدبلوم في إدارة ومالية البلديات في جامعة LAU.,5,9,2016-03-07,900000.0,Y
165,2016,26,1,P,قيمة فاتورة  محروقات من مركز بانوراما للخدما ت عن شهر كانون الثاني 2016لزوم سيارات البلدية.,2,9,2016-03-07,1140000.0,Y
165,2016,27,1,P,مصاريف إعلان في ثلاث صحف محلية وبدل أتعاب لجنة الفاحصة لمباراة وظائف أمين صندوق وجابي ومدخل معلومات,1,11,2016-03-07,1625000.0,Y
165,2016,28,1,P, بدل أتعاب المحامي سمير عبدالله عن الدعوى المقدمة  من السيد طارق ابي خليل .,5,3,2016-03-10,2250000.0,Y
165,2016,29,2,P,جدول أجور الأجراء عن شهر شباط 2016.,1,4,2016-03-19,900000.0,Y
165,2016,30,3,P,جداول عمال ومواد بناء لصيانة طرق العامة في داخل البلدة .,2,14,2016-03-19,19342000.0,Y
165,2016,36,3,P,فواتير مصروفة في أعمال رفع  ونقل النفايات من مركز التجمع في العقار 195/الكحاله الى خارج البلدة.,2,4,2016-03-19,19200000.0,Y
165,2016,37,1,P,فواتر مصروفة إجرة عمال فنيين  وونش هيدروليك وثمن بضاعة لصيانة الإنارة العامة في أحياء البلدة.,2,16,2016-03-19,3721000.0,Y
165,2016,38,7,P,بدل راتب ريما بجاني وكارول بوخليل الفغالي عن شهر آذار 2016.,1,2,2016-04-01,1989000.0,Y
165,2016,39,8,P,راتب جلال بجاني وشربل ابي خليل عن شهر آذار 2016.,1,2,2016-04-01,1285000.0,N
165,2016,40,9,P,راتب جلال بجاني وشربل ابي خليل عن شهر آذار 2016.,1,2,2016-04-01,2285000.0,Y
165,2016,41,8,P,بدل نقل لموظفين البلدية عن شهر آذار 2016.,1,6,2016-04-01,808000.0,Y
165,2016,42,9,P,بدل مكافأة مالية  لموظفين البلدية لقيامهم بأعمال إضافية خلال شهر آذار 2016.,1,6,2016-04-01,1200000.0,Y
165,2017,92,2,P,ثمن مكنات AC وUPS  وأجهزة لاسلكي لزوم مبنى البلدية.,2,1,2017-07-31,2344000.0,Y
165,2017,93,3,P,فواتير مصروفة ثمن ضيافة في مبنى البلدية من شهر كانون الثاني 2017 لغاية شهر آيار 2017,5,1,2017-07-31,2811000.0,Y
165,2017,94,3,P,فواتير ثمن محروقات لزوم سيارات البلدية عن شهر آيار وحزيران 2017.,2,9,2017-07-31,2329000.0,Y
165,2017,95,3,P,ثمن بوالص تامين لزوم عمال البلدية وبيك آب JAC وسيارة DUSTER وR12 عن العام 2017.,5,6,2017-08-19,2768000.0,Y
165,2017,96,1,P,لزوم زرع الحوض الفاصل قرب نصب الشهداء والحوض على طريق الدوار.,3,6,2017-08-19,1550000.0,Y
165,2017,97,3,P,فواتير لزوم رطاسية وثمن يافطات وANTVIRUS وKahale Website Hosting.,1,7,2017-08-19,3000000.0,Y
165,2017,98,1,P,رش مبيدات في أحياء البلدة.,2,7,2017-08-19,1900000.0,Y
165,2017,99,2,P,ثمن 8 رنجر من مؤسسة كومندو لشرطة البلدية.,1,8,2017-08-25,1672000.0,Y
165,2017,100,15,P,راتب ريما بجاني وكارول بو خليل الفغالي عن شهر آب 2017.,1,2,2017-08-31,2020000.0,Y
165,2017,102,17,P,بدل نقل لموظفين البلدية خلال شهر آب 2017.,1,6,2017-08-31,808000.0,Y
165,2017,103,18,P,جدول ساعات إضافية لموظفين البلدية خلال شهر آب 2017.,1,6,2017-08-31,900000.0,Y
165,2017,104,8,P,جدول كوماري عاملة التنظيفات في البلدية خلال شهر آب 2017.,2,8,2017-08-31,158000.0,Y
165,2017,105,1,P,ثمن 7 نقلات تيفنول لزوم طريق الدوار.,3,5,2017-08-31,3000000.0,Y
165,2017,106,1,P,إنشاء حمامات في الأملاك العامة على طريق الدوار لزوم المهرجانات والإحتفالات في البلدة.,3,8,2017-08-31,2996000.0,Y
165,2017,107,3,P,ثمن ثياب للشرطة من مؤسسة كومندو.,1,8,2017-09-07,1987000.0,Y
165,2021,65,12,P,بدل نقل لموظفين البلدية خلال شهر أيلول 2021.,1,6,2021-09-30,704000.0,Y
165,2015,103,27,P,بدل مكافأة مالية للكاتب والشرطة لقيامهم بأعمال إضافية خلال شهر آب 2015.,1,6,2015-09-02,1100000.0,Y
165,2015,104,28,P,بدل مكافأة مالية لكارول بو خليل الفغالي عن شهر آب 2015,1,6,2015-09-02,100000.0,Y
165,2015,105,29,P,بدل مساعدة مدرسية للشرطي جلال بجاني عن إبنته ماريا للعام 2015.,1,6,2015-09-02,1570000.0,Y
165,2015,106,1,P,ثمن دواء مبيد للحشرات للرش في داخل وخارج المنازل .,2,7,2015-09-02,2470000.0,Y
165,2015,107,6,P,جدول أجور الأجراء عن شهرتموز 2015.,1,4,2015-09-03,870000.0,Y
165,2015,108,24,E,جداول عمال وثمن مواد بناء وأعمال تلحيم  خلال شهر تموز 2015.,2,14,2015-09-03,19837000.0,Y
165,2015,109,25,P,جداول عمال وإجرة آليات  وثمن زفت ومواد بناء  خلال شهر تموز  2015,2,14,2015-09-03,12976000.0,Y
165,2015,110,26,E,جداول عمال وإجرة أليات وثمن مواد بناء لإنشاء حائط دعم على طريق الطاحون في شهر تموز 2015.,2,14,2015-09-03,17550000.0,Y
165,2015,111,3,E,ثمن بلاط من معامل رخام هبر لزوم تبليط نصب الشهداء في العقار رقم 211/الكحاله.,3,8,2015-09-03,19321000.0,Y
165,2015,112,4,P,ثمن بضاعة للإنارة وغيرها لزوم أعمال تكميلية لنصب الشهداء في العقار رقم 211/الكحاله.,3,8,2015-09-03,3613000.0,Y
165,2015,113,1,P,إجرة تركيب مسرح وتجهيزات لزوم تدشين النصب الشهداء في العقار رقم 211/الكحاله.,5,2,2015-09-03,6061000.0,Y
165,2015,114,6,P,فاتورة لشركة لايت أند ساوند لزوم إجرة ونش هيدروليك وعمال فنيين وبضاعة لصيانة الإنارة العامة في تموز 2015,2,16,2015-09-03,2115000.0,Y
165,2019,140,27,P,بدل 35 ساعة إضافية خلال شهر كانون الأول 2019.,1,6,2019-12-31,385000.0,Y
165,2019,141,4,P,رسم غرامات تأخير لضريبة الدخل خلال العام 2018و2019.,5,9,2019-12-31,1635000.0,Y
165,2019,142,21,P,جداول الشرطة  ومسؤول الأشغال اليوميين خلال شهر كانون الأول 2019.,2,11,2019-12-31,15520000.0,Y
165,2019,143,22,P,جداول عمال يوميين خلال شهر كانون الأول 2019.,2,11,2019-12-31,5747000.0,Y
165,2019,144,10,P,اعمال صيانة طريق زغندار وصيانة مجرور في حي الشحار وصيانة قناة مياه على كوع بو نعيم وصيانة شبكة المياه خلال شهر كانون الأول 2019.,2,14,2019-12-31,4184000.0,Y
165,2019,145,5,P,اجرة ونش هيدروليك وثمن بضاعة لصيانة الإنارة العامة.,2,16,2019-12-31,1611000.0,Y
165,2019,146,9,P,اعمال رفع النفايات من أحياء البلدة ونقلها الى مركز الجمع خلال شهر كانون الأول 2019,2,4,2019-12-31,4500000.0,Y
165,2019,147,2,P,ثمن مواد غذائية من مؤسسة رمال لزوم مساعدة عائلات من البلدة بمناسبة الأعياد.,4,2,2019-12-31,3515000.0,Y
165,2020,1,1,P,جداول عمال لزوم أشغال بالأمانة لتعزيل وانشاء حيطان حماية على مجرى شتوي في منطقة الكحاله.,2,11,2020-01-30,110585000.0,Y
165,2010,27,22,P,بدل إشتراك وثمن مخابرات هواتف البلدية ذات الأرقام  05/768985-05/769620-03950190-03131817,1,10,2010-04-08,376000.0,Y
165,2004,79,69,P,اجور عمال وثمن ترابة وقساطل واكسسوارات واحجار باطون لإنشاء وصلة مجرور في حي ريمون الزغبي,3,4,2004-09-30,904000.0,Y
165,2004,80,73,P,اجور عمال وآليات وثمن ترابة وادوات مختلفة للعمال لصيانة الطرق والمجارير والتنظيفات في مختلف احياء البلدة خلال ايلول 2004,2,14,2004-09-30,4486000.0,Y
165,2004,81,53,E,مساهمات اجتماعية بموجب دعوات للمجلس لحضور عشوات قروية وغيرها يعود ريعها لأعمال خيرية مع تقديم دروع تقديرية,4,7,2004-09-30,1580000.0,Y
165,2004,82,1,P,ثمن البسة رياضية ومصاريف مترتبة على البلدية من سباق الدراجات,4,6,2004-09-30,965000.0,Y
165,2004,83,9,P,اعطاء سلفة  للكاتب لمصاريف الإستقبالات والضيافة,5,1,2004-09-30,1000000.0,Y
165,2004,84,26,P,ثمن باطون مسلح جاهز,3,5,2004-04-01,9315000.0,Y
165,2004,85,78,P,بدل نقل للكاتب والشرطة عدد 2 عن شهر كانون الثاني 2004,1,6,2004-01-02,396000.0,Y
165,2004,86,40,P,بدل ايجار مبنى البلدية من 1-3-2004لغاية 31-5-2004,1,9,2004-02-28,2700000.0,Y
165,2004,87,87,P,بدل ايجار مبنى البلدية لثلاثة اقساط خلال العم 2004,1,9,2004-05-31,8100000.0,Y
165,2004,88,77,P,بدل رواتب الكاتب والشرطة عن شهر تشرين الأول 2004,1,2,2004-10-30,1535000.0,Y
165,2004,89,86,P,بدل اجور نقل للكاتب والشرطة خلال شهر تشرين الأول 2004,1,6,2004-10-30,396000.0,Y
165,2004,90,79,P,قيمة جدول اجور الأجراء الدائمين (وكلاء ورش وجباية وتنظيف مبنى البلدية خلال تشرين الأول 2004,1,4,2004-10-30,3097000.0,Y
165,2004,91,81,P,اجور عمال وثمن ترابة وقساطل وحديد,2,14,2004-10-30,5458000.0,Y
165,2004,92,92,P,اجور عمال وثمن ترابة وقساطل وادوات مختلفة لصيانة المجارير وتنظيفات الطرق ومجاري الأقنية الشتوية وخلافه خلال تشرين الأول 2004,2,14,2004-10-30,2340000.0,Y
165,2004,93,76,P,ثمن محروقات لسيارات البلدية عدد 3 عن شهري ايلول وتشرين الأول 2004,2,9,2004-11-30,1313000.0,Y
165,2004,94,89,P,رواتب الكاتب والشرطة لشهر تشرين الثاني 2004,1,2,2004-11-30,1535000.0,Y
165,2004,95,90,P,بدل اجور نقل للموظفين خلال شهر تشرين الثاني 2004,1,6,2004-11-30,312000.0,Y
165,2017,40,3,P,فواتير مصروفة لزوم صيانة بيك آب JAC.,2,2,2017-05-04,2923000.0,Y
165,2017,41,4,P,فواتير مصروفة لزوم صيانة سيارات البلدية.,2,2,2017-05-04,1712000.0,Y
165,2017,42,1,P,فواتير المحروقات من محطة  السيدة عن شهر كانون الثاني وشباط وآذار ونيسان  2017.,2,9,2017-05-05,2816000.0,Y
165,2017,43,2,P,ثمن محروقات لزوم سيارات البلدية خلال شهر كانون الثاني وشباط وآذار ونيسان 2017 من محطة الباتكو.,2,9,2017-05-05,1850000.0,Y
165,2017,44,4,P,جداول عمال وإجرة آليات وثمن بضاعة لصيانة الطرقات العامة خلال شهر آذار 2017.,2,14,2017-05-10,19378000.0,Y
165,2017,45,5,P,جداول عمال وإجرة آليات وثمن بضاعة لصيانة الإنارة العامة خلال  شهر نيسان 2017.,2,14,2017-05-10,19735000.0,Y
165,2017,46,6,P,جداول عمال وثمن بضاعة لتنظيف الطرقات والأقنية وصيانة قساطل المياه خلال شهر آذار ونيسان 2017.,2,14,2017-05-10,8462000.0,Y
165,2017,47,6,P,جداول عمال لزوم أعمال جمع وفرز النفايات خلال شهر آذار ونيسان 2017.,2,4,2017-05-10,5580000.0,Y
165,2017,48,7,P,فاتورة مصروفة لزوم رفع ونقل النفايات من مركز التجمع في العقار رقم 197/الكحاله الى خارج البلدة خلال شهر آذار 2017.,2,4,2017-05-10,18000000.0,Y
165,2017,49,8,P,فاتورة مصروفة لزوم أعمال رفع ونقل النفايات من مركز الجمع في العقار رقم 197/الكحاله الى خارج البلدة خلال شهر نيسان 2017.,2,4,2017-05-10,18000000.0,Y
165,2017,50,3,P,فواتير مصروفة لزوم إجرة ونش هيدروليك وعمال فنيين وثمن بضاعة لصيانة الإنارة العامة خلال شهر آذار ونيسان 2017.,2,16,2017-05-10,4237000.0,Y
165,2017,51,1,P,بدل إيجار العقار رقم 197/الكحاله  من 1/3/2017 لغاية 31/12/2017 لزوم جمع النفايات..,1,9,2017-05-10,5000000.0,Y
165,2017,52,2,E,بدل إيجار العقار رقم 197/الكحاله من 1/3/2017 لغاية 31/12/2017 لزوم جمع النفايات.,1,9,2017-05-10,11000000.0,Y
165,2017,53,2,P,ثمن 7 بوالص تامين من شركة بانكرز لموظفين البلدية وعائلاتهم.,5,6,2017-05-10,6785000.0,Y
165,2017,54,1,P,ثمن برنامج بلدتي نيوز من شركة ASMAR PRO.,1,7,2017-05-10,3750000.0,Y
165,2017,55,9,P,راتب ريما بجاني وكارول بو خليل الفغالي عن شهر آيار 2017.,1,2,2017-05-31,2020000.0,Y
165,2017,56,10,P,راتب الشرطي جلال بجاني والجابي شربل ابي خليل عن شهر آيار 2017.,1,2,2017-05-31,2285000.0,Y
165,2017,57,9,P,بدل نقل لموظفين البلدية خلال شهر آيار 2017.,1,6,2017-05-31,800000.0,Y
165,2017,58,10,P,بدل مكافآة مالية لموظفين البلدية خلال شهر آيار 2017.,1,6,2017-05-31,900000.0,Y
165,2017,59,5,P,جدول عاملة التنظيفات  في مبنى البلدية خلال شهر آيار 2017.,2,8,2017-05-31,158000.0,Y
165,2017,60,7,P,جداول عمال  وثمن مواد بناء لبناء حيطان  وتركيب مصبعات وصيانة مجارير في شهر حزيران.,2,14,2017-06-27,19656000.0,Y
165,2017,61,8,P,جداول عمال وثمن زفت وإجرة آليات  لتزفيت  من مفرق الكوع وصولا الى منزل نايف رزقالله وثمن أغراض مختلفة خلال شهر حزيران.,2,14,2017-06-27,19745000.0,Y
165,2017,62,9,P,جداول عمال عدد 2 لجمع ونقل النفايات من أحياء البلدة  خلال شهر آيار.,2,4,2017-06-27,2468000.0,Y
165,2017,63,10,P,نقل النفايات من مركز الجمع في العقار رقم 197/الكحاله الى خارج البلدة.,2,4,2017-06-27,18000000.0,Y
165,2017,64,4,P,فواتير مصروفة لزوم إجرة ونش هيدروليك وعمال فنيين وثمن بضاعة .,2,16,2017-06-27,2409000.0,Y
165,2017,65,2,P,فاتورة مصروفة لزوم إنشاء مجرور قرب منزل إميل حليم ابي خليل.,3,4,2017-06-28,2925000.0,Y
165,2016,43,3,P,جدول أجور الأجراء عن شهر آذار 2016,1,4,2016-04-01,120000.0,Y
165,2016,44,4,P,جداول عمال وثمن مواد بناء خلال شهر أذار 2016.,2,14,2016-04-11,17116000.0,Y
165,2016,46,4,P,جداول عمال وثمن بلاط وترابة وغيرها لزوم أعمال تكميلية مبنى البلدي في العقار رقم 674/الكحاله.,3,1,2016-04-11,17778000.0,Y
165,2016,48,5,P,فواتير مصروفة لزوم إزالة النفايات من الشوارع ومن العقار رقم 195 /الكحاله ونقلها الى خارج البلدة.,2,4,2016-04-11,14250000.0,Y
165,2016,49,1,P,ثمن 7 بوالص تأمين من شركة بانكرز لموظفين البلدية وعائلاتهم.,5,6,2016-04-11,6460000.0,Y
165,2016,50,2,P,فواتير مصروفة ثمن محروقات لزوم سيارات البلدية خلال شهر شباط وآذار 2016.,2,9,2016-04-23,2258000.0,Y
165,2016,51,2,P,فواتير مصروفة لزوم صيانة سيارات البلدية .,2,2,2016-04-23,1572000.0,Y
165,2016,52,1,P,ثمن بطاقات عشاء  وتومبولا من هيئة الكحاله في التيار الوطني الحر للمشاركة في عشائها السنوي.,4,7,2016-04-25,2250000.0,Y
165,2016,53,2,P,ثمن بطاقات مسرحية للأب فادي تابت ومساهمة في نشاطات عيد الأم مع حركة لبنان الشباب.,4,7,2016-04-25,1300000.0,Y
165,2016,54,1,P,تبرع لكاريتاس  وTELE LUMIERE .,4,11,2016-04-25,550000.0,Y
165,2016,55,2,P,بدل إيجار مبنى البلدية في العقار رقم 436/ من منطقة الكحاله العقارية  عن شهر نيسان وآيار 2016,1,9,2016-04-25,1200000.0,Y
165,2016,187,5,P,فواتير مصروفة لزوم صيانة سيارات البلدية وآلة التصوير وسنترال البلدية.,2,2,2016-12-21,2901000.0,Y
165,2018,161,2,P,بدل اشتراك مولد كهرباء عن شهر تشرين الأول وتشرين الثاني وكانون الأول 2018 لزوم مبنى البلدية.,2,12,2018-12-19,675000.0,Y
165,2016,162,23,P,راتب ريما بجاني وكارول بو خليل الفغالي عن شهر تشرين الأول 2016.,1,2,2016-10-31,1989000.0,Y
165,2016,16,2,P,بدل مكافأة مالية للكاتب والشرطة لقيامهم بأعمال إضافية خلال شهر كانون الثاني 2016,1,6,2016-02-15,1100000.0,Y
165,2016,17,3,P,بدل مكافأة مالية لكارول بو خليل الفغالي عن شهر كانون الثاني 2016.,1,6,2016-02-15,100000.0,Y
165,2016,31,2,P,جداول عمال وثمن مواد بناء لتكملة مبنى البلدية في العقار رقم 674/الكحاله.,3,1,2016-03-19,18819000.0,Y
165,2016,32,2,P,جدول عمال  لبناء حيطان وبئر من حجر الطبيعي في الطاحون.,3,8,2016-03-19,2490000.0,Y
165,2016,33,1,P,جاول عمال عدد3 أعمال تبليط الساحة الوسطى في الطاحون.,3,6,2016-03-19,4230000.0,Y
165,2016,34,2,P,فواتير مصروفة لنقل النفايات من أحياء البلدة الى مركز التجمع في العقار رقم 195/الكحاله.,2,4,2016-03-19,12785000.0,Y
165,2016,35,1,P,مساعدة السيد جرجس وديع الزغبي.,4,2,2016-03-19,300000.0,Y
165,2016,45,3,P,جداول عمال وثمن آرمة و ثمن بضاعة لصناعة أبواب الخشب لزوم أعمال تكميلية في مبنى البلدي في العقار رقم 674/الكحاله.,3,1,2016-04-11,18899000.0,Y
165,2016,47,4,P,فواتير مصروفة لزوم نقل النفايلت من أحياء البلدة الى مركز التجمع في العقار رقم 195/الكحاله ثم الى الى خارج البلدة.,2,4,2016-04-11,17280000.0,Y
165,2016,163,24,P,راتب جلال بجاني وشربل ابي خليل عن شهر تشرين الأول 2016.,1,2,2016-10-31,2285000.0,Y
165,2016,164,26,P,بدل نقل لموظفين البلدية عن شهر تشرين الأول 2016.,1,6,2016-10-31,832000.0,Y
165,2016,165,27,P,بدل مكافأة مالية لموظفين البلدية لقيامهم بأعمال إضافية خلال شهر تشرين الأول 2016.,1,6,2016-10-31,900000.0,Y
165,2012,139,3,P,قيمة فواتير مخابرات الهاتف العادي رقم 05/768985 و05/769620 والخليوي رقم 03/950190 و 03131817,1,10,2012-12-28,1186000.0,Y
165,2012,140,18,P,جدول عناصر الشرطة من 1/12/2012 لغاية 15/12/2012,2,14,2012-12-28,1435000.0,Y
165,2012,141,14,P,بدل راتب الكاتب عن شهر كانون الأول 2012,1,2,2012-12-31,1013000.0,Y
165,2012,142,15,P,بدل رواتب الشرطة عدد2 عن شهر كانون الأول 2012,1,2,2012-12-31,2167000.0,Y
165,2012,143,28,P,بدل نقل للكاتب والشرطة خلال شهر كانون الأول 2012,1,6,2012-12-31,616000.0,Y
165,2012,144,29,P,بدل مكافأة مالية للكاتب لقيامها بأعمال إضافية خلال شهر كانون الأول 2012,1,6,2012-12-31,300000.0,Y
165,2012,145,11,P,بدل جدول أجور الأجراء عن شهر كانون الأول 2012,1,4,2012-12-31,2750000.0,Y
165,2012,146,19,P,بدل جدول عناصر الشرطة من 16/12/2012 لغاية 31/12/2012,2,14,2012-12-31,1722000.0,Y
165,2012,147,20,P,جدول عمال من 16/12/2012 لغاية 31/12/2012,2,14,2012-12-31,1450000.0,Y
165,2012,148,21,P,ثمن حجارة مع إجرة نقل.,2,14,2012-12-31,255000.0,Y
165,2013,1,1,P,راتب الكاتب والشرطة عن شهر كانون الثاني 2013,1,2,2013-02-07,2997000.0,Y
165,2013,2,1,P,بدل نقل للكاتب والشرطة خلال شهر كانون الثاني 2013,1,6,2013-02-07,600000.0,Y
165,2013,3,1,P,جدول عمال من 1/1/2013  لغاية 15/1/2013,2,14,2013-02-07,3843000.0,Y
165,2013,4,2,P,جدول عمال من 16/1/2013 لغاية 31/1/2013,2,14,2013-02-20,1316000.0,Y
165,2013,5,3,P,جدول عمال من 1/2/2013 لغاية 15/2/2013,2,14,2013-02-20,838000.0,Y
165,2013,6,1,P,قيمة فاتورة الكهرباء عن شهر أيار وحزيران 2012,2,12,2013-02-20,21000.0,Y
165,2013,7,1,P,قيمة فواتير الهاتف العادي رقم 05/768985 و 05/769620 عن شهر كانون الأول 2012,1,10,2013-02-26,84000.0,Y
165,2013,8,1,P,ثمن ختم بإسم قائمقام قضاء عاليه القائم بأعمال بلدية الكحاله منصور ضو.,1,7,2013-02-26,33000.0,Y
165,2013,9,2,P,راتب الكاتب عن شهر شباط 2013,1,2,2013-05-02,1013000.0,Y
165,2013,10,3,P,رواتب الشرطة عن شهر شباط 2013,1,2,2013-05-02,2167000.0,Y
165,2013,11,2,P,بدل نقل للكاتب والشرطة عن شهر شباط 2013,1,6,2013-05-02,552000.0,Y
165,2013,12,4,P,راتب الكاتب عن شهر آذار 2013,1,2,2013-05-02,1040000.0,Y
165,2013,13,5,P,راتب الشرطة عن شهر آذار 2013,1,2,2013-05-02,2167000.0,Y
165,2013,14,3,P,بدل نقل للكاتب والشرطة عن شهر آذار 2013,1,6,2013-05-02,608000.0,N
165,2013,15,4,P,بدل نقل للكاتب والشرطة عن شهر آذار 2013,1,6,2013-05-02,608000.0,Y
165,2013,16,6,P,راتب الكاتب عن شهر نيسان 2013,1,2,2013-05-02,1040000.0,Y
165,2013,17,1,P,راتب الشرطة عدد2 عن شهر نيسان 2013,1,4,2013-05-02,2167000.0,Y
165,2013,18,5,P,بدل نقل للكاتب والشرطة عن شهر نيسان 2013,1,6,2013-05-02,616000.0,Y
165,2013,19,6,P,بدل مكافأة مالية للكاتب لقيامها بأعمال إضافية خلال شهر نيسان 2013,1,6,2013-04-30,300000.0,Y
165,2016,56,1,P,فواتير مصروفة لزوم مخابرات الهاتف العادي 768985 /05 و769620 /05والخليوي 03/950190 من شهر كانون الأول 2015 لغاية شهر آذار 2016,1,10,2016-04-25,1425000.0,Y
165,2019,79,4,P,فواتير ثمن محروقات خلال شهر تموز وآب 2019 لزوم سيارات البلدية.,2,9,2019-09-23,2681000.0,N
165,2004,96,91,P,جدول اجور الأجراء (وكلاء ورش وجباية وتنظيف مبنى البلدية) خلال شهر تشرين الثاني 2004,1,4,2004-11-30,3061000.0,Y
165,2004,97,93,E,اجور عمال وآليات وثمن بحص ورمل وترابة وحديد لإنشاء عبارة للنهر,2,14,2004-11-30,4798000.0,Y
165,2004,98,98,E,اجور عمال وآليات وثمن ترابة وادوات مختلفة,2,14,2004-11-30,4445000.0,Y
165,2004,99,1,P,مساعدة الى كريم يوسف عبده بجاني لسبب وجود معوق في العائلة,4,2,2004-11-30,3000000.0,Y
165,2004,100,74,E,ثمن قطع زينة لعيد الميلاد وراس السنة واجرة عمال,5,2,2004-12-30,4704000.0,Y
165,2004,101,75,P,قيمة مخابرات عادية وخليوية القسط 3/2004 وعن ت1وت2وك2004/1,1,10,2004-12-09,1317000.0,Y
165,2004,102,37,P,ثمن ادوات قرطاسية واعلام واشتراك في مجلة الأمن ومطبوعات ايصالات قبض ويافطات وغيرها ...,1,7,2004-12-30,1475000.0,Y
165,2004,103,63,E,ثمن قطع مع اجرة تصليح وتركيب لسيارات البلدية والأجهزة في مكتب البلدية وعلى الورش,2,2,2004-12-30,1317000.0,Y
165,2004,104,30,P,ثمن قطع كهربائية واجرة ونش هيدروليك وفنيين,2,16,2004-12-30,2300000.0,Y
165,2004,105,20,P,ثمن ثلاثة بوالص تأمين لسيارات البلدية وبوليصة  استشفاء لإبن الشرطي جلال بجاني,5,6,2004-12-30,747000.0,Y
165,2004,106,94,P,ثمن محروقات,2,9,2004-12-30,1465000.0,Y
165,2004,107,95,P,رواتب الموظفين عن شهر كانون الأول 2004,1,2,2004-12-30,1535000.0,Y
165,2004,108,96,P,بدل اجور نقل للموظفين عن كانون الأول 2004,1,6,2004-12-30,378000.0,Y
165,2004,109,97,P,اجور الأجراء الدائمين (وكلاء ورش وصيانة وتنظيف مبنى البلدية) عن ك2/2004,1,4,2004-12-30,3061000.0,Y
165,2004,110,1,P,مساعدات صحية طارئة اثر حوادث عمل وغيرها وغيرها ...,4,1,2004-12-30,2026000.0,Y
165,2004,111,109,P,مكافآت ومعايدات,1,6,2004-12-30,1800000.0,Y
165,2004,112,85,P,اجور عمال وثمن ترابة وبحص ورمل وحديد واجرة آليات لزوم انشاء حيطان دعم تحت دار الإستراحة,3,5,2004-12-30,11211000.0,Y
165,2004,113,99,E,اجور عمال وثمن ترابة وبحص ورمل وحديد وغيرها لزوم حيطان دعم على كوع الهبر,2,14,2004-12-30,2416000.0,Y
165,2005,40,30,P,قيمة جدول اجور الأجراء خلال شهر حزيران 2005,1,4,2005-06-30,3055000.0,Y
165,2011,75,2,P,ثمن بطاقات عشاء وتومبولا وتبرعات مساهمة في نشاطات رعايا البلدة.,4,3,2011-09-29,2200000.0,Y
165,2011,76,1,P,مساعدة مخفر سرية عاليه ومساعدة بدل درع تكريماً لكاهن رعية مار الياس .,4,11,2011-09-29,1050000.0,Y
165,2019,43,11,P,بدل نقل موظفين البلدية خلال شهر حزيران 2019.,1,6,2019-07-01,544000.0,Y
165,2019,44,12,P,بدل 35 ساعة إضافية للشرطي جلال بجاني خلال شهر حزيران 2019.,1,6,2019-07-01,385000.0,Y
165,2019,45,3,P,جدول كوماري عاملة التنظيفات خلال شهر آيار وحزيران 2019.,2,8,2019-07-01,338000.0,Y
165,2019,46,1,P,فواتير المساح رفيق بو روفيل لزوم أعمال مسح طريق دون بوسكو-الدليفراند، طريق الطاحون.,3,9,2019-07-26,2500000.0,Y
165,2019,47,1,P,فواتير ثمن محروقات لزوم سيارات البلدية خلال شهر كانون الثاني وشباط 2019.,2,9,2019-07-26,2700000.0,Y
165,2019,48,1,P,فواتير ثمن قرطاسية وحبر printer وثمن درع عدد2 .,1,7,2019-07-26,2704000.0,Y
165,2019,49,2,P,فواتير لزوم صيانة سيارات البلدية.,2,2,2019-07-26,219000.0,N
165,2019,50,3,P,فواتير لزوم صيانة السيارات البلدية.,2,2,2019-07-26,2190000.0,Y
165,2017,66,11,P,راتب ريما بجاني وكارول بو خليل الفغالي عن شهر حزيران 2017.,1,2,2017-07-01,2020000.0,Y
165,2017,67,12,P,راتب الشرطي جلال بجاني والجابي شربل ابي خليل عن شهر حزيران 2017.,1,2,2017-07-01,2285000.0,Y
165,2017,68,11,P,بدل نقل لموظفين البلدية خلال شهر حزيران 2017.,1,6,2017-07-01,784000.0,Y
165,2005,2,1,P,بدل رواتب الموظفين عن شهر كانون الثاني 2005,1,2,2005-01-31,1710000.0,Y
165,2005,3,1,P,بدل اجور نقل للموظفين خلال شهر كانون الثاني 2005,1,6,2005-01-31,372000.0,Y
165,2005,4,1,P,قيمة جدول اجور الأجراء الدائمين عن شهر كانون الثاني 2005,1,4,2005-01-31,3007000.0,Y
165,2013,132,5,P,قيمة بوليصة تأمين لسيارة RENAUT DUSTER رقم 107552/م.,5,6,2013-12-27,900000.0,Y
165,2013,133,2,P,تصليح واجهة الألمنيوم  لمبنى الشؤون التابع لبلدية الكحاله في العقار رقم  674/الكحاله,2,5,2013-12-27,875000.0,Y
165,2013,134,5,P,فواتير مصروفة لزوم صيانة سيارات البلدية والأجهزة.,2,2,2013-12-27,2011000.0,Y
165,2013,135,4,P,فواتير مصروفة لزوم قرطاسية.,1,7,2013-12-27,1059000.0,Y
165,2013,136,3,P,ثمن بطاقات وتبرعات للمساهمة في نشاطات إجتماعية.,4,7,2013-12-27,2400000.0,Y
165,2013,137,3,P,ثمن  Arrangements  هدايا بمناسبة عيد الميلاد.,5,1,2013-12-23,2900000.0,Y
165,2013,138,3,P,فاتورة كهرباء عن شهر آيار وحزيران /2013,2,12,2013-12-27,42000.0,Y
165,2013,139,3,P,ثمن دفاية كهرباء.,2,1,2013-12-27,47000.0,Y
165,2013,140,3,P,إيصال بدل أكاليل عن المرحومة سلوى جورج غرة في رعية سيدة النجاة - عاريا.,5,9,2013-12-27,50000.0,Y
165,2013,141,21,P,راتب الكاتب ريما بجاني عن شهر كانون الأول 2013.,1,2,2013-12-28,1040000.0,Y
165,2013,142,22,P,راتب الشرطة عدد 2 عن شهر كانون الأول 2013,1,2,2013-12-28,2167000.0,Y
165,2013,143,32,P,بدل نقل للكاتب والشرطة خلال شهر كانون الأول 2013.,1,6,2013-12-28,616000.0,Y
165,2013,144,33,P,بدل مكافأة مالية للكاتب والشرطة لقيامهم بأعمال إضافية خلال شهر كانون الأول 2013.,1,6,2013-12-28,1100000.0,Y
165,2013,145,34,P,بدل مكافأة مالية لكارول الفغالي خلال شهر كانون الأول 2013.,1,6,2013-12-28,100000.0,Y
165,2013,146,3,P,بدل إشتراك الهاتف العادي رقم 05/768985 و05/769620 والهاتف الخليوي رقم 03/950190عن شهر آيلول وتشرين الأول وتشرين الثاني 2013 وSMS>,1,10,2013-12-30,1157000.0,Y
165,2013,147,4,P,إيصال بدل أكاليل عن المرحوم فريد البرمكي  في وقف مار جرجس - حمانا.,5,9,2013-12-30,50000.0,Y
165,2013,148,8,P,ثمن محروقات لزوم سيارات البلدية خلال شهر كانون الأول 2013.,2,9,2013-12-30,15120000.0,N
165,2013,149,9,P,ثمن محروقات لزوم سيارات البلدية خلال شهر كانون الأول 2013,2,9,2013-12-30,1512000.0,Y
165,2013,150,4,P,مصاريف ضيافة من بن ومياه ومشروبات وبوتي فور وغيرها.,5,1,2013-12-30,556000.0,Y
165,2013,151,8,P,جدول أجور الأجراء عن شهر كانون الأول2013 .,1,4,2013-12-31,892000.0,Y
165,2013,152,20,P,جداول عمال وثمن مواد بناء لصيانة الطرق العامة.,2,14,2013-12-31,17069000.0,Y
165,2013,153,5,P,إجرة ونش هيدروليك وعمال فنيين وثمن بضاعة لصيانة الإنارة العامة.,2,16,2013-12-31,2894000.0,Y
165,2013,154,4,E,إجرة صيانة الزينة القديمة بمناسبة عيد الميلاد ورأس السنة.,5,2,2013-12-31,2850000.0,Y
165,2016,166,9,P,جدول عاملة التنظيفات في مبنى البلدية عن شهر تشرين الأول 2016.,1,4,2016-10-31,173000.0,Y
165,2016,167,13,P,جداول عمال وإجرة آليات وثمن بضاعة لصيانة الإنارة العامة.,2,14,2016-11-18,19099000.0,Y
165,2016,168,14,P,فواتير مصروفة لزوم تزفيت في أحياء البلدة.,2,14,2016-11-18,5700000.0,Y
165,2016,169,19,E,فواتير مصروفة لزوم أعمال جمع ونقل النفايات من أحياء البلدة الى مركز الفرز في العقار رقم 197/الكحاله.,2,4,2016-11-18,19038000.0,Y
165,2016,170,20,E,فاتورة لزوم نقل النفايات من مركز التجمع في العقار رقم 197/الكحاله الى خارج البلدة.,2,4,2016-11-18,19440000.0,Y
165,2016,171,6,P,فاتورة لزوم إجرة ونش هيدروليك وعمال فنيين وثمن بضاعة لصيانة الإنارة العامة.,2,16,2016-11-18,894000.0,Y
165,2016,172,7,P,ثمن محروقات لزوم سيارات البلدية خلال شهر تشرين الثاني 2016.,2,9,2016-11-25,1220000.0,Y
165,2016,173,25,E,رواتب ريما بجاني وكارول بو خليل عن شهر تشرين الثاني 2016.,1,2,2016-12-01,2020000.0,Y
165,2016,174,26,E,رواتب الجابي والشرطة عن شهر تشرين الثاني 2016.,1,2,2016-12-01,2285000.0,Y
165,2016,175,28,P,بدل نقل لموظفين البلدية عن شهر تشرين الثاني 2016,1,6,2016-12-01,808000.0,Y
165,2016,176,29,P,بدل مكافأة مالية لموظفين البلدية لقيامهم بأعمال إضافية خلال شهر تشرين الثاني 2016.,1,6,2016-12-01,900000.0,Y
165,2016,177,10,P,جدول عاملة التنظيفات خلال شهر تشرين الثاني 2016.,1,4,2016-12-01,150000.0,Y
165,2016,178,4,P,فاتورة لزوم إيجار أجهزة صوت بمناسبة الإحتفال بإنتخاب رئيس للجمهورية.,5,2,2016-12-01,1275000.0,Y
165,2016,179,6,E,فواتير مصروفة لزوم  تصميم بوستر على لفايسبوك مع الإعلان لمهرجان صيف 2016 وثمن يافطات  ومطبوعات وقرطاسية.,1,7,2016-12-01,2977000.0,Y
165,2016,180,5,E,فاتورة ثمن مأكولات لزوم الغذاء الذي أقيم على كوع الكحاله يوم إنتخاب رئيس للجمهورية.,5,2,2016-12-05,2996000.0,Y
165,2016,181,15,P,جداول عمال وإجرة اليات وثمن بضاعة لبناء حيطان وأعمال تزفيت في شهر تشرين الثاني 2016.,2,14,2016-12-17,13729000.0,Y
165,2016,182,16,P,جداول عمال وثمن مواد بناء لبناء حائط دبش خلال شهر تشرين الثاني 2016.,2,14,2016-12-17,7905000.0,Y
165,2016,183,3,P,جداول عمال وثمن بضاعة خلال شهر تشرين الثاني 2016.,3,4,2016-12-17,5405000.0,Y
165,2016,184,21,E,فواتير وجداول عمال مصروفة لزوم  أعمال جمع ونقل النفايات من أحياء البلدة الى مركز الفرز في العقار رقم 197/الكحاله.,2,4,2016-12-17,9505000.0,Y
165,2016,185,7,P,إجرة ونش هيدروليك وعمال فنيين وثمن بضاعة لصيانة الإنارة العامة في تشرين الثاني 2016.,2,16,2016-12-17,1668000.0,Y
165,2016,186,3,P,ثمن بواليص تأمين لزوم سيارة R12 ورابيد وDUSTER  وعامل بنغلادش.,5,6,2016-12-17,2361000.0,Y
165,2018,92,2,P,جداول عمال وثمن أغراض لزوم أعمال تجهيز وصيانة وتنظيف ساحة المهرجان ولزوم جهاز الأمن والحماية خلال المهرجانفي شهر حزيران 2018.,5,2,2018-08-31,10806000.0,Y
165,2018,93,15,P,بدل المفعول الرجعي لفرقات سلسلة الرواتب من تاريخ 21/8/2017 لغاية 30/6/2018 .,1,2,2018-08-31,35167000.0,Y
165,2018,94,1,P,ثمن بطاقات دعوة وإيصالات بدل مساهمة في نشاطات إجتماعية.,4,7,2018-08-31,2850000.0,Y
165,2018,95,1,P,تبرعات للأوقاف الخيرية.,4,3,2018-08-31,2050000.0,Y
165,2018,96,16,P,رواتب الموظفين خلال شهر آب 2018.,1,2,2018-08-31,6949000.0,Y
165,2016,158,17,E,جداول عمال وإجرة شاحنة لنقل النفايات من أحياء البلدة الى مركز التجمع في العقار رقم 195/الكحاله ثم نقلها الى خارج البلدة.,2,4,2016-09-30,14373000.0,Y
165,2016,159,18,E,إجرة نقل النفايات المفرزة الى خارج البلدة.,2,4,2016-09-30,12000000.0,Y
165,2016,160,8,E,تركيب مطبخ في الطابق الأول من مبنى البلدية.(طابق مكتب رئيس البلدية).,3,1,2016-09-30,1070000.0,Y
165,2016,161,3,E,فواتير مصروفة لزوم مهرجان صيف الكحاله 2016 بتاريخ 9و10و11 آيلول 2016,5,2,2016-09-30,11511000.0,Y
165,2014,130,9,P,جدول أجور الأجراء عن شهر تشرين الأول 2014.,1,4,2014-11-24,870000.0,Y
165,2014,131,21,P,جداول عمال ،إجرة آليات وثمن مواد بناء لصيانة الطرق العامة في شهر تشرين الأول 2014,2,14,2014-11-24,14053000.0,Y
165,2014,132,22,P,جداول عمال  وثمن مواد بناء لصيانة الطرق العامة في شهر تشرين الأول 2014,2,14,2014-11-24,13100000.0,Y
165,2014,133,23,P,جداول عمال وثمن مواد بناء لبناء حائط دعم على طريق رجوم.,2,14,2014-11-24,16115000.0,Y
165,2014,134,1,P,أعمال تكميلية لإنشاء نصب الشهداء على العقار رقم 211/الكحاله.,3,8,2014-11-24,5999000.0,Y
165,2014,135,7,P,فاتورة للسيد جو بجاني لزوم  صيانة شبكة الإنارة العامة.,2,16,2014-11-24,350000.0,Y
165,2014,136,1,E,صيانة البئر الإرتوازي  قرب بناية وليم مرعب .,2,15,2014-11-24,15450000.0,N
165,2014,137,2,E,صيانة البئر الإرتوازي بقرب بناية وليم مرعب.,2,15,2014-11-24,15450000.0,Y
165,2014,138,3,E,أعمال تجهيز بئر الإرتوازي قرب بناية وليم مرعب.,2,15,2014-04-24,17003000.0,Y
165,2014,139,22,P,راتب الكاتب ريما بجاني عن شهر تشرين الثاني 2014.,1,2,2014-12-01,1040000.0,Y
165,2014,140,23,P,راتب الشرطة عدد2 عن شهر تشرين الثاني 2014.,1,2,2014-12-01,2221000.0,Y
165,2014,141,32,P,بدل نقل للكاتب والشرطة عدد2 عن شهر تشرين الثاني 2014,1,6,2014-12-01,608000.0,Y
165,2014,142,33,P,بدل مكافأة مالية للكاتب والشرطة عدد2 لقيامهم بأعمال إضافية خلال شهر تشرين الثاني 2014.,1,6,2014-12-01,1100000.0,Y
165,2014,143,34,P,مكافأة مالية لكارول بو خليل الفغالي عن شهر تشرين الثاني 2014.,1,6,2014-12-01,100000.0,Y
165,2014,144,10,P,ثمن محروقات لزوم سيارات  البلدية خلال شهر تشرين الثاني 2014,2,9,2014-12-08,1665000.0,Y
165,2014,145,3,P,مؤسسة كومندو ، ثمن رنجر لشرطي البلدية،,1,8,2014-12-08,132000.0,Y
165,2014,146,2,P,ثمن كراسي مكتب عدد10,2,3,2014-12-19,450000.0,Y
165,2014,147,2,P,رسوم إقامة العامل البنغلادش  ديبوك  جدب في الأمن العام.,5,9,2014-12-20,800000.0,Y
165,2014,148,4,P,ثمن بوليصة تأمين مع الإلزامي لسيارة RENAULT DUSTER  رقم 107552/م من شركة ناصيف للتأمين.,5,6,2014-12-20,944000.0,Y
165,2014,149,10,P,جدول أجور الأجراء عن شهر تشرين الثاني 2014,1,4,2014-12-22,900000.0,Y
165,2014,150,24,E,جداول عمال وثمن حديد ومواد بناء خلال شهر تشرين الثاني 2014,2,14,2014-12-23,19041000.0,Y
165,2014,151,25,E,جداول عمال وثمن باطون جاهز ومواد بناء  خلال شهر تشرين الثاني 2014,2,14,2014-12-23,19130000.0,Y
165,2014,152,8,P,إجرة عمال فنيين وثمن بضاعة لصيانة الإنارة العامة خلال شهر تشرين الثاني 2014.,2,16,2014-12-23,1639000.0,Y
165,2014,153,35,P,بدل معايدة للكاتب والشرطة عدد2 بمناسبة عيد الميلاد ورأس السنة.,1,6,2014-12-23,1500000.0,Y
165,2019,51,4,P,عقد صيانة لبرنامج المحاسبة مع شركة أفكار مؤسسية مبتكرة ش.م.ل.,2,2,2019-07-26,2220000.0,Y
165,2019,52,10,P,جداول الشرطة اليوميين ومسؤول الأشغال خلال شهر حزيران 2019.,2,11,2019-07-26,14820000.0,Y
165,2019,53,11,P,جداول العمال اليوميين خلال شهر حزيران 2019.,2,11,2019-07-26,7169000.0,Y
165,2019,54,5,P,فواتير لزوم أعمال صيانة مجارير وتزفيت طريق الخزانات وصيانة شبكة المياه في شهر حزيران 2019.,2,14,2019-07-26,3504000.0,Y
165,2019,55,2,P,إجرة ونش هيدروليك وثمن أغراض كهربائية لزوم صيانة الإنارة العامة.,2,16,2019-07-26,3171000.0,Y
165,2019,56,5,P,فاتورة لزوم أعمال رفع النفايات من أحياء البلدة ونقلها الى مركز الجمع خلال شهر حزيران 2019.,2,4,2019-07-26,5500000.0,Y
165,2019,57,1,P,فاتورة ثمن مواد بناء مساهمة في الإنشاءات في مركز الجيش اللبناني في الكحاله.,4,12,2019-07-26,1872000.0,Y
165,2019,58,2,P,فواتير لزوم إشتراك في الجريدة الرسمية الإلكترونية وHosting kahale website.,1,7,2019-07-29,1090000.0,Y
165,2019,59,5,P,تصليح سيارة duster رقم 107456/م .,2,2,2019-07-29,2539000.0,Y
165,2019,60,2,P,بدل أعمال مسح الطريق الممتد من مفرق بسوس الى حي مار الياس.,3,9,2019-07-29,2500000.0,Y
165,2019,61,2,P,فواتير ثمن محروقات لزوم سيارات البلدية خلال شهر آذار ونيسان 2019,2,9,2019-07-29,2912000.0,Y
165,2019,62,8,P,رواتب موظفين البلدية خلال شهر تموز 2019.,1,2,2019-07-31,7709000.0,Y
165,2019,63,13,P,بدل نقل لموظفين البلدية خلال شهر تموز 2019.,1,6,2019-07-31,728000.0,Y
165,2019,64,14,P,بدل ساعات إضافية للشرطي جلال بجاني خلال شهر تموز 2019.,1,6,2019-07-31,385000.0,Y
165,2019,65,1,P,فواتير الهاتف العادي والخليوي من شهر كانون الأول 2018 لغاية شهر حزيران 2019.,1,10,2019-08-05,2372000.0,Y
165,2019,66,12,P,جداول الشرطة  ومسؤول الأشغال اليوميين خلال شهر تموز 2019.,2,11,2019-08-28,15925000.0,Y
165,2019,67,13,P,جداول العمال اليوميين خلال شهر تموز 2019 .,2,11,2019-08-28,8958000.0,Y
165,2019,68,6,P,فواتير صيانة الطرق العامة والمجارير خلال شهر تموز 2019.,2,14,2019-08-28,2163000.0,Y
165,2019,69,6,P,فاتور أعمال رفع النفايات من أحياء البلدة ونقلها الى مركز الجمع خلال شهر تموز 2019.,2,4,2019-08-28,5500000.0,Y
165,2019,70,1,P,ثمن كوكتيل لزوم ضيافة يوم استقبال معالي وزير الخارجية والمغتربين المهندس جبران باسيل في 30/6/2019.,5,1,2019-08-28,3400000.0,Y
165,2019,71,9,P,رواتب  الموظفين خلال شهر آب 2019.,1,2,2019-08-30,7709000.0,Y
165,2019,72,15,P,بدل نقل لموظفين البلدية خلال شهر آب 2019,1,6,2019-08-30,576000.0,Y
165,2019,73,16,P,بدل ساعات إضافية للشرطي جلال بجاني خلال شهر آب 2019,1,6,2019-08-30,385000.0,Y
165,2019,74,1,P,فواتير لزوم رش المبيدات في انحاء البلدة.,2,7,2019-09-17,1350000.0,Y
165,2019,75,1,P,بدل اشتراك مولد كهرباء لمبنى البلدية من شهر كانون الثاني لغاية ايلول 2019.,2,12,2019-09-17,2025000.0,Y
165,2019,76,2,P,فواتير الهاتف العادي والخليوي لمبنى البلدية خلال شهر تموز وآب 2019.,1,10,2019-09-19,807000.0,Y
165,2019,77,3,P,فواتير المحروقات خلال شهر آيار وحزيران 2019 لزوم سيارات البلدية.,2,9,2019-09-19,2831000.0,Y
165,2014,1,1,P,راتب الكاتب ريما بجاني عن شهر كانون الثاني 2014,1,2,2014-02-03,1040000.0,Y
165,2014,2,2,P,بدل راتب الشرطة عدد 2 عن شهر كانون الثاني 2014,1,2,2014-02-04,2221000.0,Y
165,2014,3,1,P,بدل نقل للكاتب والشرطة  عدد2 عن شهر كانون الثاني 2014,1,6,2014-02-04,616000.0,Y
165,2014,4,2,P,بدل مكافأة مالية للكاتب والشرطة عدد2 لقيامهما بأعمال إضافية خلال شهر كانون الثاني 2014.,1,6,2014-02-04,1100000.0,Y
165,2014,5,3,P,بدل مكافأة مالية لكارول الفغالي خلال شهر كانون الثاني 2014,1,6,2014-02-04,100000.0,Y
165,2014,6,3,P,راتب الكاتب ريما بجاني عن شهر شباط 2014,1,2,2014-03-04,1040000.0,Y
165,2014,7,4,P,راتب الشرطة عدد2 عن شهر شباط 2014,1,2,2014-03-04,2221000.0,Y
165,2014,8,4,P,بدل نقل للكاتب والشرطة عن شهر شباط 2014,1,6,2014-03-04,608000.0,Y
165,2014,9,5,P,بدل مكافأة مالية للكاتب والشرطة عدد2 لقيامهم بأعمال إضافية .,1,6,2014-03-04,1100000.0,Y
165,2014,10,6,P,بدل مكافأة مالية  خلال شهر شباط 2014,1,6,2014-03-04,100000.0,Y
165,2014,11,1,P,جدول أجور الأجراء عن شهر كانون الثاني وشباط 2014,1,4,2014-03-19,1784000.0,Y
165,2014,12,1,P,جداول عمال  وثمن  مواد بناء عن شهر كانون الثاني 2014,2,14,2014-03-19,19300000.0,Y
165,2014,13,2,P,جداول عمال وثمن مواد بناء خلال شهر شباط 2014,2,14,2014-03-19,16800000.0,Y
165,2014,14,3,P,ثمن آرمات لتركيبها على مداخل البلدة من شركة AGEV.,2,14,2014-03-20,,N
165,2009,99,77,P,بدل إستهلاك كهرباء ومولد كهرباء,2,12,2009-12-31,437000.0,Y
165,2009,100,85,P,بدل نقل للكاتب والشرطة عن شهر كانون الأول,1,6,2009-12-31,656000.0,Y
165,2009,101,101,P,مكافأة مالية لقاء قيامها بأعمال إضافية خارج الدوام الرسمي,1,6,2009-12-31,300000.0,Y
165,2009,102,91,P,بدل أتعاب محاسبة ومكننة عن شهر كانون الأول /2009,1,4,2009-12-31,750000.0,Y
165,2009,103,10,P,ثمن محروقات لزوم سيارات البلدية,2,9,2010-01-05,878000.0,N
165,2009,104,56,P,مساهمة في حفلة عيد الميلاد,4,7,2010-01-05,500000.0,N
165,2009,105,105,P,مساهمة في حفلة عيد الميلاد,4,7,2009-12-31,500000.0,Y
165,2009,106,104,P,ثمن محروقات لزوم سيارات البلدية,2,9,2009-12-31,878000.0,Y
165,2009,107,100,P,بدل إستهلاك مولد كهرباء,2,12,2009-12-31,200000.0,Y
165,2009,108,103,P,بدل إجرة أجور الأجراء الدائمين,1,4,2009-12-31,2753000.0,Y
165,2009,109,1,P,قيمة جداول العمال اليوميين,2,11,2009-12-31,4110000.0,Y
165,2009,110,94,P,إجرة ونش هيدروليك وفنيين وثمن بضاعة كهرباء مختلفة لصيانة شبكة الإنارة العامة إلخ...,2,16,2009-12-31,323000.0,Y
165,2009,111,95,P,قيمة فواتير مصروفة في الحلقة النصف نهائية من برنامج لاقونا عالساحة ،وصيانة زينة الميلاد,5,2,2009-12-31,4630000.0,Y
165,2010,1,1,P,بدل مكافأة مالية بمناسبة الأعياد,1,6,2010-01-28,3250000.0,N
165,2010,2,2,P,بدل مكافأة مالية للموظفين بمناسبة الأعياد,1,6,2010-02-04,2500000.0,Y
165,2010,3,3,P,بدل مكافأة مالية بسبب الأعياد,1,6,2010-02-04,750000.0,Y
165,2010,4,1,P,بدل رواتب الكاتب والشرطة عدد2 عن العام 2010,1,2,2010-02-06,28968000.0,Y
165,2018,97,16,P,بدل نقل لموظفين البلدية خلال شهر آب 2018.,1,6,2018-08-31,584000.0,Y
165,2018,98,17,P,جدول ساعات إضافية لجلال بجاني خلال شهر آب 2018.,1,6,2018-08-31,385000.0,Y
165,2018,99,7,P,جدول كوماري عاملة التنظيفات في مبنى البلدية خلال شهر آب 2018.,2,8,2018-08-31,150000.0,Y
165,2018,100,18,P,بدل مكافأة مالية لريما ميشال بجاني.,1,6,2018-08-31,1000000.0,Y
165,2018,101,6,P,فواتير ثمن محروقات لزوم سيارات البلدية خلال شهر تموز 2018.,2,9,2018-08-31,1922000.0,Y
165,2018,102,1,P,رش مبيدات خلال شهر حزيران في أحياء البلدة.,2,7,2018-08-31,1500000.0,Y
165,2018,103,1,P,رسم وكالة  وبدل سلفة الخبير المكلف في النزاع المتكون مع السيد طارق ابي خليل.,5,3,2018-08-31,1280000.0,Y
165,2018,104,4,P,فواتير لزوم صيانة أجهزة لاسلكي و مكيفات في مبنى البلدية وسيارات البلدية.,2,2,2018-08-31,2940000.0,Y
165,2018,105,1,P,زراعة أحواض الزهور وأشجار قرب مبنى الطاحون.,3,6,2018-08-31,1387000.0,Y
165,2018,106,2,P,رش مبيدات في أنحاء البلدة خلال شهر تموز وآب 2018.,2,7,2018-09-07,2400000.0,Y
165,2018,107,19,P,بدل مساعدة مدرسية للشرطي جلال بجاني عن إبنه طوني للعام 2018.,1,6,2018-09-07,2080000.0,Y
165,2018,143,25,P,بدل ساعات إضافية للشرطي جلال بجاني خلال شهر تشرين الأول 2018,1,6,2018-10-31,385000.0,Y
165,2018,144,26,P,جدول كوماري عاملة التنظيفات في مبنى البلدية خلال شهر آب 2018.,1,6,2018-10-31,202000.0,N
165,2018,145,3,P,سيارات,2,1,2018-10-31,1000000.0,N
165,2018,147,18,P,جداول عمال وفواتير لزوم أعمال عمار حيطان وصب طرقات وغيرها خلال شهر تشرين الأول 2018.,2,14,2018-11-23,16388000.0,Y
165,2018,148,19,P,جداول عمال وفواتير لزوم أعمال صيانة مجارير وبرش زفت وصيانة مصبعات خلال شهر كانون الأول 2018.,2,14,2018-11-23,12611000.0,Y
165,2018,149,15,P,جداول عمال وفاتورة لزوم أعمال تنظيف وتكنيس الأقنية والطرقات وجمع النفايات ونقلها الى المطامر في شهر تشرين الأول 2018.,2,4,2018-11-23,12136000.0,Y
165,2018,150,20,P,رواتب موظفين البلدية عن شهر تشرين الثاني 2018.,1,2,2018-11-30,7009000.0,Y
165,2018,151,27,P,بدل نقل لموظفين البلدية خلال شهر تشرين الثاني 2018.,1,6,2018-11-30,640000.0,Y
165,2018,152,28,P,بدل ساعات إضافية للشرطي جلال بجاني خلال شهر تشرين الثاني 2018.,1,6,2018-11-30,385000.0,Y
165,2018,153,10,P,جدول كوماري عاملة التنظيفات في مبنى البلدية خلال شهر تشرين الثاني 2018.,2,8,2018-11-30,158000.0,Y
165,2018,154,2,P,مصاريف معاملة البنغلاديش ديبوك جدب .,5,9,2018-11-30,1591000.0,Y
165,2018,155,8,P,ثمن محروقات لزوم سيارات البلدية خلال شهر تشرين الأول وتشرين الثاني 2018.,2,9,2018-11-30,2773000.0,Y
165,2018,156,20,P,جداول عمال وثمن بضاعة لزوم تكملة بناء حائط وصيانة مجارير وتركيب آرمات وغيرها خلال شهر تشرين الثاني 2018.,2,14,2018-12-12,13473000.0,Y
165,2018,157,21,P,جداول عمال وإجرة آليات وثمن بضاعة لزوم صيانة مجارير ومياه وغيرها خلال شهر تشرين الثاني 2018.,2,14,2018-12-12,12620000.0,Y
165,2018,158,22,P,جداول عمال وثمن مواد بناء لزوم  عمار حائط دبش  قرب كنيسة مار الياس.,2,14,2018-12-12,7852000.0,Y
165,2015,115,2,P,الدفعة الثانية والأخيرة من إيجار مركز البلدية في العقار رقم 436/الكحاله عن العام 2015.,1,9,2015-09-03,3600000.0,Y
165,2015,116,6,P,ثمن محروقات لزوم سيارات البلدية خلال شهر آب 2015,2,9,2015-09-07,1840000.0,Y
165,2015,117,1,P, قيمة فواتير كهرباء لمركز البلدية  خلال شهر أذار ،نيسان ،آيار ،حزيران ،تموز ،آب ،آيلول، تشرين الأول 2014,2,12,2015-09-07,148000.0,Y
165,2015,118,7,P,جدول أجور الأجراء عن شهر آب 2015.,1,4,2015-09-17,930000.0,Y
165,2015,119,27,E,جداول عمال وثمن مواد بناء خلال شهر آب 2015.,2,14,2015-09-17,17491000.0,Y
165,2015,120,28,E,جدول عمال وإجرة بيك آب لنقل النفايات من أحياء البلدة الى المكب في العقار رقم 195/الكحاله.,2,14,2015-09-17,4335000.0,Y
165,2015,121,29,E,ثمن بلاط من معمل الهبر لزوم تبليط نصب الشهداء في العقار رقم 211/الكحاله.,2,14,2015-09-17,19851000.0,Y
165,2015,122,1,P,جداول عمال  وثمن مواد بناء لتوسيع طريق النبع خلال شهر آب 2015,3,5,2015-09-17,9645000.0,Y
165,2015,123,3,P,جداول عمال وثمن بضاعة لزوم تمديد كهرباء وتلبيس حجر لمبنى البلدي الجديد في العقار رقم 674/الكحاله.,3,1,2015-09-17,3459000.0,Y
165,2015,124,7,P,إجرة ونش هيدروليك وعمال فنيين وثمن بضاعة لصيانة الإنارة العامة خلال شهر آب 2015,2,16,2015-09-17,997000.0,Y
165,2015,125,1,E,فاتورة من شركةWATERMASTERلزوم تركيب محطة تكرير للبئر قرب بناية وليم مرعب.,2,15,2015-09-17,16500000.0,Y
165,2015,126,20,P,راتب ريما بجاني عن شهر آيلول 2015.,1,2,2015-09-30,1067000.0,Y
165,2015,127,21,P,راتب الشرطة عدد2 عن شهر آيلول 2015.,1,2,2015-09-30,2221000.0,Y
165,2015,128,30,P,بدل نقل للكاتب والشرطة عدد2 عن شهر آيلول 2015.,1,6,2015-09-30,544000.0,Y
165,2015,129,31,P,بدل مكافأة مالية للكاتب والشرطة  لقيامهم بأعمال إضافية خلال شهر آيلول 2015.,1,6,2015-09-30,1100000.0,N
165,2015,130,32,P,بدل مكافأ مالية للكاتب والشرطة عدد2 لقيامهم بأعمال إضافية خلال شهر آيلول 2015.,1,6,2015-09-30,1100000.0,Y
165,2015,131,33,P,بدل مكافأة مالية لكارول بو خليل الفغالي عن شهر آيلول 2015.,1,6,2015-09-30,100000.0,Y
165,2015,132,7,P,ثمن محروقات لزوم سيارات البلدية خلال شهر آيلول 2015.,2,9,2015-09-30,1715000.0,Y
165,2015,133,2,P,فواتير مصروفة لزوم مخابرات الهاتف العادي والخليوي وSMS عن شهر حزيران وتموز وآب 2015,1,10,2015-09-30,2305000.0,Y
165,2015,134,2,P,ثمن تومبولا وبطاقات عشاء مساهمة في نشاطات إجتماعية.,4,7,2015-09-30,2170000.0,Y
165,2015,135,3,P,فواتير مصروفة  لزوم صيانة سيارات وبيك آب البلدية.,2,2,2015-09-30,2686000.0,Y
165,2017,209,4,P,فواتير ثمن ليرة ذهب وعلب cigar وويسكي لزوم هدايا للمراجع الرسمية.,5,9,2017-12-29,2655000.0,Y
165,2017,210,8,E,فواتير لزوم مصاريف الضيافة في مبنى البلدية مع مصاريف نثرية.,5,2,2017-12-29,2168000.0,N
165,2016,57,1,P,فواتير مصروفة لزوم إستهلاك الكهرباء في مركز البلدية في العقار رقم 436/الكحاله.,2,12,2016-04-25,91000.0,Y
165,2016,58,2,P,إيصالات بدل آكاليل.,5,9,2016-04-26,900000.0,Y
165,2016,59,1,P,فواتير مصروفة لزوم ثياب للشرطة.,1,8,2016-04-26,383000.0,Y
165,2016,60,1,P,فواتير مصروفة لزوم قرطاسية وإشتراك الجردة الرسمية وبرنامج الستشار وغيرها من اللوازم خلال شهر كانون الثاني وشباط وآذار 2016.,1,7,2016-04-26,2622000.0,N
165,2018,108,14,P,جداول عمال وإجرة آليات وثمن بضاعة لزوم تركيب مرايات وصيانة مجرور وبناء حائط من صخر وغيرها خلال شهر آب 2018.,2,14,2018-09-19,16461000.0,Y
165,2012,53,8,P,رواتب الكاتب والشرطة عن شهر آب 2012,1,2,2012-09-03,2528000.0,Y
165,2012,54,17,P,بدل نقل للكاتب والشرطة عن شهر آب 2012,1,6,2012-09-03,616000.0,Y
165,2012,55,18,P,بدل مكافآ ة مالية لقيامها بأعمال إضافية خلال شهر آب 2012,1,6,2012-09-03,300000.0,Y
165,2012,56,19,P,بدل مساعدة مدرسية لأولاد الشرطي جلال بجاني للعام 2012,1,6,2012-09-03,1900000.0,Y
165,2012,57,1,P,مساهمة في نشاط أقيم في مدرسة دون بوسكو,4,5,2012-09-12,1000000.0,Y
165,2012,58,1,P,ثمن تومبولا مساهمة في نشاط أقيمه حزب الوطنيين الأحرار - قسم الكحاله,4,7,2012-09-12,300000.0,Y
165,2012,59,2,P,بدل إشتراك بمجلة وثمن مجلدات وتصوير مستندات وغيرها.,1,7,2012-09-12,2976000.0,Y
165,2012,60,1,P,مساعدة مالية للسيد عباس كامل جهجاه,4,2,2012-09-12,100000.0,Y
165,2012,61,1,P,ثمن هدايا وبدل أكاليل,5,9,2012-09-12,423000.0,Y
165,2012,62,2,P,بدل كفالة مالية للعامل SUMON GOALA من الجنسية بنغلاديشيّة  في مصرف الإسكان.,5,9,2012-09-12,1500000.0,Y
165,2012,63,3,P,بدل كفالة مالية للعامل DIPOK JADAB  من الجنسية البنغلاديشيّة في مصرف الأسكان.,5,9,2012-09-12,1500000.0,Y
165,2012,64,1,P,مساهمة في إنشاء مغارة الميلاد في منزل السيد جوزف نعيم الأشقر.,4,11,2012-09-12,100000.0,Y
165,2012,65,1,P,ثمن دواء لرش المبيدات,2,7,2012-09-13,1723000.0,Y
165,2012,68,4,P,ثمن محروقات لزوم سيارات البلدية خلال شهر تموز 2012,2,9,2012-09-14,2398000.0,Y
165,2012,69,3,P,ثمن لوازم قرطاسية ويافطات وغيرها.,1,7,2012-09-14,1105000.0,Y
165,2012,70,3,P,بدل صيانة سيارات البلدية و الكمبيوتر وآلة التصوير وغيرها لزوم أجهزة البلدية.,2,2,2012-09-14,1551000.0,Y
165,2012,71,2,P,ثمن زهور لقداس الشهداء.,4,7,2012-09-14,100000.0,Y
165,2012,72,5,P,ثمن محروقات لزوم سيارات البلدية خلال شهر آب 2012,2,9,2012-09-17,2094000.0,Y
165,2012,73,4,P,بدل مصاريف عقد العمل للعامل DIPOK  JADAB  .,5,9,2012-09-17,1161000.0,Y
165,2012,74,3,P,جدول أجور الأجراء خلال أشهر تموز وآب 2012.,1,4,2012-09-21,4859000.0,Y
165,2012,75,6,P,جداول أجور العمال و إجرة JCB  خلال شهرتموز 2012,2,14,2012-09-21,16951000.0,Y
165,2012,76,7,P,بدل جداول عمال وثمن مواد بناء خلال شهر آب 2012.,2,14,2012-09-22,10968000.0,Y
165,2012,77,3,P,ثمن بضاعة وإجرة صيانة الإنارة العامة.,2,16,2012-09-22,809000.0,Y
165,2012,78,1,P,مصاريف زيارة الوفد الفرنسي الى الكحاله,5,1,2012-09-22,3089000.0,Y
165,2012,79,3,E,بوليصة تأمين للعمال,5,6,2012-09-27,788000.0,Y
165,2012,80,2,P,بدل إشتراك بمولد الكهرباء.,2,12,2012-09-27,800000.0,Y
165,2012,81,2,P,مساهمة في تأهيل مبنى دائرة أمن العام جبل لبنان الثانية  - بيت الدين.,4,11,2012-09-27,1000000.0,Y
165,2012,82,4,E,بدل إشتراك بمجلات وثمن يافطات ولوازم قرطاسية لزوم البلدية.,1,7,2012-09-29,2465000.0,Y
165,2012,83,2,P,ثمن ألبسة لزوم عناصر الشرطة.,1,8,2012-09-29,2430000.0,Y
165,2012,84,9,P,رواتب الكاتب والشرطة عن شهر آيلول 2012.,1,2,2012-09-29,2528000.0,Y
165,2010,5,4,P,بدل تقديمات مختلفة ( بدل نقل ومكافأة),1,6,2010-02-06,8000000.0,Y
165,2010,6,6,P,مكافأ مالية  للكاتب لقاء قيامها بأعمال إضافية خارج الدوام الرسمي,1,6,2010-02-06,300000.0,Y
165,2010,7,1,P,بدل أتعاب محاسبة ومكننة خلال شهر كانون الثاني 2010,1,4,2010-02-06,375000.0,Y
165,2010,8,7,P,بدل تعويض نهاية الخدمة,1,6,2010-02-06,3051000.0,Y
165,2010,9,1,P,بدل إشتراك وثمن مخابرات هواتف البلدية ذات الأرقام : 05/768985-05/769620- 03/950190-03131817,1,10,2010-02-08,600000.0,Y
165,2010,10,1,P,ثمن محروقات لسيارات البلدية,2,9,2010-02-23,860000.0,Y
165,2010,11,1,P,بدل تبرع وشراء بطاقات مختلفة لمجموعة من الجمعيات الإجتماعية والدينية.,4,11,2010-02-23,1180000.0,Y
165,2010,12,1,P,بدل إستهلاك كهرباء ومولد كهرباء .,2,12,2010-02-23,250000.0,Y
165,2010,13,1,P,ثمن مكنة طباعة لمخفر درك عاريا,2,1,2010-02-23,149000.0,Y
165,2010,14,1,P,ثمن أدوات مكتبية مختلفة وحبر وإشتراك في مجلة الأمن,1,7,2010-02-23,1195000.0,Y
165,2010,15,1,P,بدل إجرة غذاء في مطعم الأمين بمناسبة تشييد مبنى بلدية جديد .,5,1,2010-02-27,3000000.0,Y
165,2010,16,8,P,بدل أجور الأجراء الدائمين من وكلاء ورش وتنظيف مبنى البلدية وغيرها.,1,4,2010-02-27,2756000.0,Y
165,2010,17,1,P,أجور عمال يوميين ثمن مواد بناء مختلفة وأجور آليات لتنظيف وصيانة الطرق العامة.,2,14,2010-03-01,17576000.0,Y
165,2010,18,1,P,بدل صيانة شبكة الإنارة العامة خلال شهر كانو ن الثاني 2010 وفك زينة الأعياد.,2,16,2010-03-01,1526000.0,Y
165,2010,19,1,P,قيمة فواتير مصروفة في الحلقة النهائية من برنامج لاقونا عالساحة .,5,2,2010-03-01,4731000.0,Y
165,2010,20,1,P,دفعة أولى من بدل إيجار مبنى البلدية للسنة التأجيرية الرابعة من العقد عن العام 2010,1,9,2010-03-01,3600000.0,Y
165,2010,21,10,P,بدل إشتراك وثمن مخابرات هواتف البلدية ذات الأرقام : 05/768985-05/769620-03/950190-03/131817,1,10,2010-03-02,407000.0,Y
165,2010,22,1,P,بدل صيانة سيارات البلدية والأجهزة,2,2,2010-03-04,482000.0,Y
165,2010,23,9,P,مكافأ مالية للكاتب لقاء قيامها بأعمال إضافية خارج الدوام الرسمي,1,6,2010-03-04,300000.0,Y
165,2010,24,11,P,ثمن محروقات لسيارات البلدية,2,9,2010-03-19,644000.0,Y
165,2010,25,24,P,مكافأة مالية للكاتب لقاء قيامها بأعمال  إضافية خارج الدوام الرسمي,1,6,2010-04-06,300000.0,Y
165,2012,66,2,P,تبرعات لرعايا الكحاله,4,3,2012-09-13,1100000.0,Y
165,2012,67,2,P,بدل أعمال طوبوغرافية للعقار رقم 1184/الكحاله  وتخمين للعقار رقم 7469/عاليه عقارياً والكحاله بلدياً,3,9,2012-09-13,825000.0,Y
165,2005,42,31,P,واجور عمال وآليات وثمن ترابة وقساطل وادوات مختلفة,2,14,2005-06-30,9023000.0,Y
165,2005,43,29,P,ثمن بنزين لسيارات البلدية عدد 3 خلال شهري ايار وحزيران 2005,2,9,2005-06-30,989000.0,Y
165,2005,44,39,P,بدل رواتب الموظفين عن شهر تموز 2005,1,2,2005-07-30,1570000.0,Y
165,2005,45,40,P,بدل نقل للموظفين خلال شهر تموز 2005,1,6,2005-07-30,522000.0,Y
165,2005,46,41,P,قيمة جدول اجور الأجراء (وكلاء ورش وجباية وتنظيف مبنى البلدية) خلال تموز 2005,1,4,2005-07-30,3073000.0,Y
165,2005,47,43,P,اجور عمال وآليات وثمن ترابة واحجار باطون وقساطل واكسسوارات وبويا وغيرها,2,14,2005-07-30,5886000.0,Y
165,2005,48,15,P,بدل اشتراك ومخابرات هاتفي البلدية الفصل الثاني/2005 ومخابرات خليوية عن تموز وآب 2005,1,10,2005-07-30,971000.0,Y
165,2018,159,16,P,جداول عمال لزوم أعمال تنظيف وتكنيس الأقنية والطرقات في أحياء البلدة وجمع النفايات ونقلها الى مركز الجمع خلال شهر تشرين الثاني 2018.,2,4,2018-12-12,10748000.0,Y
165,2018,160,6,P,إجرة ونش هدروليك وعمال فنيين وثمن بضاعة لزوم صيانة الإنارة في مجمل أنحاء البلدة خلال شهر تشرين الثاني 2018.,2,16,2018-12-12,1396000.0,Y
165,2021,64,9,P,رواتب الموظفين خلال شهر أيلول 2021,1,2,2021-09-30,7949000.0,Y
165,2009,57,57,P,أجور عمال يوميين ثمن مواد بناء مختلفة وأجور اليات لتنظيف وصيانة الطرق العامة,2,14,2009-08-24,19036000.0,Y
165,2017,101,16,P,راتب الشرطي جلال بجاني والجابي شربل ابي خليل عن شهر آب 2017.,1,2,2017-08-31,2285000.0,Y
165,2017,177,5,P,جداول عمال وثمن حديد ومواد بناء خلال شهر كانون الثاني 2017,3,5,2017-12-20,13208000.0,Y
165,2017,178,8,P,إجرة ونش هيدروليك وعمال فنيين وثمن بضاعة لصيانة الإنارة العامة.,2,16,2017-12-20,2468000.0,Y
165,2017,179,19,P,جداول عمال عدد 4 أعمال تنظيف وتكنيس الأقنية والطرقات وجمع النفايات من أنحاء البلدة خلال شهر تشرين الثاني 2017.,2,4,2017-12-20,5742000.0,Y
165,2017,180,20,P,فاتورة لزوم نقل النفايات من مركز التجمع في العقار رقم 197/الكحاله الى خارج البلدة خلال شهر تشرين الثاني,2,4,2017-12-20,18000000.0,N
165,2017,181,21,P,فاتورة لزوم أعمال رفع ونقل النفايات من مركز التجمع في العقار رقم 197/الكحاله الى خارج البلدة.,2,4,2017-12-20,18000000.0,Y
165,2017,182,3,P,بدل مساعدة مالية للسيد نعيم جورج الأشقر بسبب فيضان النهر الذي تسبب بغرق منزله بالمياه.,4,2,2017-12-20,3500000.0,Y
165,2017,183,2,P,ثمن بطاقات عشاء مساهمة في نشاطات إجتماعية.,4,7,2017-12-20,1200000.0,Y
165,2017,184,9,E,صيانة سيارات البلدية خلال شهر تشرين الأول وتشرين الثاني 2017.,2,2,2017-12-20,2517000.0,Y
165,2017,185,2,P,رسوم عقد عمل ووزارة العمل وأمن عام للعامل البنغلادش في البلدية ديبوك جدب.,5,9,2017-12-20,1650000.0,Y
165,2017,186,2,P,ثمن كرسي مكتب وطاولات بلاستيك.,2,3,2017-12-20,508000.0,Y
165,2017,187,6,P,ثمن محروقات لزوم سيارات البلدية خلال شهر تشرين الأول وتشرين الثاني 2017.,2,9,2017-12-20,2225000.0,Y
165,2017,188,4,P,ثمن رنجر لشرطة البلدية.,1,8,2017-12-20,209000.0,Y
165,2017,189,2,P,فاتورة  تسكير بالخشب مطلع الدرج في مبنى البلدية.,2,5,2017-12-20,225000.0,Y
165,2017,190,3,P,فواتير الهاتف العادي رقم 05/768985 و 05/769620 والهاتف الخليوي رقم 03950190 التابع لمبنى البلدية عن شهر آيلول وتشرين الأول 2017.,1,10,2017-12-20,1030000.0,Y
165,2017,191,2,P,فواتير اشتراك مولد كهرباء لمبنى البلدية عن شهر تشرين الأول وتشرين الثاني وكانون الأول 2017.,2,12,2017-12-20,675000.0,Y
165,2017,192,3,P,شركة THERO طباعة ونشر إعلانات على لوحات إعلانية لمهرجان صيف الكحاله 2017.,1,11,2017-12-22,1155000.0,Y
165,2017,193,27,P,بدل معايدة عناصر الشرطة اليومية بمناسبة عيد الميلاد ورأس السنة.,1,6,2017-12-22,2800000.0,Y
165,2017,194,28,P,بدل معايدة موظفين البلدية بمناسبة عيد الميلاد ورأس السنة.,1,6,2017-12-22,2000000.0,Y
165,2017,195,4,P,"ثمن بوالص تأمين سيارة (DUSTER، RAPID,R12 STATION ,وعامل بنغلادش)",5,6,2017-12-27,1770000.0,Y
165,2017,196,3,P,أربع إيصالات بدل اكاليل .,5,9,2017-12-27,300000.0,Y
165,2017,197,23,P,راتب ريما بجاني وكارول بو خليل الفغالي عن شهر كانون الأول 2017.,1,2,2017-12-29,1584000.0,Y
165,2019,80,5,P,فواتير من محطة السيدة ثمن محروقات خلال شهر تموز وآب 2019.,2,9,2019-09-26,2789000.0,Y
165,2019,81,4,P,فواتير ثمن  ادوات تنظيف ومحارم من شهر كانون الثاني  لغاية شهر ايلول 2019.,2,8,2019-09-26,975000.0,Y
165,2019,82,1,P,فواتير ثمن ملابس للشرطة .,1,8,2019-09-26,1396000.0,Y
165,2019,83,1,P,إيصالات بدل اكاليل عدد5.,5,9,2019-09-26,250000.0,Y
165,2019,84,1,P,فواتير ثمن مكنة رطوبة وبطارية ups >,2,1,2019-09-26,488000.0,Y
165,2019,85,1,P,فواتير ثمن ثريات إنارة للطاحون وثمن مرايات لحمامات مبنى البلدية والطاحون وفرش سفنج مع أقمشة للطاحون وغيرها.,2,3,2019-09-26,1548000.0,Y
165,2019,86,2,P,فواتير ثمن هداياcigare وويسكي.,5,1,2019-09-26,1078000.0,Y
165,2019,87,3,P,فواتير من المساح مارون نجيم بدل أعمال طوبوغرافية في بعض الأملاك العامة البلدية .,3,9,2019-09-26,720000.0,Y
165,2019,88,1,P,إيصالات رسم توكيل محامي ورسم تصديق أوراق عند كاتب العدل.,5,3,2019-09-26,100000.0,Y
165,2019,89,3,P,فواتير مصروفة لزوم قرطاسية وثمن حبر ويافطات وسحب خرائط وغيرها من اللوازم.,1,7,2019-09-26,1521000.0,Y
165,2019,90,3,P,فواتير لزوم مصاريف الضيافة في مبنى البلدية من شهر كانون الثاني لغاية شهر آيلول 2019.,5,1,2019-09-26,2916000.0,Y
165,2019,91,2,P,فواتير لزوم نقل فريق كرة السلة من الكحاله الى رمحالا وإيجار سيارات من مكتب دالاس لنقل العام من قرب نصب الشهداء الى الطاحون يوم عزف بيانو سيرج مكرزل .,5,9,2019-09-26,415000.0,Y
165,2019,92,6,P,فواتير لزوم صيانة سيارات البلدية خلال أشهر حزيران وتموز وآب وآيلول2019.,2,2,2019-09-30,2372000.0,Y
165,2019,93,6,P,فواتير ثمن محروقات لزوم سيارات البلدية خلال شهر آيلول 2019.,2,9,2019-09-30,2469000.0,Y
165,2019,94,10,P,رواتب موظفين البلدية خلال شهر آيلول 2019.,1,2,2019-09-30,7709000.0,Y
165,2019,95,17,P,بدل نقل لموظفين البلدية خلال شهر آيلول 2019.,1,6,2019-09-30,568000.0,Y
165,2019,96,18,P,بدل 35 ساعة إضافية للشرطي جلال بجاني خلال شهر آيلول 2019.,1,6,2019-09-30,385000.0,Y
165,2019,97,14,P,جدول عمال لإنشاء حائط دعم على مجاري المياه الشتوية في حي رجوم.,2,11,2019-09-30,2460000.0,Y
165,2019,98,15,P,جداول الشرطة اليوميين ومسؤول الأشغال خلال شهر آب 2019.,2,11,2019-09-30,18058000.0,Y
165,2019,99,16,P,جداول الشرطة ومسؤول الأشعال اليوميين خلال شهر آيلول2019.,2,11,2019-09-30,14760000.0,Y
165,2019,100,17,P,جداول عمال يوميين خلال شهر آب وأيلول 2019.,2,11,2019-09-30,16909000.0,Y
165,2019,101,7,P,فواتير لزوم صيانة المجارير  صب سقف قناة مياه وعمار حائط صخر خلال شهر آب وأيلول 2019.,2,14,2019-09-30,11588000.0,Y
165,2019,102,8,P,فواتير لزوم إجرة آليات لأعمال حفر وردم جوانب حيطان النهر،  شق طريق في منطقة الشحار خلال شهر آب وأيلول 2019.,2,14,2019-09-30,16650000.0,Y
165,2019,103,3,P,فواتير إجرة ونش هيدروليك وثمن بضاعة لصيانة الإنارة العامة.,2,16,2019-09-30,1700000.0,Y
165,2019,104,7,P,فواتير لزوم رفع النفايات من أحياء البلدة  ونقلها الى مركز الجمع خلال شهر آب وأيلول 2019.,2,4,2019-09-30,9000000.0,Y
165,2019,105,1,P,ثمن بطاقات عشاء مساهمة في نشاطات غجتماعية.,4,7,2019-09-30,300000.0,Y
165,2019,106,1,P,مساعدة مالية لرعية السيدة -الكحاله وللحركة الرسولية المريمية في الكحاله.,4,3,2019-09-30,400000.0,Y
165,2012,85,20,P,بدل نقل للكاتب والشرطة خلال شهر آيلول 2012.,1,6,2012-09-29,616000.0,Y
165,2012,86,21,P,بدل مكافأة مالية لأعمال إضافية خلال شهر آيلول 2012.,1,6,2012-09-29,300000.0,Y
165,2012,87,2,P,فواتير الهاتف العادي والخليوي التابعين للبلدية.,1,10,2012-09-29,2359000.0,Y
165,2012,88,4,E,بدل عقد إتفاقي لصيانة برنامج المحاسبة وصيانة سيارات البلدية ولأجهزة اللاسلكية .,2,2,2012-09-29,2466000.0,Y
165,2012,89,2,P,بدل فواتير مصروفة للضيافة وغيرها من مصاريف نثرية.,5,1,2012-09-29,1440000.0,Y
165,2012,90,6,P,ثمن محروقات لزوم سيارات البلدية خلال شهر آيلول 2012.,2,9,2012-09-29,2873000.0,Y
165,2012,91,4,P,جدول أجور الأجراء عن شهر آيلول 2012,1,4,2012-09-29,2433000.0,Y
165,2012,92,8,P,بدل أجور عمال وثمن مواد بناء خلال شهر آيلول 2012.,2,14,2012-09-29,15999000.0,Y
165,2016,188,1,P,بدل مساعدات صحية ومصاريف طبيب لعمال البلدية.,4,1,2016-12-21,1190000.0,Y
165,2010,28,12,P,بدل تبرع وشراء بطاقات مختلفة لمجموعة من الجمعيات الإجتماعية والدينية .,4,11,2010-04-08,900000.0,Y
165,2010,29,14,P,ثمن رفش (عدد 4 ) لزوم عدة للبلدية,2,1,2010-04-08,100000.0,Y
165,2010,30,17,P,بدل أجور الأجراء الدائمين من وكلاء ورش وتنظيف مبنى البلدية وغيرها .,1,4,2010-04-23,2722000.0,Y
165,2010,31,18,P,أجور عمال يوميين ثمن مواد بناء مختلفة وأجور آليات لتنظيف وصيانة الطرق العامة,2,14,2010-04-23,15923000.0,Y
165,2010,32,27,P,بدل 21 يوم من الفرصة السنوية للعام 2009,1,6,2010-04-24,615000.0,Y
165,2010,33,15,P,ثمن أدوات مكتبية ودفاتر سجل مقررات الرئاسة.,1,7,2010-04-24,167000.0,Y
165,2010,34,19,P,بدل صيانة شبكة الإنارة العامة.,2,16,2010-04-24,192000.0,Y
165,2010,35,1,P,ثمن حذاء للشرطة,1,8,2010-04-24,75000.0,Y
165,2010,36,31,P,بدل أجور الأجراء الدائمين من وكلاء ورش وتنظيف مبنى البلدية وغيرها .,1,4,2010-04-26,2746000.0,Y
165,2010,37,32,P,أجور عمال يوميين ثمن مواد بناء مختلفة وأجور آليات لتنظيف وصيانة الطرق العامة,2,14,2010-04-26,3245000.0,Y
165,2010,38,1,P,تسديد الدفعة الثانية والأخيرة بدل أتعاب المهندس راشد سركيس لرخصة مبنى البلدية على العقار رقم 674/الكحاله,3,9,2010-04-26,7500000.0,Y
165,2010,39,13,P,بدل إستهلاك كهرباء ومولد كهرباء,2,12,2010-04-26,449000.0,Y
165,2010,40,33,P,بدل21 يوم من الفرصة السنوية للعام 2009,1,6,2010-04-29,615000.0,Y
165,2010,41,25,P,ثمن محروقات لسيارات البلدية,2,9,2010-04-29,826000.0,Y
165,2010,42,23,P,ثمن صيانة  سيارات البلدية وبراد البلدية,2,2,2010-04-29,107000.0,Y
165,2010,43,28,P,بدل إشتراك وثمن مخابرات هواتف البلدية ذات الأرقام 05/768985-05/769620-03/950190-03/131817,1,10,2010-04-29,419000.0,Y
165,2010,44,16,P,مصاريف النثرية الطارئة (ضيافات وغيرها ),5,1,2010-04-29,419000.0,Y
165,2010,45,41,P,مكافأة مالية للكاتب لقاء قيامها بأعمال إضافية خارج الدوام الرسمي,1,6,2010-04-30,300000.0,Y
165,2010,46,46,P,مكافأة مالية للكاتب لقاء قيامها بأعمال إضافية,1,6,2010-06-03,300000.0,Y
165,2010,47,44,P,بدل إشتراك وثمن مخابرات هواتف البلدية \ات الأرقام 05/768985 - 05/769620  - 03/950190- 03/131817,1,10,2010-06-03,384000.0,Y
165,2010,48,42,P,ثمن محروقات لسيارات البلدية,2,9,2010-06-03,641000.0,Y
165,2005,49,45,P,بدل رواتب الموظفين عن شهر آب 2005,1,2,2005-08-31,1570000.0,Y
165,2005,50,46,P,بدل نقل للموظفين عن شهر آب 2005,1,6,2005-08-31,408000.0,Y
165,2005,51,47,P,قيمة جدول اجور الأجراء الدائمين عن شهر آب 2005,1,4,2005-08-31,3049000.0,Y
165,2005,52,48,P,اجور عمال وآليات وثمن ترابة وبحص ورمل ونحاته وقساطل وغيرها ...,2,14,2005-08-31,5654000.0,Y
165,2005,53,49,P,قيمة اشتراك ومخابرات هاتفية,1,10,2005-05-31,1068000.0,Y
165,2005,54,1,P,ثمن قطع للأجهزة مع يد عاملة لتصليحها,2,2,2005-04-30,2004000.0,Y
165,2005,55,36,P,اجرة ونش هيدروليك وفنيين وثمن بضاعة كهرباء مختلفة,2,16,2005-08-31,949000.0,Y
165,2005,56,44,P,ثمن محروقات لسيارات البلدية عدد 3,2,9,2005-08-31,1796000.0,Y
165,2005,57,1,P,اجرة بوسطا وبوليصة تأمين وغيرها,4,6,2005-08-31,482000.0,Y
165,2005,58,52,P,جدول اجور الأجراء الدائمين (وكلاء ورش وجباية وتنظيف مبنى البلدية) عن ايلول 2005,1,4,2005-09-30,3204000.0,Y
165,2005,59,53,P,اجور عمال وثمن ترابة وبحص ورمل وكلس ومياه وقساطل بلاستيك واكسسوارات مختلفة,2,14,2005-09-30,3599000.0,Y
165,2005,60,50,P,بدل رواتب الموظفين عن شهر ايلول 2005,1,2,2005-09-30,1570000.0,Y
165,2005,61,51,P,بدل اجور نقل للموظفين عن شهر ايلول 2005,1,6,2005-09-30,396000.0,Y
165,2005,62,1,P,قيمة اشتراك في FMCU ومساعدات اجتماعية اخرى,4,7,2005-07-30,1859000.0,Y
165,2005,63,61,P,بدل رواتب الموظفين عن شهر تشرين الأول 2005,1,2,2005-10-31,1570000.0,Y
165,2005,64,62,P,بدل اجور نقل للموظفين عن شهر تشرين الأول 2005,1,6,2005-10-31,396000.0,Y
165,2005,65,59,P,جدول اجور الأجراء الدائمين عن شهر تشرين الأول 2005,1,4,2005-10-31,3228000.0,Y
165,2005,66,60,P,اجور عمال وآليات وثمن ترابة وبحص ورمل وحديد وخشب وقساطل واكسسوارات وغيرها .,2,14,2005-10-31,5508000.0,Y
165,2005,67,64,P,بدل رواتب الموظفين عن شهر ت2 2005,1,2,2005-11-30,1570000.0,Y
165,2005,68,65,P,بدل اجور نقل للموظفين عن ت2- 2005,1,6,2005-11-30,372000.0,Y
165,2005,69,66,P,قيمة جدول اجور الأجراء الدائمين عن شهر ت2 - 2005,1,4,2005-11-30,3204000.0,Y
165,2005,70,67,P,اجور عمال وآليات وثمن ترابة وبحص ورمل وقساطل وغيرها,2,14,2005-11-30,2788000.0,Y
165,2005,71,54,P,قيمة اشتراك ومخابرات هاتفية,1,10,2005-12-07,1487000.0,Y
165,2005,72,19,P,ثمن ثلاث بوالص تأمين لسيارات البلدية,5,6,2005-12-09,600000.0,Y
165,2005,73,37,P,ثمن ملابس واحذية شتوية للشرطة,1,8,2005-12-09,1542000.0,Y
165,2005,74,55,P,ثمن قطع للسيارات والأجهزة مع اجرة تصليح,2,2,2005-12-29,1899000.0,Y
165,2005,75,38,P,ثمن لوازم مكتبية ومطبوعات وغيرها ...,1,7,2005-12-29,1358000.0,Y
165,2005,76,1,P,ثمن تلفيزيون لمكتب البلدية وصاروخ للورش وتركيب خزان للميان للمكتب,2,1,2005-12-29,681000.0,Y
165,2005,77,1,P,ثمن سجاد وخزانة جارور وتصليح برداية,2,3,2005-12-29,558000.0,Y
165,2005,78,57,P,ثمن محروقات,2,9,2005-12-29,1370000.0,Y
165,2005,79,1,P,اعمال طوبوغرافية,3,9,2005-12-29,450000.0,Y
165,2004,39,18,P,بدل الدفعة الأولى من ايجار مبنى البلدية للفترة مان 1-6-04 لغاية 31-8-04,1,9,2004-05-31,2700000.0,N
165,2017,198,24,P,راتب الجابي والشرطي عن شهر كانون الأول 2017.,1,2,2017-12-29,1741000.0,N
165,2017,199,25,P,راتب الجابي والشرطي عن شهر كانون الأول 2017.,1,2,2017-12-29,1841000.0,Y
165,2017,200,29,P,بدل نقل لموظفين البلدية خلال شهر كانون الأول 2017.,1,6,2017-12-29,640000.0,Y
165,2017,201,30,P,جلال بجاني ، بدل أعمال 35 ساعة إضافية خلال شهر كنون الأول 2017.,1,6,2017-12-29,385000.0,Y
165,2017,202,13,P,جدول كوماري عاملة التنظيفات في مبنى البلدية ، وفاتورة لوازم التنظيفات.,2,8,2017-12-29,395000.0,Y
165,2017,203,5,E,فواتير لزوم مصاريف الضيافة في مبنى البلدية مع مصاريف نثرية.,5,1,2017-12-29,2191000.0,N
165,2017,204,4,P,فواتير الهاتف العادي رقم 05/768985 و05769620 التابع لمبنى البلدية خلال شهر تشرين الثاني 2017.,1,10,2017-12-29,136000.0,Y
165,2017,205,10,E,صيانة سيارات DUSTER  عدد 2.,2,2,2017-12-29,1605000.0,Y
165,2017,206,11,E,صيانة سيارات البلدية خلال شهر كانون الأول 2017.,2,2,2017-12-29,1491000.0,Y
165,2017,207,7,P,فواتير محروقات لسيارات البلدية خلال شهر كانون الأول 2017.,2,9,2017-12-29,1277000.0,Y
165,2019,5,1,P,فواتير لزوم إجرة ونش هيدروليك لفك زينة الميلاد وصيانة شبكة الكهرباء خلال شهر كانون الثاني 2019.,2,16,2019-02-22,900000.0,Y
165,2004,40,34,P,بدل رواتب الكاتب والشرطة لشهر ايار 2004,1,2,2004-05-31,1535000.0,Y
165,2004,41,35,P,بدل اجور نقل للكاتب والشرطة خلال شهر ايار 2004,1,6,2004-05-31,372000.0,Y
165,2018,162,3,P,فواتير الهاتف العادي رقم 05/768985 و05/769620 والخليوي رقم 03/950190 التابعين لمبنى البلدية عن شهر أيلول وتشرين الأول وتشرين الثاني 2018.,1,10,2018-12-19,933000.0,Y
165,2018,163,3,P,فواتير ثمن ألبسة لزوم شرطة البلدية.,1,8,2018-12-20,2243000.0,Y
165,2018,164,3,P,ثمن بوالص تأمين لزوم عامل البنغلادش وسيارة DUSTER وRAPID و R12 STATION.,5,6,2018-12-20,1695000.0,Y
165,2018,165,29,P,بدل معايدات لموظفين البلدية والشرطة بمناسبة عيد الميلاد ورأس السنة 2018-2019.,1,6,2018-12-20,8000000.0,Y
165,2018,166,3,P,تبرعات في المأتم.,5,9,2018-12-27,200000.0,Y
165,2018,167,7,P,صيانة سيارات البلدية وأجهزة الاسلكي.,2,2,2018-12-27,2670000.0,Y
165,2018,168,2,P,فواتير لزوم أعمال تخطيطات  طريق الطاحون وطرقات أخرى ضمن نطاق بلدة الكحاله.,3,9,2018-12-27,2850000.0,Y
165,2018,169,4,P,فواتير ثمن جهاز لاسلكي ICOM و  HANDY PANASONIC.,2,1,2018-12-27,533000.0,Y
165,2018,170,1,P,مساعدة جمعية العصا البيضاء لمساعدة الضرير.,4,11,2018-12-27,250000.0,Y
165,2018,171,5,P,فواتير لزوم قرطاسية وسحب خرائط وثمن يافطات وغيرها من اللوازم.,1,7,2018-12-28,1180000.0,Y
165,2018,172,3,P,فواتير ثمن ويسكي وسيكار وغيرها لزوم هدايا للفعاليات بمناسبة الأعياد.,5,1,2018-12-28,2896000.0,Y
165,2018,173,4,P,فواتير لزوم مصاريف ضيافة في مبنى البلدية وهدايا وغيرها من النثريات.,5,1,2018-12-31,2902000.0,Y
165,2018,174,8,P,فواتير ثمن دواليب وغيار زيت لزوم سيارات اللبلدية.,2,2,2018-12-31,400000.0,Y
165,2018,175,9,E,ثمن محروقات لزوم سيارات البلدية خلال شهر كانون الأول 2018.,2,9,2018-12-31,1680000.0,Y
165,2018,176,21,P,رواتب ريما بجاني وكارول بو خليل الفغالي عن شهر كانون الأول 2018.,1,2,2018-12-31,3500000.0,Y
165,2014,154,36,P,بدل معايدة لموظفين البلدية بمناسبة عيد الميلاد ورأس السنة.,1,6,2014-12-23,2000000.0,Y
165,2014,155,4,P,قيمة تصليح سيارات البلدية ووجهاز لاسلكي وصيانة الة التصوير.,2,2,2014-12-26,2185000.0,Y
165,2014,156,3,P,ثمن مخابرات الهاتف العادي والخليوي التابع للبلدية عن شهر آيلول وتشرين الأول وتشرين الثاني 2014,1,10,2014-12-27,835000.0,Y
165,2014,157,3,P,ثمن ARRANGEMENT هدايا  بمناسبة الأعياد.,5,1,2014-12-27,2760000.0,Y
165,2014,158,24,P,راتب الكاتب ريما بجاني عن شهر كانون الأول 2014,1,2,2014-12-27,1040000.0,Y
165,2014,159,25,P,بدل راتب الشرطة عدد2 عن شهر كانون الأول 2014,1,2,2014-12-27,2221000.0,Y
165,2014,160,37,P,بدل نقل للكاتب والشرطة عدد2 عن شهر كانون الأول 2014.,1,6,2014-12-27,624000.0,Y
165,2014,161,38,P,بدل مكافأة مالية للكاتب والشرطة لقيامهم بأعمال إضافية خلال شهر كانون الأول 2014.,1,6,2014-12-27,1100000.0,Y
165,2014,162,39,P,بدل مكافأة مالية لكارول بو خليل الفغالي عن شهر كانون الأول 2014.,1,6,2014-12-27,100000.0,Y
165,2014,163,5,P,فواتير مصروفة ثمن دواليب بيك آب وتصليح سيارات البلدية .,2,2,2014-12-29,2048000.0,Y
165,2014,164,4,P,ثمن مجلدات ويافطات وحبر printer .,1,7,2014-12-30,1683000.0,Y
165,2014,165,4,P,ثمن  10كارت تشريج  من محطة بانوراما.,1,10,2014-12-30,390000.0,Y
165,2017,70,6,P,جدول كوماري عاملة التنظيفات في البلدية خلال شهر حزيران 2017.,2,8,2017-07-01,158000.0,Y
165,2010,145,6,P,مصاريف مختلفة لنشاطات في عيد البربارة وعيد الميلاد,5,2,2010-12-29,1491000.0,Y
165,2010,146,49,P,مصاريف نثرية  طارئة (ضيافة وغيرها),5,1,2010-12-29,802000.0,Y
165,2010,147,55,E,ثمن محروقات لزوم سيارات البلدية,2,9,2010-12-31,1836000.0,Y
165,2010,148,42,P,بدل إشتراك بمولد الكهرباء وفاتورة كهرباء,2,12,2010-12-31,795000.0,Y
165,2011,1,1,P,رواتب الموظفين عن العام 2011,1,2,2011-02-07,29208000.0,Y
165,2011,2,1,P,بدل نقل لموظفين البلدية عن العام 2011,1,6,2011-02-07,8000000.0,Y
165,2011,3,2,P,مكافأة مالية لأعمال إضافية في شهر كانون الثاني /2011,1,6,2011-02-07,300000.0,Y
165,2011,4,1,P,ثمن بطاقات غذاء  لرعية مار الياس وتكريس البلدية.,4,3,2011-02-07,635000.0,Y
165,2011,5,1,P,جدول أجور الأجراء عن شهر كانون الثاني /2011,1,4,2011-02-17,2420000.0,Y
165,2011,6,1,P,أجور جداول عمال وثمن مواد بناء وغيرهم,2,14,2011-02-17,15353000.0,Y
165,2011,7,2,P,أجور جداول عمال ، ثمن مواد بناء مختلفة وأجور أليات,2,14,2011-02-17,13623000.0,Y
165,2011,8,3,P,إجرة عمال وثمن حجر طبيعي لتلبيس الحيطان,2,14,2011-02-18,15733000.0,Y
165,2011,9,1,P,إنشاء شبكة مجارير,3,4,2011-02-18,8000000.0,Y
165,2011,10,1,P,تصليح دفاش لزوم صيانة بئر عاريا,2,15,2011-02-18,500000.0,Y
165,2011,11,1,P,إجرة ونش وفنيين وثمن بضاعة لصيانة الإنارة العامة,2,16,2011-02-18,2684000.0,Y
165,2011,12,1,P,بدل إيجار مركز البلدية في العقار رقم 436/الكحاله عن العام 2011,1,9,2011-02-18,7200000.0,Y
165,2011,13,3,P,بدل مكافأة مالية لأعمال إضافية في شهر شباط /2011,1,6,2011-03-02,300000.0,Y
165,2011,14,1,P,ثمن محروقات لزوم سيارات البلدية,2,9,2011-03-21,1653000.0,Y
165,2010,49,45,P,ثمن ضيافة يوم إنتخاب الرئيس والتهاني وغيرها.,5,1,2010-06-03,1227000.0,Y
165,2010,50,37,P,بدل أجور الأجراء الدائمين من وكلاء ورش وتنظيف مبنى البلدية وغيرها,1,4,2010-06-16,5522000.0,Y
165,2010,51,38,P,أجور عمال يوميين ،وثمن حديد وصيانة الطرق العامة.,2,14,2010-06-16,2958000.0,Y
165,2010,52,21,P,دفعة الثانية والأخيرة من إيجار البلدية للعام 2010,1,9,2010-07-13,3600000.0,Y
165,2010,53,47,P,مكافأة مالية للكاتب لقاء قيامها بأعمال إضافية,1,6,2010-07-13,300000.0,Y
165,2010,54,1,P,مساعدة مالية للسيد حبيب رزق الله,4,2,2010-07-13,1000000.0,Y
165,2010,55,39,P,رسوم لمعاملة إرتفاق وتخطيط للعقار رقم 1268/عاريا عقارياً والكحاله بلدياً,3,9,2010-07-14,71000.0,Y
165,2010,56,40,P,بدل إستهلاك كهرباء وإشتراك بمولد الكهرباء,2,12,2010-07-14,646000.0,Y
165,2010,57,1,P,مساعدة مدرسية لأولاد الشرطي جلال بجاني,4,8,2010-07-21,1900000.0,Y
165,2010,58,49,P,ثمن محروقات لزوم سيارات البلدية في شهرأيار وحزيران /2010,2,9,2010-07-21,1664000.0,Y
165,2010,59,48,P,بدل إشتراك وثمن مخابرات هواتف البلدية عن شهر أيار وحزيران /2010,1,10,2010-07-21,624000.0,Y
165,2010,60,54,P,مكافأة مالية للكاتب لقاء قيامها بأعمال إضافية,1,6,2010-08-05,300000.0,Y
165,2010,61,36,P,ثمن ملابس وأحذية للموظفين والأجراء خلال العام 2010,1,8,2010-08-09,2657000.0,Y
165,2010,62,51,P,بدل أجور الأجراء الدائمين من وكلاء ورش وتنظيف مبنى البلدية وغيرها,1,4,2010-08-16,3546000.0,Y
165,2010,63,52,P,أجور عمال يوميين ثمن مواد بناء مختلفة وأجور آليات اتنظيف وصيانة الطرق,2,14,2010-08-16,8258000.0,Y
165,2010,64,64,P,أجور عمال يوميين ثمن موادبناء مختلفة وأجور آليات تنظيف وصيانة الطرق,2,14,2010-08-16,14922000.0,Y
165,2015,28,9,P,بدل مكافأة مالية للكاتب والشرطة لقيامهم  بأعمال إضافية خلال شهر آذار 2015,1,6,2015-04-04,1100000.0,Y
165,2011,77,2,P,ثمن بوليصة تأمين ماريا إبنة جلال بجاني.,5,6,2011-09-29,231000.0,Y
165,2011,78,1,P,ثمن بلاك وضع على حائط مركز الشؤون الثقافية.,4,4,2011-09-29,225000.0,Y
165,2011,79,12,P,مكافأة مالية للكاتب لقاء قيامها بأعمال إضافية خلال شهر آيلول /2011,1,6,2011-09-30,300000.0,Y
165,2011,80,9,P,بدل جدول أجور الأجراء عن شهر آيلول 2011.,1,4,2011-09-30,2414000.0,Y
165,2011,81,18,P,بدل جدول أجور العمال عن شهر آيلول 2011.,2,14,2011-09-30,8194000.0,Y
165,2011,82,13,P,مكافأة مالية للكاتب لقاء قيامها بأعمال إضافية خلال شهر تشرين الأول 2011,1,6,2011-11-01,300000.0,Y
165,2011,83,14,P,مكافأة مالية للكاتب لقاء قيامها بأعمال إضافية خلال شهر تشرين الثاني 2011,1,6,2011-12-01,300000.0,Y
165,2011,84,10,P,بدل جدول أجور الأجراء عن شهر تشرين الأول 2011,1,4,2011-12-12,2444000.0,Y
165,2011,85,19,P,بدل إجرة جداول عمال وثمن مواد بناء .,2,14,2011-12-12,17346000.0,Y
165,2011,86,20,P,بدل أعمال اليات,2,14,2011-12-12,3037000.0,Y
165,2011,87,4,P,ثمن بطاقات ترويقة وعشاء  مساهمة  في نشاطات في البلدة,4,7,2011-12-22,750000.0,Y
165,2011,88,3,P,بدل فواتير لزوم صيانة سيارات البلدية والكمبريسور.,2,2,2011-12-22,1000000.0,Y
165,2011,89,3,E,ثمن قرطاسية وسحب خرائط ويافطات لزوم البلدية,1,7,2011-12-22,448000.0,Y
165,2010,26,26,P,بدل 21يوم من الفرصة السنوية للعام 2009,1,6,2010-04-06,615000.0,Y
165,2005,5,1,P,اجور عمال وثمن ترابة وبحص ورمل واجرة آليات ونقل لصيانة الطرق العامة خلال شهر كانون الثاني 2005,2,14,2005-01-31,1582000.0,Y
165,2005,6,1,P,بدل ايجار مقر البلدية القسط الرابع والأخير,1,9,2005-02-28,2700000.0,Y
165,2005,7,3,P,بدل اجور الموظفين عن شهر شباط 2005,1,2,2005-02-28,1570000.0,Y
165,2005,8,4,P,بدل اجور نقل للموظفين خلال شهر شباط 2005,1,6,2005-02-28,324000.0,Y
165,2005,9,1,P,بدل اتعاب اعمال محاسبة الى منى ابو انطون عن العام 2005,1,3,2005-02-28,12600000.0,Y
165,2005,10,5,P,قيمة جدول اجور الأجراء الدائمين عن شهر شباط 2005,1,4,2005-02-28,3025000.0,Y
165,2005,11,1,P,اجور عمال وثمن ترابة وبحص ورمل وقساطل وادوات,3,4,2005-02-28,2252000.0,Y
165,2005,12,6,P,اجور عمال وثمن ترابة وبحص ورمل وادوات مختلفة,2,14,2005-02-28,652000.0,Y
165,2005,13,1,P,ثمن بنزين لسيارات البلدية عن شهري كانون الثاني وشباط 2005,2,9,2005-02-28,950000.0,Y
165,2005,14,1,P,قيمة اشتراك ومخابرات هاتفية عن هاتفي البلدية رقم 769620و768985 القسط  الرابع 2004 وقيمة مخابرات خليوية عن ك2 وشباط وآذار 2005,1,10,2005-03-14,1054000.0,Y
165,2005,15,9,P,بدل تعويض اتعاب حبيب رزق الله عن العام 2004 بناءً لطلبه,1,6,2005-03-31,783000.0,Y
165,2005,16,8,P,بدل رواتب الموظفين عن شهر آذار 2005,1,2,2005-03-31,1570000.0,Y
165,2005,17,16,P,بدل اجور نقل للموظفين عن شهر آذار 2005,1,6,2005-03-31,402000.0,Y
165,2005,18,1,P,ثمن 7 بوالص تأمين صحية للموظفين والعمال الدائمين في البلدية عن العام 2005,5,6,2005-03-31,2793000.0,Y
165,2005,19,11,P,قيمة جدول اجور الأجراء الدائمين (وكلاء ورش وجباية وتنظيف مبنى البلدية) خلال شهر آذار 2005,1,4,2005-03-31,3049000.0,Y
165,2005,20,13,P,اجور عمال وآليات وثمن ترابة وبحص ورمل وادوات مختلفة,2,14,2005-03-31,3866000.0,Y
165,2005,21,14,P,ثمن محروقات لسيارات البلدية عن شهري آذار ونيسان 2005,2,9,2005-04-14,1211000.0,N
165,2005,22,17,P,بدل رواتب الموظفين عن شهر نيسان 2005,1,2,2005-04-30,1570000.0,Y
165,2005,23,18,P,بدل نقل للموظفين عن شهر نيسان 2005,1,6,2005-04-30,306000.0,Y
165,2005,24,20,P,قيمة جدول اجور الأجراء الدائمين عن شهر نيسان 2005,1,4,2005-04-30,3073000.0,Y
165,2005,25,12,P,اجور عمال وآليات وثمن ترابة وبحص ورمل وحديد وقساطل وغيرها,3,4,2005-04-30,4615000.0,Y
165,2005,26,21,P,اجور عمال وآليات وثمن ترابة وبحص ورمل وقساطل وادوات وغيرها,2,14,2005-04-30,3900000.0,Y
165,2005,27,22,P,ثمن محروقات لسيارات البلدية عن شهري آذار ونيسان 2005,2,9,2005-04-14,1236000.0,N
165,2005,28,28,P,ثمن محروقات لسيارات البلدية خلال شهري آذار ونيسان 2005,2,9,2005-04-14,1236000.0,Y
165,2005,29,25,P,قيمة جدول اجور الأجراء الدائمين (وكلاء ورش وجباية وتنظيف مبنى البلدية) خلال شهر ايار 2005,1,4,2005-05-31,3049000.0,Y
165,2005,30,27,P,اجور عمال وآليات وثمن ادوات مختلفة واحجار باطون وغيرها ...,2,14,2005-05-31,3337000.0,Y
165,2005,31,7,P,بدل ايجار مبنى البلدية من 1-6-2005 لغاية 28-2-2006,1,9,2005-05-31,8100000.0,Y
165,2005,32,23,P,بدل رواتب الموظفين عن شهر كانون الأول 2005,1,2,2005-12-30,1570000.0,Y
165,2005,33,33,P,بدل رواتب الموظفين عن شهر ايار 2005,1,2,2005-05-31,1570000.0,Y
165,2018,177,22,E,رواتب جلال بجاني وشربل بو خليل عن شهر كانون الأول 2018.,1,2,2018-12-31,3509000.0,Y
165,2018,146,9,P,جدول كوماري عاملة التنظيفات في مبنى البلدية خلال شهر تشرين الأول 2018.,2,8,2018-10-31,202000.0,Y
165,2018,178,30,P,بدل نقل لموظفين البلدية خلال شهر كانون الأول 2018,1,6,2018-12-31,640000.0,Y
165,2018,179,31,P,جلال بجاني ، بدل 35 ساعة إضافية خلال شهر كانون الأول 2018.,1,6,2018-12-31,385000.0,Y
165,2018,180,11,P,جدول كوماري عاملة التنظيفات في مبنى البلدية خلال شهر كانون الأول 2018.,2,8,2018-12-31,158000.0,Y
165,2018,181,3,P,مصاريف المساح لوضع نقاط المجاري الشتوية وطرقات رجل في منطقة الكحاله العقارية.,3,9,2018-12-31,975000.0,Y
165,2018,182,23,P,جداول عمال وإجرة آليات وثمن بضاعة صيانة مجارير وصيانة طريق الطاحون بسبب جرف الأتربة من السيول خلال شهر كانون الأول 2018.,2,14,2018-12-31,19601000.0,Y
165,2018,183,17,P,جداول عمال وفواتير لزوم أعمال تنظيف وتكنيس الطرقات والأقنية وجمع النفايات من أحياء البلدة ونقلها الى مركز الجمع خلال شهر كانون الأول 2018.,2,4,2018-12-31,10724000.0,Y
165,2018,184,7,P,إجرة عمال فنيين وثمن بضاعة لزوم صيانة شبكة الإنارة العامة خلال شهر كانون الأول 2018.,2,16,2018-12-31,302000.0,Y
165,2018,185,4,P,فواتير لزوم صيانة وتركيب الزينة في أحياء البلدة البلدة وإنشاء مغارة على مدخل البلدة بمناسبة عيد الميلاد.,5,2,2018-12-31,17910000.0,Y
165,2018,186,3,P,بدل مساعدات الى عائلات من أبناء الكحاله بمناسبة عيد الميلاد.,4,2,2018-12-31,10400000.0,N
165,2019,1,1,P,جداول الشرطة اليوميين ومسؤولين الأشغال اليوميين خلال شهر كانون الثاني 2019 عدد 2.,2,11,2019-02-22,15348000.0,Y
165,2019,2,2,P,جداول عمال (عدد 7) في أعمال صيانة الطرق صب باطون سقف وأعمدة على قبة كنيسة السيدة لتركيب شخص العذراء ولتنظيف وتكنيس الطرق والأقنية وجمع النفايات من أنحاء البلدة خلال شهر كانون الثاني 2019.,2,11,2019-02-22,8799000.0,Y
165,2019,3,1,P,فواتير لزوم صب باطون سقف وأعمدة على قبة كنيسة السيدة لتركيب شخص العذراء، صيانة قناة المياه قرب منزل طوني يوسف مسعود بجاني وغيرها من صيانة الطرق العامة خلال شهر كانون الثاني 2019.,2,14,2019-02-22,1311000.0,Y
165,2019,4,1,P,فاتورة لزوم نقل النفايات من أحياء البلدة الى مركز الجمع في العقار رقم 197/الكحاله خلال شهر كانون الثاني2019,2,4,2019-02-22,5500000.0,Y
165,2020,73,15,P,بدل مكافأة مالية لريما بجاني.,1,6,2020-12-03,2110000.0,Y
165,2020,74,14,P,جداول الشرطة اليوميين ومسؤول الأشغال خلال شهر تشرين الأول 2020.,2,11,2020-12-16,11103000.0,Y
165,2006,41,38,P,اجور عمال وآليات وثمن مواد بناء مختلفة,2,14,2006-08-31,11218000.0,Y
165,2014,15,4,P,ثمن آرمات لتركيبها على مداخل البلدة من شركة AGEVE,2,14,2014-03-20,4040000.0,Y
165,2014,16,1,P,فواتير مصروفة لصيانة الإنارة وفك الزينة خلال شهر كانون الثاني وشباط 2014.,2,16,2014-03-20,2369000.0,Y
165,2014,17,1,P,بدل إيجار مركز البلدية عن العام 2014,1,9,2014-03-20,7200000.0,Y
165,2014,18,1,P,رسوم رخصة البناء على العقار رقم 674/من منطقة الكحاله العقارية.,3,1,2014-03-20,4654000.0,Y
165,2014,19,5,P,راتب الكاتب عن شهر آذار 2014.,1,2,2014-04-01,1040000.0,Y
165,2014,20,6,P,راتب الشرطة عدد2 عن شهر آذار 2014.,1,2,2014-04-01,2221000.0,Y
165,2014,21,7,P,بدل نقل للكاتب والشرطة عدد2 خلال شهر  آذار 2014.,1,6,2014-04-01,624000.0,Y
165,2020,98,4,P,صيانة شبكة الإنارة خلال شهر كانون الأول 2020.,2,16,2020-12-31,2304000.0,Y
165,2020,99,5,P,فاتورة لزوم أعمال رفع النفايات من أحياء البلدة ونقلها الى مركز الجمع خلال شهر كانون الأول 2020.,2,4,2020-12-31,6750000.0,Y
165,2020,100,17,P,بدل معايدات لموظفي البلدية والشرطة اليوميين بمناسبة عيد الميلاد ورأس السنة.,1,6,2020-12-31,7500000.0,Y
165,2020,101,1,P,فاتورة ثمن 120 حصة غذائية لزوم مساعدة لبعض أبناء البلدة بمناسبة الأعياد.,4,2,2020-12-31,13200000.0,Y
165,2020,102,4,P,فواتير لزوم هدايا للمراجع الرسمية بمناسبة عيد الميلاد ورأس السنة.,5,1,2020-12-31,3858000.0,Y
165,2020,103,1,P,مساعدة لنادي Lions ومؤسسة عطاء المؤمنين.,4,11,2020-12-31,650000.0,Y
165,2020,104,3,P,فواتير لزوم أعمال مساحة وتخطيطات وإظهار حدود في عدة نقاط في البلدة.,3,9,2020-12-31,14200000.0,Y
165,2021,1,1,P,إجرة آليات حفر الطريق مقابل العقار رقم  1447 و1448 منطقة الكحاله العقارية.,2,14,2021-01-12,2850000.0,Y
165,2021,2,2,P,إجرة آليات حفر الطريق مقابل العقار رقم 1449 و1450 منطقة الكحاله العقارية.,2,14,2021-01-21,3000000.0,Y
165,2021,3,1,P,رواتب الموظفين عن شهر كانون الثاني 2021.,1,2,2021-01-31,7949000.0,Y
165,2021,4,1,P,بدل نقل لموظفين البلدية خلال شهر كانون الثاني 2021.,1,6,2021-01-31,528000.0,Y
165,2021,5,3,P,فاتورة حفر الطرق مقابل العقار رقم 1451 و1452/الكحاله.,2,14,2021-02-10,3000000.0,Y
165,2021,6,2,P,رواتب الموظفين عن شهر شباط 2021.,1,2,2021-03-01,7949000.0,Y
165,2021,7,2,P,بدل نقل للموظفين عن شهر شباط 2021.,1,6,2021-03-01,608000.0,Y
165,2021,8,3,P,رواتب الموظفين عن شهر آذار 2021.,1,2,2021-03-31,7949000.0,Y
165,2021,9,3,P,بدل نقل لموظفين البلدية خلال شهر آذار 2021,1,6,2021-03-31,704000.0,Y
165,2021,10,4,P,رواتب شهر نيسان 2021,1,2,2021-05-04,7949000.0,Y
165,2021,11,4,P,بدل نقل للموظفين خلال شهر آيار 2021,1,6,2021-05-04,608000.0,Y
165,2021,12,1,P,فواتير المحروقات خلال شهر كانون الثاني وشباط 2021,2,9,2021-05-04,1651000.0,Y
165,2021,13,1,P,قيمة عقد صيانة ومتابعة البرامج المالية البلدية عن العام 2021,2,2,2021-05-04,3000000.0,Y
165,2021,14,2,P,عقد صيانة آلة التصوير خلال العام 2021,2,2,2021-05-04,2381000.0,Y
165,2021,15,3,P,فواتير لزوم صيانة سيارات البلدية خلال شهر كانون الثاني وشباط وآذار 2021.,2,2,2021-05-04,2744000.0,Y
165,2021,16,1,P,فواتير ثمن حبر وورق A4 ويافطات وإفادات عقارية خلال شهر كانون الثاني وشباط وىذار ونيسان وآيار 2021.,1,7,2021-05-17,2561000.0,Y
165,2021,17,2,P,ثمن محروقات لزوم سيارات البلدية خلال شهر آذار ونيسان 2021.,2,9,2021-05-17,2357000.0,Y
165,2021,18,1,P,جداول الشرطة اليوميين ومسؤول الأشغال عن شهر كانون الثاني 2021.,2,11,2021-05-18,12485000.0,Y
165,2021,19,2,P,جداول الشرطة اليوميين ومسؤول الأشغال خلال شهر شباط 2021.,2,11,2021-05-18,12322000.0,Y
165,2021,20,3,P,جداول الشرطة اليوميين ومسؤول الأشغال خلال شهر آذار 2021,2,11,2021-05-18,11715000.0,Y
165,2021,21,4,P,جداول الشرطة اليوميين ومسؤول الأشغال خلال شهر نيسان 2021.,2,11,2021-05-18,11386000.0,Y
165,2021,22,5,P,جداول العمال اليوميين خلال شهر كانون الثاني وشباط وآذار ونيسان 2021.,2,11,2021-05-18,14886000.0,Y
165,2009,12,1,P,اجور عمال يوميين ثمن مواد بناء مختلفة واجور آليات لتنظيف وصيانة الطرق العامة,2,14,2009-01-31,12256000.0,Y
165,2009,13,1,P,بدل ايجار مبنى البلدية للسنة التأجيرية الثالثة من العقد عن العام 2009,1,9,2009-01-31,5400000.0,Y
165,2009,14,1,P,ثمن بوالص تأمين للموظفين والسيارات في البلدية عن العام 2009,5,6,2009-02-19,5000000.0,N
165,2009,15,1,P,بدل صيانة شبكة الإنارة العامة خلال كانون الثاني وشباط 2009 وفك زينة الأعياد,2,16,2009-02-25,1528000.0,Y
165,2009,16,12,P,بدل اتعاب منى بو انطون اعمال امانة صندوق ومكننة عن شهر شباط 2009,1,4,2009-02-28,1700000.0,Y
165,2009,17,13,P,اجور عمال وآليات وثمن ترابة وبحص ورمل واحجار باطون خلال شباط 2009,2,14,2009-03-02,6029000.0,Y
165,2009,18,15,P,ثمن سبعة بوالص تأمين للموظفين والأجراء عن العام 2009-2010,5,6,2009-02-19,4205000.0,Y
165,2009,19,18,P,اجرة عمال و اجرة اعمال jcb و ثمن ترابة و بحص و رمل مع اجرة نقل  لزوم  صيانة الطرق العامة,2,14,2009-03-31,6521000.0,Y
165,2009,20,16,P,بدل  صيانة شبكة الانارة العامة خلال شهر أذار 2009,2,16,2009-04-07,1009000.0,Y
165,2009,21,20,P,اجرة عمال و اجرة تركيب و دهان لوحات اعلانية  و اعمال jcb و نقل ردم و ثمن ترابة و ادوات مختلفة,2,14,2009-05-13,7589000.0,Y
165,2009,22,1,P,قيمة فواتير كهرباء لبنان و بدل اشتراك مولد كهربائي,2,12,2009-06-16,875000.0,Y
165,2009,23,3,P,تبرع لمؤسسة الامل للمعوفين,4,11,2009-06-19,30000.0,Y
165,2009,24,9,P,شراء كاميرا canon ديجيتال لزوم البلدية,2,1,2009-06-19,420000.0,Y
165,2009,25,22,P,بلاك  لزوم البلدية,2,14,2009-06-19,323000.0,Y
165,2021,66,6,P,ثمن محروقات لزوم سيارات خلال شهر آب 2021.,2,9,2021-09-30,548000.0,Y
165,2021,67,10,P,جداول الشرطة عن شهر آب وأيلول 2021.,2,11,2021-09-30,37432000.0,Y
165,2021,68,11,P,جداول العمال اليوميين خلال شهر آب وأيلول 2021.,2,11,2021-09-30,12375000.0,Y
165,2021,69,7,P,فواتير لزوم بناء جسر فوق مجرى النهر قرب العقار رقم 1163و1024/الكحاله وصيانة المجاري والطرقات وغيرها خلال شهر آب وأيلول 2021202120,2,14,2021-09-30,14939000.0,Y
165,2021,70,5,P,فواتير لزوم أعمال رفع النفايات من أحياء البلدة خلال شهر تموز وآب 2021.,2,4,2021-09-30,14000000.0,Y
165,2021,71,13,P,بدل مساعدة إجتماعية للموظفين العاملين ضمن ملاك البلدية بموجب تعميم وزارة الداخلية رقم 13180 تاريخ 24/9/2021.,1,6,2021-09-30,7790000.0,Y
165,2021,72,5,P,فواتير لزوم تصليح فيتاس سيارة Duster رقم 107456/م.,2,2,2021-09-30,12320000.0,Y
165,2021,73,8,P,صيانة الطرق الترابية في منطقة عين جمال لتسهيل مرور أصحاب العقارات.,2,14,2021-10-20,11250000.0,Y
165,2021,74,9,P,حفر قناة مياه لجر مياه عين جمال ووصلها بأقنية الباطون القائمة لتفادي فيضان المياه بسبب الشتاء.,2,14,2021-10-21,11562000.0,Y
165,2021,75,1,P,اعمال تأهيل الطريق التراب من في حي الغزندار من العقار رقم 338 الى العقار رقم 748/الكحاله,3,5,2021-10-27,11560000.0,Y
165,2021,76,2,P,تأهيل الطريق التراب في حي الغزندار من العقار رقم 760 الى العقار رقم 779/الكحاله,3,5,2021-10-29,10960000.0,Y
165,2021,77,10,P,رواتب الموظفين عن شهر تشرين الأول 2021.,1,2,2021-10-31,7949000.0,Y
165,2021,78,14,P,بدل نقل لموظفين البلدية خلال شهر تشرين الأول 2021.,1,6,2021-10-31,1824000.0,Y
165,2022,80,4,P,فواتير عمال جمع ورفع النفايات من أحياء البلدة خلال شهر حزيران وتموز 2022.,2,4,2022-10-12,14000000.0,Y
165,2022,81,5,E,فواتير ثمن محروقات خلال شهر آب وأيلول 2022,2,9,2022-10-12,39910000.0,Y
165,2022,82,10,P,رواتب الموظفين عن شهر تشرين الأول 2022,1,2,2022-10-28,8129000.0,Y
165,2022,83,23,E,بدل نقل للموظفين عن شهر تشرين الأول 2022,1,6,2022-10-28,7600000.0,Y
165,2022,84,24,E,بدل مساعدة اجتماعية لموظفين البلدية عن شهر تشرين الأول 2022.,1,6,2022-10-28,8110000.0,Y
165,2022,85,11,P,رواتب الموظفين عن شهر تشرين الثاني 2022.,1,2,2022-12-02,8199000.0,Y
165,2022,86,25,E,بدل نقل لموظفين البلدية عن شهر تشرين الثاني 2022.,1,6,2022-12-02,7980000.0,Y
165,2022,87,26,E,بدل مساعدة لموظفين البلدية عن شهر تشرين الثاني 2022.,1,6,2022-12-02,8110000.0,N
165,2022,88,27,E,بدل مساعدة اجتماعية لموظفين البلدية عن شهر تشرين الثاني 2022.,1,6,2022-12-02,8180000.0,Y
165,2022,89,1,P,ثمن 2 كارت لحفلة موسيقية مساهمة لدعم الكونسرفتوار الوطني اللبناني.,4,4,2022-12-09,1200000.0,Y
165,2022,90,2,P,إجرة تجهيز مبنى البلدية بنظام طاقة على البطارية.,2,5,2022-12-09,4200000.0,Y
165,2022,91,2,P,بدل استهلاك مولد كهرباء عن شهر تشرين الأول وتشرين الثاني وكانون الأول 2022.,2,12,2022-12-16,1350000.0,Y
165,2022,92,12,P,جداول الشرطة اليوميين عن شهر تشرين الأول 2022.,2,11,2022-12-23,35920000.0,Y
165,2022,93,13,E,جداول الشرطة اليوميين عن شهر تشرين الثاني 2022.,2,11,2022-12-23,34910000.0,Y
165,2022,94,14,E,جدول العمال اليوميين عن شهر تشرين الأول وتشرين الثاني 2022,2,11,2022-12-23,15550000.0,Y
165,2022,95,5,P,فواتير إجرة poclain وصيانة مجارير وبناء حائط وصيانة شبكة المياه خلال شهر تشرين الأول وتشرين الثاني 2022,2,14,2022-12-23,37340000.0,Y
165,2022,96,2,P,إجرة ونش  لتشحيل الأشجار التي تؤثر على كابلات الكهرباء .,2,16,2022-12-23,6000000.0,Y
165,2022,97,5,P,فواتير جمع ورفع النفايات من انحاء البلدة خلال شهر آب وأيلول 2022,2,4,2022-12-23,14000000.0,Y
165,2022,98,10,E,فواتير لزوم صيانة سيارات البدية خلال شهر تشرين الأو ل وتشرين الثاني 2022.,2,2,2022-12-23,35375000.0,Y
165,2022,99,1,P,فواتير مساهمة في تصليح سيارات مخفر عاليه ومخفر عاريا.,4,12,2022-12-23,4500000.0,Y
165,2022,100,6,E,فواتير ثمن محروقات لزوم سيارات البلدية خلال شهر تموز وتشرين الأول 2022.,2,9,2022-12-23,38240000.0,Y
165,2022,101,7,P,ثمن محروقات لزوم سيارات البلدية في شهر تموز 2022.,2,9,2022-12-23,2465000.0,Y
165,2022,102,28,E,مفعول رجعي لموظفين البلدية بدل مساعدة اجتماعية عن ضعفي الراتب بموجب المادة رقم 111 من موازنة العام 2022 عن شهر تشرين الأول وتشرين الثاني 2022.,1,6,2022-12-23,15730000.0,Y
165,2022,103,4,P,دفعة من بوليصة التأمين لزوم سيارة R12 رقم 168765/ب,5,6,2022-12-23,200000.0,Y
165,2022,104,5,E,ثمن بوالص تأمين لزوم  سيارات Duster رقم 107552/م وR12 رقم 168765/ب وR12 Staion.,5,6,2022-12-23,7200000.0,Y
165,2022,105,2,P,فواتير ثمن حبر ويافطة .,1,7,2022-12-23,3065000.0,Y
165,2022,106,2,P,فواتير الهاتف العادي والخليوي عن شهرايلول و تشرين الأول وتشرين الثاني 2022.,1,10,2022-12-23,1878000.0,Y
165,2022,107,2,P,فاتورة ثمن محارم وادوات تنظيف .,2,8,2022-12-30,1179000.0,Y
165,2024,195,14,P,رواتب شهر كانون الأول 2024,1,2,2024-12-20,8449000.0,N
165,2024,196,26,E,بدل نقل لموظفين البلدية خلال شهر كانون الأول 2024,1,6,2024-12-20,32400000.0,Y
165,2024,197,27,E,بدل 8 اضعاف راتب شهر كانون الأول مع بدل 8 صفائح محروقات.,1,6,2024-12-20,90320000.0,Y
165,2024,205,1,P,فواتير صيانة زينة الميلاد وإجرة نقل المسرح وكراسي وطاولات لزوم تجهيز للإحتفال بالأعياد.,5,2,2024-12-20,35430000.0,Y
165,2024,206,5,P,فواتير لزوم اعمال جمع ورفع النفايات من أحياء البلدة خلال شهر تشرين الثاني وكانون الأول 2024.,2,4,2024-12-20,14000000.0,Y
165,2024,207,1,P,بدل مساعدة الشرطة اليوميين بمناسبة عيد الميلاد ورأس السنة.,4,2,2024-12-20,36000000.0,Y
165,2024,208,2,P,بدل مساعدة لشبان لمساندتهم لشرطة البلدية في الأقات الصعبة خلال شهر تشرين الثاني وكانون الأول 2024.,4,2,2024-12-20,27000000.0,Y
165,2024,209,13,P,فاتورة المحروقات لزوم سيارات البلدية خلال شهر كانون الأول 2024.,2,9,2024-12-20,37272000.0,Y
165,2025,15,6,P,جدول الشرطة اليوميين من 16/1/2025 لغاية 31/1/2025.,2,11,2025-03-27,30000000.0,Y
165,2025,16,7,P,جدول الشرطة اليوميين من 1/2/2025 لغاية15/2/2025.,2,11,2025-03-27,35000000.0,Y
165,2025,17,8,P,جدول الشرطة اليوميين من 16/2/2025 لغاية 28/2/2025,2,11,2025-03-27,21000000.0,Y
165,2025,18,9,P,جدول عناصر الحرس من 16/2/2025 لغاية 28/2/2025,2,11,2025-03-27,33000000.0,Y
165,2025,47,3,P,اعمال جمع ورفع النفايات خلال شهر نيسان 2025.,2,4,2025-04-14,7000000.0,Y
165,2025,48,1,P,فواتير الهاتف العادي رقم 05/768985 و05769620 والهاتف الخليوي رقم 03950190 من شهر كانون الأول 2024 لغاية شهر آذار 2025.,1,10,2025-04-25,10422000.0,Y
165,2025,52,14,P,جدول معاون مفوض الشرطة من 2025/3/1 لغاية 2025/3/15 .,2,11,2025-04-30,32300000.0,Y
165,2025,53,15,P,جدول معاون مفوض الشرطة من 2025/3/16 لغاية 2025/3/31.,2,11,2025-04-30,34200000.0,Y
165,2025,54,16,P,جدول معاون مفوض الشرطة من 2025/4/1 لغاية 2025/4/15.,2,11,2025-04-30,34200000.0,Y
165,2025,55,17,P,جدول معاون مفوض الشرطة من 2025/4/16 لغاية 2025/4/30.,2,11,2025-04-30,34200000.0,Y
165,2025,56,18,P,جداول الشرطة عن شهر آذار 2025.,2,11,2025-04-30,39100000.0,Y
165,2025,57,19,P,جدول الشرطة اليوميين عن شهر نيسان 2025.,2,11,2025-04-30,40300000.0,Y
165,2025,58,20,P,جدول عماصر الحرس اليوميين من 2025/3/1 لغاية 2025/3/15.,2,11,2025-04-30,30800000.0,Y
165,2025,59,21,P,جدول الحراس اليوميين من 2025/3/16 لغاية 2025/3/31.,2,11,2025-04-30,30800000.0,Y
165,2025,60,22,P,جدول الحرس اليوميين من 2025/4/1 لغاية 2025/4/15,2,11,2025-04-30,31900000.0,Y
165,2025,151,58,P,ثمن كميون صخر لزوم عمار حائط قرب العقار رقم 1869/عاريا عقارياً في شهر آيار 2025.,2,14,2025-05-23,49950000.0,Y
165,2025,152,59,P,ثمن كميون صخر لزوم عمار حائط قرب العقار رقم 1869/عاريا عقارياً في شهر آيار.,2,14,2025-05-23,49950000.0,Y
165,2025,153,60,P,ثمن مواد بناء لزوم عمار حائط قرب العقار رقم 1869/عاريا عقارياً في شهر آيار.,2,14,2025-05-23,43200000.0,Y
165,2025,154,4,P,فاتورة لزوم أعمال جمع ورفع النفايات من أحياء البلدة في شهر نيسان 2025.,2,4,2025-05-23,7000000.0,Y
165,2025,155,4,P,قيمة السند رقم 6/3 من ثمن بوالص التأمين للموظفين وعائلاتهم.,5,6,2025-05-23,49500000.0,Y
165,2021,23,4,P,فواتير لزوم صيانة الطرقات وشبكة الصرف الصحي خلال شهر كانون الثاني وشباط وآذار ونيسان 2021.,2,14,2021-05-18,18981000.0,Y
165,2021,24,1,P,فواتير إجرة ونش هيدروليك وثمن بضاعة وإجرة عمال فنيين لزوم صيانة الإنارة العامة خلال شهر كانون الثاني وشباط وآذار ونيسان 2021,2,16,2021-05-18,3766000.0,Y
165,2021,25,1,P,فواتير لزوم أعمال رفع النفايات من أحياء البلدة ونقلها الى مركز الجمع خلال شهر كانون الثاني وشباط وآذار 2021.,2,4,2021-05-18,17250000.0,Y
165,2021,26,1,P,بدل إيجار العقار رقم 197/منطقة الكحاله العقارية من 1/1/2021 لغاية 31/3/2021,1,9,2021-05-18,4500000.0,Y
165,2021,27,1,P,ثمن 7 بوالص تأمين لزوم موظفين البلدية وعائلاتهم من 1/3/2021 لغاية 28/2/2022.,5,6,2021-05-18,6411000.0,Y
165,2021,28,1,P,فواتير ثمن مياه وبن واغراض نثرية لزوم ضيافة في مبنى البلدية خلال شهر كانون الثاني وشباط وآذار ونيسان وأيار 2021.,5,1,2021-05-31,2814000.0,Y
165,2021,29,5,P,رواتب الموظفين عن شهر آيار 2021.,1,2,2021-05-31,7949000.0,Y
165,2021,30,5,P,بدل نقل للموظفين خلال شهر آيار 2021,1,6,2021-05-31,544000.0,Y
165,2021,31,6,P,رواتب الموظفين عن شهر حزيران 2021.,1,2,2021-06-30,7949000.0,Y
165,2021,32,6,P,بدل نقل لموظفين البلدية عن شهر حزيران 2021.,1,6,2021-06-30,704000.0,Y
165,2021,33,7,P,رواتب الموظفين عن شهر تموز2021,1,2,2021-08-02,7949000.0,Y
165,2021,34,7,P,بدل نقل لموظفين البلدية خلال شهر تموز 2021.,1,6,2021-08-02,608000.0,Y
165,2021,35,8,P,بدل مكافآة مالية لموظفين البلدية خلال شهر تموز 2021,1,6,2021-08-02,1900000.0,Y
165,2021,36,1,E,صرف فاتورة ثمن مكنة أوكسيجين لزوم حاجة مرضى الكورونا من أبناء البلدة.,4,1,2021-08-05,11948000.0,Y
165,2021,37,6,P,جدول الشرطة اليوميين ومسؤول الأشغال خلال شهر آيار 2021,2,11,2021-08-06,10429000.0,Y
165,2021,38,7,P,جدول الشرطة ومسؤول الأشغال خلال شهر حزيران 2021.,2,11,2021-08-06,15960000.0,Y
165,2021,39,8,P,جدول الشرطة ومسؤول الأشغال خلال شهر تموز 2021.,2,11,2021-08-06,18003000.0,Y
165,2021,40,9,P,جدول اعمال اليوميين عدد(6) عن شهر آيار وحزيران وتموز 2021,2,11,2021-08-06,9568000.0,Y
165,2021,41,5,P,فواتير لزوم أعمال صب درج قرب مزار سانت ريتا وفلش زفت وصيانة شبكة المياه خلال شهر آيار وحزيران وتموز 2021.,2,14,2021-08-06,11927000.0,Y
165,2021,42,6,P,فواتير لزوم صب  جسر فوق مجرى النهر قرب العقار رقم 1013 و1156/الكحاله,2,14,2021-08-06,14220000.0,Y
165,2021,43,2,P,اجرة ونش سلة لزوم صيانة الإنارة العامة خلال شهر حزيران 2021.,2,16,2021-08-06,900000.0,Y
165,2021,44,2,P,فواتير لزوم اعمال رفع النفايات من أحياء البلدة ونقلها الى مركز الجمع خلال شهر نيسان وآيار 2021.,2,4,2021-08-06,14000000.0,Y
165,2021,45,3,P,اعمال رفع النفايات من احياء البلدة ونقلها الى مركز الجمع خلال شهر حزيران 2021.,2,4,2021-08-06,7000000.0,Y
165,2021,46,9,P,بدل مساعدات مدرسية للشرطي جلال بجاني عن اولاده  للعام الدراسي 2020-2021.,1,6,2021-08-06,8180000.0,Y
165,2021,47,2,P,ثمن بوالص تأمين عدد2 لزوم عمال البلدية وسيارة DUSTER .,5,6,2021-08-06,5020000.0,Y
165,2021,48,3,P,فواتير بنزين لزوم سيارات البلدية خلال اشهر كانون الثاني لغاية آيار 2021.,2,9,2021-08-06,2052000.0,Y
165,2021,49,1,P,فواتير لزوم مخابرات الهاتف العادي والخليوي من شهر كانون الأول 2020 لغاية حزيران 2021.,1,10,2021-08-06,2491000.0,Y
165,2021,79,15,P,بدل مكافآة مالية خلال شهر أيلول وتشرين الأول 2021.,1,6,2021-10-31,1000000.0,Y
165,2021,80,7,P,فواتير ثمن محروقات خلال شهر تشرين الأول 2021.,2,9,2021-11-10,3535000.0,Y
165,2021,81,8,E,فواتير ثمن محروقات خلال شهر تشرين الأول 2021,2,9,2021-11-10,4481000.0,Y
165,2021,82,11,P,رواتب شهر تشرين الثاني 2021.,1,2,2021-11-30,7949000.0,Y
165,2021,83,16,E,بدل نقل للموظفين عن شهر تشرين الثاني 2021.,1,6,2021-11-30,2016000.0,Y
165,2021,84,17,E,بدل مكافأة مالية لموظفين البلدية خلال شهر تشرين الثاني 2021,1,6,2021-11-30,1900000.0,Y
165,2021,85,9,E,ثمن محروقات لزوم سيارات البلدية خلال شهر تشرين الثاني 2021.,2,9,2021-11-30,11130000.0,Y
165,2021,86,12,P,جداول الشرطة اليوميين ومسؤول الأشغال خلال شهر تشرين الأول وتشرين الثاني 2021,2,11,2021-12-10,44220000.0,Y
165,2021,87,13,P,جداول العمال اليوميين خلال شهر تشرين الأول وتشرين الثاني 2021.,2,11,2021-12-10,6995000.0,Y
165,2021,88,10,P,فواتير لزوم انشاء حائط دعم قرب العقار رقم 1735و1728/عاليه عقارياً والكحاله بلدياً وصيانة الأقنية و الطرقات وغيرها  خلال شهر تشرين الأول وتشرين الثاني 2021.,2,14,2021-12-10,44262000.0,Y
165,2021,89,1,P,ثمن زيت وفيلتر وصيانة لمولد الكهرباء التابع لبئر المياه خلال شهر تشرين الأول وتشرين الثاني 2021.,2,15,2021-12-10,14977000.0,Y
165,2021,90,6,P,فواتير لزوم أعمال رفع وجمع النفايات خلال شهر أيلول وتشرين الأول 2021.,2,4,2021-12-10,1400000.0,N
165,2021,91,7,P,فواتير لزوم أعمال رفع وجمع النفايات خلال شهر أيلول وتشرين الأول 2021,2,4,2021-12-10,14000000.0,Y
165,2021,92,2,P,ثمن ثياب ورينجر لزوم الشرطة.,1,8,2021-12-02,9114000.0,Y
165,2021,93,2,P,بدل اشتراك مولد كهرباء عن شهر تشرين الأول وتشرين الثاني وكانون الأول 2021.,2,12,2021-12-16,675000.0,Y
165,2021,94,3,P,إجرة بوكلين لزوم تنظيف الطريق من العقار رقم 748/ الكحاله الى حدود الكحاله لتأهيل الطريق.,3,5,2021-12-20,11875000.0,Y
165,2021,95,3,P,فواتير الهاتف العادي رقم 05/768985و05/769620 والخليوي رقم 03950190 عن شهر أيلول وتشرين الأول وتشرين الثاني 2021,1,10,2021-12-21,580000.0,Y
165,2021,96,3,P,ثمن بوالص تأمين لزوم 3 سيارات البلدية .,5,6,2021-12-27,2190000.0,Y
165,2021,97,3,P,فواتير ثمن دفاتر وقرطاسية ودرع تكريمي ولوحة عاكسة للضوء، ورسم لجنة تخمين.,1,7,2021-12-27,9514000.0,Y
165,2019,113,22,P,بدل مساعدة مدرسية للشرطي جلال بجاني عن ابنه ايليو للعام 2019.,1,6,2019-10-31,2710000.0,Y
165,2019,114,12,P,رواتب الموظفين عن شهر تشرين الثاني 2019.,1,2,2019-12-02,7709000.0,Y
165,2010,68,55,P,مكافأة مالية لقاء قيامها بأعمال إضافية في شهر آب /2010,1,6,2010-09-01,300000.0,Y
165,2017,211,21,E,جداول عمال وإجرة آليات وثمن بضاعة خلال شهر كانون الأول 2017,2,14,2017-12-29,18909000.0,Y
165,2017,212,6,P,جداول عمال وثمن بضاعة لزوم تكملة إنشاء درج وحائط قرب منزل عماد ميلاد بجاني ومنصور عقل بجاني.,3,5,2017-12-29,5603000.0,Y
165,2017,213,9,P,إجرة عمال فنيين وثمن بضاعة لصيانة الإنارة العامة في كانون الأول 2017.,2,16,2017-12-29,686000.0,Y
165,2017,214,22,P,جداول عمال وإجرة نقل نفايات الى خارج البلدة.,2,4,2017-12-29,19922000.0,Y
165,2017,215,9,E,جداول عمال وإجرة ونش وثمن بضاعة لصيانة وتركيب زينة الميلاد.,5,2,2017-12-29,11962000.0,Y
165,2022,108,12,P,رواتب الموظفين عن شهر كانون الأول 2022.,1,2,2022-12-30,8199000.0,Y
165,2022,109,29,E,بدل نقل للموظفين عن شهر كانون الأول 2022.,1,6,2022-12-30,7980000.0,Y
165,2022,110,30,E,بدل مساعدة ضعفي الراتب بموجب المادة 111 من موازنة العام 2022.,1,6,2022-12-30,16080000.0,Y
165,2022,111,2,P,فواتير ثمن مياه وبن  وشوكولا وغيرها لزوم الضيافة وللإحتفال بمناسبة عيد الميلاد ورأس السنة.,5,2,2022-12-30,11056000.0,Y
165,2022,118,6,P,فواتير اعمال جمع ورفع النفايات من أحياء البلدة خلال شهر تشرين الأول وتشرين الثاني وكانون الأول 2022.,2,4,2022-12-30,21000000.0,Y
165,2022,119,1,P,بدل مساعدة للشرطة اليوميين بمناسبة عيد الميلاد ورأس السنة 2022-2023.,4,2,2022-12-30,12000000.0,Y
165,2023,17,5,P,جداول العمال عن شهر شباط وآذار 2023,2,11,2023-04-05,23000000.0,Y
165,2023,21,1,P,الدفعة الأولى من بوالص التأمين لمواظفين البلدية وعائلاتهم .,5,6,2023-04-05,31950000.0,Y
165,2023,22,3,P,صيانة برنامج المحاسبة للعام 2023.,2,2,2023-04-05,28000000.0,N
165,2023,35,2,P,فواتير اعمال جمع ورفع النفايات من أحياء البلدة خلال شهر آذار ونيسان 2023.,2,4,2023-05-10,14000000.0,Y
165,2023,38,7,P,ثمن محروقات لزوم سيارات البلدية عن شهر نيسان 2023.,2,9,2023-05-10,45621000.0,Y
165,2023,52,2,P,فواتير ثمن قرطاسية ويافطات.,1,7,2023-06-07,7991000.0,Y
165,2023,53,3,P,بدل إيجار منصة مواكبة لعام كامل.,1,7,2023-06-07,7000000.0,Y
165,2023,60,13,P,جداول العمال اليوميين عن شهر حزيران 2023,2,11,2023-07-28,20300000.0,Y
165,2026,54,1,P,فواتير لزوم اشتراك مولد كهرباء من شهر كانون الثاني لغاية شهر آيار 2026 وفواتير كهرباء من شهر آذار لغاية تموز 2025,2,12,2026-05-18,29640000.0,Y
165,2026,55,2,P,فواتير ثمن أغراض نثرية لزوم ضيافة ومصاريف في مبنى البلدية خلال شهر نيسان وآيار 2026,5,1,2026-05-18,69605000.0,Y
165,2026,57,7,P,جدول مفوض البلدية في الدوائر ومراقب الأشغال ومعاون مفوض الشرطة وجهاز الشرطة اليوميين عن شهر نيسان 2026.,2,11,2026-05-12,528070000.0,Y
165,2026,58,8,P,جداول العمال اليوميين (عدد 2) عن شهر نيسان 2026.,2,11,2026-05-12,344000000.0,Y
165,2026,59,11,P,فواتير إجرة آليات وثمن مواد بناء لزوم صيانة طرقات ومجارير وأقنية خلال شهر نيسان 2026,2,14,2026-05-12,310275000.0,Y
165,2026,60,2,P,أعمال استبدال أجهزة الإنارة بأجهزة LED (عدد34).,2,16,2026-05-12,405170000.0,Y
165,2026,61,3,P,فواتير لزوم اعمال صيانة الإنارة العامة خلال شهر نيسان 2026.,2,16,2026-05-12,286740000.0,Y
165,2026,62,3,P,فاتورة ثمن أغراض سنكرية لزوم صيانة شبكة المياه خلال شهر نيسان 2026.,2,15,2026-05-12,30645000.0,Y
165,2026,63,1,P,فواتير لزوم اعمال جمع ورفع النفايات من أحياء البلدة من شهر كانون الأول 2025 لغاية شهر آذار 2026.,2,4,2026-05-12,28000000.0,Y
165,2026,64,1,P,بدل مساعدة مالية لزوم صيانة سيارة درك عاليه.,4,12,2026-05-12,36000000.0,Y
165,2026,65,1,P,فواتير الهاتف العادي والخليوي من شهر كانون الأول 2025 لغاية شهر نيسان 2026 واشتراك انترنيت في شهر آذار ونيسان 2026 لعمال ساحة مار الياس.,1,10,2026-05-21,21875000.0,Y
165,2026,66,5,P,رواتب الموظفين عن شهر آيار 2026.,1,2,2026-06-01,8649000.0,Y
165,2023,78,4,E,بدل اشتراك في الجريدة الرسمية الإلكترونية وثمن حبر وقرطاسية.,1,7,2023-08-23,11125000.0,Y
165,2025,156,5,P,فواتير لزوم تصليح سيارة DUSTER رقم 107552/م وتصليح سنترال مبنى البلدية.,2,2,2025-05-23,22000000.0,Y
165,2025,157,3,P,فاتورة بدل اشتراك بمولد الكهرباء لزوم مبنى البلدية في شهر آيار 2025,2,12,2025-05-23,4100000.0,Y
165,2025,158,3,P,فواتير ثمن سيكار هدية وثمن مياه في شهر آيار 2025.,5,1,2025-05-23,11020000.0,Y
165,2025,159,2,P,فواتير الهاتف الخليوي والعادي عن شهر نيسان 2025,1,10,2025-05-27,2345000.0,Y
165,2025,215,67,P,فواتير لزوم أعمال حفر (JCB) قرب عين الحية لزوم تسوية مجرى الصرف الصحي الأتي من منطقة عاليه  وتنظيف الطرق والأقنية خلال شهر آب 2025.,2,14,2025-09-16,50850000.0,Y
165,2025,216,6,P,فواتير ثمن أغراض سنكرية لزوم صيانة شبكة المياه في أحياء البلدة خلال شهر آب 2025.,2,15,2025-09-16,23650000.0,Y
165,2025,278,7,P,بدل ايجار ملعب الرياضي من بلدية عاريا خلال شهر تشرين الأول وتشرين الثاني 2025.,5,9,2025-12-27,17340000.0,N
165,2026,1,1,P,جدول مفوض البلدية في الدوائر ومراقب الأشغال ومعاون مفوض الشرطة وجهاز الشرطة اليوميين والعمال اليوميين من 16/12/2025 لغاية 31/12/2025.,2,11,2026-01-30,400280000.0,Y
165,2026,2,1,P,فواتير لزوم صيانة الجهة الشرقية والشمالية لمبنى البلدية من النش وتركيب باب زجاجي على مدخل البلدية.,2,5,2026-01-30,430785000.0,Y
165,2026,3,1,P,قيمة عقد صيانة ومتابعة البرامج المالية خلال العام 2026,2,2,2026-01-30,120000000.0,Y
165,2026,5,1,P,رواتب الموظفين عن شهر كانون الثاني 2026.,1,2,2026-02-02,8579000.0,Y
165,2026,23,1,P,فاتورة محروقات لزوم سيارات البلدية خلال شهر كانون الثاني 2026.,2,9,2026-03-10,57540000.0,Y
165,2026,24,3,P,بدل رواتب الموظفين عن شهر آذار 2026.,1,2,2026-03-31,8649000.0,Y
165,2026,27,2,P,ثمن محروقات لزوم سيارات البلدية خلال شهر شباط وآذار 2026.,2,9,2026-03-31,65358000.0,Y
165,2026,40,1,P,فواتير مصاريف نثرية لزوم ضيافة في مبنى البلدية وغيرها خلال شهر كانون الثاني وشباط وآذار 2026.,5,1,2026-04-14,76655000.0,Y
165,2026,56,4,P,فواتير لزوم صيانة سيارات البلدية خلال شهر نيسان وآيار 2026.,2,2,2026-05-18,90700000.0,Y
165,2026,70,9,P,جداول مفوض البلدية ومراقب الأشغال والشرطة اليوميين عن شهر آيار 2026.,2,11,2026-06-17,446928000.0,Y
165,2025,169,43,P,جدول الشرطة اليوميين من 1/6/2025 لغاية 15/6/2025,2,11,2025-07-10,20800000.0,Y
165,2025,207,5,P,قيمة السند رقم 4/6و5/6و6/6 من ثمن بوالص التأمين لموظفين البلدية وعائلاتهم .,5,6,2025-08-12,148500000.0,Y
165,2025,208,7,P,فاتورة ثمن محروقات لزوم سيارات البلدية خلال شهر تموز 2025,2,9,2025-08-12,33986000.0,Y
165,2025,210,17,P,بدل نقل للموظفين عن شهر آب 2025.,1,6,2025-09-01,32400000.0,Y
165,2025,211,18,P,بدل تعويض مؤقت لموظفين البلدية بموجب المادة 111 من موازنة العام 2022 والمراسيم رقم 11227/2023 و14033/2024 عن شهر آب 2025,1,6,2025-09-01,144480000.0,Y
165,2025,222,4,P,ثمن حشاشة,2,1,2025-09-01,8100000.0,Y
165,2025,223,6,P,ثمن بوليصة تأمين لزوم سيارة duster رقم107456/م,5,6,2025-09-01,9000000.0,Y
165,2025,224,8,P,فواتير لزوم جمع ورفع النفايات خلال شهر آب 2025,2,4,2025-09-01,7000000.0,Y
165,2025,225,1,P,ثمن أكس لكراسي المكتب عدد5.,2,3,2025-09-01,8550000.0,Y
165,2025,226,5,P,ثمن جيله عدد20 لزوم فريق الكرة السلة.,1,8,2025-09-01,31350000.0,Y
165,2021,50,8,P,رواتب الموظفين عن شهر آب 2021,1,2,2021-08-31,7949000.0,Y
165,2021,51,10,P,بدل نقل لموظفين البلدية خلال شهر آب 2021.,1,6,2021-08-31,576000.0,Y
165,2021,52,11,P,بدل مكافأة مالية لموظفين البلدية خلال شهر آب 2021,1,6,2021-08-31,1900000.0,Y
165,2021,53,2,P,فواتير الهاتف العادي رقم 05/768985 و05/769620 والخليوي رقم 03950190 عن شهر تموز وآب2021,1,10,2021-09-23,392000.0,Y
165,2021,54,1,P,بدل اشتراك مولد الكهرباء من شهر كانون الثاني لغاية آيلول2021 وفواتير الكهرباء من شهر كانون الثاني لغاية شهر نيسان 2019 لزوم مبنى البلدية.,2,12,2021-09-23,2137000.0,Y
165,2021,55,1,P,فاتورة لزوم ثياب للشرطة,1,8,2021-09-23,1620000.0,Y
165,2021,56,4,P,فواتير ثمن مستوعب نفايات عدد2 وتنظيف وتشحيل أحواض الزهور قرب النصب الشهداء.,2,4,2021-09-23,920000.0,Y
165,2021,57,1,P,فواتير ثمن ROUTER لزوم مبنى البلدية و BARCODE لزوم المستوصف.,2,1,2021-09-23,1610000.0,Y
165,2021,58,2,P,فواتير لزوم اشتراك في الجريدة الرسمية ، ثمن حبر  ويافطات .,1,7,2021-09-23,1986000.0,Y
165,2021,59,1,P,بدل اكاليل عن نفس المرحومة جوليات بجاني ارملة المرحوم شبيب ملحم الزغبي.,5,9,2021-09-23,300000.0,Y
165,2021,60,2,P,فواتير ثمن مياه وبن ومحارم وغيرها من مصارف نثرية لزوم مبنى البلدية خلال شهر حزيران وتموز وآب وأيلول 2021,5,1,2021-09-30,4426000.0,Y
165,2021,61,4,P,ثمن محروقات لزوم سيارات البلدية خلال شهر حزيران وتموز 2021.,2,9,2021-09-30,3854000.0,Y
165,2021,62,4,P,فواتير لزوم صيانة سيارات البلدية وسنترال مبنى البلدية  ومكنة القهوة.,2,2,2021-09-30,6357000.0,Y
165,2021,98,3,P,فواتير ثمن مياه وبن ونسكافة وغيرها من لزوم الضيافة في مبنى البلدية.,5,1,2021-12-30,4469000.0,Y
165,2021,99,10,E,فواتير محروقات لزوم سيارات البلدية خلال شهر كانون الأول 2021,2,9,2021-12-30,11420000.0,Y
165,2021,100,6,P,فواتير لزوم  صيانة سيارات البلدية وأجهزة الكمبيوتر خلال شهر تشرين الأول وتشرين الثاني وكانون الأول2021.,2,2,2021-12-30,2509000.0,Y
165,2021,101,12,P,رواتب الموظفين خلال شهر كانون الأول 2021,1,2,2021-12-30,7949000.0,Y
165,2021,102,18,E,بدل نقل للموظفين خلال شهر كانون الأول 2021.,1,6,2021-12-30,2016000.0,Y
165,2021,103,19,P,بدل مكافأة مالية لجلال بجاني للقيام بأعمال إضافية خلال شهر كانون الأول 2021.,1,6,2021-12-30,500000.0,Y
165,2021,104,20,E,بدل معايدات لموظفين البلدية بمناسبة عيد الميلاد ورأس السنة 2021-2022.,1,6,2021-12-30,6900000.0,Y
165,2021,105,11,P,فواتير لزوم تنظيف النهر من منطقة الزغندار من العقار رقم 339 لغاية العقار رقم 343من منطقة الكحاله العقارية.,2,14,2021-12-30,11900000.0,Y
165,2021,106,14,P,جداول الشرطة اليوميين ومسؤول الأشغال خلال شهر كانون الأول 2021.,2,11,2021-12-30,26880000.0,Y
165,2021,107,15,P,جداول عمال يوميين خلال شهر كانون الأول 2021.,2,11,2021-12-30,10795000.0,Y
165,2021,108,4,P,فواتير لزوم إنشاء قناة مياه من الباطون في حي الشحار وتنظيف النهر من العقار رقم 793 لغاية 811 من منطقة الكحاله العقارية.,3,5,2021-12-30,48215000.0,Y
165,2021,63,5,P,ثمن محروقات لزوم سيارات البلدية خلال شهر آب وأيلول2021,2,9,2021-09-30,10003000.0,Y
165,2021,110,8,P,فواتير لزوم اعمال جمع ورفع النفايات من أحياء البلدة خلال شهر تشرين الثاني وكانون الأول 2021.,2,4,2021-12-30,14000000.0,Y
165,2017,216,10,E,جدول عمال وفواتير لزوم تركيب مغارة ومصاريف الإحتفال يوم إضاءتها.,5,2,2017-12-29,14579000.0,Y
165,2017,217,6,E,فواتير لزوم هدايا وArrangements لبعض أبناء الكحاله بمناسبة الأعياد.,5,1,2017-12-29,4610000.0,Y
165,2017,218,4,P,مساعدات الى عائلات من أبناء الكحاله بمناسبة الأعياد.,4,2,2017-12-29,400000.0,Y
165,2017,219,5,E,مساعدات الى عائلات من أبناء الكحاله بمناسبة الأعياد.,4,2,2017-12-29,10000000.0,Y
165,2017,220,7,P,فواتير لزوم مصاريف الضيافة في مبنى البلدية مع مصاريف نثرية.,5,1,2017-12-29,1368000.0,Y
165,2017,221,8,E,فواتير لزوم مصاريف الضيافة في مبنى البلدية مع مصاريف نثرية.,5,1,2017-12-29,800000.0,Y
165,2018,1,1,P,راتب ريما بجاني وكارول بو خليل الفغالي عن شهر كانون الثاني 2018.,1,2,2018-01-31,1584000.0,Y
165,2018,2,2,P,راتب جلال بجاني وشربل ابي خليل عن شهر كانون الثاني 2018,1,2,2018-01-31,1895000.0,Y
165,2018,3,1,P,بدل نقل لموظفين البلدية خلال شهر كانون الثاني 2018.,1,6,2018-01-31,704000.0,Y
165,2018,4,2,P,بدل  35 ساعة إضافية للشرطي جلال بجاني خلال شهر كانون الثاني 2018,1,6,2018-01-31,385000.0,Y
165,2018,5,1,P,جدول كوماري عاملة التظيفات في مبنى البلدية خلال شهر كانون الثاني 2018.,2,8,2018-01-31,135000.0,Y
165,2018,6,1,P,جداول عمال وثمن مواد بناء لزوم إنشاء حائط دعم وقناة مياه خلال شهر كانون الثاني 2018.,2,14,2018-02-28,19380000.0,Y
165,2018,7,2,P,جداول عمال وإجرة آليات لزوم تنظيف مجرى النهر وتركيب قساطل مياه شتوية وغيرها خلال شهر كانون الثاني 2018.,2,14,2018-02-28,19740000.0,Y
165,2018,8,1,P,جداول عمال وثمن مواد بناء لتكملة إنشاء الدرج وبناء الحائط قرب منزل عماد ميلاد بجاني في كانون الثاني 2018.,3,5,2018-02-28,4033000.0,Y
165,2018,9,1,P,جدول عمال وثمن بضاعة لصيانة شبكة المياه في شهر كانون الثاني 2018.,2,15,2018-02-28,1472000.0,Y
165,2018,10,1,P,جداول عمال وفاتورة لزوم جمع ورفع النفايات من أحياء البلدة ونقلها الى خارجها في شهر كانون الثاني 2018.,2,4,2018-02-28,19922000.0,Y
165,2018,11,1,P,جدول عمال وإجرة ونش لصيانة الإنارة العامة وفك الزينة خلال شهر كانون الثاني 2018.,2,16,2018-02-28,1426000.0,Y
165,2018,12,1,P,بدل إيجار العقار رقم 197/منطقة الكحاله العقارية لجمع وفرز النفايات.,1,9,2018-02-28,18000000.0,Y
165,2018,13,1,P,بدل مساعدة مالية بسبب فيضان النهر الذي تسبب بغرق منازلهم بالمياه.,4,2,2018-02-28,3500000.0,Y
165,2018,14,3,P,بدل راتب ريما بجاني وكارول بو خليل الفغالي عن شهر كانون الثاني 2018.,1,2,2018-02-28,1584000.0,Y
165,2018,15,4,P,راتب شربل ابي خليل وجلال بجاني عن شهر شباط 2018.,1,2,2018-02-28,1895000.0,Y
165,2018,16,3,P,بدل نقل لموظفين البلدية خلال شهر شباط 2018,1,6,2018-02-28,576000.0,Y
165,2018,17,4,P,بدل ساعات إضافية للشرطي جلال بجاني عن شهر شباط 2018.,1,6,2018-02-28,385000.0,Y
165,2018,18,2,P,جدول كوماري عاملة التنظيفات في مبنى البلدية خلال شهر شباط 2018.,2,8,2018-02-28,135000.0,Y
165,2018,19,1,P,فواتير صيانة سيارات البلدية  .,2,2,2018-03-09,2979000.0,Y
165,2018,20,1,P,فواتير المحروقات لزوم سيارت البلدية خلال شهر كانون الثاني 2018.,2,9,2018-03-09,1570000.0,Y
165,2018,21,1,P,فواتير لزوم قرطاسية وإشتراك بالجريدة الرسمية ومجلة الأمن وثمن يافطانت وأعلام لبنانية.,1,7,2018-03-09,2892000.0,Y
165,2023,92,2,E,بدل اشتراك بمولد الكهرباء من تموز لغاية تشرين الأول 2023 وفاتورة الكهربا عن كانون الثاني وشباط 2023.,2,12,2023-10-18,4557000.0,Y
165,2023,93,5,P,فواتير مصاريف نثرية لزوم مبنى البلدية خلال شهر آيلول 2023.,5,1,2023-10-18,11068000.0,Y
165,2023,121,25,E,بدل مساعدة للموظفين عن شهر تشرين الثاني 2023 ( بموجب المادة 111 من موازنة العام 2022 والمرسوم 2023/11227) .,1,6,2023-11-30,48240000.0,Y
165,2023,138,3,P,ثمن درع تكريمي للخوري فادي صادر.,5,2,2023-12-13,22500000.0,Y
165,2023,139,1,E,بدل مساعدة الشرطة اليوميين عن شهر تشرين الثاني 2023,4,2,2023-12-13,35500000.0,Y
165,2024,19,5,P,فواتير ثمن مواد بناء لزوم صب باطون جوار الطرقات البلدة في شهر شباط 2024,2,14,2024-03-21,37630000.0,Y
165,2024,20,1,P,فواتير ثمن بضاعة لزوم صيانة الإنارة خلال شهر شباط 2024.,2,16,2024-03-21,42100000.0,Y
165,2024,21,2,P,فواتير ثمن بضاعة لزوم صيانة الإنارة العامة خلال شهر شباط 2024.,2,16,2024-03-21,48330000.0,Y
165,2024,22,1,P,فواتير جمع ورفع النفايات من أحياء البلدة خلال شهر كانون الثاني وشباط 2024.,2,4,2024-03-21,14000000.0,Y
165,2024,23,1,P,دفعة اولى من بوالص تأمين للموظفين وعائلاتهم .,5,6,2024-03-21,45900000.0,Y
165,2024,24,1,P,بدل قيمة عقد صيانة البرامج المالية والزيارات الدورية خلال العام 2024 مع شركة أفكار مؤسسية مبتكرة.,2,2,2024-03-21,38500000.0,Y
165,2024,25,2,P,فواتير لزوم تصليح سيارات البلدية.,2,2,2024-03-21,38197000.0,Y
165,2024,26,3,P,فاتورة لزوم تصليح فيتاس سيارة DUSTER رقم 107552/م.,2,2,2024-03-21,49710000.0,Y
165,2024,27,1,P,فاتورة المحروقات لزوم سيارات البلدية خلال شهر كانون الثاني 2024.,2,9,2024-03-21,38174000.0,Y
165,2024,28,2,P,فاتورة ثمن محروقات خلال شهر شباط 2024.,2,9,2024-03-21,40582000.0,Y
165,2024,49,6,P,رواتب الموظفين عن شهر حزيران 2024.,1,2,2024-07-01,8379000.0,Y
165,2024,50,13,P,بدل نقل للموظفين عن شهر حزيران 2024.,1,6,2024-07-01,22950000.0,Y
165,2024,51,14,P,بدل تعويض مؤقت لموظفين البلدية عن 8 اضعاف راتب شهر حزيران 2024.,1,6,2024-07-01,80760000.0,Y
165,2024,93,3,P,ثمن محروقات لزوم سيارات البلدية خلال شهر آذار 2024.,2,9,2024-07-12,46354000.0,Y
165,2024,94,4,P,ثمن محروقات لزوم سيارات البلدية خلال شهر نيسان 2024.,2,9,2024-07-12,36449000.0,Y
165,2024,95,5,P,ثمن محروقات لزوم سيارات البلدية من 2024/5/1 لغاية 2024/5/15 .,2,9,2024-07-12,24932000.0,Y
165,2024,96,6,P,ثمن محروقات لزوم سيارات البلدية من 2024/5/16 لغاية 2024/5/16,2,9,2024-07-12,29048000.0,Y
165,2024,97,7,P,ثمن محروقات لزوم سيارات البلدية خلال شهر حزيران 2024,2,9,2024-07-12,35790000.0,Y
165,2024,159,22,P,بدل مساعدة 8 اضعاف راتب شهر تشرين الأول 2024.,1,6,2024-10-31,89760000.0,Y
165,2025,72,5,P,فواتير ثمن مواد بناء لزوم بناء حائط سانت ريتا خلال شهر نيسان 2025.,2,14,2025-04-30,45900000.0,Y
165,2025,73,6,P,فواتير إجرة نقل ردم من الحائط قرب ادوار يوحنا بجاني خلال شهر نيسان 2025.,2,14,2025-04-30,31500000.0,Y
165,2025,74,7,P,فواتير ثمن مواد بناء لزوم بناء حائط قرب ادوار يوحنا بجاني خلال شهر نيسان 2025.,2,14,2025-04-30,48600000.0,Y
165,2025,75,8,P,فواتير ثمن مواد بناء لزوم حائط سانت ريتا خلال شهر نيسان 2025.,2,14,2025-04-30,32400000.0,Y
165,2025,227,6,P,صيانة سيارات البلدية خلال شهر تموز وآب 2025.,2,2,2025-09-01,37612000.0,Y
165,2025,228,3,P,إيجار ملعب لزوم تمرين فريق volley ballخلال شهر تموز وآب 2025.,5,9,2025-09-11,10400000.0,Y
165,2025,229,4,P,فواتير الكهرباء ومولد الكهرباء من شهر حزيران لغاية ايلول 2025 لزوم مبنى البلدية.,2,12,2025-09-18,25661000.0,Y
165,2025,230,3,P,مخابرات الهاتف الخليوي والعادي من شهر آيار  لغاية شهر آب 2025.,1,10,2025-09-25,10475000.0,Y
165,2025,231,2,P,ثمن محارم ومواد تنظيف خلال شهر تموز وآب وآيلول.,2,8,2025-09-25,8175000.0,Y
165,2025,232,1,P,صيانة تمديدات الكهربائية في مبنى البلدية.,2,5,2025-09-30,15930000.0,Y
165,2025,233,7,P,فواتير لزوم تصليح سيارة DUSTERرقم 107456/م خلال شهر أيلول 2025,2,2,2025-09-30,79900000.0,Y
165,2025,234,7,P,فواتير ثمن قرطاسية ويافطات واشتراك في الجريدة الرسمية وغيرها خلال شهر حزيران لغاية شهر آيلول 2025,1,7,2025-09-30,93495000.0,Y
165,2025,235,5,P,فواتير مصاريف نثرية لزوم ضيافة في مبنى البلدية من شهر حزيران لغاية ايلول 2025 (مياه وبن ونسكافة وغيرها),5,1,2025-09-30,77615000.0,Y
165,2025,236,8,P,ثمن محروقات لزوم سيارات البلدية خلال شهر آب وأيلول 2025.,2,9,2025-09-30,72258000.0,Y
165,2025,237,9,P,رواتب الموظفين عن شهر أيلول 2025.,1,2,2025-09-30,8449000.0,Y
165,2025,238,19,P,بدل نقل للموظفين عن شهر أيلول 2025,1,6,2025-09-30,36450000.0,Y
165,2025,239,20,P,بدل تعويض مؤقت لموظفين البلدية بموجب المادة 111 من موازنة العام 2022 والمراسيم رقم 11227/2023 و2024/14033 عن شهر أيلول2025.,1,6,2025-09-30,144480000.0,Y
165,2025,245,56,E,جداول مفوض البلدية في الدوائر ومعاون مفوض الشرطة وجهاز الشرطة اليوميين ومراقب الأشغال والعمال اليوميين خلال شهر أيلول 2025,2,11,2025-11-03,432045000.0,Y
165,2025,246,2,P,مساهمة لشراء حبر لزوم مخفر عاليه,4,12,2025-11-03,13500000.0,Y
165,2025,247,10,P,رواتب المواظفين خلال شهر تشرين الأول 2025,1,2,2025-11-03,8449000.0,Y
165,2025,248,21,P,بدل نقل للموظفين عن شهر تشرين الأول 2025,1,6,2025-11-03,37800000.0,Y
165,2025,249,22,P,بدل تعويض مؤقت لموظفين البلدية بموجب المادة 111 من الموازنة العام 2022 والمراسيم 2023/11227 و2024/14033 عن شهر تشرين الأول 2025.,1,6,2025-11-03,144480000.0,Y
165,2025,294,3,E,فواتير ثمن هيكل شجرة الميلاد مع نقلها ومصاريف يوم الإحتفال بإضاءتها في 6كانون الأول 2025.,5,2,2025-12-29,547600000.0,Y
165,2026,8,2,P,راتب الموظفين عن شهر شباط 2026,1,2,2026-03-02,8579000.0,Y
165,2026,25,6,P,بدل نقل للموظفين عن شهر آذار 2026,1,6,2026-03-31,34200000.0,Y
165,2026,26,7,P,بدل تعويض مؤقت بموجب المادة 111 من موازنة العام 2022 والمراسيم 2023/11227 و2024/14033 وتعويض المثابرة عن شهر آذار 2026.,1,6,2026-03-31,214880000.0,Y
165,2026,28,5,P,جداول مفوض البلدية والشرطة اليوميين عن شهر آذار 2026.,2,11,2026-04-15,568820000.0,Y
165,2026,29,6,P,جداول العمال اليوميين عن شهر آذار 2026.,2,11,2026-04-15,423380000.0,Y
165,2026,53,2,P,فواتير لزوم حبر وقرطاسية وطباعة خرائط وغيرها من شهر كانون الثاني لغاية شهر آيار 2026.,1,7,2026-05-18,79035000.0,Y
165,2025,113,4,P,إجرة ونش لزوم صيانة الإنارة العامة في شهر آذار 2025.,2,16,2025-04-30,36000000.0,Y
165,2025,114,5,P,فواتير ثمن أغراض كهربائية لزوم صيانة الإنارة العامة في شهر آذار ونيسان 2025.,2,16,2025-04-30,42815000.0,Y
165,2021,111,1,P,بدل مساعدة للشرطة اليوميين بمناسبة عيد الميلاد ورأس السنة 2021-2022.,4,2,2021-12-30,16040000.0,Y
165,2021,112,1,P,بدل مساعدة مالية لمركز الدفاع المدني في عاليه ورشميا.,4,12,2021-12-30,2000000.0,Y
165,2021,113,1,P,بدل مساهمة مالية لبطل لبنان في الكباش جورج روجيه بجاني لتشجيعه ببطولاته العربية والدولية.,4,6,2021-12-30,5000000.0,Y
165,2021,114,4,P,ثمن دفعة من بوالص التأمين لسيارات DUSTER ورابيد ، وR12 STATION.,5,6,2021-12-27,310000.0,Y
165,2022,1,1,P,رواتب الموظفين عن شهر كانون الثاني 2022.,1,2,2022-01-31,8059000.0,Y
165,2018,22,2,P,ثمن محروقات لزوم سيارات البلدية خلال شهر شباط 2018.,2,9,2018-03-16,1542000.0,Y
165,2004,1,1,P,رواتب الكاتب والشرطة عن كانون الثاني/2004,1,2,2004-01-02,1535000.0,Y
165,2004,2,1,P,اجور نقل للكاتب والشرطة عن كانون الثاني 2004,2,10,2004-01-02,396000.0,N
165,2004,3,1,P,اجور العمال الدائمين,1,4,2004-01-02,2751000.0,Y
165,2019,7,1,P,بدل مساعدات الى عائلات من أبناء الكحاله بمناسبة عيد الميلاد.,4,2,2019-02-22,10400000.0,Y
165,2019,8,1,P,فواتير لزوم تغيير موتور وفيتاس بيك آب (JAC) .,2,2,2019-02-22,5649000.0,Y
165,2019,9,1,P,رواتب الموظفين خلال شهر كانون الثاني 2019.,1,2,2019-02-25,7709000.0,Y
165,2019,10,1,P,بدل نقل لموظفين البلدية خلال شهر كانون الثاني 2019.,1,6,2019-02-25,640000.0,Y
165,2019,11,2,P,بدل ساعات إضافية للشرطي جلال بجاني خلال شهر كانون الثاني 2019.,1,6,2019-02-25,385000.0,Y
165,2019,12,2,P,رواتب الموظفين خلال شهر شباط 2019,1,2,2019-02-28,7709000.0,Y
165,2019,13,3,P,بدل نقل لموظفين البلدية خلال شهر شباط 2019,1,6,2019-03-04,608000.0,Y
165,2019,14,4,P,جلال بجاني ، بدل ساعات إضافية خلال شهر شباط 2019.,1,6,2019-03-04,385000.0,Y
165,2019,15,1,P,مصاريف التنظيفات في مبنى البلدية خلال شهر كانون الثاني وشباط 2019.,2,8,2019-03-04,420000.0,Y
165,2019,16,3,P,جداول الشرطة عدد 2عن شهر شباط 2019.,2,11,2019-03-20,14425000.0,Y
165,2019,17,4,P,جداول  العمال اليوميين عدد 3 عن شهر شباط 2019.,2,11,2019-03-20,2488000.0,Y
165,2019,18,2,P,فواتير ثمن بضاعة لزوم صيانة مجارير وصب باطون الجور على الطرقات وتركيب كيوسكات الشرطة وغيرها من الصيانة خلال شهر شباط 2019.,2,14,2019-03-20,2253000.0,Y
165,2019,19,2,P,فاتورة لزوم رفع النفايات من أحياء البلدة ونقلها الى مركز الجمع خلال شهر شباط 2019.,2,4,2019-03-20,5500000.0,Y
165,2019,20,3,P,رواتب الموظفين خلال شهر آذار 2019.,1,2,2019-04-01,7709000.0,Y
165,2019,21,5,P,بدل نقل لموظفين البلدية خلال شهر آذار 2019.,1,6,2019-04-01,640000.0,Y
165,2019,22,6,P,بدل ساعات إضافية للشرطي جلال بجاني خلال شهر آذار 2019.,1,6,2019-04-01,385000.0,Y
165,2019,23,4,P,رواتب الموظفين خلال شهر نيسان 2019.,1,2,2019-04-30,7709000.0,Y
165,2019,24,7,P,بدل نقل للموظفين خلال شهر نيسان 2019.,1,6,2019-04-30,576000.0,Y
165,2019,25,8,P,بدل 35 ساعة إضافية للشرطي جلال بجاني.,1,6,2019-04-30,385000.0,Y
165,2019,26,2,P,جداول كوماري عاملة التنظيفات في مبنى البلدية خلال شهر آذار ونيسان 2019.,2,8,2019-04-30,315000.0,Y
165,2019,27,5,P,جداول الشرطة اليوميين ومؤول الأشغال خلال شهر آذار 2019.,2,11,2019-05-20,15895000.0,Y
165,2019,28,6,P,جداول الشرطة ومسؤول الأشغال خلال شهر نيسان 2019.,2,11,2019-05-20,15250000.0,Y
165,2019,29,7,P,جداول العمال اليوميين خلال شهر آذار ونيسان 2019.,2,11,2019-05-20,5884000.0,Y
165,2019,30,3,P,فواتير لزوم أعمال تأهيل طريق الطاحون وصيانة الطرق العامة والمجاري خلال شهر آذار ونيسان 2019.,2,14,2019-05-20,16981000.0,Y
165,2019,31,1,P,فواتير لزوم صيانة شبكة المياه خلال شهر آذار ونيسان 2019.,2,15,2019-05-20,1007000.0,Y
165,2025,76,9,P,فاتورة ثمن مواد بناء لزوم بناء حائط قرب ادوار يوحنا بجاني خلال شهر نيسان 2025.,2,14,2025-04-30,21600000.0,Y
165,2025,77,10,P,فاتورة ثمن موادبناء لزوم صب الحفر على طريق مشروع الزغبي وبناية كرم مكرزل خلال شهر نيسان 2025.,2,14,2025-04-30,18900000.0,Y
165,2025,78,11,P,إجرة بوكلين لزوم أعمال حفر جنب العقار رقم 1514/الكحاله.,2,14,2025-04-30,49500000.0,Y
165,2025,79,12,P,فاتورة اجرة بوكلين لزوم اعمال حفر جنب العقار رقم 1513/الكحاله خلال شهر نيسان 2025.,2,14,2025-04-30,49500000.0,Y
165,2025,80,13,P,فاتورة إجرة بوكلين لزوم أعمال حفر جنب العقار رقم 890/الكحاله خلال شهر نيسان 2025.,2,14,2025-04-30,49500000.0,Y
165,2025,81,14,P,فاتورة إجرة تراكتور لزوم أعمال حفر جنب العقار رقم 889/الكحاله خلال شهر نيسان 2025.,2,14,2025-04-30,49500000.0,Y
165,2023,71,7,P,رواتب الموظفين عن شهر تموز 2023.,1,2,2023-07-31,8199000.0,Y
165,2023,72,14,P,بدل نقل للموظفين عن شهر تموز 2023,1,6,2023-07-31,7600000.0,Y
165,2023,132,8,E,سند 7/6 من بوالص التأمين للموظفين وعائلاتهم بموجب العقد رقم 769396.,5,6,2023-12-13,27000000.0,Y
165,2023,158,11,E,ثمن بوالص تأمين لزوم سيارة R12 Station وسيارة DUSTER رقم 107552/م.,5,6,2023-12-29,12600000.0,Y
165,2024,7,1,P,جدول الشرطة اليوميين من 2024/1/1 لغاية 2024/1/15.,2,11,2024-03-21,45300000.0,Y
165,2024,12,6,P,جداول العمال عن شهر كانون الثاني 2024.,2,11,2024-03-21,38400000.0,Y
165,2024,13,7,P,جداول العمال عن شهر شباط 2024,2,11,2024-03-21,30800000.0,Y
165,2024,14,8,P,جداول العمال عن شهر شباط 2024.,2,11,2024-03-21,35640000.0,Y
165,2024,15,1,P,إجرة بوكلين ودولاب لزوم أعمال تنظيف النهر قرب العقار رقم 1021/الكحاله.,2,14,2024-03-21,49500000.0,Y
165,2024,16,2,P,إجرة بوكلين وكميون لزوم أعمال تنظيف الطرق ونقل الأتربة من جراء العاصفة قرب محطة يونس وعادل الزغبي وراشد ديب بجاني خلال شهر كانون الثاني 2024.,2,14,2024-03-21,45000000.0,Y
165,2024,17,3,P,فواتير لزوم حفر مجرور على طريق رجوم -مار الياس وحفر قناة مياه على طريق الطاحون وعين جمال والنبع.,2,14,2024-03-21,34920000.0,Y
165,2024,32,7,P,بدل تعويض ضعفي اساس الراتب عن ثلاثة أشهر بموجب المرسوم 13020.,1,6,2024-04-02,24900000.0,Y
165,2024,42,10,P,بدل نقل للموظفين عن شهر آيار 2024.,1,6,2024-05-31,24750000.0,Y
165,2024,44,12,P,بدل تعويض مؤقت إضافي بموجب البند الثاني في المادة الأولى من المرسوم رقم 13020 ما يوازي 10 صفائح محروقات.,1,6,2024-05-31,30000000.0,Y
165,2024,45,4,P,فواتير نثرية ثمن مياه وشوكولا وكوفي مات خلال شهر آيار 2024,5,1,2024-05-31,11664000.0,Y
165,2024,47,2,P,ثمن بوليصة تأمين لزوم سيارة duster رقم 107456/م,5,6,2024-06-19,6300000.0,Y
165,2024,99,15,P,بدل نقل للموظفين عن شهر تموز 2024.,1,6,2024-07-31,25650000.0,Y
165,2024,100,16,P,بدل تعويض مؤقت لموظفين البلدية عن 8 اضعاف راتب شهر تموز 2024.,1,6,2024-07-31,80760000.0,Y
165,2024,112,13,P,إجرة بوكلين لزوم صيانة طريق النبع.,2,14,2024-08-02,11250000.0,Y
165,2024,138,41,P,جدول العمال من 1/8/2024 لغاية 15/8/2024,2,11,2024-09-30,31700000.0,Y
165,2024,139,42,P,جدول العمال من 16/8/2024 لغاية 31/8/2024,2,11,2024-09-30,32400000.0,Y
165,2024,140,43,P,جدول العمال من 16/8/2024 لغاية 31/8/2024,2,11,2024-09-30,29800000.0,Y
165,2025,115,2,P,قيمة السند رقم 1/6 من ثمن بوالص التأمين للموظفين وعائلاتهم.,5,6,2025-04-30,49500000.0,Y
165,2025,116,3,P,سند 6/2 ثمن بوالص تأمين للموظفين وعائلاتهم .,5,6,2025-04-30,49500000.0,Y
165,2025,117,3,P,بدل قيمة عقد صيانة البرامج المالية خلال العام 2025.,2,2,2025-04-30,50000000.0,Y
165,2025,118,4,P,إجرة Drone  لزوم تصوير الكحاله.,1,7,2025-04-30,18000000.0,Y
165,2025,119,1,P,بدل مساعدة مالية لكاريتاس.,4,7,2025-04-30,9000000.0,Y
165,2025,120,4,P,فواتير لزوم صيانة سيارات البلدية وصيانة AC في مبنى البلدة  وغيرها.,2,2,2025-04-30,15976000.0,Y
165,2025,121,3,P,ثمن محروقات لزوم سيارات البلدية خلال شهر آذار 2025.,2,9,2025-04-30,40174000.0,Y
165,2025,122,4,P,ثمن محروقات لزوم سيارات البلدية خلال شهر نيسان 2025,2,9,2025-04-30,41060000.0,Y
165,2025,123,1,P,إجرة مساح بدل اتعاب طوبوغرافية على الطرقات ومجاري المياه امام العقارات رقم 57و133و1116و211و307و55و410/الكحاله,3,9,2025-04-30,44500000.0,Y
165,2025,124,2,P,إجرة مساح بدل اتعاب أعمال طوبوغرافية على الطرقات ومجاري المياه امام العقارات رقم 1766و1722و7283و1728و1730/عاليه,3,9,2025-04-30,46000000.0,Y
165,2025,125,1,P,فاتور لزوم اعما طوبوغرافية على الطرقات ومجاري المياه امام العقارات رقم 1117و374و359و56/الكحاله وعقار رقم 1774/عاليه.,5,9,2025-04-30,48500000.0,Y
165,2025,178,52,P,جدول العمال اليوميين من 16/6/2025 لغاية 30/6/2025,2,11,2025-07-10,27000000.0,Y
165,2025,179,61,P,فواتير ثمن مواد بناء وحجر صخر لزوم عمار حائط مقابل العقار رقم 1869/عاريا عقارياً وجنب العقار رقم 1029/عاريا عقارياً,2,14,2025-07-10,173120000.0,Y
165,2025,187,3,P,ثمن جيله مع تطريز (عدد20) لزوم الشرطة عند الإحتياط.,1,8,2025-07-10,45000000.0,Y
165,2025,188,4,P,ثمن كاسكيت مع تطريز (عدد20) لزوم الشرطة عند الإحتياط وبدلة ورينجر عدد1.,1,8,2025-07-10,21870000.0,Y
165,2025,189,6,P,بدل تسجيل Domain للموقع الإلكتروني (kahale.gov.lb)لمدة خمس سنوات.,1,7,2025-07-10,15200000.0,Y
165,2025,209,8,P,رواتب الموظفين عن شهر آب 2025,1,2,2025-09-01,8449000.0,Y
165,2025,214,55,P,جداول مفوض البلدية والشرطة اليوميين والعمال اليوميين في شهر آب 2025.,2,11,2025-09-16,458535000.0,Y
165,2025,250,57,E,جداول مفوض البلدية في الدوائر ومعاون مفوض الشرطة والشرطة اليوميين والعمال اليوميين عن شهر تشرين الأول 2025.,2,11,2025-11-14,609750000.0,Y
165,2025,251,69,P,ثمن إشارات لزوم الطرقات الداخلية في البلدة.,2,14,2025-11-14,494320000.0,Y
165,2025,252,70,P,مصاريف لزوم تجهيز الحائط الملزم من قبل وزارة الأشغال عند مدخل الكحاله في شهر تشرين الأول 2025.,2,14,2025-11-14,36100000.0,Y
165,2025,253,71,E,فواتير لزوم تنظيف وصيانة الدرج قرب منزل ريمو ايليا مكرزلوتنظيف قرب مدافن مار الياس وطلعة بناية انطوان حليم ابي خليل في شهر تشرين الأول 2025.,2,14,2025-11-14,125650000.0,Y
165,2025,258,8,P,فواتير لزوم تصليح سيارة DUSTERرقم 107456/م وR12 STATION خلال شهر تشرين الأول 2025.,2,2,2025-11-13,55606000.0,Y
165,2025,259,6,P,ثمن 7بدلات مع رينجر لزوم ثياب للشرطة.,1,8,2025-11-18,89460000.0,Y
165,2025,260,9,P,ثمن محروقات لزوم سيارات البلدية خلال شهر تشرين الأول 2025.,2,9,2025-11-18,47556000.0,Y
165,2025,261,5,P,رسم ترخيص من وزارة الزراعة  لتشحيل الصنوبر والشربين قرب منزل الفرد ابي خليل وسامي ايليا بجاني.,5,9,2025-11-18,7536000.0,Y
165,2019,32,3,P,فواتير لزوم أعمال رفع النفايات من أحياء البلدة ونقلها الى مركز الجمع.,2,4,2019-05-20,11000000.0,Y
165,2019,33,1,P,صندوق التعاضدي الإجتماعي الصحّي ، ثمن 7 بوالص تأمين لموظفين البلدية وعائلاتهم.,5,6,2019-05-20,6451000.0,Y
165,2019,34,8,P,جدول الشرطة ومسؤول الأشغال اليوميين خلال شهر آيار 2019.,2,11,2019-06-03,15555000.0,Y
165,2019,35,9,P,جداول العمال اليوميين خلال شهر آيار 2019.,2,11,2019-06-03,5044000.0,Y
165,2019,36,4,P,فواتير لزوم صيانة الطرق والمجارير خلال شهر آيار 2019.,2,14,2019-06-03,2462000.0,Y
165,2019,37,4,P,فاتورة لزوم أعمال رفع النفايات من أحياء البلدة ونقلها الى مركز الجمع خلال شهر آيار 2019.,2,4,2019-06-03,5500000.0,Y
165,2019,38,5,P,رواتب الموظفين خلال شهر آيار 2019.,1,2,2019-06-03,7709000.0,Y
165,2019,39,9,P,بدل نقل لموظفين البلدية خلال شهر آيار 2019.,1,6,2019-06-03,592000.0,Y
165,2019,40,10,P,بدل35 ساعة  إضافية للشرطي جلال بجاني خلال شهر آيار 2019.,1,6,2019-06-03,385000.0,Y
165,2019,41,6,P,رواتب المواظفين خلال شهر حزيران 2019.,1,2,2019-07-01,2709000.0,N
165,2019,42,7,P,رواتب الموظفين خلال شهر حزيران 2019.,1,2,2019-07-01,7709000.0,Y
165,2007,15,1,P,ثمن اجهزة تبريد,2,1,2007-01-31,3000000.0,Y
165,2013,43,9,P,راتب الكاتب ريما بجاني عن شهر حزيران 2013,1,2,2013-07-06,1040000.0,Y
165,2013,44,10,P,بدل رواتب الشرطة عدد 2عن شهر حزيران 2013,1,2,2013-07-06,2167000.0,Y
165,2013,45,13,P,بدل نقل للكاتب والشرطة عن شهر حزيران 2013,1,6,2013-07-06,616000.0,Y
165,2013,46,14,P,بدل مكافأة مالية للكاتب والشرطة عن أعمال إضافية خلال شهر حزيران 2013,1,6,2013-07-06,1100000.0,Y
165,2013,47,2,P,الدفعة الثانية والأخيرة من بدل أتعاب المحامي سمير عبدالله بخصوص الدعوى المقدمة أ امام مجلس شورى الدولة ضد المجلس البلدي في الكحاله,5,3,2013-07-06,1500000.0,Y
165,2013,48,1,P,مصاريف سفر الوفد الى  بلدية VELIZY  في فرنسا.,5,2,2013-07-12,9800000.0,Y
165,2013,49,2,E,ثمن 9 فيزا من السفارة الفرنسية للوفد المسافر الى بلدية VELIZY  الفرنسية.,5,2,2013-07-12,1548000.0,Y
165,2013,50,4,P,جدول أجور الأجراء عن شهر حزيران 2013,1,4,2013-07-17,920000.0,Y
165,2013,51,9,P,جدول أجور العمال وثمن مواد بناء لصيانة الطرق العامة.,2,14,2013-07-17,19629000.0,Y
165,2013,52,10,P,جداول عمال وثمن مواد بناء لصيانة الطرق العامة خلال شهر حزيران 2013.,2,14,2013-07-17,19385000.0,Y
165,2013,53,2,P,ثمن محروقات لزوم سيارات البلدية خلال شهر آيار وحزيران 2013,2,9,2013-07-17,2831000.0,Y
165,2013,54,1,P,ثمن أجهزة كمبيوتر عدد2 وفاكس  لزوم مركز البلدية,2,1,2013-07-17,1941000.0,Y
165,2013,55,2,P,ثمن بوليصة تأمين من شركة بانكرز لروي مارون بجاني.,5,6,2013-07-29,626000.0,Y
165,2013,56,3,P,ثمن بوليصة تأمين لعمال البلدية من شركة ناصيف للتأمين.,5,6,2013-07-30,840000.0,Y
165,2013,57,2,P,ثمن جهاز كمبيوتر لمكتب القلم  وثمن فاكس .,2,1,2013-07-30,1501000.0,Y
165,2013,58,4,P,ثمن بوالص تأمن من شركة ناصيف لزوم البيك آب وسيارة RENAULT  DUSTER,5,6,2013-07-30,1088000.0,Y
165,2013,59,3,E,بدل أتعاب المحامي سمير عبدالله عن  دعوى إعادة محاكمة ووقف تنفيذ الحكم رقم 641/2012/2013 الصادر عن مجلس شورى الدولة.,5,3,2013-07-30,3000000.0,Y
165,2024,141,44,P,جداول العمال عدد 2 عن شهر آيلول 2024,2,11,2024-09-30,37600000.0,Y
165,2024,142,45,P,جداول العمال من 16/9/2024 لغاية 30/9/2024,2,11,2024-09-30,31950000.0,Y
165,2024,143,16,E,فواتير إجرة نقل ردم وعشب وغيرها خلال شهر تموز وآب وآيلول.,2,14,2024-09-30,46350000.0,Y
165,2024,144,17,P,فواتير ثمن بضاعة لزوم صيانة الطرق العامة وشبكة الصرف الصحي.,2,14,2024-09-30,29880000.0,Y
165,2024,145,3,P,جمع ورفع النفايات من أنحاء البلدة خلال شهر حزيران وتموز وآب 2024.,2,4,2024-09-30,21000000.0,Y
165,2024,146,6,P,السند 5/4 من قيمة بوالص التأمين لموظفين البلدية وعائلاتهم.,5,6,2024-09-30,45000000.0,Y
165,2024,147,7,P,السند 5/5 من قيمة بوالص التأمين لموظفين البلدية وعائلاتهم.,5,6,2024-09-30,45000000.0,Y
165,2024,148,9,P,الدفعة الثانية من قيمة عقد الصيانة للبرامج عن العام 2024.,2,2,2024-09-30,38500000.0,Y
165,2024,149,10,P,فاتورة ثمن فيتاس مع إجرة تركيب لزوم سيارة duster رقم 107456/م.,2,2,2024-09-30,44550000.0,Y
165,2024,150,11,P,"فواتير لزوم صيانة سيارات duster ,وR12 Station.",2,2,2024-09-30,39740000.0,Y
165,2024,151,1,P,ثمن مكنة عدّ للنقود,2,1,2024-09-30,30000000.0,Y
165,2024,152,2,E,ثمن مكنة عدّ النقود,2,1,2024-09-30,15000000.0,Y
165,2024,153,4,P,ثمن طباعة دفاتر قيمة تأجيرية.,1,7,2024-09-30,24840000.0,Y
165,2024,154,8,P,ثمن محروقات لزوم سيارات البلدية خلال شهر تموز 2024.,2,9,2024-09-30,40880000.0,Y
165,2024,155,9,P,ثمن محروقات لزوم سيارات البلدية خلال شهر آب 2024.,2,9,2024-09-30,39858000.0,Y
165,2024,29,3,P,رواتب الموظفين عن شهر آذار 2024.,1,2,2024-04-02,8379000.0,Y
165,2024,113,8,P,رواتب الموظفين عن شهر آب 2024,1,2,2024-09-09,8379000.0,Y
165,2024,114,17,P,بدل نقل للموظفين خلال شهر آب 2024.,1,6,2024-09-09,25650000.0,Y
165,2024,115,18,P,بدل مساعدة 8 أضعاف راتب شهر آب 2024.,1,6,2024-09-09,65760000.0,Y
165,2024,116,3,P,بدل اشتراك في الجريدة الرسمية الإلكترونية عن العام 2024.,1,7,2024-09-09,5160000.0,Y
165,2024,117,8,P, فواتير لزوم تصليحAC  صالة الإنتظار.,2,2,2024-09-09,10080000.0,Y
165,2024,118,3,P,فواتير الكهرباء عن شهر آيار وحزيران وتموز وآب 2023.,2,12,2024-09-09,6162000.0,Y
165,2024,120,4,P,بدل اشتراك مولد كهرباء عن شهر تموز وآب وأيلول 2024,2,12,2024-09-19,12000000.0,Y
165,2024,121,2,P,فواتير الهاتف الخليوي رقم 03/950190 من شهر كانون الأول 2023 لغاية شهر آب 2024.,1,10,2024-09-19,9722000.0,Y
165,2024,122,15,P,فلش برش زفت على الطريق من كاراج جان جورج بجاني الى مزرعة الكلاب.,2,14,2024-09-19,11250000.0,Y
165,2024,123,3,P,فواتير الهاتف العادي رقم 05/768985 و05769620عن شهر حزيران وتموز وآب2024.,1,10,2024-09-26,5862000.0,Y
165,2024,124,6,P,فواتير ثمن مياه ونسكافة وشوكولا وغيرها لزوم ضيافة في مبنى البلدية خلال شهر آب وأيلول 2024.,5,1,2024-09-30,6960000.0,Y
165,2024,125,4,P,إجرة بوب كات لزوم فلش برش زفت على طريق الطاحون.,3,5,2024-09-30,11250000.0,Y
165,2024,126,9,P,رواتب الموظفين عن شهر أيلول 2024,1,2,2024-09-30,8379000.0,Y
165,2024,127,19,P,بدل نقل للموظفين عن شهر أيلول 2024.,1,6,2024-09-30,31500000.0,Y
165,2025,262,9,P,ثمن موتور لزوم سيارة  DUSTER  رقم 107452/م.,2,2,2025-11-23,62650000.0,Y
165,2025,267,6,P,فاتورة لزوم إيجار بواسط لنقل ابناء الكحاله لحضور قداس البابا في وسط بيروت بتاريخ 3/12/2025 ولزوم نقل فريق كرة السلة الى الدامور.,5,9,2025-12-03,65200000.0,Y
165,2025,268,7,P,فواتير لزوم فيلد عدد7 وبدلة كاملة مع رينجر لزوم شرطة البلدية.,1,8,2025-12-06,43290000.0,Y
165,2025,269,10,P,فاتورة ثمن محروقات لزوم سيارات البلدية خلال شهر تشرين الثاني 2025.,2,9,2025-12-06,72246000.0,Y
165,2025,270,2,P,فواتير لزوم مصاريف ضيافة  وغيرها في صالون الكنيسة يوم إضاءة شجرة الميلاد في 6/12/2025.,5,2,2025-12-08,94380000.0,Y
165,2025,271,10,P,فواتير لزوم صيانة سيارات البلدية خلال شهر تشرين الثاني 2025,2,2,2025-12-08,93118000.0,Y
165,2025,61,23,P,جدول الحراس اليوميين من 2025/4/16 لغاية 2025/4/30,2,11,2025-04-30,37400000.0,Y
165,2025,62,24,P,جدول العمال اليوميين من 2025/3/1 لغاية 2025/3/15 لزوم اعمال صيانة الأرصفة والمجاري والإنارة العامة.,2,11,2025-04-30,48450000.0,Y
165,2025,63,25,P,جدول العمال اليوميين من 2025/3/16 لغاية 2025/3/31 . لزوم اعمال صيانة الأرصفة والمجاري والإنارة العامة وتوزيع المياه.,2,11,2025-04-30,32000000.0,Y
165,2025,64,26,P,جدول العمال اليوميين لزوم اعمال تنظيف الطرقات والأقنية من 2025/3/16 لغاية 2025/3/31.,2,11,2025-04-30,31000000.0,Y
165,2025,65,27,P,جدول العمال اليوميين لزوم اعمال صيانة وتوزيع المياه من 2025/4/1 لغاية 2025/4/15.,2,11,2025-04-30,38700000.0,Y
165,2025,66,28,P,جدول العمال اليوميين لزوم اعمال تنظيف الطرقات من 2025/4/1 لغاية 2025/4/15,2,11,2025-04-30,25650000.0,Y
165,2025,67,29,P,جدول العمال اليوميين في اعمال صيانة وتوزيع المياه من 2025/4/16 لغاية 2025/4/30.,2,11,2025-04-30,36000000.0,Y
165,2025,68,30,P,جدول العمال اليوميين لزوم أعمال تنظيف الطرقات من 2025/4/16 لغاية 2025/4/30.,2,11,2025-04-30,41400000.0,Y
165,2025,69,1,P,فواتير لزوم صيانة شبكة المياه خلال شهر آذار ونيسان 2025.,2,15,2025-04-30,13440000.0,Y
165,2025,70,3,P,فواتير اعمال صيانة مجارير وتشحيل شجر خلال شهر آذار ونيسان 2025.,2,14,2025-04-30,49600000.0,Y
165,2025,71,4,P,فواتير إجرة بوب كات ونقل ردم من حائط سانت ريتا.,2,14,2025-04-30,33750000.0,Y
165,2025,82,15,P,فاتورة إجرة تراكتور لزوم أعمال حفر جنب العقار رقم 1452/الكحاله.,2,14,2025-04-30,49500000.0,Y
165,2025,83,16,P,فاتورة إجرة تراكتور لزوم أعمال حفر جنب العقار رقم 1450/الكحاله.,2,14,2025-04-30,49500000.0,Y
165,2025,84,17,P,فاتورة إجرة كميون لزوم نقل الأتربة من جنب العقار رقم 889/الكحاله.,2,14,2025-04-30,49500000.0,Y
165,2025,85,18,P,فاتورة إجرة كميون لزوم نقل الأتربة من جنب العقار رقم 890/الكحاله.,2,14,2025-04-30,49500000.0,Y
165,2025,86,19,P,فاتورة إجرة كميون لزوم نقل الأتربة من جنب  العقار رقم 1513/الكحاله.,2,14,2025-04-30,49500000.0,Y
165,2025,87,20,P,فاتورة إجرة كميون لزوم نقل الأتربة من جنب العقار رقم 1514/الكحاله.,2,14,2025-04-30,12900000.0,Y
165,2025,88,21,P,إجرة JCB لزوم حفر وتوسيع الطريق قرب مزار سانت ريتا.,2,14,2025-04-30,31680000.0,Y
165,2025,89,22,P,إجرة JCB لزوم حفر وتوسيع الطريق قرب منزل ميشال بو زيد ابي خليل.,2,14,2025-04-30,31680000.0,Y
165,2025,90,23,P,إجرة بيك آب ثمن نقلات مياه ولزوم نقل عشب من أحياء البلدة خلال شهر آذار ونيسان 2025.,2,14,2025-04-30,48600000.0,Y
165,2013,60,11,P,بدل راتب الكاتب عن شهر تموز 2013.,1,2,2013-08-07,1040000.0,Y
165,2013,61,12,P,بدل راتب الشرطة عدد 2 عن شهر تموز 2013.,1,2,2013-08-07,2167000.0,Y
165,2013,62,15,P,بدل نقل للكاتب والشرطة عن شهر تموز 2013.,1,6,2013-08-07,624000.0,Y
165,2013,63,16,P,بدل مكافأة مالية للكاتب والشرطة لقيامهم بأعمال إضافية خلال شهر تموز 2013,1,6,2013-08-07,1100000.0,Y
165,2013,64,17,P,بدل مكافأة مالية للسيدة كارول الفغالي في شهر تموز 2013.,1,6,2013-08-07,100000.0,Y
165,2013,65,1,P,بدل فواتير مصروفة لزوم مساهمة في إنشاء ملعب على العقارين رقم  2222 و2223/عاريا عقارياً والكحاله بلدياً.,3,7,2013-08-07,1903000.0,Y
165,2013,66,3,E,مصاريف وفد البلدية في فرنسا عند زيارته بلدية velizy الفرنسية في أوائل شهر تموز 2013,5,2,2013-08-07,418000.0,Y
165,2013,67,1,P,مصاريف وفد بلدية velizy في لبنان  بشهر تموز 2013,5,1,2013-08-07,2699000.0,Y
165,2013,68,2,P,فواتير مصروفة لزوم صيانة سيارات البلدية والسنترال  والكومبريسور  التابعين للبلدية.,2,2,2013-08-19,2159000.0,Y
165,2013,69,5,P,قيمة جدول أجور الأجراء عن شهر تموز /2013,1,4,2013-08-27,892000.0,Y
165,2013,70,11,P,قيمة جداول عمال  وإجرة آليات وثمن مواد بناء وغيرها لصيانة الطرقات العامة خلال شهر تموز 2013.,2,14,2013-08-27,19831000.0,Y
165,2013,71,12,P,قيمة جداول العمال عدد 3 وثمن مواد بناء لصيانة الطرق العامة  خلال شهر تموز 2013.,2,14,2013-08-27,19830000.0,Y
165,2013,72,2,P,قيمة فاتورة صيانة الإنارة خلال شهر تموز 2013,2,16,2013-08-27,774000.0,Y
165,2013,73,2,P,بدل 50% من أصل القيمة المضافة من ثمن البيك آب JAC.,2,6,2013-08-29,1313000.0,Y
165,2013,74,1,P,بدل رسوم  معاملة إقامة DIPOK,5,9,2013-08-29,1189000.0,Y
165,2013,75,3,P,قيمة فاتورة المحروقات خلال شهر تموز لزوم سيارات البلدية.,2,9,2013-08-31,1709000.0,Y
165,2013,76,13,P,راتب الكاتب ريما بجاني عن شهر آب 2013.,1,2,2013-09-02,1040000.0,Y
165,2013,77,14,P,رواتب الشرطة عدد 2 عن شهر آب 2013,1,2,2013-09-02,2167000.0,Y
165,2013,78,18,P,بدل نقل للكاتب والشرطة عن شهر آب /2013,1,6,2013-09-02,608000.0,Y
165,2013,79,19,P,بدل مكافأة مالية للكاتب والشرطة عدد 2 لقيامهم بأعمال إضافية خلال شهر آب 2013.,1,6,2013-09-02,1100000.0,Y
165,2010,69,1,P,بدل مقابلة صحافية لمجلة عبر العالم,5,9,2010-09-02,300000.0,Y
165,2010,70,1,P,ثمن تومبولا  وبطاقات سهرة مساهمة بمناسبة أعياد رعايا بلدة الكحاله,4,3,2010-09-02,1100000.0,Y
165,2010,71,1,P,ثمن بطاقات سهرة مساهمة في عدة جمعيات مختلفة,4,7,2010-09-02,2500000.0,Y
165,2010,72,2,P,ثمن يافطات بمناسبة عيد الجيش وتكريم كهنة الكحاله.,5,2,2010-09-02,259000.0,Y
165,2010,73,1,P,ثمن خمس كتب للأب شربل أبي خليل,4,4,2010-09-02,100000.0,Y
165,2010,74,1,P,جائزة من البلدية للرابح في الRALLY PAPER,4,6,2010-09-02,450000.0,Y
165,2010,75,1,P,ثمن أدوية لزوم مشروع  رش مبيدات داخل المنازل,2,7,2010-09-07,1236000.0,Y
165,2010,76,24,P,بدل صيانة سيارات البلدية والأجهزة,2,2,2010-09-30,2019000.0,Y
165,2010,77,13,P,تبرع للجمعية  الخيرية للنساء المصابات بالعاهات,4,11,2010-09-30,150000.0,Y
165,2010,78,1,P,رسم وكالة عامة للمحامي جان كلود شمعون من بلدية الكحاله,5,3,2010-09-30,200000.0,Y
165,2024,128,20,P,بدل مساعدة 8 اضعاف راتب شهر أيلول و8 صفائح محروقات.,1,6,2024-09-30,89760000.0,Y
165,2025,126,2,P,فواتير ثمن مياه وبن وكبايات وفناجين بلاستيك ونسكافة وغيرها من النثريات لزوم ضيافة في مبنى البلدية.,5,1,2025-05-14,11580000.0,Y
165,2026,6,1,P,جدول نقل لموظفين البلدية عن شهر كانون الثاني 2026.,1,6,2026-02-02,36000000.0,Y
165,2026,7,2,P,بدل تعويض مؤقت بموجب المادة 111 من موازنة العام 2022 والمراسيم 2023/11227 و2024/14033 وتعويض المثابرة عن شهر كانون الثاني 2026,1,6,2026-02-02,214400000.0,Y
165,2026,10,4,P,بدل تعويض مؤقت بموجب المادة 111من موازنة العام 2022 والمراسيم  2023/11227 و2024/14033 وتعويض المثابرة  عن شهر شباط 2026.,1,6,2026-03-02,214040000.0,Y
165,2026,30,6,P,فواتير لزوم صيانة  الطرقات والأقنية  خلال شهر آذار 2026.,2,14,2026-04-15,369610000.0,Y
165,2026,31,7,P,فواتير لزوم أعمال إزالة المطبات من شارع الدوار وحفر الزفت لزوم مدّ قساطل مياه وثمن بوردور في شهر آذار 2026,2,14,2026-04-15,312370000.0,Y
165,2026,32,8,P,فواتير لزوم أعمال ترميم البناء القائم على العقار رقم 10/الكحاله بحيث يقع على مدخل البلدة.,2,14,2026-04-15,306676000.0,Y
165,2023,79,1,P,ثمن صليب من الأزهار لزوم مأتم المرحوم فادي يوسف بجاني.,5,9,2023-08-23,2700000.0,Y
165,2023,89,2,E,فواتير الهاتف العادي والخليوي في مبنى البلدية من شهر نيسان لغاية شهرآب 2023.,1,10,2023-10-02,11246000.0,Y
165,2023,90,7,P,ثمن بطارية لزوم سيارة duster رقم 107456/م.,2,2,2023-10-18,6500000.0,Y
165,2023,115,10,P,رواتب شهر تشرين الأول 2023,1,2,2023-10-31,8199000.0,Y
165,2023,116,21,P,بدل نقل للموظفين عن شهر تشرين الأول 2023.,1,6,2023-10-31,8360000.0,Y
165,2023,117,22,P,بدل مساعدة للموظفين عنشهر تشرين الأول 2023.(بموجب المادة 111 من موازنة العام 2022 والمرسوم 2023/11227),1,6,2023-10-31,32680000.0,Y
165,2023,122,5,E,ثمن ورق A4 ويافطة.,1,7,2023-12-06,9450000.0,Y
165,2023,123,23,E,جداول العمال اليوميين خلال شهرتموز وآب 2023.,2,11,2023-12-13,46700000.0,Y
165,2023,125,25,E,جدول الشرطة اليوميين من 16/10/2023 لغاية 31/10/2023,2,11,2023-12-13,29575000.0,Y
165,2023,126,26,E,جدول الشرطة اليوميين من 1/11/2023 لغاية 15/11/2023.,2,11,2023-12-13,44550000.0,Y
165,2023,127,27,E,جدول الشرطة اليوميين من 16/11/2023 لغاية 30/11/2023,2,11,2023-12-13,44550000.0,Y
165,2023,128,28,E,جداول العمال اليوميين خلال شهر تشرين الأول 2023,2,11,2023-12-13,26800000.0,Y
165,2023,129,29,E,جداول العمال اليوميين عن شهر تشرين الثاني 2023,2,11,2023-12-13,25500000.0,Y
165,2023,130,8,P,فواتير مصروفة لزوم صيانة الطرق والمجاري خلال شهر تشرين الأول وتشرين الثاني 2023.,2,14,2023-12-13,28167000.0,Y
165,2023,131,5,P,فواتير لزوم أعمال جمع ورفع النفايات من أحياء البلدة خلال شهر آيلول وتشرين الأول 2023,2,4,2023-12-13,14000000.0,Y
165,2023,134,10,E,دفعة ثانية من سند 7/7 من بوالص التأمين للموظفين وعائلاتهم  بموجب العقد 42203.,5,6,2023-12-13,2000000.0,Y
165,2023,135,17,E,ثمن محروقات لزوم سيارات البلدية من 1/10/2023 لغاية 15/10/2023,2,9,2023-12-13,25783000.0,Y
165,2023,136,18,E,ثمن محروقات لزوم سيارات البلدية من 16/10/2023 لغاية 31/10/2023,2,9,2023-12-13,25770000.0,Y
165,2023,137,19,E,ثمن محروقات لزوم سيارات البلدية خلال شهر تشرين الثاني 2023.,2,9,2023-12-13,34592000.0,Y
165,2025,127,5,P,فاتورة ثمن ورق A4.,1,7,2025-05-14,4500000.0,Y
165,2025,128,31,P,جدول مفوض الشرطة من 2025/5/1 لغاية 2025/5/15.,2,11,2025-05-23,34200000.0,Y
165,2025,129,32,P,جدول مفوض الشرطة من 2025/5/16 لغاية 2025/5/31.,2,11,2025-05-23,36100000.0,Y
165,2025,130,33,P,جدول الشرطة اليوميين عن شهر آيار2025,2,11,2025-05-23,39000000.0,Y
165,2025,131,34,P,جدول عناصر الشرطة اليوميين من 2025/5/1 لغاية 2025/5/15.,2,11,2025-05-23,29700000.0,Y
165,2025,132,35,P,جدول عناصر الحرس من 2025/5/16 لغاية 2025/5/31,2,11,2025-05-23,31900000.0,Y
165,2025,133,36,P,جدول العمال من 2025/5/1 لغاية 2025/5/15,2,11,2025-05-23,37150000.0,Y
165,2025,134,37,P,جدول العمال اليوميين من 2025/5/1 لغاية 2025/5/15.,2,11,2025-05-23,35100000.0,Y
165,2025,135,38,P,جدول العمال اليوميين من 2025/5/16 لغاية 31/5/2025,2,11,2025-05-23,35150000.0,Y
165,2025,136,39,P,جدول العمال اليوميين من 2025/5/16 لغاية 2025/5/31.,2,11,2025-05-23,37800000.0,Y
165,2025,137,2,P,فواتير ثمن أغراض سنكرية لزوم صيانة شبكة المياه خلال شهر آيار 2025.,2,15,2025-05-23,10960000.0,Y
165,2025,138,45,P,فاتور ثمن مواد بناء لزوم بناء حائط قرب العقار رقم 1869/عاريا.,2,14,2025-05-23,18360000.0,Y
165,2025,160,2,P,فاتورة ثمن حشاشة لزوم البلدية.,2,1,2025-05-27,12000000.0,Y
165,2025,165,3,P,ثمن قسطل زراعي لزوم صيانة شبكة المياه الرئيسية.,2,15,2025-05-30,3060000.0,Y
165,2025,166,40,P,جدول معاون مفوض الشرطة ومراقب الأشغال من 1/6/2025 لغاية 15/6/2025 ضمناً,2,11,2025-07-10,38000000.0,Y
165,2025,167,41,P,جدول معاون مفوض الشرطة من 16/6/2025 لغاية 30/6/2025 ضمناً.,2,11,2025-07-10,36100000.0,Y
165,2023,7,2,P,فواتير لزوم اعمال تنظيف مجرى النهر من أضرار العاصفة وصيانة المجارير وغيرها خلال شهر كانون الثاني 2023,2,14,2023-02-24,46800000.0,Y
165,2023,8,1,P,تطوير البرابج لتعمل على windows 10 وتطوير (8G RAM+SSD).,2,2,2023-02-24,29193000.0,Y
165,2023,9,1,P,ثمن محروقات لزوم سيارات البلدية خلال شهر تشرين الثاني وكانون الأول 2022.,2,9,2023-02-24,47510000.0,Y
165,2023,10,2,P,ثمن محروقات لزوم سيارات البلدية خلال شهر كانون الثاني 2023.,2,9,2023-02-24,29591000.0,Y
165,2023,11,2,P,رواتب الموظفين عن شهر شباط 2023.,1,2,2023-02-28,8199000.0,Y
165,2023,12,3,P,بدل نقل لموظفين البلدية عن شهر شباط 2023,1,6,2023-02-28,6840000.0,Y
165,2023,13,4,P,بدل مساعدة مالية ضعفي الراتب لموظفين البلدية عن شهر شباط 2023.,1,6,2023-02-28,16080000.0,Y
165,2023,37,2,P,دفعة ثانية (سند 1/7) من بوالص تأمين للموظفين وعائلاتهم.,5,6,2023-05-10,27000000.0,Y
165,2023,41,1,P,فاتورة ثمن كلينكس ودواء للتنظيف.,2,8,2023-05-22,5960000.0,Y
165,2023,50,1,P,فواتير لزوم حبر ويافطات وقرطاسية.,1,7,2023-06-07,14446000.0,N
165,2023,51,1,P,فواتير كهرباء وفواتير مولد من شهر كانون الثاني  لغاية  حزيران 2023.,2,12,2023-06-07,4986000.0,Y
165,2023,44,9,P,بدل نقل لموظفين البلدية عن شهر آيار 2023.,1,6,2023-05-31,7980000.0,Y
165,2023,45,10,P,بدل مساعة لموظفين البلدية عن شهر آيار 2023,1,6,2023-05-31,32680000.0,Y
165,2023,46,6,P,رواتب الموظفين عن شهر حزيران 2023.,1,2,2023-06-03,8199000.0,Y
165,2023,47,11,P,بدل نقل للموظفين عن شهر حزيران 2023,1,6,2023-07-03,7220000.0,Y
165,2010,79,2,P,ثمن فرشات لزوم الدرك يوم الإنتخابات,5,9,2010-09-30,350000.0,Y
165,2010,80,2,P,ثمن بوالص تأمين عدد2 لعمال الورش وسيارة البلدية عدد1,5,6,2010-09-30,908000.0,Y
165,2010,81,15,P,ثمن مكنة تصوير  وجهاز لاسلكي وكومبرسور,2,1,2010-09-30,2520000.0,Y
165,2010,82,49,P,بدل إشتراك وثمن مخابرات هاتف البلدية رقم 05/768985 و05/769620 و 03/950190 و03/131817,1,10,2010-09-30,1222000.0,Y
165,2010,83,16,P,ثمن أوراق A4 وختم ولوازم مكتبية,1,7,2010-09-30,2024000.0,Y
165,2010,84,56,P,مكافأة مالية لقاء قيامها بأعمال إضافية في شهر أيلول /2010,1,6,2010-09-30,300000.0,Y
165,2010,85,41,P,بدل إشتراك كهرباء من 1/3/2010الى 30/6/2010ومولد كهرباء من1/7/2010 الى 30/9/2010,2,12,2010-09-30,703000.0,Y
165,2010,86,46,P,مصاريف نثرية طارئة ( ضيافات وغيرها),5,1,2010-09-30,1068000.0,Y
165,2010,87,50,P,ثمن محروقات لزوم سيارات البلدية,2,9,2010-09-30,3405000.0,N
165,2010,88,52,P,بدل أجور الأجراء الدائمين من وكلاء ورش وتنظيف مبنى البلدية,1,4,2010-09-30,3546000.0,N
165,2010,89,51,P,ثمن محروقات لزوم سيارات البلدية,2,9,2010-09-30,2195000.0,Y
165,2010,90,52,P,ثمن محروقات لزوم سيارات البلدية,2,9,2010-09-30,1210000.0,Y
165,2010,91,53,P,بدل أجور الأجراء الدائمين من وكلاء ورش وتنظيف مبنى البلدية .,1,4,2010-09-30,3510000.0,Y
165,2010,92,65,P,أجور عمال يوميين ثمن مواد بناء مختلفة وأجور آليات لصيانة الطرق,2,14,2010-09-30,8258000.0,N
165,2010,93,54,P,أجور عمال يوميين ثمن مواد بناء مختلفة وأجور آليات لصيانة الطرق,1,4,2010-09-30,15260000.0,N
165,2010,94,66,P,أجور عمال يوميين ثمن مواد بناء مختلفة وأجور آليات لصيانة الطرق,2,14,2010-09-30,15260000.0,Y
165,2010,95,67,P,بدل إجرة أليات لصيانة الطرق,2,14,2010-09-30,8407000.0,Y
165,2010,96,68,P,بدل إجرة تراكتور وبوكلين.,2,14,2010-09-30,19200000.0,Y
165,2010,97,69,P,إجرة بناء حائط حجر ونقل ردم .,2,14,2010-09-30,19600000.0,Y
165,2010,98,70,P,إجرة تراكتور وJCB .,2,14,2010-09-30,19950000.0,Y
165,2010,99,71,P,إجرة أليات وثمن مواد بناء وقساطل,2,14,2010-09-30,12193000.0,Y
165,2010,100,72,P,أجور عمال يوميين ثمن مواد بناء مختلفة لصيانة الطرق,2,14,2010-09-30,17729000.0,Y
165,2010,101,36,P,بدل صيانة شبكة الإنارة العامة .,2,16,2010-09-30,5374000.0,Y
165,2010,102,1,E,مصاريف تجهيز يئر عاريا,2,15,2010-09-30,10314000.0,Y
165,2010,103,3,P,تصوير المجلس البلدي في ساحة كنيسة مار أنطونيوس ، ودفع رسم أكاليل.,5,9,2010-09-30,758000.0,Y
165,2010,104,57,P,مكافأة مالية للكاتب بدل أعمال إضافية في شهر تشرين الأول /2010,1,6,2010-11-01,300000.0,Y
165,2010,105,58,P,مكافأة مالية للكاتب بدل أعمال إضافية في شهر تشرين الثاني /2010,1,6,2010-12-01,300000.0,Y
165,2010,106,47,P,ثمن مفرقعات لزوم يوم إستقبال الوزير جبران باسيل,5,1,2010-12-08,1495000.0,Y
165,2014,166,11,P,ثمن محروقات لزوم سيارات  البلدية من محطة بانوراما.,2,9,2014-12-30,2010000.0,Y
165,2004,4,1,P,ثمن ملابس للشرطة,1,8,2004-01-02,761000.0,Y
165,2023,141,3,E,فواتير الهاتف العادي والخليوي عن شهر أيلول و تشرين الأول وتشرين الثاني 2023,1,10,2023-12-21,7058000.0,Y
165,2023,142,4,P,فواتير مصاريف نثرية لزوم ضيافة في مبنى البلدية من مياه وشوكولا وبن.,5,2,2023-12-27,10435000.0,Y
165,2023,143,1,P,ثمن رينجر وانتريك تشريج لزوم الشرطة.,1,8,2023-12-27,4900000.0,Y
165,2023,144,12,P,رواتب الموظفين عن شهر كانون الأول 2023,1,2,2023-12-29,8199000.0,Y
165,2023,145,26,P,بدل نقل لموظفين البلدية عن شهر كانون الأول 2023.,1,6,2023-12-29,24750000.0,Y
165,2023,146,27,E,بدل مساعدة للموظفين عن شهر كانون الأول 2023 ( بموجب المادة 111 من موازنة العام 2022 والمرسوم 2023/11227).,1,6,2023-12-29,48240000.0,Y
165,2023,148,30,E,جدول الشرطة اليوميين من 1/12/2023 لغاية 15/12/2023.,2,11,2023-12-29,44550000.0,Y
165,2023,149,31,E,جدول الشرطة اليوميين من 16/12/2023 لغاية 31/12/2023,2,11,2023-12-29,47650000.0,Y
165,2023,150,32,E,جداول العمال اليوميين خلال شهر كانون الأول 2023,2,11,2023-12-29,42000000.0,Y
165,2023,151,33,E,جدول اجور عمال يوميين خلال شهر كانون الأول 2023,2,11,2023-12-29,37000000.0,Y
165,2023,152,9,P,فواتير مصروفة في أعمال صيانة المجارير والأقنية خلال شهر كانون الأول 2023.,2,14,2023-12-29,19476000.0,Y
165,2023,153,1,P,فواتير مصروفة لزوم صيانة شبكة المياه خلال شهر كانون الأول 2023,2,15,2023-12-29,27626000.0,Y
165,2023,154,1,P,اعمال حفر عبارات علة طريق الطاحون وقرب فرن ايلي حليم ابي خليل وقرب بناية سيزار اسكندر خلال شهر كاون الأول 2023.,3,5,2023-12-29,46400000.0,Y
165,2023,155,2,P,أعمال برش كوع بو نعيم ومفرق كفرنسيم خلال شهر كانون الأول 2023.,3,5,2023-12-29,31500000.0,Y
165,2023,162,6,P,فواتير مصروفة لزوم غذاء لموظفين البلدية بمناسبة عيد الميلاد ورأس السنة.,5,1,2023-12-29,2670000.0,Y
165,2023,163,7,E,فواتير مصروفة لزوم غذاء لموظفين البلدية في مبنى البلدية بمناسبة عيد الميلاد ورأس السنة.,5,1,2023-12-29,19975000.0,Y
165,2024,8,2,P,جدول الشرطة اليوميين من 2024/1/16 لغاية 2024/1/31.,2,11,2024-03-21,48300000.0,Y
165,2023,80,1,P,رسم اربع وكالات قضائية عن ايلي جو بجاني والياس ابي خليل وفادي الزغبي وايلي بجاني عن الحادث على كوع الكحاله في 9 آب 2023.,5,3,2023-08-23,6000000.0,Y
165,2023,81,8,P,رواتب شهر آب 2023,1,2,2023-08-31,8199000.0,Y
165,2023,82,16,P,بدل نقل لموظفين البلدية عن شهر آب 2023.,1,6,2023-08-31,798000.0,N
165,2023,83,17,P,بدل نقل للموظفين عن شهر آب 2023.,1,6,2023-08-31,7980000.0,Y
165,2023,84,18,P,بدل مساعدة للموظفين عن شهر آب 2023.( بموجب المادة 111 من موازنة العام 2022 والمرسوم 2023/11227),1,6,2023-08-31,32680000.0,Y
165,2023,94,14,P,جدول الشرطة من 2023/7/1 لغاية 2023/7/15.,2,11,2023-10-18,27725000.0,Y
165,2023,114,8,P,فواتير تصليح سيارات Duster عدد2 التابعة للبلدية .,2,2,2023-10-18,46946000.0,Y
165,2023,147,28,E,بدل معايدة الموظفين بمناسبة عيد الميلاد ورأس السنة 2023-2024.,1,6,2023-12-29,30000000.0,Y
165,2024,157,10,P,رواتب الموظفين عن شهر تشرين الأول 2024.,1,2,2024-10-31,8379000.0,Y
165,2024,158,21,P,بدل نقل للموظفين عن شهر تشرين الأول 2024.,1,6,2024-10-31,34200000.0,Y
165,2025,45,2,P,فواتير مولد الكهرباء عن شهر آذار ونيسان 2025 وفاتورة كهرباء عن شهر كانون الثاني وشباط 2025 لزوم مبنى البلدية.,2,12,2025-04-14,11281000.0,Y
165,2023,48,12,P,بدل مساعدة للموظفين عن شهر حزيران 2023(بموجب المادة 111 من قانون موازنة العام 2022 والمرسوم 11227/2023),1,6,2023-07-03,31562000.0,N
165,2023,33,6,P,جداول الشرطة اليوميين عن شهر نيسان 2023.,2,11,2023-05-10,45180000.0,Y
165,2023,34,7,P,جداول العمال اليوميين عن شهر نيسان 2023.,2,11,2023-05-10,10525000.0,Y
165,2023,42,2,P,فواتير ثمن مياه وغيرها من لوازم الضيافة في مبنى البلدية خلال شهر آذار ونيسان وآيار 2023.,5,1,2023-05-31,10446000.0,Y
165,2023,56,9,P,جدول الشرطة اليوميين من 16/5/2023 لغاية 31/5/2023.,2,11,2023-07-28,32950000.0,Y
165,2023,57,10,P,جدول الشرطة اليوميين من 1/6/2023 لغاية 15/6/2023.,2,11,2023-07-28,30650000.0,Y
165,2023,58,11,P,جداول الشرطة اليوميين من 16/6/2023 لغاية 30/6/2023.,2,11,2023-07-28,30875000.0,Y
165,2023,59,12,P,جداول العمال عن شهر آيار 2023.,2,11,2023-07-28,42595000.0,Y
165,2023,18,3,P,فواتيرثمن مواد بناء وغيرها لزوم صيانة طرق ومجارير خلال شهر شباط وآذار.,2,14,2023-04-05,13677000.0,Y
165,2023,19,1,P,فواتير لزوم صيانة محطة الكهرباء في حي الشاوية وتصليح خط كهرباء قرب كنيسة مار الياس في شهر آذار.,2,16,2023-04-05,21880000.0,Y
165,2023,20,1,P,فوتير مصروفة في أعمال جمع ورفع النفايات من أحياء البلدة خلال شهر كانون الثاني وشباط 2023.,2,4,2023-04-05,14000000.0,Y
165,2023,24,4,P,ثمن محروقات لزوم سيارات البلدية من 16/2/2023 لغاية 28/2/2023,2,9,2023-04-05,29775000.0,Y
165,2023,54,3,P,ثمن بوالص تأمين لزوم سيارة DUSTER ورابيد.,5,6,2023-06-15,9510000.0,Y
165,2023,70,10,P,فاتورة ثمن محروقات لزوم سيارات البلدية خلال شهر حزيران 2023.,2,9,2023-07-28,49021000.0,Y
165,2022,112,3,P,نمنمك,1,10,2022-12-31,500000.0,N
165,2022,113,31,E,بدل معايدات لموظفين البلدية بمناسبة عيد الميلاد ورأس السنة 2022-2023.,1,6,2022-12-30,8000000.0,Y
165,2022,114,15,E,جداول الشرطة اليوميين عن شهر كانون الاول 2022,2,11,2022-12-30,36100000.0,Y
165,2022,115,16,E,جداول العمال اليوميين عن شهر كانون الاول 2022,2,11,2022-12-30,13900000.0,Y
165,2023,2,1,P,تعويض نقل للموظفين عن شهر كانون الثاني 2023,1,6,2023-01-31,7600000.0,Y
165,2023,3,2,P,بدل مساعدة ضعفي الراتب لموظفين البلدية عن شهر كانون الثاني 2023,1,6,2023-01-31,16080000.0,Y
165,2023,23,3,P,ثمن محروقات لزوم سيارات البلدية من 1/2/2023 لغاية 15/2/2023.,2,9,2023-04-05,23760000.0,Y
165,2023,30,4,P,رواتب الموظفين عن شهر نيسان 2023.,1,2,2023-05-02,8199000.0,Y
165,2025,282,2,P,ترميم لوحة نحاسية على مدخل مبنى البلدية.,2,5,2025-12-31,13950000.0,Y
165,2025,283,58,E,جدول مراقب الأشغال ومفوض البلدية ومعاون مفوض والشرطة اليوميين من 1/11/2025 لغاية 15/12/2025,2,11,2025-12-29,572230000.0,Y
165,2025,284,59,E,جداول عمال يوميين من 1/11/2025 لغاية 15/12/2025,2,11,2025-12-29,385000000.0,Y
165,2025,285,60,P,جداول العمال اليوميين من 1/11/2025 لغاية 15/12/2025,2,11,2025-12-29,223700000.0,Y
165,2025,286,73,E,فواتير لزوم بناء حائط على طريق الشاويةقرب العقار رقم 280/الكحاله.,2,14,2025-12-29,437205000.0,Y
165,2025,287,74,E,فواتير لزوم تدعيم حائط مدخل رجوم قرب الصيدلية وبناء شعيرة على الحائط المذكور وتأهيل البنى التحتية للأرصفة.,2,14,2025-12-29,180235000.0,Y
165,2004,5,1,P,قيمة اشتراك ومخابرات هاتفي البلدية والخليوي (القسط الرابع 2003),1,7,2004-01-02,972000.0,N
165,2004,6,1,P,قيمة اشتراك ومخابرات هاتفي البلدية والخليوي (القسط الرابع 2003),1,10,2004-01-02,972000.0,Y
165,2004,7,1,P,اجرة ونش هيدروليك مع فنيين وثمن بضاعة,2,16,2004-01-02,982000.0,Y
165,2004,8,1,P,ثمن ضيافات,5,1,2004-01-02,500000.0,Y
165,2004,9,1,P,ثمن قطع للسيارات والأجهزة مع اجرة تركيب,2,2,2004-01-19,1083000.0,Y
165,2004,10,1,P,ثمن محروقات,2,9,2004-01-19,541000.0,Y
165,2004,11,1,P,اجور آليات وعمال وثمن بضاعة مختلفة,2,14,2004-01-31,1132000.0,Y
165,2004,12,2,P,رواتب الشرطة والكاتب عن شباط 2004,1,2,2004-02-16,1535000.0,Y
165,2004,13,1,P,بدل اجور نقل للشرطة والكاتب عن شهر شباط 2004,1,6,2004-02-16,348000.0,Y
165,2004,14,4,P,بدل اجور الأجراء الدائمين (وكلاء ورش وتنظيف مبنى البلدية) شباط 2004,1,4,2004-02-28,2745000.0,Y
165,2004,15,12,P,ثمن ترابة واجور عمال,2,14,2004-02-28,3311000.0,Y
165,2004,16,16,P,ثمن بحص ومياه وادوات مختلفة واجور عمال وآليات واعمال طوبوغرافية,2,14,2004-02-28,1809000.0,Y
165,2004,17,1,P,بدل ايجار مقر مبنى البلدية من 1-3-04 لغاية 31-5-04,1,9,2004-02-28,2700000.0,N
165,2004,18,1,P,مساهمة الى شبيبة مار انطونيوس ومار الياس - الكحاله,4,7,2004-03-01,600000.0,Y
165,2004,19,1,P,ثمن 6 بوالص تأمين للموظفين والعمال الدائمين 2004-2005,5,6,2004-03-01,2324000.0,Y
165,2004,20,11,P,ثمن محروقات لسيارات البلدية,2,9,2004-03-01,525000.0,Y
165,2004,21,13,P,بدل رواتب الشرطة والكاتب عن شهر آذار 2004,1,2,2004-03-01,1535000.0,Y
165,2004,22,14,P,اجور نقل للشرطة والكاتب عن شهر آذار 2004,1,6,2004-03-31,366000.0,Y
165,2004,23,15,P,بدل اجور العمال الدائمين (وكلاء ورش وجباية وتنظيف مبنى البلدية) عن شهر آذار 2004,1,4,2004-04-01,2763000.0,Y
165,2004,24,17,P,ثمن ترابة وبحص وقساطل وادوات مختلفة واجرة آليات واجور عمال,2,14,2004-04-01,5728000.0,Y
165,2004,25,1,P,ثمن باطون مسلح جاهز لإستكمال مشروع البنك الدولي القسم الثاني,3,5,2004-04-01,9135000.0,N
165,2004,26,23,P,بدل تعويض حبيب رزق الله عن العام 2003,1,6,2004-04-07,783000.0,Y
165,2004,27,21,P,ثمن محروقات لسيارات البلدية خلال شهري آذار ونيسان 2004,2,9,2004-04-27,1573000.0,Y
165,2004,28,7,P,قيمة مخابرات  قيمة مخابرات خليوية لوكلاء الورش خلال شهري آذار ونيسان 2004,1,10,2004-04-28,582000.0,Y
165,2004,29,8,P,اجرة ونش هيدروليك وثمن بضاعة كهرباء مختلفة,2,16,2004-04-29,2034000.0,Y
165,2004,30,24,P,بدل اجور العمال الدائمين (وكلاء ورش وجباية وتنظيف مبنى البلدية) عن شهر نيسان 2004,1,4,2004-04-30,2715000.0,Y
165,2004,31,1,P,اعمال طوبوغرافية واظهار حدود للطريق الممتد من معمل الهبر لغاية طريق بسوس,3,9,2004-04-30,1200000.0,Y
165,2004,32,25,P,ثمن ترابة واحجار باطون وادوات مختلفة واجرة آليات مع اجور عمال خلال شهر نيسان 2004,2,14,2004-04-30,3000000.0,Y
165,2004,33,22,P,بدل رواتب الشرطة والكاتب عن شهر نيسان 2004,1,2,2004-04-30,1535000.0,Y
165,2004,34,27,P,بدل نقل للشرطة والكاتب عن شهر نيسان 2004,1,6,2004-04-30,330000.0,Y
165,2025,46,2,P,اعمال رفع وجمع النفايات خلال شهر آذار 2025.,2,4,2025-04-14,7000000.0,N
165,2025,50,9,P,بدل نقل للموظفين عن شهر نيسان 2025.,1,6,2025-04-30,30600000.0,Y
165,2025,51,10,P,بدل تعويض مؤقت لموظفين البلدية بموجب المادة 111 من موازنة العام 2022 والمراسيم رقم 11227/2023 و14033/2024 عن شهر نيسان 2025.,1,6,2025-04-30,129480000.0,Y
165,2025,91,24,P,فاتورة إجرة بيك آب لزوم نقل الأتربة من حفرية الحائط في العقار رقم 1833/عاليه.,2,14,2025-04-30,39150000.0,Y
165,2025,92,25,P,إجرة بيك آب لزوم نقل الأتربة من حفرية الحائط قرب مزار سانت ريتا خلال شهر نيسان 2025.,2,14,2025-04-30,12150000.0,Y
165,2025,93,26,P,إجرة 6 عمال لزوم  بناء حجر صخر لمدة 4 أيام قرب العقار رقم 1833/عاليه في شهر نيسان 2025.,2,14,2025-04-30,46800000.0,Y
165,2025,94,27,P,إجرة 6 لزوم بناء حجر صخر لمدة  3أيام قرب العقار رقم 1833/عاليه.,2,14,2025-04-30,48600000.0,Y
165,2025,95,28,P,إجرة 6 عمال لزوم بناء حجر صخر لمدة 3 أيام قرب العقار رقم 1833/عاليه في شهر نيسان 2025.,2,14,2025-04-30,48600000.0,Y
165,2025,96,29,P,إجرة 3 عمال لزوم بناء حجر صخر لمدة 6 أيام قرب العقار رقم 1833/عاليه في شهر نيسان 2025.,2,14,2025-04-30,48600000.0,Y
165,2025,97,30,P,إجرة 6 عمال لزوم بناء حجر صخر لمدة 3 أيام قرب العقار رقم 1833/عاليه في شهر نيسان 2025.,2,14,2025-04-30,48600000.0,Y
165,2025,98,31,P,إجرة كميون حجار دبش لزوم حائط قرب العقار رقم 1833/عاليه في شهر نيسان 2025.,2,14,2025-04-30,48600000.0,Y
165,2025,99,32,P,إجرة كميون حجار دبش لزوم حائط قرب العقار رقم 1833/عاليه في شهر نيسان 2025.,2,14,2025-04-30,48600000.0,Y
165,2025,100,33,P,إجرة 6 عمال لزوم بناء حجر صخر لمدة 3 أيام قرب مزار سانت ريتا.,2,14,2025-04-30,48600000.0,Y
165,2025,101,34,P,إجرة 6 عمال لزوم بناء حجر صخر لمدة 3 أيام قرب مزار سانت ريتا في شهر نيسان 2025.,2,14,2025-04-30,48600000.0,Y
165,2025,102,35,P,إجرة 6 عمال لزوم بناء حجر صخر لمدة 3 أيام قرب مزار سانت ريتا في شهر نيسان 2025.,2,14,2025-04-30,48600000.0,Y
165,2025,103,36,P,إجرة 6 عمال لزوم بناء حجر صخر لمدة 3 أيام قرب مزار سانت ريتا خلال شهر نيسان 2025.,2,14,2025-04-30,48600000.0,Y
165,2025,139,46,P,إجرة بوب كات ونقل ردم ودبش قرب العقار رقم 1869/عاريا في شهر آيار 2025.,2,14,2025-05-23,36450000.0,Y
165,2025,140,47,P,إجرة بوكلين لزوم حفر على الطريق قرب العقار رقم 1053و1054و1055/الكحاله,2,14,2025-05-23,49500000.0,Y
165,2025,141,48,P,إجرة بوكلين لزومحفر على الطريق قرب العقار رقم 896/الكحاله,2,14,2025-05-23,36000000.0,Y
165,2025,142,49,P,إجرة JCB  لزوم حفر حائط على الطريق مقابل العقار رقم 1869/عاريا في شهر آيار 2025.,2,14,2025-05-23,48960000.0,Y
165,2025,143,50,P,إجرة JCB لزوم أعمال تنظيف مدخل مستودع البلدية وقرب مبنى البلدية في شهر آيار.,2,14,2025-05-23,46080000.0,Y
165,2025,144,51,P,إجرة نقل عشب من أحياء الكحاله خلال شهر آيار 2025.,2,14,2025-05-23,45000000.0,Y
165,2025,145,52,P,إجرة بوب كات لزوم تنظيف الطريق قرب مزار سانت ريتا ونقل ردم  قرب العقار رقم 1869/عاريا في شهر آيار 2025.,2,14,2025-05-23,29700000.0,Y
165,2023,95,15,P,جدول الشرطة من 2023/7/16 لغاية 2023/7/31.,2,11,2023-10-18,29350000.0,Y
165,2023,96,16,P,جدول الشرطة من 2023/8/1 لغاية 2023/8/15.,2,11,2023-10-18,31800000.0,Y
165,2023,97,17,E,جدول الشرطة من 2023/8/16 لغاية 2023/8/31,2,11,2023-10-18,29575000.0,Y
165,2025,288,75,E,فواتير لزوم اعمال صيانة والبلدة خلال شهر تشرين الثاني وكانون الأول 2025,2,14,2025-12-29,478340000.0,Y
165,2025,289,11,E,فواتير لزوم اعمال تشحيل شجر وتنظيف الطرقات والأقنية والأرصفة خلال شهر تشرين الثاني وكانون الأول 2026.,2,4,2025-12-29,142000000.0,Y
165,2025,290,9,P,فواتير لزوم صيانة شبكة المياه وتركيب خزانات لحديقة مفرق بسوس خلال شهر تشرين الثاني وكانون الأول 2025.,2,15,2025-12-29,92109000.0,Y
165,2025,291,9,P,فواتير لزوم نقل أعمدة كهرباء ثمن بروجكتورات لزوم إنارة أحياء البلدة.,2,16,2025-12-29,607240000.0,Y
165,2025,292,3,E,فواتير لزوم صيانة مبنى البلدية من النش للجهة الغربية والجنوبية وصيانة واجهات الألمنيوم.,2,5,2025-12-29,500000000.0,Y
165,2025,293,4,P,فواتير لزوم صيانة مبنى البلدية من النش للجهة الغربية والجنوبية وصيانة واجهات الألمنيوم.,2,5,2025-12-29,129530000.0,Y
165,2025,295,8,P,فواتير لزوم اعمال طوبوغرافية.,5,9,2025-12-29,121500000.0,Y
165,2025,296,2,P,بدل معايدة الشرطة والعمال اليوميين بمناسبة عيد الميلاد ورأس السنة.,4,2,2025-12-29,320000000.0,Y
165,2025,297,3,E,مصاريف نشاط رياضي في ملعب بلدية عاريا خلال شهر تشرين الأول وتشرين الثاني 2025.,4,6,2025-12-31,17340000.0,Y
165,2025,298,12,P,رواتب شهر كانون الأول 2025.,1,2,2025-12-31,8449000.0,Y
165,2025,299,26,P,بدل نقل للموظفين خلال شهر كانون الأول 2025.,1,6,2025-12-31,36000000.0,Y
165,2025,300,27,E,بدل تعويض مؤقت بموجب المادة 111 من موازنة العام 2022 والمراسيم2023/11227 و2024/14033 وتعوض المثابرة عن شهر كانون الأول 2025,1,6,2025-12-31,212480000.0,Y
165,2026,9,3,P,بدل نقل للموظفين عن شهر شباط 2026,1,6,2026-03-02,34200000.0,Y
165,2026,19,1,P,فواتير لزوم صيانة شبكة المياه خلال شهر كانون الثاني وشباط2026.,2,15,2026-03-10,242350000.0,Y
165,2026,20,1,P,فواتير لزوم صيانة الإنارة العامة في شهر كانون الثاني وشباط 2026.,2,16,2026-03-10,67395000.0,Y
165,2026,21,1,P,ثمن 8 بوالص تأمين لزوم موظفين البلدية وعائلاتهم من 1/3/2026 لغاية 28/2/2027.,5,6,2026-03-10,588600000.0,Y
165,2026,22,5,P,بدل مساعدة جامعية  للموظفة كارول ابي خليل لزوم ابنتها في الجامعة الخاصة للعام 2025-2026.,1,6,2026-03-10,223750000.0,Y
165,2026,42,1,P,فاتورة لزوم طباعة Brochure A4 عن المشاريع المطروحة في البلدة.,1,7,2026-04-14,66600000.0,Y
165,2025,168,42,P,جداول الموظف في تكنولوجيا المعلوماتية (IT) من 11/6/2025 لغاية 30/6/2025 .,2,11,2025-07-10,14000000.0,Y
165,2025,170,44,P,جدول الشرطة اليوميين من 16/6/2025 لغاية 30/6/2025.,2,11,2025-07-10,18200000.0,Y
165,2025,171,45,P,جدول عناصر الحرس اليوميين من 1/6/2025لغاية 15/6/2025.,2,11,2025-07-10,33550000.0,Y
165,2025,172,46,P,جدول عناصر الحرس اليوميين من 16/6/2025 لغاية 30/6/2025,2,11,2025-07-10,30580000.0,Y
165,2025,173,47,P,جدول العمال اليوميين من 1/6/025 لغاية 15/6/2025لزوم اعمال بناء حائط صخر حجر مقابل العقار رقم 1869و1029/عاريا,2,11,2025-07-10,40800000.0,Y
165,2025,174,48,P,جدول العمال من 1/6/2025 لغاية 15/6/2025 .,2,11,2025-07-10,33600000.0,Y
165,2025,175,49,P,جدول العمال من 1/6/2025 لغاية 15/6/2025,2,11,2025-07-10,36450000.0,Y
165,2025,176,50,P,جدول العمال اليوميين من 16/6/2025 لغاية 30/6/2025,2,11,2025-07-10,44200000.0,Y
165,2025,177,51,P,جدول العمال اليوميين من 16/6/2025 لغاية 30/6/2025,2,11,2025-07-10,40550000.0,Y
165,2004,35,6,P,ثمن قرطاسية ومطبوعات لزوم مكتب البلدية,1,7,2004-04-30,,N
165,2004,36,36,P,ثمن قرطاسية ومطبوعات وغيرها لمكتب البلدية,1,7,2004-04-30,584000.0,Y
165,2004,37,31,P,جدول اجور العمال الدائمين (وكلاء ةرش وجباية وتنظيف مبنى البلدية )خلال شهر ايار 2004,1,4,2004-05-30,2739000.0,Y
165,2004,38,33,P,ثمن ترابة ومياه وقساطل واكسسوارات واجرة آليات وعمال خلال شهر ايار 2004,2,14,2004-05-31,1770000.0,Y
165,2009,56,48,P,أجور أليات وصيانة طرق.,2,14,2009-08-24,18037000.0,Y
165,2011,36,4,P,ثمن محروقات لزوم سيارات البلدية عن شهر نيسان/2011,2,9,2011-06-08,1704000.0,Y
165,2011,37,1,P,بدل دفعة أولى من أتعاب المحامي إدمون شمعون .,5,3,2011-06-08,3000000.0,Y
165,2011,38,8,P,مكافأة مالية لأعمال إضافية عن شهر حزيران 2011,1,6,2011-07-01,300000.0,Y
165,2007,16,1,P,قيمة اشتراك ومخابرات هاتفية عادي وخليوي عن العام 2007,1,10,2007-01-31,6000000.0,Y
165,2007,17,9,P,بدل ايجار آخر قسط من السنة التأجيرية الأخيرة للمبنى البلدي القديم,1,9,2007-02-28,2700000.0,Y
165,2007,18,1,P,ثمن محروقات لسيارات البلدية,2,9,2007-02-28,10000000.0,Y
165,2007,19,1,P,ثمن ادوات مكتبية ومطبوعات وغيرها,1,7,2007-01-02,4000000.0,Y
165,2007,20,16,P,ثمن سنترال وتلفونات واجهزة لآسلكية وماكينة تصوير وغيرها,2,1,2007-01-02,8000000.0,Y
165,2007,21,1,P,صيانة الأجهزة والسيارات (ثمن قطع واجرة تصليح),2,2,2007-01-02,5000000.0,Y
165,2007,22,1,P,ثمن خزائن وغيرها,2,3,2007-01-02,2000000.0,Y
165,2007,23,1,P,ثمن بوالص تأمين للموظفين والعمال الدائمين,5,6,2007-02-02,4000000.0,N
165,2007,24,15,P,قيمة جدول الأجراء الدائمين وكلاء ورش وجباية وتنظيف مبنى البلدية,1,4,2007-02-28,3216000.0,Y
165,2007,25,1,P,قيمة اشتراك في المولد الكهربائي عن العام 2007,2,12,2007-01-02,2400000.0,Y
165,2007,26,24,P,ثمن بوالص تأمين طبابة واستشفاء للموظفين والأجراء الدائمين عن العام 2007,5,6,2007-02-28,5000000.0,Y
165,2007,27,6,P,اجور عمال وآليات وثمن ترابة وبحص واحجار باطون وقساطل وادوات مختلفة,2,14,2007-02-28,7239000.0,Y
165,2007,28,14,P,قيمة مصاريف دفن المرحوم جوزف ايليا بجاني,1,6,2007-03-16,2900000.0,Y
165,2007,29,25,P,قيمة جدول اجور الأجراء الدائمين (وكلاء ورش وجباية وتنظيف مبنى البلدية وغيرها عن شهر آذار 2007),1,4,2007-03-31,2500000.0,Y
165,2007,30,28,P,اجور عمال وآليات وثمن ترابة وحديد وادوات مختلفة,2,14,2007-03-31,8259000.0,Y
165,2007,31,30,P,قيمة جدول أجور الأجراء الدائمين عن شهر نيسان 2007 (وكلاء ورش وجباية وتنظيف مبنى البلدية),1,4,2007-04-30,1952000.0,Y
165,2007,32,31,P,اجور عمال يوميين وآليات ونقل وثمن ترابة وبحص وحديد وادوات مختلفة,2,14,2007-04-30,9221000.0,Y
165,2007,33,18,P,بدل ايجار مبنى البلدية الجديد عن شهر كانون الأول 2006,1,9,2007-04-30,450000.0,Y
165,2007,34,1,P,اجرة ونش هيدروليك مع فنيين وثمن بضاعة كهرباء,2,16,2007-04-30,10000000.0,Y
165,2007,35,5,E,لزوم تبييض المركز السابق للبلدية قبل تسليمه الى المالكين وطرش ودهان المبنى الجديد من الخارج ومدخل البناء,2,5,2007-04-30,5022000.0,Y
165,2007,36,32,P,قيمة جدول اجور الأجراء الدائمين وكلاء ورش وجباية وتنظيف مبنى البلدية عن ايار 2007,1,4,2007-05-31,1988000.0,Y
165,2007,37,33,P,قيمة اجور عمال وآليات وثمن مواد بناء مختلفة,2,14,2007-05-31,13249000.0,Y
165,2023,98,18,E,جدول الشرطة اليوميين من 2023/9/1 لغاية 2023/9/15,2,11,2023-10-18,27725000.0,Y
165,2023,99,19,E,جدول الشرطة اليوميين من 2023/9/16 لغاية 2023/9/30,2,11,2023-10-18,27150000.0,Y
165,2023,100,20,E,جدول العمال من 2023/6/16 لغاية 2023/6/30 تكملة عمار حائط ميشال فارس بجاني.,2,11,2023-10-18,31350000.0,Y
165,2023,101,21,E,جداول العمال اليوميين عن شهر تموز وآب2023,2,11,2023-10-18,10000000.0,N
165,2023,102,22,E,جدول العمال اليوميين عن شهر أيلول 2023,2,11,2023-10-18,21400000.0,Y
165,2023,103,6,P,إجرة عمل يوم بوكلين لحفر قناة مياه قرب الطاحون.,2,14,2023-10-18,31150000.0,Y
165,2023,120,24,P,بدل نقل للموظفين خلال شهر تشرين الثاني 2023,1,6,2023-11-30,25650000.0,Y
165,2023,133,9,P,سند7/7 من بوالص تأمين للموظفين وعائلاتهم بموجب العقد رقم 769396.,5,6,2023-12-13,25000000.0,Y
165,2024,4,2,P,رواتب الموظفين عن شهر شباط 2024,1,2,2024-02-29,8309000.0,Y
165,2024,5,3,P,بدل نقل للموظفين عن شهر شباط 2024,1,6,2024-02-29,23850000.0,Y
165,2024,6,4,P,بدل مساعدة للموظفين 6 أضعاف راتب شهر شباط 2024.,1,6,2024-02-29,48900000.0,Y
165,2024,110,1,P,مساهمة لطلائع مار انطونيوس والحركة الرسولية في الكحاله للقيام بأعمال إحصائية لسكان الكحاله.,5,9,2024-07-31,10000000.0,Y
165,2024,131,34,P,جدول الشرطة من 1/8/2024 لغاية 15/8/2024,2,11,2024-09-30,35750000.0,Y
165,2024,156,10,P,ثمن محروقات لزوم سيارات البلدية خلال شهر آيلول 2024.,2,9,2024-09-30,33296000.0,Y
165,2024,164,50,E,جدول العمال اليوميين من 1/10/2024 لغاية 15/10/2024.,2,11,2024-12-06,39400000.0,Y
165,2024,165,51,E,جدول العمال اليوميين من 16/10/2024 لغاية 31/10/2024,2,11,2024-12-06,48700000.0,Y
165,2024,166,52,E,جدول العمال اليوميين من 16/10/2024 لغاية 31/10/2024,2,11,2024-12-06,34900000.0,Y
165,2024,167,53,E,جدول العمال اليوميين من 1/11/2024 لغاية 15/11/2024,2,11,2024-12-06,41700000.0,Y
165,2024,168,54,E,جدول العمال من 16/11/2024 لغاية 30/11/2024,2,11,2024-12-06,38600000.0,Y
165,2024,169,55,E,جدول العمال اليوميين من 16/11/2024 لغاية 30/11/2024,2,11,2024-12-06,33800000.0,Y
165,2024,170,18,E,أعمال صيانة الطرق العامة وشبكة الصرف الصحي وتركيب مراكز للشرطة على مداخل البلدة في شهر تشرين الأول وتشرين الثاني 2024.,2,14,2024-12-06,31680000.0,Y
165,2024,171,19,E,إجرة بوب كات ونقل لزوم تنظيف الطرقات ونقل العشب خلال شهر تشرين الأول وتشرين الثاني 2024,2,14,2024-12-06,49500000.0,Y
165,2024,172,20,E,دفعة من ثمن مصبع حديد قرب العقار رقم 1021/منطقة الكحاله العقارية.,2,14,2024-12-06,18000000.0,Y
165,2024,173,3,P,أعمال صيانة شبكة المياه خلال شهر تشرين الأول وتشرين الثاني 2024.,2,15,2024-12-06,19620000.0,Y
165,2024,174,4,P,فواتير جمع ورفع النفايات من أنحاء البلدة خلال شهر أيلول وتشرين الأول 2024.,2,4,2024-12-06,14000000.0,Y
165,2024,175,8,P,ثمن بوالص تأمين عدد2 لزوم سيارة duster رقم 107552/م وR12 STATION.,5,6,2024-12-06,14400000.0,Y
165,2024,176,12,P,فواتير لزوم صيانة سيارات البلدية وثمن دواليب وغيار زيت.,2,2,2024-12-06,19180000.0,Y
165,2024,177,1,P,مساهمة في تصليح سيارة مخفر درك عاريا.,4,12,2024-12-06,9000000.0,Y
165,2024,178,11,P,ثمن محروقات لزوم سيارات البلدية خلال شهر تشرين الأول 2024.,2,9,2024-12-06,28250000.0,Y
165,2025,180,62,P,إجرة JCB لزوم أعمال حفر لتسوية الطريق مقابل العقار رقم 1869/عاريا.,2,14,2025-07-10,20250000.0,Y
165,2025,181,4,P,ثمن أغراض سنكرية لزوم صيانة شبكة المياه في شهر حزيران 2025.,2,15,2025-07-10,12800000.0,Y
165,2025,182,63,P,إجرة بيك آب وبوب كات لزوم نقل العشب من أحياء البلدة خلال شهر حزيران 2025.,2,14,2025-07-10,48600000.0,Y
165,2025,183,64,P,إجرة ونش وثمن أغراض مختلفة لزوم صيانة شبكة الصرف الصحي وتنظيف الطرقات في شهر حزيران 025.,2,14,2025-07-10,34270000.0,Y
165,2025,184,1,P,فاتورة لزوم رش أحياء البلدة لمكافحة الحشرات في شهر حزيران 2025.,2,7,2025-07-10,29800000.0,Y
165,2025,185,5,P,فاتورة لزوم جمع ورفع النفايات من أحياء البلدة خلال شهر حزيران 2025.,2,4,2025-07-10,7000000.0,Y
165,2025,186,1,P,مساهمة في نشاط رياضي لفريقي الكحاله في VOLLEYBALL و BASKETBALL.,4,6,2025-07-10,46710000.0,Y
165,2025,190,5,P,ثمن محروقات لزوم سيارات البلدية خلال شهر آيار 2025.,2,9,2025-07-10,33864000.0,Y
165,2025,191,6,P,ثمن محروقات لزوم سيارات البلدية خلال شهر حزيران 2025,2,9,2025-07-10,36450000.0,Y
165,2025,192,3,P,ثمن 10 أجهزة لاسلكي لزوم شرطة البلدية.,2,1,2025-07-10,37600000.0,Y
165,2025,193,6,P,رواتب الموظفين عن شهر حزيران 2025.,1,2,2025-07-10,8449000.0,Y
165,2025,194,13,P,جدول نقل للموظفين عن شهر حزيران 2025,1,6,2025-07-10,29700000.0,Y
165,2025,195,14,P,بدل تعويض مؤقت لموظفين البلدية بموجب المادة 111 من موازنة العام 2022 والمراسيم رقم 2023/11227 و2024/14033 عن شهر حزيران 2025.,1,6,2025-07-10,129480000.0,Y
165,2025,196,2,P,غرامة 20% على الفصل الأول من الرسم الطابع المالي للعام 2025.,5,9,2025-07-17,19610000.0,Y
165,2025,197,7,P,رواتب الموظفين عن شهر تموز 2025.,1,2,2025-07-31,8449000.0,Y
165,2025,198,15,P,بدل نقل للموظفين عن شهر تموز 2025,1,6,2025-07-31,39600000.0,Y
165,2025,199,16,P,بدل تعويض مؤقت لموظفين البلدية بموجب المادة 111 من موازنة  العام 2022 والمراسيم رقم 2023/11227 و2024/14033 عن شهر تموز 2025.,1,6,2025-07-31,144480000.0,Y
165,2025,200,53,P,جداول معاون مفوض الشرطة ومراقب الأشعال وجهاز الشرطة وموظف (IT) والعمال اليوميين عن شهر تموز 2025,2,11,2025-08-12,488030000.0,Y
165,2025,201,65,P,فواتير لزوم اعمال حفر خلف الحائط في العقار رقم 1833/عاليه عقارياً والكحاله بلدياً وصيانة وتنظيق طرقات البلدة في شهر تموز 2025.,2,14,2025-08-12,421850000.0,Y
165,2025,202,5,P,فواتير لزوم صيانة شبكة المياه خلال شهر تموز 2025,2,15,2025-08-12,23368000.0,Y
165,2025,203,6,P,ثمن بروجكتور عدد 5 مع كابل لزوم الإنارة.,2,16,2025-08-12,43550000.0,Y
165,2025,204,2,E,فواتير لزوم رش أحياء البلدة لمكافحة الحشرات خلال شهر تموز 2025.,2,7,2025-08-12,49250000.0,Y
165,2025,205,6,P,فاتورة لزوم جمع ورفع النفايات خلال شهر حزيران 2025.,2,4,2025-08-12,7000000.0,Y
165,2025,206,2,E,بدل مساهمة لفريق رياضي في الكحاله للمشاركة في مباراة كرة السلة.,4,6,2025-08-12,113700000.0,Y
165,2025,212,66,P,ثمن مواد بناء لزوم بناء درج قرب العقار رقم 1791/عاريا عقارياً والكحاله بلدياً وعلى مفرق سانت ريتا.,2,14,2025-09-01,29500000.0,Y
165,2025,213,54,P,جدول اجور العمال لزوم بناء درج قرب مزار سانت ريتا والعقار رقم 1791/عاريا عقارياً والكحاله بلدياً,2,11,2025-09-01,70200000.0,Y
165,2023,31,7,P,بدل نقل للموظفين عن شهر نيسان 2023.,1,6,2023-05-02,5320000.0,Y
165,2007,38,29,P,بدل تعويض المرحوم جوزف ايليا بجاني,1,6,2007-05-31,6100000.0,Y
165,2007,39,39,E,تكملة صرف بدل تعويضات المرحوم جوزف بجاني,1,6,2007-06-25,6300000.0,Y
165,2007,40,1,P,فروقات زائدة عن بوليصة التأمين خاصة كابي ابي خليل  بعد اجراء عملية جراحية,4,1,2007-06-08,2000000.0,Y
165,2007,41,26,P,قيمة فواتير كهرباء لبنان للمبنى البلدي,2,12,2007-06-08,500000.0,Y
165,2007,42,1,P,ثمن ملابس للشرطة,1,8,2007-06-08,2000000.0,Y
165,2007,43,23,P,ثمن مفروشات مختلفة لمركز البلدية,2,3,2007-06-08,3000000.0,Y
165,2007,44,10,P,قيمة اعمال طوبوغرافية وغيرها,3,9,2007-06-08,3000000.0,Y
165,2007,45,37,P,قيمة جدول اجور الأجراء الدائمين وتنظيف مبنى البلدية عن شهر حزيران 2007,1,4,2007-06-30,2012000.0,Y
165,2007,46,38,P,قيمة اجور عمال وآليات وثمن ترابة وبحص وحديد وقساطل وغيرها لصيانة الطرق عن شهر حزيران 2007,2,14,2007-06-30,7750000.0,Y
165,2007,47,46,P,قيمة جدول اجور الأجراء عن شهر تموز 2007,1,4,2007-07-31,1976000.0,Y
165,2007,48,47,P,اجور عمال وآليات وثمن ترابة وبحص وحديد واحجار باطون وادوات مختلفة عن شهر تموز 2007,2,14,2007-07-31,6536000.0,Y
165,2007,49,48,P,قيمة اجور الأجراء عن شهر آب 2007,1,4,2007-08-31,2119000.0,Y
165,2007,50,49,P,اجور عمال وآليات وثمن ترابة وبحص وادوات مختلفة عن شهر آب 2007,2,14,2007-08-31,2065000.0,Y
165,2007,51,1,P,مصاريف صيانة زينة الميلاد مع تصنيع قطع جديدة واجرة تركيبها,5,2,2007-11-20,,N
165,2007,52,50,P,قيمة جدول اجور الأجراء الدائمين عن شهر ايلول 2007,1,4,2007-09-29,2143000.0,Y
165,2007,53,51,P,اجور عمال يوميين وثمن ترابة وكلس وادوات مختلفة,2,14,2007-09-29,946000.0,Y
165,2009,54,23,P,بدل استهلاك كهرباء ومولد عن شهر ايار وحزيران 2009,2,12,2009-08-12,441000.0,Y
165,2015,136,4,P,فواتير مصروفة لزوم صيانة بيك آب البلدية وثمن ANTI-VIRUS وصيانة WEB SITE  EL KAHALE.,2,2,2015-09-30,1130000.0,Y
165,2015,137,2,P,ثمن مفرقعات لزوم الإحتفال بعدة مناسبات .,5,2,2015-09-30,825000.0,Y
165,2015,138,2,P,فواتير مصروفة لزوم قرطاسية  ويافطات وإعلانات في الصحف وثمن كتب وغيرها.,1,7,2015-09-30,2812000.0,Y
165,2015,139,2,P,إيصالات لزوم بدل آكاليل.,5,9,2015-09-30,1300000.0,Y
165,2015,140,1,P,فواتير مصروفة لزوم دعوات غداء عمل.,5,1,2015-09-30,1070000.0,Y
165,2015,141,2,P,فواتير مصروفة لزوم مياه وبن ونسكافة وكلينكس وغيرها وذلك للضيافة في مركز البلدية.,5,1,2015-09-30,2240000.0,Y
165,2015,142,8,P,جدول أجور الأجراء عن شهر آيلول 2015.,1,4,2015-09-30,900000.0,Y
165,2015,143,30,E,جداول عمال وثمن حديد خلال شهر آيلول 2015.,2,14,2015-09-30,14632000.0,Y
165,2015,144,1,P,جداول عمال وإجرة JCB خلال شهر آيلول 2015.,3,4,2015-09-30,5715000.0,Y
165,2015,145,2,P,ثمن كابل وأغراض كهربائية وإجرة نقل خزانات لتجهيز محطة تكرير في ضهر الوحش للبئر قرب منزل وليم مرعب.,2,15,2015-09-30,4353000.0,Y
165,2015,146,1,P,دفعة من بدل أتعاب المحامي سمير عبدالله  ورسوم توكيل  بخصوص الدعوى المقدمة من بلدية عاليه امام  المجلس الشورى عن النطاق البلدي.,5,3,2015-09-30,6030000.0,Y
165,2015,147,22,P,راتب ريما بجاني عن شهر تشرين الأول 2015,1,2,2015-11-02,1067000.0,Y
165,2015,148,23,P,راتب الشرطة عدد 2 عن شهر تشرين الأول 2015.,1,2,2015-11-02,2221000.0,Y
165,2024,179,12,P,ثمن محروقات لزوم سيارات البلدية خلال شهر تشرين الثاني 2024,2,9,2024-12-06,35290000.0,Y
165,2024,189,2,P,فواتير لوازم تنظيفات من اكياس نفايات ومواد تنظيف وكلينكس وغيرها .,2,8,2024-12-19,7800000.0,Y
165,2024,190,13,P,فواتير لزوم  تصليح سيارة R12 STATION.,2,2,2024-12-20,11080000.0,Y
165,2024,191,4,P,فواتير الهاتف العادي والخليوي عن شهر أيلول وتشرين الأول وتشرين الثاني 2024,1,10,2024-12-20,9913000.0,Y
165,2023,104,7,P,فواتير ثمن مواد بناء وأغراض سنكرية لزوم صيانة الطرق وشبكة المياه خلال شهر تموز وآب وأيلول 2023.,2,14,2023-10-18,27943000.0,Y
165,2023,105,4,P,أعمال جمع ورفع النفايات من أحياء البلدة خلال شهر تموز وآب 2023,2,4,2023-10-18,14000000.0,Y
165,2023,106,6,E,دفعة سند 7/4 من بواليص التأمين للموظفين و عائلاتهم.,5,6,2023-10-18,27000000.0,Y
165,2023,107,7,E,دفعة سند 7/5 من بوالص تأمين للموظفين وعائلاتهم.,5,6,2023-10-18,27000000.0,Y
165,2023,108,11,P,فواتير محروقات لزوم سيارات البلدية من 2023/7/1لغاية 2023/7/15,2,9,2023-10-18,24523000.0,Y
165,2023,109,12,E,فواتير محروقات لزوم سيارات البلدية من 2023/7/16 لعاية 2023/7/31,2,9,2023-10-18,29814000.0,Y
165,2023,110,13,E,فواتير ثمن محروقات لزوم سيارات البلدية من2023/8/1 لغاية 2023/8/15,2,9,2023-10-18,18983000.0,Y
165,2023,111,14,E,فواتير المحروقات لزوم سيارات البلدية من 2023/8/16 لغايو 2023/8/30,2,9,2023-10-18,32946000.0,Y
165,2023,112,15,E,فواتير المحروقات لزوم سيارات البلدية من 2023/9/1 لغاية 2023/9/15,2,9,2023-10-18,29470000.0,Y
165,2023,113,16,E,فواتير المحروقات لزوم سيارات البلدية من 2023/9/16 لغاية 2023/9/30,2,9,2023-10-18,28248000.0,Y
165,2023,140,3,E,بدل اشتراك مولد كهرباء عن شهر تشرين الثاني وكانون الأول 2023.,2,12,2023-12-15,450000.0,Y
165,2023,159,20,E,ثمن محروقات لزوم سيارات البلدية خلال شهر كانون الأول 2023.,2,9,2023-12-29,47648000.0,Y
165,2023,160,2,P,بدل مساعدة الشرطة اليوميين بمناسبة عيد الميلاد ورأس السنة.,4,2,2023-12-29,25000000.0,Y
165,2023,161,9,P,فواتير لزوم صيانة سيارات البلدية.,2,2,2023-12-29,32672000.0,Y
165,2024,11,5,P,جداول العمال اليوميين عن شهر كانون الثاني 2024.,2,11,2024-03-21,23000000.0,Y
165,2024,18,4,P,فواتير ثمن مواد بناء خلال شهر كانون الثاني 2024.,2,14,2024-03-21,42960000.0,Y
165,2024,46,4,P,فواتير لزوم صيانة كمبريسور وسيارات.,2,2,2024-06-19,10580000.0,Y
165,2024,52,9,P,جدول الشرطة اليوميين من 1/3/2024 لغاية 15/3/2024.,2,11,2024-07-12,45950000.0,Y
165,2024,53,10,P,جدول الشرطة اليوميين من 2024/3/16 لغاية 2024/3/31.,2,11,2024-07-12,49900000.0,Y
165,2024,54,11,P,جدول الشرطة اليوميين من 2024/4/1 لغاية 2024/4/15,2,11,2024-07-12,45300000.0,Y
165,2024,55,12,P,جدول الشرطة اليوميين من 2024/4/16 لغاية 2024/4/30,2,11,2024-07-12,38450000.0,Y
165,2024,56,13,P,جدول الشرطة اليوميين من 2024/5/1 لغاية 2024/5/15,2,11,2024-07-12,46000000.0,Y
165,2024,57,14,P,جدول الشرطة اليوميين من 2024/5/16 لغاية 2024/5/31,2,11,2024-07-12,47550000.0,Y
165,2024,58,15,P,جدول الشرطة من 2024/6/1 لغاية 2024/6/15,2,11,2024-07-12,44550000.0,Y
165,2024,59,16,P,جدول الشرطة اليوميين من 2024/6/16 لغاية 2024/6/30,2,11,2024-07-12,43900000.0,Y
165,2023,32,8,P,بدل مساعدة ضعفي الراتب لموظفين البلدية عن شهر نيسان 2023.,1,6,2023-05-02,16080000.0,Y
165,2020,2,1,P,لزوم أشغال بالأمانة لتعزيل وإنشاء حيطان حماية على مجرى شتوي في منطقة الكحاله.,3,5,2020-01-30,450000000.0,Y
165,2020,3,1,P,رواتب الموظفين خلال شهر كانون الثاني 2020.,1,2,2020-01-31,7819000.0,Y
165,2020,4,1,P,بدل نقل لموظفين البلدية خلال شهر كانون الثاني 2020.,1,6,2020-01-31,656000.0,Y
165,2020,5,2,P,بدل 35 ساعة عمل إضافية للشرطي جلال بجاني خلال شهر كانون الثاني 2020.,1,6,2020-12-31,385000.0,Y
165,2020,6,2,P,رواتب الموظفين خلال شهر شباط 2020.,1,2,2020-03-02,7819000.0,Y
165,2020,7,3,P,بدل نقل لموظفين البلدية خلال شهر شباط 2020.,1,6,2020-03-02,576000.0,Y
165,2020,8,3,P,رواتب الموظفين خلال شهر آذار 2020.,1,2,2020-03-31,7879000.0,Y
165,2020,9,4,P,بدل نقل لموظفين البلدية خلال شهر آذار 2020.,1,6,2020-03-31,464000.0,Y
165,2020,10,4,P,بدل رواتب الموظفين عن شهر نيسان 2020.,1,2,2020-04-30,7879000.0,Y
165,2020,11,5,P,بدل نقل لموظفين البلدية خلال شهر نيسان 2020.,1,6,2020-04-30,520000.0,Y
165,2020,12,5,P,رواتب الموظفين عن شهر آيار 2020.,1,2,2020-05-31,7879000.0,Y
165,2020,13,6,P,بدل نقل لموظفين البلدية خلال شهر آيار2020,1,6,2020-05-31,576000.0,Y
165,2020,14,2,P,جداول الشرطة عن شهر كانون الثاني 2020.,2,11,2020-06-19,15356000.0,Y
165,2020,15,3,P,جداول الشرطة ومسؤول الأشغال خلال شهر شباط2020.,2,11,2020-06-19,10321000.0,Y
165,2020,16,4,P,جداول الشرطة ومسؤول الأشغال خلال شهر آذار 2020.,2,11,2020-06-19,10280000.0,Y
165,2020,17,5,P,جداول الشرطة ومسؤول الأشغال خلال شهر نيسان 2020,2,11,2020-06-19,11120000.0,Y
165,2020,18,6,P,جداول الشرطة ومسؤول الأشغال خلال شهر آيار 2020.,2,11,2020-06-19,10760000.0,Y
165,2020,19,7,P,جداول العمال اليوميين خلال شهر كانون الثاني ، شباط،آذار، نيسان، آيار 2020.,2,11,2020-06-19,16814000.0,Y
165,2020,20,1,P,فواتير لزوم حفر قناة مياه قرب عين الحية ومعمل الهبر وصيانة مجارير وغيرها خلال شهر كانون الثاني وشباط وآذار ونيسان وآيار 2020.,2,14,2020-06-19,3528000.0,Y
165,2020,21,1,P,إجرة ونش هيدروليك لزوم صيانة الإنارة العامة خلال شهر كانون الثاني، شباط، آذار، نيسان وآيار 2020.,2,16,2020-06-19,1250000.0,Y
165,2020,22,1,P,فواتير أعمال رفع النفايات من أحياء البلدة ونقلها الى مركز الجمع  خلال شهر كانون الثاني وشباط وآذار ونيسان وآيار 2020.,2,4,2020-06-19,18750000.0,Y
165,2020,23,1,P,بدل إيجار العقار رقم 197/منطقة الكحاله العقارية للعام 2020 لزوم جمع النفايات.,1,9,2020-06-19,9000000.0,Y
165,2020,24,1,P,ثمن 7 بوالص تأمين لموظفين البلدية وعائلاتهم عن العام 2020.,5,6,2020-06-19,6016000.0,Y
165,2020,25,6,P,رواتب الموظفين خلال شهر حزيران 2020.,1,2,2020-07-01,7879000.0,Y
165,2020,26,7,P,بدل نقل لموظفين البلدية خلال شهر حزيران 2020.,1,6,2020-07-01,688000.0,Y
165,2020,27,1,P,بدل إشتراك في الجريدة الرسمية الإلكترونية و website kahale.,1,7,2020-07-22,1990000.0,Y
165,2020,28,1,P,صيانة مكنة التصوير للعام 2020.,2,2,2020-07-22,928000.0,Y
165,2020,29,2,P,قيمة عقد الصيانة الخاص بالبرامج المالية البلدية للعام 2020.,2,2,2020-07-22,2220000.0,Y
165,2015,149,34,P,بدل نقل للكاتب والشرطة عدد2 عن شهر تشرين الأول 2015.,1,6,2015-11-02,616000.0,Y
165,2015,150,35,P,مكافأة مالية للكاتب والشرطة لقيامهم بأعمال إضافية خلال شهر تشرين الأول 2015.,1,6,2015-11-02,1100000.0,Y
165,2015,151,36,P,بدل مكافأة مالية خلال شهر تشرين الأول 2015,1,6,2015-11-02,100000.0,Y
165,2015,152,8,P,ثمن محروقات لزوم سيارات البلدية ومازوت لحرق النفايات .,2,9,2015-11-10,2903000.0,Y
165,2015,153,9,P,جدول أجور الأجراء عن شهر تشرين الأول 2015.,1,4,2015-11-20,900000.0,Y
165,2015,154,31,E,جداول عمال  وثمن حديد خلال شهر تشرين الأول 2015.,2,14,2015-11-20,12638000.0,Y
165,2015,155,2,P,جداول عمال  وإجرة JCB خلال شهر تشرين الأول2015.,3,4,2015-11-20,6660000.0,Y
165,2015,156,4,P,جداول عمال وثمن بضاعة لزوم تمديد كهرباء وأعمال ورقة في مبنى البلدي في العقار رقم 674/الكحاله.,3,1,2015-11-20,3804000.0,Y
165,2015,157,1,P,مساعدة مالية للسيد عبود شحاده ابي خليل لخضوعه لعملية جراحية.,4,2,2015-11-28,800000.0,Y
165,2015,158,3,P,قيمة بوليصة تأمين للعامل البنغلادش ديبوك جدب.,5,6,2015-11-30,150000.0,Y
165,2015,159,3,P,رسوم معاملة العامل البنغلاديش ديبوك جاداب لدى وزارة العمل والأمن العام.,5,9,2015-11-30,1044000.0,Y
165,2015,160,24,P,راتب الكاتب ريما بجاني عن شهر تشرين الثاني 2015.,1,2,2015-12-01,1067000.0,Y
165,2015,161,25,P,راتب الشرطة عدد 2 عن شهر تشرين االثاني 2015.,1,2,2015-12-01,2221000.0,Y
165,2015,162,37,P,بدل نقل للكاتب والشرطة خلال شهر تشرين الثاني 2015,1,6,2015-12-01,608000.0,Y
165,2015,163,38,P,بدل مكافأة مالية للكاتب والشرطة لقيامهم بأعمال إضافية خلال شهر تشرين الثاني 2015.,1,6,2015-12-01,1100000.0,Y
165,2015,164,39,P,بدل مكافأة مالية لكارول بو خليل الفغالي خلال شهر تشرين الثاني 2015,1,6,2015-12-01,100000.0,Y
165,2015,165,9,P,ثمن محروقات لزوم سيارات البلدية  خلال شهر تشرين الثاني 2015,2,9,2015-12-07,1290000.0,Y
165,2015,166,2,P,ثمن ألبسة لزوم شرطة البلدية من مؤسسة كومندو.,1,8,2015-12-07,2020000.0,Y
165,2015,167,4,P,ثمن بوليصة تأمين لسيارة RENAULT DUSTER رقم  107552/م. من شركة ناصيف للتأمين.,5,6,2015-12-11,1004000.0,Y
165,2015,168,10,P,جدول أجور الأجراء عن شهر تشرين الثاني 2015.,1,4,2015-12-22,900000.0,Y
165,2015,169,32,E,جداول عمال وثمن حديد وثمن أكياس لتوضيب النفايات في شهر تشرين الثاني 2015.,2,14,2015-12-22,13661000.0,Y
165,2015,170,3,P,جداول عمال وإجرة JCB في شهر تشرين الثاني 2015.,3,4,2015-12-22,2453000.0,Y
165,2015,171,5,P,جداول عمال وثمن أغرض كهربائية ومواد للدهان لأعمال كهربائية وطرش ودهان لمبنى البلدية في العقار رقم 674/الكحاله.,3,1,2015-12-22,5573000.0,Y
165,2014,167,1,P,بدل تبرعات لجمعيات  .,4,11,2014-12-30,1350000.0,Y
165,2014,168,2,P,ثمن بطاقات  عشاء وغيرها مساهمة في نشاطات إجتماعية.,4,7,2014-12-30,1950000.0,Y
165,2014,169,4,P,ثمن بن ومياه  وغيرها من الضيافة .,5,1,2014-12-31,2279000.0,Y
165,2014,170,3,P,مساهمة في نشاطات الرعايا بمناسبة عيد الميلاد وثمن بطاقات عشاء للمساهمة في نشاطات أخرى.,4,7,2014-12-31,2210000.0,Y
165,2014,171,11,P,جدول أجور الأجراء عن شهر كانون الأول 2014.,1,4,2014-12-31,900000.0,Y
165,2024,68,25,P,جدول العمال  عدد2 من 2024/5/1 لغاية 2024/5/15 صيانة مجارير وتوزيع شبكة المياه.,2,11,2024-07-12,42700000.0,Y
165,2024,69,26,P,جدول العمال من 2024/5/1 لغاية 2024/5/15 لزوم تنظيف الطرقات والأقنية.,2,11,2024-07-12,37500000.0,Y
165,2024,70,27,P,جدول العمال من 2024/5/16 لغاية 2024/5/31 صيانة مجارير وتوزيع شبكة المياه وتنظيف الطرقات.,2,11,2024-07-12,13300000.0,Y
165,2024,71,28,P,جدول العمال اليوميين من 2024/6/1 لغاية 2024/6/15 اعمال طرش حائط على طريق عين الخان وتنظيف الطرق وتوزيع شبكة المياه.,2,11,2024-07-12,33340000.0,Y
165,2024,72,29,P,جدول العمال من 16/6/2024 لغاية 2024/6/30 بدل صيانة المجارير.,2,11,2024-07-12,19800000.0,Y
165,2024,73,30,P,جدول العمال من 2024/6/16 لغاية 2024/6/30 تنظيف الطرق.,2,11,2024-07-12,35750000.0,Y
165,2024,77,10,P,ثمن مواد بناء لزوم اعمال صيانة مجرور على طريق عين الخان وقرب منزل جوزف طانيوس رزق الله وتنظيف الطرقاتوالأقنية.,2,14,2024-07-12,45790000.0,Y
165,2024,78,11,P,فواتير ثمن مواد بناء وأغراض سنكرية لزوم صيانة مجرور قرب منزل الياس ميشال بجاني وعلى طريق بسوس.,2,14,2024-07-12,40104000.0,Y
165,2024,79,1,P,ثمن أغراض سنكرية لزوم أعمال صيانة شبكة المياه.,2,15,2024-07-12,48828000.0,Y
165,2024,80,1,P,ثمن باطون جاهز لزوم أعمال تمديد قساطل مياه للنبع.,3,5,2024-07-12,42840000.0,Y
165,2023,73,15,P,بدل مساعدة للموظفين عن شهر تموز (بموجب المادة 111 من موازنة العام 2022 والمرسوم 11227/2023),1,6,2023-07-31,32680000.0,Y
165,2023,74,3,P,فواتير ثمن مياه وبن وغيرها من المصارف النثرية خلال شهر حزيران وتموز 2023.,5,1,2023-07-31,3537000.0,Y
165,2023,75,1,P,ثمن دفاية غاز  وadaptor عدد2.,2,1,2023-07-31,8000000.0,Y
165,2023,76,1,P,ثمن سيكار لزوم هدايا.,5,2,2023-07-31,5960000.0,Y
165,2023,77,6,P,ثمن دولاب سيارة عدد 2 لزوم سيارة duster  رقم 107456/م.,2,2,2023-07-31,11236000.0,Y
165,2023,85,4,P,فواتير ثمن مياه وبن وكبايات بلاستيك وكل لمصاريف النثرية خلال شهر آب لزوم مبنى البلدية.,5,1,2023-08-31,11600000.0,Y
165,2023,86,9,P,رواتب شهر أيلول 2023.,1,2,2023-10-02,8199000.0,Y
165,2023,87,19,P,بدل نقل لموظفين البلدية خلال شهر أيلول 2023.,1,6,2023-10-02,7600000.0,Y
165,2023,88,20,P,بدل مساعدة للموظفين عن شهر أيلول 2023 (بموجب المادة 111 من موازنة العام 2022 والمرسوم 2023/11227),1,6,2023-10-02,32680000.0,Y
165,2023,91,2,P,فواتير ثمن سيكار وشوكولا هدية.,5,2,2023-10-18,11100000.0,Y
165,2023,118,11,P,رواتب الموظفين عن شهر تشرين الثاني 2023,1,2,2023-11-30,8199000.0,Y
165,2023,119,23,P,بدل نقل لموظفين البلدية خلال شهر تشرين الثاني 2023,1,6,2023-11-30,2565000.0,N
165,2024,9,3,P,جدول الشرطة اليوميين من 2024/2/1 لغاية 2024/2/15,2,11,2024-03-21,45300000.0,Y
165,2024,10,4,P,جدول الشرطة اليوميين من 2024/2/16 لغاية 2024/2/29,2,11,2024-03-21,43900000.0,Y
165,2024,30,5,P,بدل نقل للموظفين عن شهر آذار 2024.,1,6,2024-04-02,23850000.0,Y
165,2024,31,6,P,بدل تعويض مؤقت لموظفين البلدية بموجب المرسوم 13020 عن شهر آذار 2024.,1,6,2024-04-02,57760000.0,Y
165,2024,33,4,P,رواتب الموظفين عن شهر نيسان 2024.,1,2,2024-05-02,8379000.0,Y
165,2024,34,8,P,بدل نقل للموظفين عن شهر نيسان 2024,1,6,2024-05-02,22950000.0,Y
165,2020,30,2,P,"ثمن بوالص تأمين لزوم سيارة R12 ,بيك آب JAC وDUSTER وعمال.",5,6,2020-07-22,2591000.0,Y
165,2020,31,2,P,فواتير لزوم قرطاسية وثمن حبر وغيرها من اللوازم .,1,7,2020-07-22,2968000.0,Y
165,2020,32,1,P,فواتير ثمن بن ومياه ومصاريف نثرية لزوم الضيافة في مبنى البلدية من شهر كانون الثاني 2020.,5,1,2020-07-22,2532000.0,Y
165,2020,33,7,P,رواتب الموظفين خلال شهر تموز 2020,1,2,2020-08-02,7879000.0,Y
165,2020,34,8,P,بدل نقل لموظفين البلدية خلال شهر تموز 2020,1,6,2020-08-02,696000.0,Y
165,2020,35,8,P,رولتب الموظفين خلال شهر آب 2020,1,2,2020-08-31,7879000.0,Y
165,2020,36,9,P,بدل نقل لموظفين البلدية خلال شهر آب 2020.,1,6,2020-08-31,544000.0,Y
165,2025,217,7,P,إجرة ونش لزوم صيانة الإنارة العامة خلال شهر آب 2025.,2,16,2025-09-16,12000000.0,Y
165,2025,218,3,P,فواتير لزوم رش أحياء البلدة لمكافحة الحشرات خلال شهر آب 2025.,2,7,2025-09-16,20200000.0,Y
165,2025,219,4,E,فاتورة لزوم رش أحياء البلدة لمكافحة الحشرات خلال شهر آب 2025,2,7,2025-09-24,6650000.0,Y
165,2025,220,7,P,فاتورة لزوم جمع ورفع النفايات خلال شهر تموز 2025.,2,4,2025-09-16,7000000.0,Y
165,2025,221,1,P,بدل مساهمة في صيانة مولد الكهرباء التابع لسرايا عاليه.,4,12,2025-09-16,9000000.0,Y
165,2025,240,68,P,ثمن قساطل لزوم تركيب آرمات وثمن زفت سائل لتسكير الحفر.,2,14,2025-09-30,89280000.0,Y
165,2025,241,9,P,تنظيف الطرقات وإجرة بيك آب لنقل الأعشاب .,2,4,2025-09-30,72800000.0,Y
165,2025,242,7,P,فواتير لزوم صيانة شبكة المياه خلال شهر آيلول 2025.,2,15,2025-09-30,45000000.0,Y
165,2025,243,8,P,ثمن كابل لزوم صيانة الإنارة العامة خلال شهر أيلول 2025.,2,16,2025-09-30,9630000.0,Y
165,2025,244,4,P,فواتير لزوم مصاريف مباراة كرة القدم لفريق الكحاله.,5,9,2025-09-30,19400000.0,Y
165,2025,254,72,E,بناء حائط قرب العقار رقم 1881/عاليه عقارياً والكحاله بلدياً.,2,14,2025-11-14,38040000.0,Y
165,2025,255,10,E,أعمال تشحيل الأشجار وتنظيف الطرقات والأرصفة والأقنية خلال شهر تشرين الأول 2025.,2,4,2025-11-14,148950000.0,Y
165,2025,256,8,P,صيانة شبكة المياه في أحياء البلدة خلال شهر تشرين الأول 2025.,2,15,2025-11-14,10170000.0,Y
165,2025,257,3,P,مساهمة في تصليح سيارة مخفر درك عاريا.,4,12,2025-11-14,4500000.0,Y
165,2025,263,1,E,فواتير ثمن شجرة الميلاد مع الزينة لزوم مبنى البلدية ومصاريف لزوم نهار ترفيهي للأطفال في  مركز الشؤون في تشرين الأول.,5,2,2025-11-23,29700000.0,Y
165,2025,264,11,P,رواتب شهر تشرين الثاني 2025.,1,2,2025-11-28,8449000.0,Y
165,2025,265,23,P,بدل نقل للموظفين عشهر تشرين الثاني 2025,1,6,2025-11-28,34200000.0,Y
165,2025,266,24,P,بدل تعويض مؤقتلموظفين البلدية بموجب المادة 111 من موازنة العام 2022 والمراسيم رقم 2023/11227 و2024/14033 عن شهر تشرين الثاني 2025,1,6,2025-11-28,212480000.0,Y
165,2025,272,3,P,فاتورة لزوم ختم خرائط طريق مار الياس -بسوس في نقابة الطوبوغراف.,3,9,2025-12-12,9000000.0,Y
165,2025,273,5,P,بدل اشتراك مولد كهرباء عن شهر تشرين الأول وتشرين الثاني وكانون الأول 2025 وفواتير كهرباء من ايلول لغاية كانون الأول 2025.,2,12,2025-12-15,18460000.0,Y
165,2025,274,7,P,بوالص تأمين لزوم سيارة Duster و R12 Station وبوليصة ورشة واجراء يوميين.,5,6,2025-12-17,98000000.0,Y
165,2014,172,26,P,جداول عمال  وثمن مواد بناء خلال شهر كانون الأول 2014.,2,14,2014-12-31,10085000.0,Y
165,2014,173,2,P,جدول أعمال لتكملة أعمال النصب الشهداء.,3,8,2014-12-31,3879000.0,Y
165,2014,174,9,P,إجرة عمال فنيين وونش هيدروليك وثمن بضاعة لصيانة الإنارة العامة وتركيب زينة الميلاد.,2,16,2014-12-31,6017000.0,Y
165,2014,175,1,P,ثمن زينة بمناسبة عيد الميلاد ورأس السنة 2014-2015.,5,2,2014-12-31,14632000.0,Y
165,2014,176,40,P,بدل معايدات لعناصر الشرطة المتطوعين للحراسة الليلية.,1,6,2014-12-31,7000000.0,Y
165,2015,1,1,P,بدل راتب الكاتب ريما بجاني عن  شهر كانون الثاني 2015,1,2,2015-01-31,1040000.0,Y
165,2015,2,2,P,راتب الشرطة عدد2 عن شهر كانون الثاني 2015.,1,2,2015-01-31,2221000.0,Y
165,2015,3,1,P,بدل نقل للكاتب والشرطة عدد2 عن شهر كانون الثاني 2015,1,6,2015-01-31,616000.0,Y
165,2015,4,2,P,بدل مكافأة مالية للكاتب والشرطة لقيامهم بأعمال إضافية.,1,6,2015-01-31,1100000.0,Y
165,2015,5,3,P,بدل مكافأة مالية في شهر كانون الثاني 2015,1,6,2015-01-31,100000.0,Y
165,2015,6,1,P,جدول أجور الأجراء عن شهر كانون الثاني 2015,1,4,2015-02-25,870000.0,Y
165,2015,7,1,P,فواتير مصروفة لزوم جداول عمال وثمن مواد بناء لزوم صيانة الطرق العامة.,2,14,2015-02-25,13404000.0,Y
165,2015,8,2,P,جداول عمال  وثمن مواد بناء.,2,14,2015-02-25,14053000.0,Y
165,2015,9,3,P,جداول عمال وثمن مواد بناء لزوم بناء حائط على طريق رجوم  وترميم داوية النبع.,2,14,2015-02-25,14534000.0,Y
165,2015,10,1,P,جداول عمال وثمن مواد بناء وسنكرية لزوم نصب الشهداء.,3,8,2015-02-25,5347000.0,Y
165,2015,11,1,P,إجرة ونش هيدروليك وعمال فنيين وثمن بضاعة لزوم صيانة الإنارة العامة.,2,16,2015-02-25,1640000.0,Y
165,2015,12,1,P,دفعة أولى (50%) من قيمة إيجار مركز البلدية في العقار رقم 436/الكحاله,1,9,2015-02-25,3600000.0,Y
165,2015,13,3,P,بدل راتب الكاتب ريما بجاني عن شهر شباط 2015.,1,2,2015-02-28,1040000.0,Y
165,2015,14,4,P,بدل رواتب الشرطة عدد2 عن شهر شباط 2015.,1,2,2015-02-28,2221000.0,Y
165,2015,15,4,P,بدل نقل للكاتب والشرطة عدد2 عن شهر شباط 2015.,1,6,2015-02-28,600000.0,Y
165,2015,16,5,P,بدل مكافأة للكاتب والشرطة لقيامهم بأعمال إضافية خلال شهر شباط 2015,1,6,2015-02-28,1100000.0,Y
165,2015,17,6,P,بدل مكافأة مالية لكارول بو خليل الفغالي في شهر شباط 2015.,1,6,2015-02-28,100000.0,Y
165,2015,18,1,P,ثمن محروقات لزوم سيارت البلدية خلال شهر كانون الثاني وشباط 2015,2,9,2015-03-05,2420000.0,Y
165,2015,19,1,P,ثمن البسة لزوم شرطة البلدية .,1,8,2015-03-05,2548000.0,Y
165,2015,20,7,P,بدل أتعاب مارينوس ابي خليل لمتابعته ملف مسابقة الطاحون.,1,6,2015-03-23,1500000.0,Y
165,2015,21,2,P,قيمة جدول أجور الأجراء عن شهر شباط 2015.,1,4,2015-03-23,870000.0,Y
165,2015,22,4,P,قيمة جداول عمال وثمن مواد بناء خلال شهر شباط 2015.,2,14,2015-03-23,18077000.0,Y
165,2015,23,5,P,قيمة جداول عمال  وإجرة آليات وثمن مواد بناء خلال شهر شباط 2015.,2,14,2015-03-23,15164000.0,Y
165,2015,24,2,P,بدل إجرة ونش هيدروليك وعمال فنيين وثمن بضاعة اصيانة الإنارة العامة خلال شهر شباط 2015.,2,16,2015-03-23,1731000.0,Y
165,2015,25,5,P,بدل راتب الكاتب ريما بجاني عن شهر آذار 2015,1,2,2015-04-04,1067000.0,Y
165,2024,35,9,P,بدل تعويض مؤقت لموظفين البلدية بموجب المرسوم 13020عن شهر نيسان 2024.,1,6,2024-05-02,65760000.0,Y
165,2024,36,1,P,فواتير نثرية ثمن مياه وشوكولا غيرها خلال شهر كانون الثاني 2024.,5,1,2024-05-16,7295000.0,Y
165,2024,37,1,P,فواتير اشتراك مولد كهرباء عن شهر كانون الثاني وشباط وىذار 2024.,2,12,2024-05-16,12000000.0,Y
165,2024,38,2,P,فواتير ثمن مياه وشوكولا وركاوي  وبن كابسول خلال شهر شباط 2024.,5,1,2024-05-20,9645000.0,Y
165,2024,39,2,P,فواتير كهرباء عن شهر آذار ونيسان 2023.,2,12,2024-05-20,3727000.0,Y
165,2024,40,3,P,ثمن مياه وشوكولا وبوتي فور وغيرها لزوم ضيافة في مبنى البلدية خلال شهر آذار ونيسان 2024.,5,1,2024-05-27,8400000.0,Y
165,2024,41,5,P,رواتب الموظفين عن شهر آيار 2024.,1,2,2024-05-31,8379000.0,Y
165,2024,43,11,P,بدل تعويض مؤقت 8 أضعاف راتب شهر آيار 2024.,1,6,2024-05-31,65760000.0,Y
165,2024,48,6,P,إجرة تراكتور دولاب لزوم تنظيف طريق الطاحون.,2,14,2024-06-19,11250000.0,Y
165,2024,98,7,P,رواتب الموظفين عن شهر تموز 2024.,1,2,2024-07-31,8379000.0,Y
165,2024,105,1,P,فواتير ثمن حبر وورق A4 وقرطاسية.,1,7,2024-07-31,11852000.0,Y
165,2024,106,2,P,ثمن 3 يافطات يوم ارتسام الكاهن جوزف عبدو الفغالي.,1,7,2024-07-31,9900000.0,Y
165,2024,107,2,P,ثمن أغراض سنكرية لزوم صيانة القسطل الرئيسي لشبكة المياه.,2,15,2024-07-31,7200000.0,Y
165,2024,108,5,P,فواتير ثمن مياه وبن وغيرها من الضيافة خلال شهر حزيران وتموز 2024.,5,1,2024-07-31,8840000.0,Y
165,2024,109,1,P,ثمن محارم وغالونات تنظيف وغيرها.,2,8,2024-07-31,7120000.0,Y
165,2024,111,12,P,إجرة بوكلين لزوم صيانة الطلعة قرب الطاحون.,2,14,2024-07-31,11250000.0,Y
165,2024,129,32,P,جدول الشرطة من 1/7/2024 لغاية 15/7/2024,2,11,2024-09-30,46250000.0,Y
165,2024,130,33,P,جدول الشرطة اليوميين من 16/7/2024 لغاية 31/7/2024.,2,11,2024-09-30,50000000.0,Y
165,2024,132,35,P,جدول الشرطة من 16/8/2024 لغاية 31/8/2024,2,11,2024-09-30,38100000.0,Y
165,2024,133,36,P,جدول الشرطة اليوميين من 1/9/2024 لغاية 15/9/2024,2,11,2024-09-30,35850000.0,Y
165,2023,156,3,P,أعمال تنظيف الشوارع والأقنية بسبب السيول خلال شهر كانون الأول 2023.,3,5,2023-12-29,44500000.0,Y
165,2023,157,6,P,فواتير أعمال جمع ورفع النفايات من أحياء البلدة خلال شهر تشرين الثاني وكانون الأول 2023.,2,4,2023-12-29,14000000.0,Y
165,2024,60,17,P,جدول العمال من 2024/3/1 لغاية 2024/3/15 أعمال صيانة انارة وتنظيق الأقنية والطرقات وتوزيع شبكة المياه.,2,11,2024-07-12,30200000.0,Y
165,2024,61,18,P,جدول العمال اليوميين من 2024/3/16 لغاية 2024/3/31. أعمال صيانة الإنارة العامة وتنظيف الطرقات والأقنية وتوزيع شبكة المياه.,2,11,2024-07-12,21400000.0,Y
165,2024,62,19,P,جدول من 2024/3/16 لغاية 2024/3/31 صيانة مجرور على طريق عين الخان وتنظيف الطرقات.,2,11,2024-07-12,39400000.0,Y
165,2024,63,20,P,جدول العمال من 2024/3/16 لغاية 2024/3/31 تمديد قساطل مياه للنبع وصب باطون.,2,11,2024-07-12,34200000.0,Y
165,2024,64,21,P,جدول العمال اليوميين عدد2 من 2024/4/1 لغاية 2024/4/15 في صيانة مجارير وتوزيع شبكة المياه.,2,11,2024-07-12,48600000.0,Y
165,2024,65,22,P,جدول العمال من 2024/4/1 لغاية 2024/4/15 تمديد قساطل مياه للنبع وصب باطون.12/7/2024,2,11,2024-07-12,49800000.0,Y
165,2025,275,4,P,فواتير الهاتف العادي والخليوي عن شهر آيلول وتشرين الأول وتشرين الثاني 2025.,1,10,2025-12-22,6445000.0,Y
165,2025,276,8,P,فواتير ثمن قرطاسية وعلم لبناني ويافطات خلال شهر تشرين الأول وتشرين الثاني وكانون الأول 2025,1,7,2025-12-27,99447000.0,Y
165,2025,277,25,E,بدل معايدة لموظفين البلدية بمناسبة عيد الميلاد ورأس السنة.,1,6,2025-12-27,220770000.0,Y
165,2025,279,11,P,تصليح سيارة dusterرقم 107456/م خلال شهر كانون الاول 2025.,2,2,2025-12-31,15680000.0,Y
165,2025,280,6,P,فواتير لزوم مصاريف نثرية (مياه،بن،نسكافة،كبايات وفناجين بلاستك وغيرها ) لزوم ضيافة في مبنى البلدية.,5,1,2025-12-31,63730000.0,Y
165,2025,281,11,P,ثمن محروقات لزوم سيارات البلدية خلال شهر كانون الأول 2025.,2,9,2025-12-31,56160000.0,Y
165,2026,4,1,P,فواتير مصروفة لزوم عشاء للموظفين بمناسبة الأعياد.,5,2,2026-01-30,178580000.0,Y
165,2026,11,2,P,جداول مفوض البلدية في الدوائر ومراقب الأشغال ومعاون مفوض الشرطة وجهاز الشرطة اليوميين عن شهر كانون الثاني 2026.,2,11,2026-03-10,452510000.0,Y
165,2026,12,3,P,جدول مفوض البلدية في الدوائر ومراقب الأشغال ومعاون مفوض الشرطة وجهاز الشرطة اليوميين في شهر شباط 2026.,2,11,2026-03-10,379170000.0,Y
165,2026,13,4,P,جداول العمال اليوميين خلال شهر كانون الثاني وشباط  2026.,2,11,2026-03-10,600030000.0,Y
165,2026,14,1,P,فواتير لزوم أعمال مدخل رجوم في شهر كانون الثاني وشباط 2026.,2,14,2026-03-10,560910000.0,Y
165,2026,15,2,P,فواتير لزوم صيانة الطرقات وتركيب مصبعات وغيرها خلال شهر كانون الثاني وشباط 2026.,2,14,2026-03-10,552625000.0,Y
165,2026,16,3,P,فواتير لزوم أعمال إزالة المطبات من شوارع البلدة.,2,14,2026-03-10,444240000.0,Y
165,2020,37,8,P,جداول الشرطة اليوميين ومسؤول الأشغال خلال شهر حزيران 2020.,2,11,2020-09-18,9810000.0,Y
165,2020,38,9,P,جداول الشرطة اليوميين ومسؤول الأشغال خلال شهر تموز 2020.,2,11,2020-09-18,10375000.0,Y
165,2022,117,1,P,فواتير لزوم فتح مجرور قرب مشروع كرم مكرزل ومشروع الزغبي.,3,4,2022-12-30,8090000.0,Y
165,2023,4,1,P,جداول الشرطة اليوميين عن شهر كانون الثاني 2023.,2,11,2023-02-24,33690000.0,Y
165,2023,16,4,P,جداول الشرطة عن شهر آذار 2023.,2,11,2023-04-05,45630000.0,Y
165,2023,25,5,P,ثمن محروقات لزوم سيارات البلدية من 1/3/2023 لغاية 15/3/2023.,2,9,2023-04-05,25260000.0,Y
165,2023,26,6,P,ثمن محروقات لزوم سيارات البلدية من 16/3/2023 لغاية 31/3/2023.,2,9,2023-04-05,36005000.0,Y
165,2023,28,5,P,بدل نقل لموظفين البلدية عن شهر آذار 2023.,1,6,2023-04-05,8740000.0,Y
165,2023,29,6,P,بدل مساعدة ضعفي الراتب لموظفين البلدية عن شهر آذار 2023.,1,6,2023-04-05,16080000.0,Y
165,2023,43,5,P,رواتب الموظفين عن شهر آيار 2023,1,2,2023-05-31,8199000.0,Y
165,2023,49,13,P,بدل مساعدة للموظفين عن شهر حزيران (بموجب المادة 111 من موازنة العام 2022 والمرسوم 11227/2023),1,6,2023-07-03,32680000.0,Y
165,2023,55,8,P,جدول الشرطة اليوميين من 1/5/2023 لغاية 15/5/2023 .,2,11,2023-07-28,30875000.0,Y
165,2023,61,4,P,عمار حائط قرب منزل ميشال فارس بجاني وصب جور وصيانة شبكة المياه خلال شهر آيار 2023.,2,14,2023-07-28,42229000.0,Y
165,2023,62,5,P,ثمن بضاعة لزوم تكملة عمار حائط قرب منزل ميشال فارس بجاني في رجوم  خلال شهر حزيران 2023.,2,14,2023-07-28,34973000.0,Y
165,2015,26,6,P,راتب الشرطة عدد2 عن شهر آذار 2015,1,2,2015-04-04,2221000.0,Y
165,2015,27,8,P,بدل نقل للكاتب والشرطة عدد2 عن شهر آذار 2015.,1,6,2015-04-04,616000.0,Y
165,2017,108,13,P,جداول عمال وتركيب دابزين على طريق الدوار وصيانة الطرق العامة في شهر تموز 2017.,2,14,2017-09-13,18246000.0,Y
165,2011,39,5,P,ثمن محروقات لزوم سيارات البلدية عن شهر آيار/2011,2,9,2011-07-01,1918000.0,Y
165,2011,40,1,P,ثمن  printer  وجهاز تلفون ودفاية كهرباء.,2,1,2011-07-01,298000.0,Y
165,2011,41,1,P,بدل أعمال طوبوغرافية ومعاملات إرتفاق وتخطيط .,3,9,2011-07-11,2760000.0,Y
165,2011,42,1,P,بدل مصاريف نثرية طارئة ( ضيافة وغيرها),5,1,2011-07-11,1298000.0,Y
165,2011,43,1,P,مساهمة في نشاطات ترفيهية بمناسبة عيد الميلاد وعيد الفصح .,4,7,2011-07-11,382000.0,Y
165,2011,44,5,P,بدل جدول أجور الأجراء عن شهرأيار/2011,1,4,2011-07-15,2420000.0,Y
165,2011,45,10,P,أجور عمال وثمن مواد بنا ء وأدوات مختلفة خلال شهر آيار /2011,2,14,2011-07-15,17165000.0,Y
165,2011,46,11,P,جداول عمال وثمن مواد بناء خلال شهر آيار /2011,2,14,2011-07-15,6435000.0,Y
165,2011,47,12,P,أجور عمال وأليات وثمن مواد بناء لحيطان مزار مار شربل خلال شهر آيار /2011,2,14,2011-07-15,8960000.0,Y
165,2011,48,9,P,بدل فرصة سنوية عن العام 2010 .,1,6,2011-07-18,1140000.0,Y
165,2011,49,10,P,مكافأة مالية للكاتب لقاء قيامها أعمال إضافية في شهر تموز 2011.,1,6,2011-08-01,300000.0,Y
165,2011,50,6,P,ثمن محروقات لزوم سيارات البلدية عن شهر تموز 2011,2,9,2011-08-09,2263000.0,Y
165,2011,51,6,P,بدل جدول أجور الأجراء عن شهر حزيران /2011,1,4,2011-08-09,2420000.0,Y
165,2011,52,13,P,أجور عمال وأليات وثمن مواد بناء خلال شهر حزيران /2011,2,14,2011-08-09,18577000.0,Y
165,2011,53,14,P,أجور عمال وأليات وتركيب مصبعات خلال شهر حزيران 2011,2,14,2011-08-09,8877000.0,Y
165,2011,54,4,P,إجرة ونش وفنيين لصيانة الإنارة العامة,2,16,2011-08-09,395000.0,Y
165,2011,55,1,P,مصاريف زيارة VELIZY   للمشاركة بـ FESTIVE EUROPE,5,2,2011-08-09,9972000.0,Y
165,2011,56,1,P,ثمن 10 بوالص تأمين لموظفين البلدية وعائلاتهم.,5,6,2011-08-20,7876000.0,Y
165,2011,57,11,P,مكافأة مالية للكاتب لقاء قيامها  بأعمال إضافية في شهر آب 2011,1,6,2011-08-29,300000.0,Y
165,2011,58,7,P,بدل أجورالأجراء عن شهرتموز 2011,1,4,2011-09-06,2468000.0,Y
165,2011,59,15,P,أجور عمال وثمن مواد بناء خلال شهر تموز 2011,2,14,2011-09-06,18308000.0,Y
165,2011,60,16,P,بدل أجور أليات خلال شهر تموز 2011,2,14,2011-09-06,3918000.0,Y
165,2011,61,1,P,بدل فواتير مصروفة في أعمال رش المبيدات في أنحاء البلدة .,2,7,2011-09-06,1041000.0,Y
165,2011,62,1,P,مساعدة  إجتماعية للطفلة سيرينا إيلي أبي خليل,4,2,2011-09-08,100000.0,Y
165,2011,63,1,P,ثمن دواء لعلاج  العامل من عوارض رش المبيدات,4,1,2011-09-08,98000.0,Y
165,2011,64,1,P,ثمن ألبسة لزوم الشرطة,1,8,2011-09-08,1764000.0,Y
165,2011,65,2,P,ثمن قرطاسية وحبر وغيرها لزوم البلدية.,1,7,2011-09-12,2003000.0,Y
165,2011,66,8,P,بدل جدول أجور الأجراء عن شهر آب 2011,1,4,2011-09-13,2414000.0,Y
165,2024,66,23,P,جدول العمال من 2024/4/16 لغاية 2024/4/30 صيانة شبكة المياه وصيانة الإنارة العامة وتنظيف الطرقات.,2,11,2024-07-12,25700000.0,Y
165,2024,67,24,P,جدول العمال من 2024/4/16 لغاية 2024/4/30 صب باطون قرب النبع وبناء درج وجسر فوق النهر.,2,11,2024-07-12,46200000.0,Y
165,2024,74,7,P,إجرة بوكلين ودولاب لزوم أعمال تنظيف النهر قرب العقار رقم 1021/الكحاله وتجليس بلوكات الباطون على طريق الشام.,2,14,2024-07-12,27000000.0,Y
165,2024,75,8,P,فواتير إجرة نقل عشب وثمن مواد بناء وغيرها لزوم صيانة مجارير وتنظيف الطرقات.,2,14,2024-07-12,49070000.0,Y
165,2024,76,9,P,ثمن غالونات طرش لزوم حائط طريق عين الخان.,2,14,2024-07-12,32220000.0,Y
165,2024,119,14,P,فاتورة إجرة نقل برش من طريق بسوس الى الطاحون وقرب عين جمال وقرب منزل جان نمر الزغبي.,2,14,2024-09-09,10800000.0,Y
165,2024,136,39,P,جدول العمال من 16/7/2024 لغاية 31/7/2024,2,11,2024-09-30,36800000.0,Y
165,2024,137,40,P,جدول العمالمن 16/7/2024 لغاية 31/7/2024,2,11,2024-09-30,40000000.0,Y
165,2024,180,11,P,رواتب شهر تشرين الثاني 2024,1,2,2024-12-06,8449000.0,Y
165,2024,181,23,P,بدل نقل للموظفين عن شهر تشرين الثاني 2024,1,6,2024-12-06,31500000.0,Y
165,2024,182,24,E,بدل 8 أضعاف رواتب الموظفين مع بدل 8 صفائح محروقات.,1,6,2024-12-06,90320000.0,Y
165,2025,3,2,P,بدل تعويض مؤقت لموظفين البلدية بموجب المادة 111 من موازنة 2022 والمراسيم رقم 11227/2023 و14033/2024,1,6,2025-01-31,107480000.0,Y
165,2025,4,3,P,مفعول رجعي لتعويض موقت بموجب المرسوم14033/2024 عن شهر تشرين الأول وتشرين الثاني وكانون الأول 2024.,1,6,2025-01-31,38610000.0,Y
165,2025,21,12,P,جدول العمال اليوميين من 1/2/2025 لغاية 15/2/2025.,2,11,2025-03-27,39500000.0,Y
165,2025,22,13,P,جدول العمال من 16/2/2025 لغاية 28/2/2025.,2,11,2025-03-27,31650000.0,Y
165,2025,23,1,P,فواتير ثمن مواد بناء لزوم صيانة مجرور قرب منزل حليم الأشقر ومنزل انطوان جوزف مكرزل ومنزل جوزف طانيوس رزق الله ومنزل خليل جريس ابي خليل خلال شهر كانون الثاني وشباط 2025,2,14,2025-03-27,33930000.0,Y
165,2025,24,2,P,فواتير إجرة نقل ردم وعشب من الطرقات ونقلات مياه خلال شهر كانون الثاني وشباط  2025.,2,14,2025-03-27,37800000.0,Y
165,2025,25,1,P,فواتير ثمن بضاعة لزوم صيانة الإنارة العامة خلال شهر كانون الثاني وشباط 2025.,2,16,2025-03-27,34370000.0,Y
165,2025,26,2,P,إجرة ونش مع سلة لزوم صيانة الإنارة العامةخلال شهر كانون الثاني وشباط 2025.,2,16,2025-03-27,44000000.0,Y
165,2025,27,1,P,فواتير لزوم أعمال جمع ورفع النفايات من أحياء البلدة خلال شهر كانون الثاني وشباط 2025.,2,4,2025-03-27,14000000.0,Y
165,2025,146,53,P,إجرة 3 عمال لزوم تقصيب حجر صخر مداميك لمدة 4 أيام قرب العقار رقم 1869/عاريا في شهر آيار 2025,2,14,2025-05-23,43200000.0,Y
165,2025,147,54,P,إجرة 3 عمال لزوم تقصيب حجر صخر مداميك لمدة 4 أيام قرب العقار رقم 1869/عاريا في شهر آيار 2025.,2,14,2025-05-23,43200000.0,Y
165,2025,148,55,P,إجرة 3 عمال لزوم عمار حجر صخر مداميك لمدة 4 أيام قرب العقار رقم 1869/عاريا في شهر آيار 2025.,2,14,2025-05-23,43200000.0,Y
165,2025,149,56,P,إجرة 3 عمال لزوم عمار حجر صخر مداميك لمدة 4 أيام قرب العقار رقم 1869/عاريا خلال شهر آيار 2025.,2,14,2025-05-23,43200000.0,Y
165,2025,150,57,P,إجرة 3 عمال لزوم عمار حجر صخر مداميك لمدة 4 أيام قرب العقار رقم 1869/عارياعقارياً في شهر آيار2025,2,14,2025-05-23,43200000.0,Y
165,2023,63,2,P,فاتورة ثمن لمبات لزوم صيانة نصب الشهداء.,2,16,2023-07-28,17654000.0,Y
165,2023,64,3,P,فواتير جمع ورفع النفايات خلال شهر آيار وحزيران 2023,2,4,2023-07-28,14000000.0,Y
165,2023,65,5,P,فواتير لزوم صيانة سيارات DUSTER عدد2.,2,2,2023-07-28,43345000.0,Y
165,2023,66,4,P,الدفعة 7/2 من بوالص التأمين لزوم موظفين البلدية وعائلاتهم.,5,6,2023-07-28,28200000.0,Y
165,2023,67,5,P,الدفعة 7/3 من بوالص التأمين للموظفين وعائلاتهم.,5,6,2023-07-28,28200000.0,Y
165,2023,68,8,P,فاتورة ثمن محروقات لزوم سيارات البلدية من 1/5/2023 لغاية 15/5/2023.,2,9,2023-07-28,32863000.0,Y
165,2023,69,9,P,فاتورة ثمن محروقات لزوم سيارات البلدية من 16/5/2023 لغاية 31/5/2023,2,9,2023-07-28,31179000.0,Y
165,2022,120,2,P,بدل مساعدة لمركز أمن الدولة في عاليه بمناسبة عيد الميلاد ورأس السنة 2022-2023.,4,12,2022-12-30,5000000.0,Y
165,2023,1,1,P,رواتب الموظفين عن شهر كانون الثاني 2023,1,2,2023-01-31,8199000.0,Y
165,2023,14,3,P,جدول الشرطة اليوميين خلال شهر شباط 2023,2,11,2023-04-04,43110000.0,Y
165,2023,15,2,P,قيمة عقد صيانة ومتابعة البرلامج المالية البلدية عن عام 2023,2,2,2023-04-04,28000000.0,Y
165,2023,27,3,P,رواتب لموظفين عن شهر آذار 2023,1,2,2023-04-05,8199000.0,Y
165,2023,39,1,P,فواتير الهاتف العادي من شهر كانون الأول 2022 لغاية نيسان 2023 والخليوي من تشرين الثاني 2022 لغاية  نيسان 2023,1,10,2023-05-22,5270000.0,Y
165,2022,116,3,P,ثمن زيت وجنزير وغيرها لزوم منشار لتشحيل الأشجار التي تؤثر على كابلات الكهرباء.,2,16,2022-12-30,2935000.0,Y
165,2023,5,2,P,جداول العمال اليوميين عن شهر كانون الثاني 2023.,2,11,2023-02-24,11700000.0,Y
165,2023,6,1,P,فواتير لزوم اعمال تنظيف النهر وصيانة مجارير وغيرها خلال شهر كانون الثاني 2023.,2,14,2023-02-24,46800000.0,N
165,2023,36,4,P,فواتير مصروفة لزوم صيانة سيارات البلدية  وسنترال مبنى البلدية.,2,2,2023-05-10,37753000.0,Y
165,2020,39,10,P,جداول الشرطة ومسؤول الأشغال خلال شهر آب 2020.,2,11,2020-09-18,10157000.0,Y
165,2020,40,11,P,جداول العمال اليوميين خلال شهر حزيران وتموز وآب 2020,2,11,2020-09-18,17608000.0,Y
165,2020,41,2,P,فواتير لزوم تركيب بوابات على مفرق السنديانة ومفرق سانت ريتاوصيانة الطرق العامة والمجاري خلال شهر حزيران وتموز وآب 2020,2,14,2020-09-18,9616000.0,Y
165,2020,42,2,P,فواتير لزوم صيانة شبكة الإنارة العامة خلال شهر حزيران وتموز وآب 2020.,2,16,2020-09-18,3592000.0,Y
165,2020,43,2,P,فواتير لزوم نقل النفايات خلال شهر حزيران وآب 2020.,2,4,2020-09-18,5850000.0,Y
165,2026,17,4,P,فواتير لزوم أعمال تبليط مطبات من بازالت وبوردور قرب نصب الشهداء وفي شارع الدوار.,2,14,2026-03-10,320620000.0,Y
165,2026,18,5,P,إجرة معدات لزوم فتح قناة باطون وإزالة الأتربة على طريق بسوس قرب محطة يونس.,2,14,2026-03-10,179820000.0,Y
165,2026,33,9,P,فواتير لزوم أعمال حفر ساحة مار الياس مع إزالة الردم تمهيداً للتبليط .,2,14,2026-04-15,576920000.0,Y
165,2026,34,10,P,فواتير لزوم أعمال تكملة تبليط ساحة مار الياس وتجهيز البنى التحتية في الساحة.,2,14,2026-04-15,518900000.0,Y
165,2026,35,2,P,فاتورة ثمن أغراض سنكرية خلال شهر آذار 2026.,2,15,2026-04-15,29280000.0,Y
165,2011,67,17,P,أجور عمال وثمن مصبعات.,2,14,2011-09-13,10052000.0,Y
165,2011,68,7,E,ثمن محروقات لزوم سيارات البلدية عن شهر تموز 2011,2,9,2011-09-21,2121000.0,Y
165,2011,69,8,E,ثمن محروقات لزوم سيارات البلدية عن شهر آب 2011,2,9,2011-09-21,1880000.0,Y
165,2011,70,1,P,بدل إشتراك بمولد الكهرباء وفواتير شركة كهرباء لبنان لمركز البلدية .,2,12,2011-09-22,1883000.0,Y
165,2011,71,2,P,بدل إشتراك وثمن مخابرات هواتف البلدية رقم 05/768985- 05/769620- 03/950190 - 03/131817.,1,10,2011-09-22,2061000.0,Y
165,2011,72,2,P,صيانة سيارات والأجهزة التابعة للبلدية .,2,2,2011-09-28,1140000.0,Y
165,2011,73,2,P,ثمن بطاقات عشاء مساهمة في عدة نشاطات إجتماعية .,4,7,2011-09-29,2100000.0,Y
165,2011,74,3,P,ثمن بطاقات عشاء مساهمة في  عدة نشاطات إجتماعية.,4,7,2011-09-29,1650000.0,Y
165,2014,54,12,P,راتب الكاتب ريما بجاني عن شهر حزيران2014,1,2,2014-07-02,1040000.0,Y
165,2014,55,13,P,رواتب الشرطة عدد 2 عن شهر حزيران 2014,1,2,2014-07-02,2221000.0,Y
165,2014,56,16,P,بدل نقل للكاتب والشرطة خلال شهر حزيران 2014,1,6,2014-07-03,616000.0,Y
165,2022,2,1,P,بدل نقل للموظفين عن شهر كانون الثاني 2022.,1,6,2022-01-31,1920000.0,Y
165,2022,3,2,P,بدل مكافأة مالية للموظفين خلال شهر كانون الثاني 2022.,1,6,2022-01-31,1900000.0,Y
165,2022,4,1,P,قيمة عقد صيانة ومتابعة البرامج المالية البلدية عن عام 2022.,2,2,2022-02-10,8880000.0,Y
165,2022,5,2,P,ثمن drum لزوممكنة التصوير.,2,2,2022-02-15,10240000.0,Y
165,2022,6,2,P,رواتب الموظفين عن شهر شباط 2022.,1,2,2022-02-28,8059000.0,Y
165,2022,7,3,P,بدل نقل للموظفين خلال شهر شباط 2022.,1,6,2022-02-28,1428000.0,N
165,2022,8,4,P,بدل نقل للموظفين خلال شهر شباط 2022.,1,6,2022-02-28,1728000.0,Y
165,2022,9,5,P,بدل مكافأة مالية للموظفين خلال هر شباط 2022.,1,6,2022-02-28,1900000.0,Y
165,2022,10,1,P,جداول الشرطة اليوميين خلال شهر كانون الثاني 2022.,2,11,2022-03-16,26640000.0,Y
165,2022,11,2,P,جداول الشرطة اليوميين خلال شهر شباط 2022.,2,11,2022-03-16,24550000.0,Y
165,2022,12,3,P,جداول العمال اليوميين خلال شهر كانون الثاني وشباط 2022.,2,11,2022-03-16,9550000.0,Y
165,2022,13,1,P,فواتير لزوم اعمال صيانة المجارير  والطرقات خلال شهر كانون الثاني وشباط 2022.,2,14,2022-03-16,7402000.0,Y
165,2022,14,1,P,فاتورة لزوم اعمال جمع ورفع النفايات خلال شهر كانون الثاني 2022.,2,4,2022-03-16,7000000.0,Y
165,2022,15,6,P,بدل مساعدة اجتماعية للموظفين عن شهر تشرين الثاني وكانون الأول 2021بناءً للمرسوم 8737 تاريخ 18/1/2022.,1,6,2022-03-16,12000000.0,Y
165,2022,16,1,P,ثمن بوالص تأمين عدد 7 لزوم موظفين البلدية وعائلاتهم.,5,6,2022-03-16,37790000.0,Y
165,2022,17,1,P,ثمن محروقات لزوم سيارات البلدية خلال شهر كانون الثاني وشباط 2022.,2,9,2022-03-16,25271000.0,Y
165,2022,18,3,P,رواتب الموظفين عن شهر آذار 2022,1,2,2022-03-31,8129000.0,Y
165,2022,19,7,P,بدل نقل للموظفين عن شهر آذار 2022,1,6,2022-03-31,2112000.0,Y
165,2022,20,8,P,بدل مساعدة مالية لموظفين البلدية عن شهر كانون الثاني وشباط وآذار 2022 بموجب قرار مجلس الوزراء رقم 16 بتاريخ 10/2/2022.,1,6,2022-03-31,18000000.0,N
165,2023,124,24,E,جداول الشرطة اليوميين من 1/10/2023 لغاية 15/10/2023,2,11,2023-12-13,27325000.0,Y
165,2024,192,3,E,ثمن سلم المنيوم وبطارية UPS.,2,1,2024-12-20,4100000.0,Y
165,2024,193,12,P,رواتب الموظفين عن شهر كانون الأول 2024,1,2,2024-12-20,8449000.0,Y
165,2024,198,56,E,جدول الشرطة اليوميين من 1/12/2024 لغاية 15/12/2024,2,11,2024-12-20,35950000.0,Y
165,2024,199,57,E,جدول الشرطة اليوميين من 16/12/2024 لغاية 31/12/2024.,2,11,2024-12-20,38750000.0,Y
165,2024,200,58,E,جدول العمال من 1/12/2024 لغاية 15/12/202,2,11,2024-12-20,37050000.0,Y
165,2024,201,59,E,جدول العمال من 16/12/2024 لغاية 31/12/2024.,2,11,2024-12-20,43300000.0,Y
165,2024,202,60,E,جدول العمال اليوميين من 16/12/2024 لغاية 31/12/2024,2,11,2024-12-20,34675000.0,Y
165,2024,203,4,P,فواتير ثمن أغراض سنكرية لزوم صيانة شبكة المياه خلال شهر كانون الأول 2024,2,15,2024-12-20,7415000.0,Y
165,2024,204,6,E,فاعمال صيانة محطات الإنارة العامة وتركيب إنارة لمراكز الشرطة في شهر كانون الأول 2024.,2,16,2024-12-20,32810000.0,Y
165,2025,5,2,P,راتب شهر شباط 2025,1,2,2025-02-28,8449000.0,Y
165,2025,6,4,P,بدل نقل للموظفين عن شهر شباط 2025.,1,6,2025-02-28,29700000.0,N
165,2025,9,1,P,فواتير اشتراك مولد كهرباء عن شهر كانون الثاني وشباط 2025 وفاتورة كهرباء عن شهر تشرين الثاني وكانون الأول 2023,2,12,2025-02-28,11181000.0,Y
165,2025,10,1,P,جدول معاون مفوض الشرطة من 1/1/2025 لغاية 15/1/2025.,2,11,2025-03-27,25500000.0,Y
165,2025,11,2,P,جدول معاون مفوض الشرطة من 16/1/2025 لغاية 31/1/2025.,2,11,2025-03-27,27000000.0,Y
165,2025,12,3,P,جدول معاون مفوض الشرطة من 1/2/2025 لغاية 15/2/2025.,2,11,2025-03-27,32300000.0,Y
165,2025,13,4,P,جدول معاون مفوض شرطة من 16/2/2025 لغاية 28/2/2025.,2,11,2025-03-27,34200000.0,Y
165,2025,14,5,P,جدول الشرطة اليوميين من 1/1/2025 لغاية 15/1/2025.,2,11,2025-03-27,28000000.0,Y
165,2025,19,10,P,جدول العمال اليوميين من 1/1/2025 لغاية 15/1/2025.,2,11,2025-03-27,29250000.0,Y
165,2025,20,11,P,جدول العمال اليوميين من 16/1/2025 لغاية 31/1/2025.,2,11,2025-03-27,38950000.0,Y
165,2025,28,1,P,دفعة أولى من ثمن بوالص التأمين للواظفين وعائلاتهم.,5,6,2025-03-27,47700000.0,Y
165,2025,29,1,P,بدل قيمة عقد متابعة البرامج المالية خلال العام 2025.,2,2,2025-03-27,50000000.0,Y
165,2025,30,1,P,فواتير ثمن اشارات دلالة عدد(9) لزوم كنيسة مار الياس بمناسبة نيل الغفران الكامل للعام 2025.,1,7,2025-03-27,36000000.0,Y
165,2025,31,2,P,ثمن 4 يافطات يوم انتخاب رئيس الجمهورية جوزاف عون.,1,7,2025-03-27,16650000.0,Y
165,2025,32,1,P,فواتير لزوم ثياب للشرطة.,1,8,2025-03-27,46450000.0,Y
165,2025,33,2,P,فواتير لزوم صيانة سيارات البلدية وAC في مكتب رئيس البلدية.,2,2,2025-03-27,24810000.0,Y
165,2025,34,1,P,ثمن الحروقات  لزوم سيارات البلدية خلال شهر كانون الثاني 2025.,2,9,2025-03-27,36200000.0,Y
165,2025,35,2,P,ثمن محروقات لزوم سيارات البلدية خلال شهر شباط 2025.,2,9,2025-03-27,42732000.0,Y
165,2025,36,3,P,رواتب شهر آذار 2025,1,2,2025-04-02,8449000.0,Y
165,2025,37,7,P,بدل نقل للموظفين عن شهر آذار 2025.,1,6,2025-04-02,30600000.0,Y
165,2026,36,1,P,إجرة Mobile Mammography Van لزوم حملة قامت بها البلدية في شهر آذار 2026.,4,1,2026-04-15,45000000.0,Y
165,2026,37,1,P,بدل مساعدة لوقف رعية مار انطونيوس - الكحاله.,4,3,2026-04-15,45000000.0,Y
165,2026,38,1,E,بدل مصاريف زيارة المسنين الى دير مار شربل - عنايا.,4,7,2026-04-15,64300000.0,Y
165,2026,39,3,P,ثمن محروقات لزوم سيارات البلدية خلال شهر آذار 2026.,2,9,2026-04-15,105622000.0,Y
165,2026,41,2,P,فواتير لزوم ضيافة يوم استقبال الوزير صدّي وثمن شتل هدايا بمناسبة عيد الأمهات.,5,2,2026-04-14,48690000.0,Y
165,2026,43,1,P,فاتورة إجرة مساح لزوم شقلات على طريق مار الياس - بسوس.,3,9,2026-04-14,13500000.0,Y
165,2026,44,2,P,فواتير لزوم صيانة سيارة ال DUSTER خلال شهر كانون الثاني وشباط 2026.,2,2,2026-04-14,78970000.0,Y
165,2026,45,1,P,فاتورة ثمن مقدح وصاروخ.,2,1,2026-04-14,11700000.0,Y
165,2026,46,1,P,فواتير ثمن البسة للشرطة وعصا الكتريك.,1,8,2026-04-14,49900000.0,Y
165,2026,47,3,P,صيانة AC مع تركيب BOX للإمدادات  وتصليح كراسي مكتب.,2,2,2026-04-14,38770000.0,Y
165,2026,48,4,P,رواتب الموظفين عن شهر نيسان 2026,1,2,2026-04-30,8649000.0,Y
165,2026,49,8,P,بدل نقل للموظفين عن شهر نيسان 2026.,1,6,2026-04-30,32400000.0,Y
165,2026,50,9,P,بدل تعويض مؤقت بموجب المادة 111 من موازنة العام 2022 والمراسيم 2023/11227 و2024/14033 وتعويض المثابرة عن شهر نيسان 2026.,1,6,2026-04-30,214880000.0,Y
165,2026,51,1,P,مصاريف استعمال الملعب الرياضي في عاريا من شهر كانون الأول 2025 لغاية شهر نيسان 2026، واجر نقل الوافدين الى مأتم المرحومة نجاة ابي خليل والمرحوم  ميلاد درويش بجاني  لتخفيف السير على الكنائس.,5,9,2026-05-12,86640000.0,Y
165,2026,52,4,P,فواتير ثمن محروقات خلال شهر نيسان 2026.,2,9,2026-05-13,94470000.0,Y
165,2026,67,10,P,بدل نقل للموظفين عن شهر آيار 2026.,1,6,2026-06-01,28200000.0,N
165,2026,68,11,P,بدل نقل للموظفين عن شهر آيار 2026.,1,6,2026-06-01,28800000.0,Y
165,2026,69,12,P,بدل تعويض مؤقت بموجب المادة 111 من موازنة العام 2022 والمراسيم 2023/11227 و2024/14033 وتعويض المثابرة  عن شهر آيار 2026,1,6,2026-06-01,214880000.0,Y
165,2026,71,10,P,جداول العمل عدد2 عن شهر آيار 2026.,2,11,2026-06-17,192870000.0,Y
165,2026,72,12,P,فواتير لزوم تركيب مصبعات وصيانة  وتنظيف الطرقات والشبكة الصرف الصحي  في شهر آيار 2026.,2,14,2026-06-17,374075000.0,Y
165,2026,73,13,P,فواتير لزوم تزييح مدخل الكحاله عند مفرق المعلولي ومفرق سانت ريتا.,2,14,2026-06-17,279000000.0,Y
165,2026,74,14,P,فاتورة لزوم بناء غرفة للشرطة على مفرق طريق بسوس -حي السنديانة.,2,14,2026-06-17,391500000.0,Y
165,2026,75,4,P,أعمال كهربائية في ساحة مار الياس.,2,16,2026-06-17,21150000.0,Y
165,2026,76,4,P,فاتورة لزوم صيانة شبكة المياه خلال شهر آيار 2026,2,15,2026-06-17,25800000.0,Y
165,2026,77,2,P,فواتير لزوم جمع ورفع النفايات من شهر أيلول لغاية تشرين الثاني 2025 وعن شهر نيسان وآيار 2026.,2,4,2026-06-17,35000000.0,Y
165,2026,78,5,P,فواتير محروقات لزوم سيارات البلدية خلال شهر نيسان وآيار 2026.,2,9,2026-06-17,131635000.0,Y
165,2026,79,2,E,بدل مساهمة في قداس دير دون بوسكو وفي حفل العرس الجماعي في بكركي وكشافة الإستقلال.,4,7,2026-06-17,112500000.0,Y
165,2026,80,1,P,صيانة وزراعة الحوض قرب نصب الشهداء.,3,6,2026-06-18,81000000.0,Y
165,2022,21,9,P,الدفعات المتبقية من مساعدات الإجتماعية عن شهر كانون الثاني وشباط 2022.,1,6,2022-03-31,8200000.0,Y
165,2022,22,10,P,بدل مساعدة إجتماعية للموظفين عن شهر آذار 2022 بموجب قرار مجلس الوزراء رقم 16 بتاريخ 10/2/2022,1,6,2022-03-31,6000000.0,Y
165,2022,23,4,P,رواتب موظفين البلدية عن شهر نيسان 2022,1,2,2022-05-05,8129000.0,Y
165,2022,24,11,P,بدل نقل للموظفين عن شهر نيسان 2022.,1,6,2022-05-05,1632000.0,Y
165,2022,25,12,P,بدل مساعدة اجتماعية لموظفين البلدية عن شهر نيسان 2022.,1,6,2022-04-29,6000000.0,Y
165,2022,26,3,P,صيانة سيارات البلدية من شهر كانون الثاني لغاية شهر نيسان 2022,2,2,2022-05-18,11080000.0,Y
165,2022,27,4,P,فواتير لزوم تصليح فيتاس DUSTER رقم 107552/م,2,2,2022-05-23,10500000.0,Y
165,2022,28,5,P,عقد صيانة لزوم آلة التصوير.,2,2,2022-05-27,9158000.0,Y
165,2022,29,5,P,رواتب موظفين البلدية عن شهر آيار 2022,1,2,2022-05-31,8129000.0,Y
165,2022,30,13,P,بدل نقل للموظفين عن شهر آيار 2022,1,6,2022-05-31,1728000.0,Y
165,2022,31,14,P,بدل مساعدة اجتماعية لموظفين البلدية عن شهر آيار 2022.,1,6,2022-05-31,6000000.0,Y
165,2022,32,4,P,جداول الشرطة اليوميين ومسؤول الأشغال عن شهر آذار 2022,2,11,2022-06-22,26980000.0,Y
165,2022,33,5,P,جداول الشرطة اليوميين ومسؤول الأشغال خلال شهر نيسان وآيار 2022,2,11,2022-06-22,49220000.0,Y
165,2022,34,6,P,جداول العمال اليوميين خلال شهر آذار ونيسان وآيار 2022.,2,11,2022-06-22,49250000.0,Y
165,2022,35,2,P,فواتير ثمن بضاعة لزوم  انشاء حائط للطريق فوق العقار رقم 1882/عاليه عقارياً والكحاله بلدياً وصيانة الطرق العامة والمجارير.,2,14,2022-06-22,34415000.0,Y
165,2022,36,1,P,ثمن بضاعة  لزوم انشاء درج وقناة مياه قرب منزل فيصل بجاني وكريم يوسف بجاني خلال شهر آيار/2022,3,5,2022-06-22,40288000.0,Y
165,2022,37,1,P,صيانة شبكة الإنارة العامة خلال شهر آذار2022,2,16,2022-06-22,5313000.0,Y
165,2022,38,2,P,فواتير ثمن محروقات لزوم سيارات البلدية خلال شهر آذار ونيسان 2022.,2,9,2022-06-22,35646000.0,Y
165,2022,39,2,P,فواتير لزوم  أعمال جمع ورفع النفايات خلال شهر شباط وآذار ونيسان/2022.,2,4,2022-06-22,21000000.0,Y
165,2022,40,6,P,رواتب الموظفين عن شهر حزيران 2022.,1,2,2022-06-30,8129000.0,Y
165,2022,41,15,P,بدل نقل لموظفين البلدية عن شهر حزيران 2022,1,6,2022-06-30,2112000.0,Y
165,2022,42,16,P,بدل مساعدةلموظفين البلدية عن شهر حزيران 2022.,1,6,2022-06-30,6000000.0,Y
165,2022,43,6,P,فواتير صيانة كومبريسور وAC مبنى البلدية وثمن دواليب سيارة DUSTER وغيرها.,2,2,2022-07-06,11470000.0,Y
165,2022,44,7,P,فواتير لزوم صيانة سيارات البلدية خلال شهر آيار وحزيران 2022.,2,2,2022-07-15,10135000.0,Y
165,2022,45,7,P,جداول الشرطة اليوميين عن شهر حزيران 2022.,2,11,2022-07-27,24080000.0,Y
165,2022,46,8,P,جداول العمال عن شهر حزيران 2022.,2,11,2022-07-27,7700000.0,Y
165,2022,47,1,P,فواتير ثمن أغراض سنكرية وزيت مولد الكهرباء التابع لبئر مياه الكحاله وغيرها لزوم صيانة شبكة مياه الكحاله خلال شهر حزيران 2022.,2,15,2022-07-27,13182000.0,Y
165,2022,48,3,P,فاتورة رفع وجمع النفايات خلال شهر آيار 2022.,2,4,2022-07-27,7000000.0,Y
165,2022,49,7,P,رواتب  موظفين البلدية لشهر تموز 2022,1,2,2022-08-01,8129000.0,Y
165,2025,38,8,P,بدل تعويض مؤقت لموظفين البلدية بموجب المادة 111 من موازنة العام 2022 والمراسيم رقم 2023/11227 و2024/14033 عن شهر أذار 2025.,1,6,2025-04-02,123480000.0,Y
165,2025,44,1,P,بدل مساعدة مالية للسيد جاك ايلي ابي خليل لإستعادة بناء منزله بعد تعرضه لحادث حريق أدى الى اشتعال المنزل بكامله.,4,2,2025-04-14,100000000.0,Y
165,2025,49,4,P,رواتب الموظفين عن شهر آذار 2025.,1,2,2025-04-30,8449000.0,Y
165,2025,161,5,P,رواتب الموظفين عن شهر آيار 2025.,1,2,2025-05-30,8449000.0,Y
165,2025,162,11,P,جدول نقل لموظفين عن شهر آيار 2025.,1,6,2025-05-30,32400000.0,Y
165,2025,163,12,P,بدل تعويض مؤقت لموظفين البلدية بموجب المادة 111من موازنة العام 2022 والمراسيم رقم 2023/11227 و2024/14033 عن شهر آيار 2025.,1,6,2025-05-30,129480000.0,Y
165,2025,164,4,P,ثمن بوتي فور لزوم ضيافة في مبنى البلدية.,5,1,2025-05-29,1900000.0,Y
165,2024,1,1,P,رواتب شهر كانون الثاني 2024,1,2,2024-01-31,8309000.0,Y
165,2024,2,1,P,بدل نقل للموظفين عن شهر كانون االثاني 2024,1,6,2024-01-31,26550000.0,Y
165,2024,3,2,P,بدل مساعدة للموظفين  6 أضعاف راتب شهر كانون الثاني 2024.,1,6,2024-01-31,48900000.0,Y
165,2024,81,2,P,ثمن باطون جاهز لزوم اعمال صب باطون قرب النبع وبناء درج وجسر فوق النهر.,3,5,2024-07-12,46800000.0,Y
165,2024,82,3,P,ثمن ترابة وحديد لزوم صب باطون قرب النبع وبناء درج وجسر فوق النهر.,3,5,2024-07-12,47956000.0,Y
165,2024,83,3,E,إجرة ونش لزوم صيانة الإنارة العامة .,2,16,2024-07-24,48000000.0,Y
165,2024,84,4,E,ثمن أغراض كهربائية لزوم صيانة الإنارة العامة.,2,16,2024-07-24,45960000.0,Y
165,2024,85,5,E,فواتير إجرة ونش وثمن كابل كهرباء لزوم صيانة الإنارة العامة.,2,16,2024-07-24,43510000.0,Y
165,2024,86,2,P,فواتير لزوم رفع وجمع النفايات خلال شهر آذار ونيسان وآيار 2024.,2,4,2024-04-27,21000000.0,Y
165,2024,87,3,P,سند 1/5 من قيمة بوالص التأمين لموظفين البلدية وعائلاتهم.,5,6,2024-07-24,45000000.0,Y
165,2024,88,4,P,سند 2/5 من قيمة بوالص التأمين لموظفين البلدية وعائلاتهم.,5,6,2024-07-24,45000000.0,Y
165,2024,89,5,P,سند 3/5 من قيمة بوالص التأمين لموظفين البلدية وعائلاتهم.,5,6,2024-07-24,45000000.0,Y
165,2024,90,5,P,ثمن كمبريسور AC وإجرة تركيب في مكتب رئيس البلدية.,2,2,2024-07-24,20700000.0,Y
165,2024,91,6,P,ثمن موتور RENAULT  DUSTER.لزوم سيارة رقم 107456/م.,2,2,2024-07-24,45000000.0,Y
165,2024,92,7,P,فواتير لزوم صيانة سيارات البلدية.,2,2,2024-07-24,32050000.0,Y
165,2024,101,1,P,إجرة بوسطة للمساهمة في نقل ابناء رعية مار انطونيوس لحضور القداس في رعية مار جرجس وسط بيروت.,4,3,2024-07-31,5000000.0,Y
165,2024,102,1,P,بدل مساعدة لمؤسسة كاريتاس - إقليم بعبدا.,4,11,2024-07-31,5000000.0,Y
165,2024,103,31,P,بدل استهلاك مولد كهرباء لزوم مبنى البلدية خلال شهر نيسان وآيار وحزيران 2024.,2,11,2024-07-31,12000000.0,Y
165,2024,104,1,P,فواتير الهاتف رقم 05/768985 و 05/769620 من شهر كانون الأول 2023 لغاية آيار 2024.,1,10,2024-07-31,8215000.0,Y
165,2025,1,1,P,رواتب الموظفين عن شهر كانون الثاني 2025,1,2,2025-01-31,8449000.0,Y
165,2025,2,1,P,بدل نقل للموظفين خلال شهر كانون الثاني 2025.,1,6,2025-01-31,32400000.0,Y
165,2025,7,5,P,بدل نقل للموظفين عن شهر شباط 2025.,1,6,2025-02-28,29700000.0,Y
165,2020,44,2,P,بدل إيجار العقار رقم 197 لمدة ستة أشهر لزوم جمع النفايات من 1/7/2020 لغاية 31/12/2020.,1,9,2020-09-18,9000000.0,Y
165,2020,45,3,P,بدل صيانة سيارات البلدية .,2,2,2020-09-18,9727000.0,Y
165,2020,46,1,P,مساهمة في تنظيف ونقل الردم في منطقة الأشرفية والجميزة ومار مخايل بسبب إنفجار المرفأ.,4,12,2020-09-18,4250000.0,Y
165,2020,47,10,P,بدل مساعدة مدرسية لأولاد الشرطي جلال بجاني  عدد 3 للعام 2019-2020.,1,6,2020-09-18,8180000.0,Y
165,2020,48,1,P,فواتير ثمن محروقات لزوم سيارات البلدية خلال شهر كانون الثاني وشباط وآذار ونيسان 2020.,2,9,2020-09-18,2523000.0,Y
165,2020,49,1,P,فواتير ثمن Printer و موديم اوجيرو لزوم مبنى البلدية.,2,1,2020-09-18,691000.0,Y
165,2020,50,1,P,فواتير ثمن محارم ودواء للتنظيف لزوم مبنى البلدية.,2,8,2020-09-18,1841000.0,Y
165,2020,51,4,P,بدل صيانة أجهزة اللاسلكي.,2,2,2020-09-18,2857000.0,Y
165,2020,52,1,P,بدل اشتراك بمولد الكهرباء من شهر كانون الثاني لغاية شهر آيلول 2020 لزوم مبنى البلدية.,2,12,2020-09-18,2025000.0,Y
165,2020,53,1,P,فواتير مخابرات الهاتف العادي والخليوي التابعين لمبنى البلدية من شهر كانون الأول 2019 لغاية شهر آب 2020,1,10,2020-09-25,2509000.0,Y
165,2020,54,3,P,فواتير ثمن قرطاسية وحبر وإفادات عقارية.,1,7,2020-09-25,2338000.0,Y
165,2020,55,2,P,فواتير ثمن محروقات لزوم سيارات البلدية خلال شهر آيار وحزيران وتموز وآب 2020.,2,9,2020-09-25,2581000.0,N
165,2020,56,3,P,فواتير ثمن محروقات لزوم سيارات البلدية خلال شهر آيار وحزيران وتموز.,2,9,2020-09-25,2351000.0,Y
165,2020,57,5,P,فواتير لزوم صيانة سيارات البلدية.,2,2,2020-09-30,1266000.0,Y
165,2020,58,2,P,فواتير ثمن مياه وبن وغيرها من لوازم الضيافة في مبنى البلدية من شهر حزيران لغاية شهر آيلول 2020.,5,1,2020-09-30,899000.0,Y
165,2020,59,4,P,فواتير ثمن محروقات لزوم سيارات البلدية خلال شهر آب وأيلول 2020.,2,9,2020-09-30,1736000.0,Y
165,2020,60,9,P,رواتب الموظفين خلال شهر أيلول 2020.,1,2,2020-09-30,7879000.0,Y
165,2020,61,11,P,بدل نقل للموظفين خلال شهر أيلول 2020.,1,6,2020-09-30,704000.0,Y
165,2020,62,12,P,جداول الشرطة اليوميين ومسؤول الأشغال خلال شهر أيلول 2020,2,11,2020-09-30,10653000.0,Y
165,2020,63,13,P,جداول العمال خلال شهر أيلول 2020.,2,11,2020-09-30,3480000.0,Y
165,2020,64,3,P,فواتير لزوم صيانة الطرق العامة وشبكة المجارير وتنظيف الأقنية خلال شهر أيلول 2020.,2,14,2020-09-30,4016000.0,Y
165,2020,65,3,P,إجرة ونش هيدروليك لصيانة الإنارة العامة خلال شهر أيلول 2020.,2,16,2020-09-30,600000.0,Y
165,2020,66,3,P,فاتورة لزوم أعمال رفع النفايات من أحياء البلدة ونقلها الى مركز الجمع خلال شهر أيلول 2020.,2,4,2020-09-30,6500000.0,Y
165,2020,67,1,P,فواتير ثمن ألبسة للشرطة.,1,8,2020-09-30,7302000.0,Y
165,2020,68,10,P,رواتب الموظفين عن شهر تشرين الأول 2020.,1,2,2020-11-02,7879000.0,Y
165,2020,69,12,P,بدل نقل لموظفين البلدية خلال شهر تشرين الأول 2020.,1,6,2020-11-02,672000.0,Y
165,2020,70,13,P,بدل مكامأة مالية لكارول بو خليل الفغالي.,1,6,2020-11-12,1900000.0,Y
165,2020,71,11,P,رواتب الموظفين عن شهر تشرين الثاني 2020,1,2,2020-11-30,7949000.0,Y
165,2022,50,17,P,بدل نقل لموظفين البلدية عن شهر تموز 2022.,1,6,2022-08-01,4864000.0,Y
165,2022,51,18,P,بدل مساعدة اجتماعية لموظفين البلدية عن شهر تموز 2022.,1,6,2022-08-01,8110000.0,Y
165,2022,52,1,P,فوتير ثمن غاز وبطارية انترنيت وسبوت وكونتكتور.,2,1,2022-08-22,4130000.0,Y
165,2022,53,1,P,فاتورة لزوم تركيب باب خشب في الطابق الأول من مبنى البلدية.,2,5,2022-08-22,600000.0,Y
165,2022,54,3,E,ثمن محروقات لزوم سيارات البلدية خلال شهر آيار 2022.,2,9,2022-08-22,23550000.0,Y
165,2022,55,4,E,ثمن محروقات لزوم سيارات البلدية خلال شهر حزيران 2022.,2,9,2022-08-22,18300000.0,Y
165,2022,56,2,E,ثمن بوليصة تأمين لعمال البلدية.,5,6,2022-08-22,11800000.0,Y
165,2022,57,3,E,بوليصة تأمين لزوم سيارة DUSTER رقم 107456/م,5,6,2022-08-22,930000.0,Y
165,2022,58,1,P,إجرة الزفة يوم دفن المرحوم انطوان ايليا بجاني.,5,9,2022-08-24,2200000.0,Y
165,2022,59,1,P,ثمن قرطاسية وطلب اشتراك بالجريدة الرسمية وغيرها.,1,7,2022-08-24,6063000.0,Y
165,2022,60,8,P,رواتب الموظفين عن شهرآب 2022.,1,2,2022-08-31,8129000.0,Y
165,2022,61,19,P,بدل نقل للموظفين عن شهر آب 2022.,1,6,2022-08-31,5120000.0,Y
165,2022,62,20,P,بدل مساعدة اجتماعية لموظفين البلدية عن شهر تموز 2022.,1,6,2022-08-31,8110000.0,Y
165,2022,63,1,P,فواتير ثمن مياه وبن وغاز وغيرها لزوم ضيافة في مبنى البلدية من شهر كانون الثاني لغاية شهر آب 2022.,5,1,2022-08-31,11428000.0,Y
165,2022,64,1,P,فواتير لزوم ضيافة وترويقة لعدة مناسبات.,5,2,2022-08-31,2487000.0,Y
165,2022,65,1,P,فواتير ثمن كلينكس وأدوات تنظيف من شهر كانون الثاني لغاية ايلول 2022.,2,8,2022-09-26,4229000.0,Y
165,2022,66,1,P,فواتير اشتراك مولد الكهرباء وكهراء لبنان.,2,12,2022-09-26,2355000.0,Y
165,2022,67,9,P,رواتب الموظفين عن شهر أيلول 2022.,1,2,2022-09-30,8129000.0,Y
165,2022,68,21,P,بدل نقل للموظفين عن شهر أيلول 2022,1,6,2022-09-30,5632000.0,Y
165,2022,69,22,P,بدل مساعدة اجتماعية لموظفين البلدية عن شهر أيلول 2022.,1,6,2022-09-30,8110000.0,Y
165,2022,70,1,P,فواتير الهاتف العادي رقم 05/768985 و 769620 والخليوي رقم 03950190 من شهر كانون الأول 2021 لغاية شهر آب 2022.,1,10,2022-10-06,3565000.0,Y
165,2022,71,8,P,فواتير لزوم تصليح تصليح مفتاح وغيار زيت سيارة الduster وتصليح سيارة امن الدولة.,2,2,2022-10-06,3400000.0,Y
165,2022,72,9,E,تصليح مفتاح duster,2,2,2022-10-06,300000.0,Y
165,2022,73,2,P,فواتير ثمن مياه وشكولا وكبايات وفناجين بلاستيك وغيرها.,5,1,2022-10-06,3487000.0,Y
165,2022,74,9,P,جداول الشرطة اليومية عن شهر تموز وآب 2022,2,11,2022-10-12,48640000.0,Y
165,2022,75,10,P,جداول الشرطة اليوميين عن شهر أيلول 2022.,2,11,2022-10-12,36350000.0,Y
165,2022,76,11,P,جداول العمال اليوميين عن شهر تموز وآب وأيلول 2022,2,11,2022-10-12,20375000.0,Y
165,2022,77,3,P,فواتير لزوم انشاء حائط دعم قرب الكسارة وصيانة مجارير وغيرها خلال شهر تموز وآب 2022,2,14,2022-10-12,42629000.0,Y
165,2022,78,4,P,فواتير إجرة تراكتور لردم وراء الحائط على طريق النبع.,2,14,2022-10-12,34970000.0,Y
165,2022,79,2,P,فواتير إجرة ونش لزوم نقل مولد الكهرباء التابع لبئر المياه.,2,15,2022-10-12,10500000.0,Y
165,2025,8,6,P,بدل تعويض مؤقت لموظفين البلدية بموجب المادة 111 من موازنة العام 2022 والمراسيم رقم 11227/2023 14033/2024 عن شهر شباط 2025,1,6,2025-02-28,123480000.0,Y
165,2025,39,1,P,ثمن مدفأة غاز لزوم مبنى البلدية.,2,1,2025-04-02,8100000.0,Y
165,2025,40,2,P,ثمن جزامي وبدلات مطرية للعمال.,1,8,2025-04-02,7560000.0,Y
165,2025,41,3,P,فواتير ثمن حبر ودفتر ذمة.,1,7,2025-04-02,10500000.0,Y
165,2025,42,1,P,ثمن كلينكس وادوات تنظيفخلال شهر كانون الثاني وشباط وآذار 2025.,2,8,2025-04-02,2660000.0,Y
165,2025,43,1,P,ثمن مياه وبن ونسكافة وكبايات بلاستيك وقارورة غاز لزوم مبنى البلدية خلال شهر كاون الثاني وشباط وآذار2025,5,1,2025-04-02,11060000.0,Y
165,2025,104,37,P,إجرة 3 عمال لمدة 5 أيام قرب مزار سانت ريتا عن شهر نيسان 2025.,2,14,2025-04-30,40500000.0,Y
165,2025,105,38,P,ثمن حجار دبش لزوم حائط قرب مزار سانت ريتا خلال شهر نيسان 2025.,2,14,2025-04-30,48600000.0,Y
165,2025,106,39,P,ثمن حجار دبش لزوم حائط قرب مزار سانت ريتا خلال شهر نيسان 2025.,2,14,2025-04-30,48600000.0,Y
165,2025,107,40,P,ثمن حجار صخر لزوم حائط قرب العقار رقم 1833/عاليه.,2,14,2025-04-30,49950000.0,Y
165,2025,108,41,P,ثمن حجار صخر لزوم حائط قرب العقار رقم 1833/عاليه.,2,14,2025-04-30,49950000.0,Y
165,2025,109,42,P,ثمن حجار صخر لزوم حائط قرب العقار رقم 1833/عاليه.,2,14,2025-04-30,49950000.0,Y
165,2025,110,43,P,ثمن حجار صخر لزوم حائط قرب العقار رقم 1833/عاليه.,2,14,2025-04-30,49950000.0,Y
165,2025,111,44,P,ثمن حجر صخر لزوم حائط قرب العقار رقم 1833/عاليه.,2,14,2025-04-30,49950000.0,Y
165,2025,112,3,P,فاتورة إجرة ونش  لزوم صيانة الإنارة العامة خلال شهر آذار 2025.,2,16,2025-04-30,40000000.0,Y
165,2024,134,37,P,جدول الشرطة من 16/9/2024 لغاية 30/9/2024,2,11,2024-09-30,39350000.0,Y
165,2024,135,38,P,جدول العمال من 1/7/2024 لغاية 15/7/2024,2,11,2024-09-30,25600000.0,Y
165,2024,160,46,P,جدول الشرطة اليوميين من1/10/2024 لغاية 15/10/2024.,2,11,2024-12-06,36600000.0,Y
165,2024,161,47,P,جدول الشرطة اليوميين من 16/10/2024 لغاية 31/10/2024.,2,11,2024-12-06,39000000.0,Y
165,2024,162,48,E,جدول الشرطة اليوميين من 1/11/2024 لغاية 15/11/2024.,2,11,2024-12-06,36600000.0,Y
165,2024,163,49,E,جدول الشرطة اليوميين من 16/11/2024 لغاية 30/11/2024,2,11,2024-12-06,36600000.0,Y
165,2024,183,25,P,بدل معايدة الموظفين بمناسبة عيد الميلاد ورأس السنة .,1,6,2024-12-20,54000000.0,Y
165,2024,184,5,P,بدل استهلاك مولد كهرباء لزوم مبنى البلدية خلال شهر تشرين الأول وتشرين الثاني وكانون الأول 2024.,2,12,2024-12-20,12000000.0,Y
165,2024,185,6,P,بدل استهلاك كهرباء في مبنى البلدية خلال شهر آيلول وتشرين الأول 2023.,2,12,2024-12-20,3081000.0,Y
165,2024,186,7,P,فاتورة ثمن أغراض نثرية من كبايات وفناجين بلاستيك وبن ومياه وغيرها في شهر كانون الأول 2024.,5,1,2024-12-18,7653000.0,Y
165,2024,187,8,P,فواتير ثمن شوكولا وملبس لزوم  الضيافة في مبنى البلدية بمناسبة الأعياد.,5,1,2024-12-18,9940000.0,Y
165,2024,188,9,P,فواتير لزوم أغراض نثرية من مياه وكوفي مات ونسكافة وغيرها من لزوم الضيافة في شهر تشرين الأول وتشرين الثاني وكانون الأول 2024.,5,1,2024-12-19,11375000.0,Y
165,2024,194,13,P,رواتب شهر كانون الأول 2024.,1,2,2024-12-20,8449.0,N
165,2020,72,14,P,بدل نقل لموظفين البلدية خلال شهر تشرين الثاني 2020.,1,6,2020-11-30,640000.0,Y
165,2021,109,7,P,فواتير إجرة ونش هيدروليك وثمن أغراض كهربائية لزوم صيانة الإنارة.,2,16,2021-12-30,10782000.0,Y
165,2020,75,15,P,جداول الشرطة اليوميين ومسؤول الأشغال خلال شهر تشرين الثاني 2020.,2,11,2020-12-16,10300000.0,Y
165,2020,76,16,P,جداول العمال اليوميين عدد8 عن شهر تشرين الأول وتشرين الثاني 2020,2,11,2020-12-16,7950000.0,Y
165,2020,77,4,P,فواتير لزوم صيانة شبكة المجارير والطرقات واعمال تزفيت خلال شهر تشرين الأول وتشرين الثاني 2020,2,14,2020-12-16,10769000.0,Y
165,2020,78,4,P,فواتير لزوم نقل النفايات من أحياء البلدة الى مركز الجمع خلال شهر تشرين الأول وتشرين الثاني 2020.,2,4,2020-12-16,13000000.0,Y
165,2020,79,2,P,بدل اشتراك مولد كهرباء لزوم مبنى البلدية خلال شهر تشرين الأول وتشرين الثاني وكانون الأول 2020.,2,12,2020-12-17,675000.0,Y
165,2020,80,2,P,فواتير الهاتف العادي والخليوي التابعين لبلدية الكحاله عن شهر تشرين الأول وتشرين الثاني وكانون الأول 2020,1,10,2020-02-17,629000.0,Y
165,2020,81,3,P,فواتير ثمن بوالص تأمين لزوم سيارة R12 Station و رابيد وDuster رقم 107552/م.,5,6,2020-12-17,2144000.0,Y
165,2020,82,1,P,ثمن  شماسي عدد2 قياس( 2×2).,2,3,2020-12-31,240000.0,Y
165,2020,83,3,P,فواتير لزوم مصاريف نثرية وللضيافة خلال شهر تشرين الأول وتشرين الثاني وكانون الأول 2020,5,1,2020-12-31,2640000.0,Y
165,2020,84,6,P,فواتير لزوم صيانة سيارات البلدية خلال شهر تشرين الأول وتشرين الثاني وكانون الأول 2020.,2,2,2020-12-31,2580000.0,Y
165,2020,85,4,P,فواتير ثمن حبر ويافطات وAntivirus وChargeur.,1,7,2020-12-31,1683000.0,Y
165,2020,86,12,P,رواتب ابلموظفين عن شهر كانون الأول 2020,1,2,2020-12-31,7949000.0,Y
165,2020,87,16,P,بدل نقل لموظفين البلدية خلال شهر كانون الأول 2020,1,6,2020-12-31,704000.0,Y
165,2020,88,5,P,فواتير ثمن محروقات لزوم سيارات البلدية خلال شهر تشرين الأول وتشرين الثاني وكانون الأول 2020.,2,9,2020-12-31,2282000.0,Y
165,2020,89,1,P,فواتير لزوم دراسة مبدئية لتخطيطات في منطقة الزغندار.,3,9,2020-12-31,3000000.0,Y
165,2020,90,2,P,فواتير بدل أتعاب مساحة من إظهار حدود عقارات  ورفع شقلات طرقات ضمن نطاق بلدية الكحاله.,3,9,2020-12-31,2700000.0,Y
165,2020,91,5,P,فاتورة لزوم أعمال حفر طريق التخطيط المدروس بجانب العقار رقم 1764والعقار رقم 1783 من منطقة عاليه العقارية والكحاله بلدياً,2,14,2020-12-31,3000000.0,Y
165,2020,92,6,P,فاتورة لزوم حفر الطريق بجانب العقار رقم 1725عاليه عقارياً والكحاله بلدياً.,2,14,2020-12-31,3000000.0,Y
165,2020,93,7,P,فاتورة لزوم حفر الطريق بجانب العقار رقم 887/منطقة الكحاله العقارية.,2,14,2020-12-31,2850000.0,Y
165,2020,94,8,P,فاتورة لزوم حفر الطريق بجانب العقار رقم 889/منطقة الكحاله العقارية.,2,14,2020-12-31,2700000.0,Y
165,2020,95,9,P,فاتورة لزوم حفر الطريق التخطيط المدروس بجانب العقار 1766/منطقة عاليه العقارية والكحاله بلدياً.,2,14,2020-12-31,2850000.0,Y
165,2020,96,17,P,جداول الشرطة اليوميين في أعمال الحراسة خلال ليل والنهار ومسؤولين الأشغال اليوميين والعمال اليوميينخلال شهر كانون الأول 2020 (عدد6).,2,11,2020-12-31,16433000.0,Y
165,2020,97,10,P,فواتير لزوم صيانة الطرق العامة والأقنية وشبكة الصرف الصحي وغيرها خلال شهر كانون الأول 2020.,2,14,2020-12-31,11460000.0,Y
